# vtk DataFile Version 2.0 
Time 
ASCII 
DATASET POLYDATA 
POINTS 846 double 
605752.967840 5945771.030353 -39251.380920 
582620.747742 5945307.564194 -49418.083191 
576101.264762 5939633.714810 -51035.785675 
195000.892176 5474853.255968 -69835.975647 
187107.593686 5464150.162991 -68532.821655 
186791.221872 5458593.987112 -65987.434387 
186475.089480 5453037.832477 -63456.665039 
189807.544393 5447275.561448 -59073.097229 
196799.730884 5441314.273610 -52987.899780 
203806.995934 5435362.480891 -47171.886444 
210829.315516 5429420.192463 -41695.674896 
260641.863315 5393647.806453 -17661.346436 
314782.936973 5358222.735337 -9338.177681 
318487.013764 5358103.102208 -9155.740738 
326065.687989 5363428.204819 -9098.498344 
423586.087886 5455778.158452 -8898.145676 
438328.579216 5472270.776988 -8981.719971 
489238.795903 5533082.281235 -9319.036484 
528428.238126 5583182.532952 -9602.576256 
563423.229408 5627970.549199 -9525.533676 
587521.860394 5661688.415345 -9396.460533 
654626.237886 5757868.467779 -9325.042725 
683890.197742 5803399.016766 -9021.188736 
687083.396830 5809087.191298 -9015.972137 
690268.714396 5814777.638570 -9013.016701 
693446.141541 5820470.354203 -9011.543274 
696615.669362 5826165.333777 -9010.459900 
699777.288961 5831862.572828 -9008.448601 
702930.991441 5837562.066851 -9004.067421 
706076.767906 5843263.811297 -8995.855331 
709214.609462 5848967.801577 -8982.431412 
712344.507217 5854674.033057 -8962.578773 
715466.452281 5860382.501062 -8935.307503 
718580.435767 5866093.200873 -8899.891853 
704660.030279 5876622.702844 -10276.861191 
629341.110537 5929663.329673 -27168.867111 
594186.857791 5945539.297273 -44245.521508 
566806.133724 5928297.606058 -52495.702258 
557511.002685 5916961.497305 -53945.560246 
548215.871646 5905625.388553 -55375.081839 
538920.740608 5894289.279801 -56777.853098 
529625.609569 5882953.171049 -58123.329950 
520330.478530 5871617.062296 -59431.395280 
511035.347491 5860280.953544 -60760.075784 
501740.216453 5848944.844792 -62147.244572 
492445.085414 5837608.736040 -63625.987211 
483149.954375 5826272.627287 -65146.756005 
473854.823337 5814936.518535 -66592.778793 
464559.692298 5803600.409783 -67827.734840 
455264.561260 5792264.301031 -68690.958688 
445969.430221 5780928.192279 -69191.582593 
436674.299182 5769592.083527 -69373.845588 
427379.168144 5758255.974774 -69382.902446 
418084.037105 5746919.866022 -69327.775747 
408788.906066 5735583.757270 -69355.866207 
399493.775028 5724247.648518 -69445.648612 
390198.643989 5712911.539766 -69613.164209 
380903.512950 5701575.431013 -69798.740904 
371608.381912 5690239.322261 -70011.887019 
362313.250873 5678903.213509 -70235.426836 
353018.119834 5667567.104757 -70512.465525 
343722.988795 5656230.996004 -70781.192456 
334427.857757 5644894.887252 -70968.828200 
325132.726718 5633558.778500 -71037.850579 
315837.595679 5622222.669748 -70954.174420 
306542.464641 5610886.560995 -70788.836525 
297247.333602 5599550.452243 -70719.535058 
287952.202563 5588214.343491 -70791.652694 
278657.071524 5576878.234738 -70991.367942 
269361.940486 5565542.125986 -71382.663580 
260066.809447 5554206.017234 -71806.494760 
250771.678408 5542869.908482 -72177.838582 
241476.547370 5531533.799729 -72421.704574 
232181.416331 5520197.690977 -72409.141035 
222886.285292 5508861.582225 -72101.828846 
213591.154253 5497525.473472 -71528.363396 
204296.023215 5486189.364720 -70740.030053 
220791.825076 5422265.715261 -35132.866853 
230754.334636 5415111.238059 -29479.493893 
240716.844195 5407956.760857 -24644.645928 
250679.353755 5400802.283655 -20752.008967 
271470.078047 5386562.792230 -15184.974680 
282298.292778 5379477.778007 -13198.359363 
293126.507510 5372392.763783 -11636.703313 
303954.722242 5365307.749560 -10373.610217 
336901.287978 5373689.310778 -9131.102553 
347736.887966 5383950.416737 -9135.280022 
358572.487955 5394211.522696 -9106.421882 
369408.087943 5404472.628656 -9055.528263 
380243.687931 5414733.734615 -8999.681177 
391079.287920 5424994.840574 -8953.764359 
401914.887909 5435255.946533 -8923.167775 
412750.487897 5445517.052493 -8907.440471 
430957.333551 5464024.467720 -8939.262139 
446813.615331 5482406.027696 -9040.519171 
455298.651445 5492541.278404 -9093.281697 
463783.687559 5502676.529111 -9151.276870 
472268.723674 5512811.779819 -9203.172876 
480753.759788 5522947.030527 -9259.891955 
497076.684347 5543102.331578 -9384.052207 
504914.572792 5553122.381922 -9459.461882 
512752.461237 5563142.432265 -9518.955799 
520590.349681 5573162.482608 -9565.067932 
537176.985946 5594379.537014 -9615.856657 
545925.733767 5605576.541075 -9608.339889 
554674.481587 5616773.545137 -9580.723839 
571456.106403 5639209.837914 -9484.093986 
579488.983398 5650449.126630 -9437.433487 
595909.907580 5673710.921900 -9370.424921 
604297.954767 5685733.428454 -9366.592290 
612686.001953 5697755.935008 -9383.602603 
621074.049140 5709778.441562 -9419.470563 
629462.096326 5721800.948117 -9443.312466 
637850.143513 5733823.454671 -9445.866601 
646238.190699 5745845.961225 -9402.320041 
661942.227850 5769251.105026 -9257.092546 
669258.217814 5780633.742272 -9174.225913 
676574.207778 5792016.379519 -9089.062629 
711620.233023 5871357.951859 -9549.177153 
693900.184601 5884199.935248 -11538.428774 
683140.338925 5891777.167652 -12998.816546 
672380.493247 5899354.400056 -14718.371285 
661620.647569 5906931.632460 -16833.368496 
650860.801892 5914508.864865 -19495.472580 
640100.956214 5922086.097269 -22898.224071 
617547.039189 5937717.180013 -32811.563457 
681057.920242 5808681.467093 -9385.966616 
427501.443070 5474531.308357 -9689.658516 
484549.216791 5544826.521366 -10238.272326 
515831.675759 5584960.318285 -10495.630431 
321617.269039 5606772.620230 -61670.573798 
262090.381386 5405367.264336 -19522.351642 
284075.082850 5564357.336421 -63011.484392 
650267.685881 5901680.654159 -18390.777913 
413807.892466 5721780.192309 -62111.069651 
573593.559124 5663454.558232 -10437.083101 
366394.102220 5666449.568240 -63320.778408 
648637.673769 5771690.145286 -10284.978095 
469729.484938 5789882.535796 -61553.959015 
448746.820760 5504269.150188 -10119.098386 
505203.538965 5834623.677735 -56690.745263 
539235.990531 5619594.605738 -10777.543868 
377945.880734 5430218.315069 -9994.335921 
544090.533248 5880571.405814 -50725.611914 
605909.356461 5709502.167044 -10376.807722 
245289.022734 5518960.886881 -65030.113555 
441844.091822 5755874.209540 -62677.442447 
692920.889295 5832776.497412 -9484.010470 
230525.487662 5428401.061928 -33948.882794 
345085.424805 5397353.729700 -10064.906785 
572802.322119 5915650.475431 -46593.232091 
681294.531640 5880205.709504 -12603.150178 
221513.494976 5485301.751847 -61982.738519 
293916.613374 5385178.091806 -12742.524948 
701875.882106 5848953.605944 -9467.805254 
627834.092923 5917034.510963 -25699.811938 
339597.650397 5631177.013265 -62781.984395 
263965.246812 5539830.735542 -63804.433870 
302256.703944 5585806.631352 -62483.366326 
394618.903483 5700062.216156 -62641.959837 
631610.063228 5746021.789978 -10400.640424 
525672.193014 5858815.092843 -53489.705819 
490528.987755 5813204.315331 -58101.062475 
399130.818968 5449534.164040 -9870.544656 
589692.135081 5686986.437128 -10391.712029 
663926.013490 5792739.519589 -9988.957854 
500360.270691 5564760.353777 -10376.522995 
468179.011690 5524801.959133 -10097.572465 
213108.360675 5438480.845763 -44573.613141 
558808.117541 5640416.016727 -10417.610610 
197754.963582 5449516.021086 -56360.227853 
687539.802248 5819663.262851 -9357.759233 
322727.880116 5376116.315834 -10031.129213 
704911.605281 5867528.730272 -9921.134749 
606721.477336 5930393.725386 -35608.303791 
587195.338733 5937276.001839 -45422.396139 
316492.542697 5365069.702730 -9665.722669 
193068.570607 5460659.831534 -63903.704412 
409080.423223 5459353.904719 -9874.646932 
396524.152694 5463195.713891 -10931.847377 
386260.406300 5454118.461027 -11011.993192 
383911.804795 5467470.437592 -12220.519297 
373606.141996 5458945.068149 -12379.376489 
371375.206114 5472152.782123 -13790.634025 
361026.154480 5463685.698001 -14009.218369 
358832.608297 5476895.029386 -15706.858545 
369207.385319 5485399.894153 -15440.715860 
348461.917319 5468401.559111 -15996.427726 
356621.445032 5490160.590229 -17729.184915 
367140.629965 5498763.887716 -17380.791794 
354376.555274 5503511.053215 -20150.627531 
364972.771517 5512171.067437 -19691.881860 
352297.842737 5516974.748689 -23002.211230 
362704.964557 5525600.236061 -22438.387886 
342193.440836 5508482.481994 -23520.196638 
375559.626025 5520867.989913 -19234.914145 
373261.817885 5534245.456754 -21827.493747 
386024.603501 5529500.774467 -18772.694406 
383779.525165 5542879.720766 -21206.896972 
396507.541073 5538081.465103 -18295.585562 
394360.091077 5551535.224264 -20577.434870 
381554.558905 5556368.906066 -24068.214236 
392183.518777 5564995.052482 -23261.528540 
404958.106430 5560165.282274 -19973.119624 
402808.003875 5573604.722261 -22501.500420 
415814.600400 5568858.262332 -19392.223971 
413429.185513 5582230.537616 -21831.415009 
426277.787252 5577394.235886 -18921.420896 
424031.120853 5590832.124796 -21251.680861 
411221.057146 5595713.127193 -24692.650409 
421853.872088 5604314.841581 -24000.483824 
434624.690624 5599401.152402 -20747.474463 
432509.572388 5612885.656575 -23396.194717 
445243.094749 5607959.855577 -20288.225084 
443141.407797 5621437.690001 -22853.637408 
455860.308998 5616509.984973 -19836.754821 
453889.405325 5629925.958687 -22295.616308 
441026.772536 5634944.343141 -25893.302365 
451725.512019 5643548.510272 -25284.644708 
464689.985955 5638457.249144 -21711.295518 
462463.518651 5652184.458762 -24648.670514 
475437.479793 5647116.610899 -21110.640556 
473278.140612 5660903.356680 -23941.931268 
486271.652451 5655801.124894 -20430.010696 
484192.299516 5669634.458263 -23133.558096 
471111.595049 5674745.692866 -27315.483125 
482088.347201 5683524.599802 -26359.510073 
495167.121397 5678389.480622 -22227.494483 
493092.505656 5692310.056032 -25270.391976 
506216.701886 5687157.648779 -21239.928330 
504113.824771 5701122.911667 -24079.570808 
517259.100236 5695957.726706 -20213.663494 
515173.871445 5709954.263533 -22820.471901 
501970.299599 5715135.222048 -27436.607941 
513075.762413 5724000.738548 -25901.708205 
526315.745535 5718786.658219 -21546.439995 
524228.740188 5732880.164318 -24367.618993 
349932.504956 5530429.164216 -26399.833592 
537464.737511 5727638.498830 -20334.959746 
535428.749838 5741806.479712 -22910.700260 
379318.350519 5569835.719890 -27399.516928 
409047.721117 5609303.083724 -28062.614367 
548769.790305 5736684.884783 -19218.495295 
546668.621202 5750817.675583 -21587.738359 
533373.015469 5756043.929258 -25939.230572 
544610.686914 5765047.119891 -24368.380213 
557972.406431 5759752.162787 -20381.160785 
555839.978222 5773992.713585 -22946.576699 
569204.053997 5768760.379757 -19320.881906 
567083.056528 5782901.638318 -21643.661883 
580405.032128 5777655.814793 -18341.832120 
578298.955407 5791755.930704 -20434.998605 
565027.927192 5797028.387945 -24318.948148 
575588.519015 5806318.628860 -23079.492591 
589194.491541 5800706.008207 -19365.948711 
587081.791897 5814534.337127 -21521.744613 
600164.946263 5809184.576665 -18277.170609 
598056.544461 5822913.490484 -20197.140058 
610680.186055 5817920.593331 -17345.870588 
608565.451650 5831106.417898 -19034.414648 
621117.882272 5826778.156816 -16492.371940 
619063.440373 5838948.927886 -17928.041385 
631169.865661 5835213.943957 -15714.557345 
607873.901733 5842835.966525 -20506.665433 
499811.332602 5729207.790729 -31316.509385 
438865.887224 5648571.086623 -29484.878552 
468941.127256 5688617.825554 -31249.451262 
629048.991201 5846689.521854 -16991.653966 
640348.807765 5842759.225661 -15040.237837 
398685.516989 5524767.082562 -16347.741625 
418469.288931 5555597.789863 -17296.484909 
574205.054337 5820358.248870 -25682.579639 
488366.464792 5642006.060386 -18174.397975 
447772.859205 5594462.642123 -18055.308521 
542429.927780 5779295.189703 -27612.451446 
499249.391406 5650675.065848 -17556.580409 
539509.469015 5713516.927941 -18161.795135 
602688.992607 5795328.842868 -16548.152468 
582513.354647 5763561.665751 -16540.892662 
350644.617483 5455185.973656 -14251.005382 
338086.611233 5459828.019137 -16298.782015 
519356.048639 5681988.984017 -18024.664569 
638458.763033 5854227.663488 -16196.557477 
627447.947279 5857547.846142 -18292.107921 
649307.245535 5849960.265963 -14409.326387 
651247.355700 5838935.520419 -13461.867879 
659659.151163 5845711.131835 -12954.170333 
623893.696567 5814548.809859 -15136.615856 
394731.913897 5476881.780895 -12104.762282 
340292.539348 5446598.993327 -14491.390533 
327743.252175 5451283.397646 -16609.101989 
325560.957362 5464480.828962 -18844.668463 
315227.326179 5455962.722239 -19247.362338 
313022.754388 5469104.310277 -22035.078318 
302693.218205 5460620.913492 -22565.570726 
300484.531744 5473848.209641 -26056.866981 
290093.895607 5465324.180959 -26750.263912 
304842.968956 5447472.241235 -19646.872300 
287872.567185 5478627.119346 -31042.357354 
277463.248151 5470020.651554 -31911.065654 
298366.593411 5487258.968070 -30131.832532 
279693.397977 5456791.304377 -27418.256413 
267015.820263 5461417.462511 -32743.176921 
329908.154969 5438001.834874 -14734.274527 
264812.043934 5474747.129672 -38086.593915 
285640.516650 5492119.987943 -35962.689608 
296227.056513 5500866.437870 -34822.087353 
648962.270623 5860916.142338 -15234.483454 
269290.536777 5448253.929438 -28036.783807 
501262.248599 5636873.092438 -15774.721143 
512290.545430 5645504.738528 -15220.846142 
490376.369058 5628208.639307 -16290.431866 
254320.969498 5466065.276807 -39058.034777 
488681.746174 5720297.088215 -33036.633471 
486482.380052 5734429.176214 -37672.636596 
475323.054740 5725459.397768 -39408.721300 
497682.360827 5743379.975188 -35660.775730 
661573.645757 5835095.681124 -12159.508915 
653287.562949 5828247.221607 -12608.554894 
458030.195110 5679835.829855 -32174.232175 
455771.044586 5693767.804706 -36787.779860 
444952.984541 5684895.240110 -37628.665582 
368646.000960 5561184.495736 -28419.161586 
366400.860113 5574835.170696 -32488.651250 
355628.786081 5566039.438369 -33679.879395 
398310.741946 5600590.347073 -29012.290908 
396122.339776 5614315.770669 -33094.338145 
428183.787307 5639884.556581 -30178.309067 
426017.661393 5653623.385714 -34428.287423 
385290.484914 5605478.540378 -34328.072845 
382620.672643 5619245.946991 -39286.309161 
669395.914264 5841654.278828 -11761.040008 
393906.309701 5628158.506047 -37759.182837 
372149.858453 5610438.640094 -40651.809367 
484296.829296 5748619.235958 -42664.358463 
495559.486498 5757619.675821 -40374.427596 
503199.506153 5623154.809137 -14271.553091 
492516.592961 5614616.557225 -14694.643455 
353326.368685 5579749.269660 -38466.730671 
342630.673869 5571292.930768 -39845.073897 
668388.448873 5851962.634104 -12409.744080 
677188.047529 5847713.233170 -11356.590746 
283223.793722 5505721.169808 -41491.903268 
293549.159372 5514526.867825 -40231.878936 
251899.845874 5479447.822952 -45268.355847 
342651.738361 5433232.728554 -12943.392434 
323345.107344 5477640.875937 -21516.657453 
442758.178321 5698718.774201 -42711.593490 
432319.192048 5689729.416945 -43418.940252 
306965.670960 5509647.468606 -33683.072643 
304742.722309 5523437.186403 -38740.170832 
380294.401904 5633146.825338 -44668.762156 
391813.801716 5642098.162639 -42918.991223 
663372.892936 5824558.704090 -11444.620585 
655531.223415 5818193.850046 -11845.718215 
332076.887975 5424541.633311 -13139.699902 
593639.294500 5772407.368686 -15803.112895 
595490.060481 5758686.567928 -14437.923310 
584598.731050 5749529.497736 -14988.253271 
604983.724273 5767351.893125 -14020.526835 
597731.396614 5744348.373512 -13142.053289 
586767.120683 5735345.771239 -13614.997491 
281823.625119 5443664.981350 -23598.768640 
271520.952061 5435133.059443 -24016.869524 
283757.811805 5430337.247890 -20379.352944 
259280.620241 5439803.434102 -28513.030033 
409222.311240 5533302.054795 -15972.403067 
411111.953300 5520144.845071 -14418.107858 
421371.765349 5528488.986912 -14135.202657 
400991.152610 5511764.758681 -14679.807086 
413215.553049 5507202.599191 -13044.430031 
339877.114235 5585586.045332 -45625.527464 
291170.111857 5528345.617455 -46002.793587 
302483.452900 5537294.365443 -44258.839312 
315699.621700 5532285.697384 -37449.909830 
313491.816627 5546169.304120 -42787.994393 
379648.793930 5493953.630469 -15183.719598 
329308.962551 5575887.624867 -46602.644342 
530392.605539 5690781.119544 -17186.662890 
532454.022601 5676843.517044 -15504.883642 
543504.190200 5685612.243761 -14817.303336 
545591.680650 5671698.480045 -13489.107582 
534553.567745 5662951.776120 -14066.466381 
482110.836337 5762878.103238 -47866.504312 
493405.045825 5771905.696113 -45331.560901 
506820.834349 5766616.869890 -37939.012390 
504562.274215 5780551.890504 -42599.449978 
678513.438279 5838574.981675 -10808.040545 
685539.686154 5844440.856906 -10500.312562 
684542.066001 5853054.489467 -10969.814111 
319306.368527 5429451.567818 -14984.638391 
321429.202613 5415910.222645 -13320.531718 
308732.711551 5420831.751528 -15189.063698 
310760.272517 5407292.832662 -13463.841650 
298156.052704 5412224.305915 -15359.122373 
241434.138716 5470535.409309 -46218.752474 
243940.431139 5457427.284349 -39877.175073 
231508.117495 5461768.597799 -46819.482178 
345373.952489 5557691.709859 -34770.007505 
505164.509433 5609580.204618 -12973.948170 
494543.039575 5601238.693473 -13340.354979 
481992.222283 5606125.155279 -15085.487520 
484043.443971 5592894.590079 -13681.779132 
453628.930538 5707799.822846 -41849.362232 
440622.393694 5712925.716203 -48240.438206 
556421.738145 5680432.835523 -12939.367377 
554530.781887 5694369.447357 -14154.212274 
262552.979345 5488216.638216 -44017.848139 
451477.273825 5721969.692266 -47294.973692 
470950.837163 5753872.377097 -50015.424340 
350821.171527 5594499.118579 -44147.411964 
645109.511626 5821181.649571 -13057.787027 
648821.519736 5810637.661952 -12093.890210 
438054.112293 5727492.167464 -54283.499736 
403109.768152 5498743.999449 -13237.521972 
415298.304223 5494597.311696 -11852.298819 
424999.421426 5502703.926359 -11695.618459 
250215.893860 5492411.391097 -51341.929205 
471363.111152 5597814.543469 -15482.509962 
473581.035985 5584569.547150 -14001.751752 
326172.639499 5540756.334851 -36328.869067 
515615.934446 5618586.861190 -12665.062581 
510310.846961 5659357.732544 -16887.016703 
233939.537603 5449335.679445 -40642.946705 
573498.428102 5740573.017414 -15628.431513 
575407.081931 5726560.026214 -14199.579551 
259898.079648 5502598.946244 -50877.313834 
477509.330158 5711309.002045 -34545.974633 
665507.826590 5814286.473777 -10773.656742 
518221.855222 5776071.391580 -35580.679664 
516046.813998 5789956.237057 -39955.165790 
436768.952311 5662310.661553 -33623.560987 
423739.302464 5667424.804606 -39240.582777 
413013.890442 5658712.514500 -40244.373264 
410558.176850 5672508.793368 -45690.746110 
399789.772276 5663823.547453 -47008.704768 
261485.192455 5427192.300265 -24476.227039 
387612.613454 5591852.235877 -30077.099680 
404910.978618 5636779.584148 -36419.528254 
328139.855673 5527179.721763 -31756.449410 
222258.213874 5453955.412803 -47414.134044 
495732.165887 5588430.381676 -12260.333269 
518225.094477 5607035.734814 -11653.270379 
491939.894618 5785592.195043 -49866.815314 
467158.257728 5767177.964521 -55855.550117 
344993.908442 5419665.242696 -11613.583023 
322442.583857 5402180.974398 -11985.257080 
311849.018559 5394647.633240 -12167.506869 
672371.587823 5822406.879699 -10576.594912 
567063.088931 5689515.369181 -12454.393378 
565611.306163 5703215.854505 -13538.626783 
397279.434930 5677728.467122 -53026.753978 
289380.857307 5542334.311154 -51894.121771 
449581.055171 5735695.169655 -52687.057715 
323144.654131 5554824.225958 -41899.670467 
310749.654031 5559973.476637 -48710.323083 
377928.070739 5646596.909500 -50345.647626 
365618.295339 5637924.099169 -52825.665213 
355772.093298 5428564.523965 -11439.752922 
546235.846248 5657371.066083 -12442.897195 
536040.162220 5648913.914985 -12869.400512 
219430.854805 5465348.275411 -53771.597061 
249380.118107 5431473.532553 -28933.726287 
588281.756883 5721726.271836 -12508.439268 
408955.927317 5685963.806104 -51038.073663 
325726.106978 5591562.137192 -53814.959209 
427141.947243 5490218.574972 -10672.490175 
211184.784853 5457741.167984 -54017.443119 
386695.999120 5669273.823042 -54645.840856 
693500.562173 5849022.827548 -10075.537386 
692886.478482 5858748.644227 -10526.222681 
684836.780818 5861128.286046 -11319.713958 
690069.357032 5867228.180307 -11134.640530 
692632.244561 5840482.779428 -9798.882014 
580260.071729 5927268.717330 -46109.978941 
586911.576064 5916018.764121 -40569.064350 
581100.998618 5903493.229071 -40097.028064 
594960.512576 5905254.783806 -34935.506455 
589665.704021 5892462.646852 -34237.727693 
603243.911328 5894283.382838 -29734.449476 
598188.428753 5881661.229879 -29067.341836 
584520.555729 5879682.347509 -33475.986880 
611657.991819 5883636.780411 -25262.927016 
593314.449246 5869018.574681 -28336.793145 
579566.246280 5866873.528125 -32641.725298 
570836.074778 5877719.204098 -38375.875517 
565296.988669 5865818.434764 -37896.782319 
574439.951846 5854072.440962 -31875.820655 
560037.871510 5852676.672891 -37005.042643 
616387.052062 5895821.129126 -25830.149593 
624649.221941 5885431.343112 -22100.232913 
628190.705601 5896621.234649 -22701.435753 
636718.037109 5886676.552751 -19564.640662 
568518.579018 5841217.228790 -31368.029933 
555074.628003 5838908.504872 -35832.037085 
583323.576289 5842013.710212 -26689.162676 
546605.411261 5849716.271936 -41815.336736 
541500.649212 5836469.907816 -40727.154967 
550144.880606 5825479.892904 -34693.287110 
536230.344612 5823201.445543 -39682.789324 
544926.124059 5812162.259571 -33665.373163 
530924.219323 5810261.651852 -38718.530386 
522649.933817 5820833.852783 -44951.157951 
565933.422795 5901455.560165 -46142.940713 
631836.581169 5875994.991754 -19393.720000 
644522.537519 5877916.693204 -17272.182999 
540076.992622 5797743.458464 -32241.828336 
516770.598875 5808067.222239 -44292.941992 
708962.506966 5860231.564944 -9368.864439 
251559.509525 5418844.039814 -24782.164200 
405599.128373 5486465.838021 -11996.004977 
435919.179538 5497126.825116 -10522.488766 
435572.377613 5510293.907803 -11425.221937 
446817.044857 5518890.755330 -11178.250930 
670957.773358 5831947.127987 -11135.985710 
679589.551555 5830115.167343 -10344.243044 
507753.224054 5818863.466718 -51310.957599 
669314.341032 5803046.078123 -9996.966374 
659317.886448 5802999.520988 -10781.583026 
651516.373930 5794101.690117 -11036.924804 
656377.107162 5782775.281834 -10156.606699 
643604.918957 5784794.856802 -11282.512184 
635249.455044 5774884.190072 -11522.232970 
630897.091537 5787511.716909 -12603.349230 
623181.224443 5775660.665417 -12677.893260 
627896.308915 5765084.386710 -11652.055591 
616338.691706 5788450.300717 -14222.339690 
639885.454631 5795866.417673 -12180.180647 
375903.289124 5445731.292504 -11162.088520 
560888.811288 5812964.369712 -28348.329897 
502497.699800 5805354.552966 -50221.696903 
553273.952509 5891173.857505 -49258.321811 
390430.624282 5502916.820590 -14931.350417 
417512.181260 5482088.802943 -10791.032085 
407617.606330 5473375.478333 -10875.365955 
580678.383476 5697823.837476 -11699.126816 
460791.006144 5589519.243837 -15847.726994 
463180.545883 5576254.050383 -14296.659837 
475531.692263 5571486.707365 -12736.212666 
465265.037316 5563157.351385 -12976.605753 
452939.848177 5567911.542692 -14561.717345 
455007.419135 5554836.519311 -13209.666227 
442442.043339 5559587.805636 -14860.439718 
444572.641367 5546509.517021 -13465.225717 
455913.071515 5541146.279865 -12056.937037 
478203.482548 5556523.901352 -11424.132893 
445819.199963 5532776.982599 -12251.745777 
434080.855656 5537921.765454 -13718.396562 
440331.520751 5572684.786229 -16447.367587 
636373.657070 5813756.872163 -13569.072930 
603656.835543 5780869.463983 -15202.435752 
435559.934623 5742994.797228 -60731.424001 
469024.163825 5611254.441430 -17227.088455 
456471.371575 5756352.313769 -56905.691854 
206568.994523 5469110.904093 -61492.607235 
392544.018463 5489915.208879 -13426.918174 
671466.520024 5886766.299594 -14076.935368 
670269.037640 5875022.044845 -13524.697953 
658115.184682 5880200.393038 -15388.919527 
659514.459369 5868418.962388 -14394.388940 
224235.940866 5441563.790577 -41338.338122 
434440.218191 5523973.825704 -12532.035820 
613381.023461 5804433.619484 -15781.552113 
600578.013212 5917412.649610 -35330.249628 
659161.623911 5856652.810105 -13675.979379 
420888.427225 5542189.009454 -15515.564387 
431410.347253 5551139.487653 -15225.916113 
685920.253963 5836171.319594 -10117.691645 
333850.853800 5386706.714302 -10071.955058 
418563.189761 5466612.165007 -9749.492622 
355057.697710 5408570.568529 -10133.368289 
591313.933621 5786453.904873 -17459.678515 
246575.518046 5444771.734082 -34202.390006 
277220.013440 5534587.613062 -54873.876539 
294274.321026 5438954.854947 -20045.553159 
423597.706957 5732297.500306 -61788.150454 
660574.039873 5893883.927923 -16017.062447 
459261.206492 5515064.232264 -10087.884243 
608295.963636 5906617.971474 -30315.775014 
613922.247853 5917779.945831 -30415.606675 
619507.455546 5874175.809169 -21850.052413 
606998.962881 5871216.938365 -24624.403663 
601467.905812 5859599.560649 -24344.260905 
588013.472043 5856509.473079 -27777.277081 
311512.753775 5373770.347185 -10524.258050 
623643.221731 5735016.738492 -10435.506771 
617982.331383 5748184.630878 -11562.039680 
377678.292724 5507496.552207 -17051.691246 
485511.855081 5579973.016592 -12518.191208 
523280.723174 5654166.213583 -14661.718694 
525253.293433 5640218.202261 -13323.505253 
537476.305371 5634654.326334 -11799.544635 
527436.507910 5626399.027925 -12141.768548 
407400.960996 5546811.804292 -17787.266629 
508415.180093 5595717.189634 -11707.916457 
628668.475590 5801531.548143 -13673.133285 
293007.767208 5575502.456198 -62916.008241 
311644.426627 5596575.649082 -62309.116973 
336316.498654 5601866.188207 -52959.275807 
347973.033220 5608274.496392 -50118.054641 
333098.581594 5617733.996259 -60569.581587 
639850.517867 5909900.549223 -21471.871366 
228309.472545 5495507.115115 -63341.386442 
237219.512477 5506430.185133 -63757.443275 
276216.258098 5550623.265617 -61638.908610 
266360.383093 5526015.715022 -57007.310324 
597553.011882 5698238.713935 -10390.274253 
298883.526159 5397970.042221 -13610.785120 
285961.640495 5404124.776200 -15759.673224 
285554.899516 5416916.056276 -17709.958639 
273657.728595 5410379.150006 -18472.881492 
256737.315994 5452956.520215 -33487.442119 
228056.898334 5473585.458346 -53556.299336 
237937.262473 5484141.293152 -53626.850168 
582087.598840 5674660.990065 -10345.028282 
534510.077803 5869812.533320 -52314.718561 
549442.901292 5864894.562967 -44336.234016 
437165.353560 5585971.562818 -18455.067518 
458342.424012 5602920.118568 -17665.473821 
466908.400060 5624753.464740 -19254.834689 
612954.134241 5723278.150196 -10593.285705 
465828.644856 5549282.011078 -11865.248202 
404219.455409 5711011.734657 -62363.002868 
417301.591527 5708135.434110 -55602.404407 
517332.966777 5844995.871022 -53703.037920 
317634.530084 5518608.368763 -32704.969177 
319510.003467 5504732.119584 -28404.329515 
308849.186492 5495884.519738 -29243.877175 
514176.339329 5631789.455247 -13814.849642 
349098.854341 5642328.807103 -62489.760095 
354601.976496 5628266.800482 -54399.021825 
361958.220677 5653759.789565 -60560.025417 
638465.887620 5759445.071546 -10518.261024 
558779.091661 5664373.334538 -11707.293417 
273298.524358 5422733.501318 -20876.303939 
531689.051981 5606134.825830 -10580.521623 
317278.594948 5442728.084568 -16926.640299 
381903.187086 5480962.289019 -13605.283897 
386227.342750 5687143.847190 -61649.374736 
478821.240422 5801558.327884 -60594.244174 
521361.981494 5668089.055091 -16203.983900 
315988.309511 5580866.440428 -54105.902997 
369333.226826 5623833.179779 -46187.236628 
292276.287994 5452142.706470 -23096.368136 
306709.591258 5434210.491893 -17234.857123 
279741.508896 5520381.432469 -48308.682277 
429523.418965 5564345.413960 -16855.385680 
553872.207647 5788738.240697 -25959.481191 
530068.267039 5787069.563438 -33542.395076 
358094.658215 5552567.582592 -29398.793214 
668827.808910 5863105.767903 -12992.253859 
406941.027294 5622927.368439 -31953.720951 
388317.310626 5516305.917116 -16708.466932 
508903.912352 5752327.622956 -33513.070430 
335929.320285 5473084.099247 -18454.368480 
333718.838728 5486220.953759 -21019.548360 
497234.665263 5664513.994902 -19676.579317 
576894.993734 5712283.730698 -12981.093035 
563916.369333 5717431.885511 -14850.941768 
508274.560940 5673249.482659 -18868.708037 
510965.217947 5738112.848730 -29482.157841 
296197.564643 5425579.118075 -17482.964704 
374477.832417 5596649.224534 -35665.783024 
585519.032220 5827817.117791 -23787.176895 
388633.990740 5439807.073196 -9913.907281 
528318.894191 5704754.289747 -19183.501675 
508484.621625 5574556.327298 -10400.394762 
492100.219296 5554847.030751 -10340.082846 
477863.151039 5778104.908578 -54349.297214 
566244.052347 5651438.703730 -10405.880787 
460285.959098 5665974.065920 -28114.412422 
363207.960663 5450515.538537 -12572.338187 
473159.047821 5739650.810147 -44606.662040 
490951.151207 5706267.044547 -28863.041004 
479783.197576 5619636.275318 -16753.080979 
528021.638152 5833909.949619 -45914.431106 
600191.701808 5730169.577091 -11983.349509 
571301.424148 5754624.986475 -17334.179359 
560133.086201 5745740.317930 -18212.881378 
346280.012069 5481612.693871 -18076.712610 
300808.270884 5550494.739590 -49638.415489 
477631.595729 5633377.673634 -18736.121525 
371033.372825 5547703.524812 -24858.689237 
479946.518592 5697430.579361 -30142.522779 
419786.172717 5617821.465480 -27208.164732 
449589.652067 5657263.400426 -28810.323762 
450743.427313 5581038.662500 -16117.614150 
476543.562262 5534744.987070 -10153.629627 
400633.251546 5587078.891719 -25484.837876 
541468.457545 5699541.864177 -16356.901326 
344164.906743 5494864.963514 -20551.064133 
430442.165666 5626353.352081 -26498.458284 
522158.026248 5747073.679248 -27660.294720 
488065.537275 5567216.864768 -11403.518289 
333169.181631 5411606.118989 -11916.634836 
596551.201523 5835694.287792 -22155.147871 
576205.586677 5890373.444949 -39087.871243 
275215.426980 5483442.086858 -37061.822768 
360400.501842 5539055.063923 -25664.760428 
310828.823731 5482236.173792 -25333.998194 
520144.231919 5761417.447859 -31409.629256 
423451.881488 5515468.015173 -12812.156771 
366562.446982 5419150.551260 -10044.662252 
531474.664057 5770824.106955 -29462.968709 
389978.626451 5578425.497782 -26394.930035 
552579.761110 5708400.223982 -15576.925975 
466736.595526 5702464.951460 -35719.105874 
550442.182715 5722325.364401 -17262.248856 
348063.153344 5543924.700310 -30176.743908 
353019.435745 5441930.962503 -12751.617865 
615758.967970 5861984.966946 -21142.538256 
689494.939071 5825339.422010 -9437.062553 
447393.333654 5671002.752641 -32899.700115 
464549.196344 5716586.563648 -40717.168757 
376977.972850 5583269.601825 -31251.637179 
272242.731372 5497531.740118 -43271.355359 
648380.492027 5889603.421395 -17648.654847 
417667.259715 5631450.340914 -30981.224291 
283624.879468 5391931.732459 -14460.794348 
462432.377210 5730694.010367 -46025.650051 
434425.376591 5676032.577681 -38342.496736 
364002.920698 5588439.754322 -37108.429589 
705512.909225 5854569.944812 -9415.140547 
701289.229032 5860121.693507 -9922.376426 
562187.829933 5731677.324946 -16383.340207 
321341.851380 5490986.108470 -24675.721238 
699043.078380 5842712.128378 -9435.921743 
642780.760008 5831791.346761 -13978.654175 
460325.950700 5743968.331865 -51231.286350 
460110.228180 5779159.023093 -62649.772742 
421646.529670 5681187.242622 -44428.116336 
415484.839571 5645045.501524 -35296.728642 
205093.276183 5444031.985721 -50478.518501 
362013.318595 5601636.140636 -41920.636267 
563553.810275 5827935.113668 -30406.280574 
558019.535770 5877934.191191 -43821.757597 
219898.185959 5432026.321199 -39186.380180 
331857.663913 5499952.838882 -24104.543968 
435339.231432 5483142.418429 -9720.388769 
550234.001722 5629913.831825 -10518.130075 
402504.450869 5650086.105936 -41357.130054 
427295.418027 5718266.779022 -55211.132806 
696703.086929 5872670.448722 -10790.259006 
365547.665317 5437488.016978 -11342.488310 
683755.894755 5814686.552537 -9425.858176 
389443.201365 5655183.265126 -48336.682373 
329963.871191 5513475.940607 -27663.388723 
568849.709846 5675597.986147 -11457.242502 
532897.650388 5846983.314431 -47097.604927 
698508.314725 5854295.425302 -9908.397148 
375596.952400 5676809.302681 -62800.674268 
676655.421755 5856704.523887 -11856.014513 
633407.562201 5823878.463188 -14582.888142 
523365.837778 5594909.089070 -10538.123118 
340447.733173 5521900.112657 -26885.127772 
552842.072364 5801562.548552 -28692.164534 
269007.010939 5512201.465738 -50285.798561 
638472.400382 5866386.290933 -17241.635817 
237561.061079 5437465.555826 -34759.743496 
620764.027545 5906784.275471 -26265.140599 
456933.948360 5528041.806953 -11056.297239 
590813.876248 5709360.823076 -11513.824227 
495816.158113 5826114.564622 -58961.268240 
271635.736592 5398136.295392 -16772.607159 
338163.817993 5535458.866493 -30921.198723 
240572.472857 5420297.047720 -28120.581530 
609985.438147 5739348.359570 -11713.179874 
200557.282242 5458749.167072 -59405.250529 
430217.023095 5703281.215269 -48781.940873 
419772.952144 5694529.186562 -49728.171635 
497336.620253 5576602.947442 -11320.584111 
297315.030930 5562983.109948 -55881.748376 
254113.854046 5530650.603351 -65296.584005 
618099.812265 5850173.058212 -19265.188996 
335562.071755 5549467.867871 -35703.259252 
449804.455140 5768606.882551 -63676.421156 
607041.656678 5753255.944908 -12840.444825 
332485.795504 5563754.940059 -41258.685642 
213967.242804 5447793.911755 -48272.255649 
592756.967101 5926871.673457 -40594.642656 
674563.795701 5812866.999853 -10002.142468 
502096.290555 5793171.685506 -47136.747264 
345215.297451 5620266.207474 -55794.879585 
306120.951949 5573211.642633 -55667.429532 
524119.366718 5798687.265246 -38704.308714 
319373.667739 5568804.996626 -48215.322106 
407098.198676 5698047.960789 -56225.300807 
358547.785174 5615452.577476 -47996.039374 
262579.867356 5415702.943201 -21539.358524 
597772.613739 5848280.686363 -23628.079614 
680164.428017 5868356.341455 -12112.490626 
491193.567427 5800049.235927 -54225.915098 
377115.367357 5660304.920164 -55741.033403 
248188.083618 5505670.456335 -57894.041050 
697460.898528 5837079.208980 -9338.062079 
681948.755013 5822245.131299 -9840.701719 
192409.112029 5454638.733455 -61329.005222 
546836.352574 5643359.519783 -11525.482624 
302176.232009 5378367.422729 -11487.366214 
638893.590280 5898552.212161 -20399.437306 
537825.646752 5858044.355100 -47737.737513 
197195.244116 5465895.713192 -64429.721879 
466171.537524 5536648.088594 -10966.450340 
712307.358824 5865346.051375 -9303.343901 
677080.092499 5804001.988271 -9482.321606 
574857.285414 5831595.006072 -27441.552466 
578463.821314 5685933.823484 -11210.634955 
564946.014396 5887644.517416 -43187.634085 
322324.563555 5388717.311199 -10929.674468 
445106.345350 5492454.700666 -9666.694850 
688426.317644 5874532.123047 -11617.384249 
289526.173251 5553971.743225 -56197.296551 
616396.568579 5762039.827039 -12510.599331 
303738.239967 5388508.629552 -12253.755686 
449361.015263 5747545.310155 -56825.087844 
239459.444984 5495539.214626 -57869.866651 
505865.270956 5584680.740544 -11193.711819 
697171.951351 5865259.539407 -10447.033781 
257265.092043 5516818.372739 -57940.112816 
480856.737237 5790265.569569 -56465.394861 
516544.408644 5830683.374901 -50297.629940 
686234.388406 5830297.118539 -9854.575208 
650590.408971 5870241.560994 -15711.206780 
398010.761814 5688898.764991 -56836.911031 
333521.069371 5398570.819420 -10895.164777 
526133.903803 5615977.805633 -11579.581825 
555380.692074 5651391.728172 -11263.487968 
253387.867819 5409701.403465 -22132.910209 
599656.404349 5719184.462427 -11367.982684 
597602.278723 5937172.605408 -40854.241688 
474784.036646 5544443.773078 -10868.239902 
343774.784870 5408441.868299 -10882.337105 
647238.612472 5801644.616201 -11781.501712 
619302.917235 5927232.166109 -30210.938462 
625751.726729 5755452.489086 -11320.692003 
510829.308448 5799025.458424 -44638.224872 
657294.614047 5811529.376691 -11351.359850 
630254.104145 5906556.937344 -23502.232570 
216031.362418 5475281.713482 -59936.927875 
612588.875981 5775196.688059 -13737.639142 
205711.509933 5451566.450724 -53648.763822 
627083.082169 5867829.197383 -19443.878935 
312212.391812 5383990.545072 -11247.819574 
239852.636145 5429363.081468 -31194.457598 
609405.625037 5853031.119920 -21439.411035 
640197.543900 5804687.423226 -12628.007400 
 
POLYGONS  1564 6256 
3 14 172 176 
3 252 253 529 
3 516 162 530 
3 152 612 613 
3 153 607 718 
3 162 516 762 
3 130 465 598 
3 506 274 647 
3 465 130 597 
3 668 138 729 
3 602 152 613 
3 607 608 718 
3 371 410 598 
3 38 39 503 
3 458 445 570 
3 496 488 616 
3 4 177 801 
3 154 469 726 
3 573 452 604 
3 52 53 551 
3 444 668 729 
3 488 486 616 
3 795 711 821 
3 511 139 512 
3 458 570 702 
3 179 178 534 
3 171 711 795 
3 127 533 569 
3 1 2 175 
3 260 287 752 
3 517 428 518 
3 457 629 630 
3 535 164 606 
3 148 560 736 
3 253 271 529 
3 127 466 533 
3 274 506 648 
3 512 139 513 
3 631 456 792 
3 598 599 600 
3 503 39 531 
3 558 505 822 
3 780 744 795 
3 715 342 756 
3 137 520 521 
3 600 599 782 
3 629 457 631 
3 465 371 598 
3 287 549 752 
3 505 558 716 
3 526 277 550 
3 468 451 638 
3 288 179 534 
3 157 573 604 
3 533 534 569 
3 535 606 761 
3 608 610 763 
3 718 608 763 
3 63 64 600 
3 444 729 775 
3 473 147 794 
3 466 127 738 
3 553 444 775 
3 549 287 595 
3 474 150 475 
3 387 331 514 
3 137 115 520 
3 60 61 631 
3 468 638 750 
3 92 15 178 
3 560 148 758 
3 147 473 567 
3 598 410 599 
3 146 52 551 
3 547 368 561 
3 458 702 743 
3 513 546 561 
3 702 142 743 
3 648 429 703 
3 428 517 780 
3 137 521 522 
3 751 471 790 
3 518 428 836 
3 514 448 515 
3 551 53 575 
3 457 456 631 
3 469 154 749 
3 549 595 845 
3 465 597 641 
3 650 751 790 
3 387 514 515 
3 515 795 821 
3 360 766 776 
3 387 515 567 
3 37 150 474 
3 137 522 632 
3 515 448 795 
3 173 508 803 
3 559 307 564 
3 545 128 667 
3 76 3 554 
3 522 525 632 
3 510 288 534 
3 178 15 569 
3 594 129 753 
3 136 631 792 
3 511 466 738 
3 624 675 748 
3 368 547 565 
3 150 38 503 
3 277 526 562 
3 156 63 600 
3 3 4 801 
3 511 738 809 
3 288 510 555 
3 331 317 514 
3 252 529 755 
3 546 547 561 
3 2 37 474 
3 13 14 176 
3 723 470 749 
3 766 586 776 
3 366 565 593 
3 342 645 756 
3 330 351 642 
3 176 172 584 
3 343 372 645 
3 115 116 520 
3 258 256 562 
3 76 554 838 
3 567 515 821 
3 469 473 726 
3 135 633 669 
3 61 629 631 
3 141 591 592 
3 136 60 631 
3 534 178 569 
3 64 130 600 
3 448 780 795 
3 750 136 792 
3 165 117 517 
3 468 750 792 
3 34 119 742 
3 412 518 836 
3 442 594 753 
3 205 270 646 
3 470 723 817 
3 307 559 822 
3 616 486 735 
3 564 340 650 
3 559 558 822 
3 287 258 562 
3 274 648 703 
3 79 509 765 
3 597 158 641 
3 559 564 650 
3 430 429 648 
3 630 782 787 
3 175 2 474 
3 270 566 646 
3 6 7 796 
3 528 142 664 
3 505 757 822 
3 518 412 832 
3 604 452 811 
3 426 715 756 
3 606 144 761 
3 532 376 555 
3 366 368 565 
3 509 79 827 
3 525 524 812 
3 139 511 809 
3 812 524 839 
3 163 92 178 
3 591 141 739 
3 545 667 693 
3 414 532 555 
3 165 517 518 
3 669 633 826 
3 161 624 748 
3 780 517 804 
3 174 563 579 
3 103 635 753 
3 84 176 584 
3 793 426 818 
3 471 472 790 
3 790 472 810 
3 526 523 595 
3 510 414 555 
3 116 117 165 
3 207 548 617 
3 14 85 172 
3 341 331 387 
3 40 143 531 
3 333 330 642 
3 635 442 753 
3 342 343 645 
3 469 388 473 
3 508 173 723 
3 404 741 768 
3 116 165 520 
3 286 317 331 
3 457 630 642 
3 761 144 828 
3 39 40 531 
3 273 536 618 
3 496 616 800 
3 556 121 576 
3 351 457 642 
3 565 270 593 
3 341 387 388 
3 256 277 562 
3 163 178 179 
3 372 573 645 
3 273 617 686 
3 523 527 595 
3 15 93 569 
3 544 546 760 
3 353 428 448 
3 526 550 839 
3 506 647 755 
3 130 598 600 
3 558 556 576 
3 376 532 587 
3 548 207 646 
3 317 353 514 
3 286 285 317 
3 617 548 686 
3 93 127 569 
3 495 663 695 
3 536 418 618 
3 536 273 686 
3 36 1 175 
3 262 260 752 
3 388 387 567 
3 128 545 830 
3 364 363 634 
3 561 368 701 
3 462 365 572 
3 544 760 802 
3 521 519 527 
3 86 149 568 
3 353 448 514 
3 543 542 566 
3 512 513 561 
3 207 205 646 
3 513 139 577 
3 550 277 571 
3 423 397 440 
3 418 552 618 
3 552 215 618 
3 426 756 818 
3 284 285 286 
3 215 552 619 
3 119 120 151 
3 757 307 822 
3 609 364 634 
3 562 526 595 
3 91 92 163 
3 505 504 757 
3 581 483 582 
3 522 521 523 
3 529 271 734 
3 480 483 581 
3 151 556 557 
3 21 137 632 
3 114 21 632 
3 270 565 566 
3 267 262 268 
3 572 365 611 
3 389 388 469 
3 151 120 556 
3 450 658 705 
3 142 90 664 
3 546 513 760 
3 413 551 575 
3 558 576 716 
3 462 572 758 
3 626 737 746 
3 555 376 637 
3 242 707 724 
3 142 528 743 
3 284 268 285 
3 364 609 661 
3 191 189 587 
3 126 780 804 
3 261 260 262 
3 523 521 527 
3 566 542 646 
3 219 216 619 
3 487 495 583 
3 288 555 637 
3 308 302 611 
3 340 331 341 
3 512 561 701 
3 467 554 767 
3 675 624 820 
3 363 436 634 
3 609 394 661 
3 676 620 766 
3 135 20 614 
3 20 108 614 
3 774 398 777 
3 421 592 628 
3 446 808 824 
3 287 562 595 
3 254 251 571 
3 484 487 583 
3 547 543 566 
3 516 140 762 
3 344 417 613 
3 396 397 423 
3 259 258 260 
3 423 440 560 
3 509 462 765 
3 216 215 619 
3 440 461 467 
3 260 258 287 
3 189 376 587 
3 415 510 533 
3 125 0 174 
3 396 395 397 
3 282 268 284 
3 573 157 605 
3 642 630 787 
3 163 180 664 
3 113 160 585 
3 152 76 838 
3 370 414 415 
3 450 657 658 
3 54 134 575 
3 422 310 589 
3 580 710 841 
3 463 425 657 
3 155 579 759 
3 466 415 533 
3 741 623 768 
3 473 388 567 
3 219 619 681 
3 302 312 611 
3 126 744 780 
3 460 590 591 
3 563 174 779 
3 574 297 643 
3 365 308 611 
3 585 160 586 
3 257 256 258 
3 75 152 602 
3 277 254 571 
3 486 485 735 
3 592 590 628 
3 489 482 490 
3 400 441 594 
3 580 581 710 
3 195 191 587 
3 251 250 571 
3 53 54 575 
3 255 254 256 
3 492 504 505 
3 419 538 588 
3 317 318 353 
3 460 589 590 
3 131 610 788 
3 607 394 608 
3 268 262 727 
3 297 574 644 
3 199 366 593 
3 479 480 482 
3 782 599 787 
3 633 459 826 
3 589 310 590 
3 565 547 566 
3 737 194 746 
3 393 394 607 
3 118 34 173 
3 118 173 803 
3 113 114 160 
3 477 478 479 
3 479 489 578 
3 301 362 643 
3 620 676 828 
3 475 476 477 
3 267 268 282 
3 491 490 492 
3 475 150 476 
3 97 167 577 
3 367 369 370 
3 98 17 687 
3 250 356 571 
3 416 415 466 
3 422 589 640 
3 286 340 564 
3 619 674 681 
3 122 133 576 
3 68 132 596 
3 66 158 597 
3 143 615 616 
3 382 379 640 
3 479 482 489 
3 482 480 581 
3 145 73 603 
3 284 286 564 
3 253 251 254 
3 608 609 610 
3 399 400 594 
3 353 354 428 
3 199 197 269 
3 492 490 504 
3 261 262 267 
3 707 658 724 
3 563 578 579 
3 70 157 604 
3 259 260 261 
3 376 186 637 
3 104 141 635 
3 533 510 534 
3 160 114 632 
3 356 550 571 
3 413 575 741 
3 765 462 843 
3 394 392 661 
3 122 123 133 
3 139 96 577 
3 454 774 777 
3 199 269 366 
3 17 128 687 
3 336 337 399 
3 200 199 593 
3 436 462 509 
3 705 658 707 
3 390 636 644 
3 440 397 461 
3 286 331 340 
3 108 164 614 
3 599 410 733 
3 370 415 416 
3 395 344 613 
3 75 76 152 
3 400 402 441 
3 7 170 796 
3 168 560 778 
3 362 574 643 
3 636 297 644 
3 477 479 578 
3 608 394 609 
3 149 87 570 
3 143 41 615 
3 524 526 839 
3 366 269 367 
3 253 254 255 
3 112 585 620 
3 447 393 607 
3 336 311 337 
3 180 528 664 
3 479 478 480 
3 477 476 478 
3 545 539 621 
3 124 155 601 
3 489 490 491 
3 393 392 394 
3 221 219 681 
3 363 365 436 
3 108 109 164 
3 399 337 400 
3 441 402 588 
3 629 156 630 
3 312 395 396 
3 563 477 578 
3 589 382 640 
3 208 207 617 
3 442 399 594 
3 356 359 550 
3 633 135 747 
3 256 254 277 
3 436 365 462 
3 174 579 833 
3 257 258 259 
3 483 484 583 
3 91 163 664 
3 370 369 414 
3 133 123 601 
3 86 87 149 
3 557 558 559 
3 369 269 652 
3 415 414 510 
3 255 256 257 
3 110 144 606 
3 402 419 588 
3 301 302 308 
3 663 495 805 
3 62 156 629 
3 120 121 556 
3 362 308 363 
3 134 622 623 
3 710 283 841 
3 309 311 336 
3 570 88 702 
3 213 273 618 
3 103 104 635 
3 625 349 626 
3 74 602 603 
3 632 525 834 
3 341 388 389 
3 74 75 602 
3 312 396 611 
3 590 310 628 
3 97 98 167 
3 464 730 769 
3 595 527 845 
3 363 308 365 
3 121 122 576 
3 134 55 622 
3 164 109 606 
3 37 38 150 
3 289 280 290 
3 674 311 681 
3 158 67 596 
3 130 65 597 
3 475 477 563 
3 587 532 652 
3 542 548 646 
3 591 590 592 
3 296 301 643 
3 487 493 495 
3 400 401 402 
3 619 552 674 
3 301 308 362 
3 96 97 577 
3 531 143 735 
3 132 69 604 
3 161 43 624 
3 203 200 593 
3 112 113 585 
3 588 538 693 
3 419 537 538 
3 181 179 288 
3 205 203 270 
3 306 300 627 
3 379 281 640 
3 538 539 545 
3 250 278 356 
3 576 133 716 
3 350 349 625 
3 213 211 273 
3 626 349 627 
3 195 587 652 
3 68 69 132 
3 66 67 158 
3 64 65 130 
3 490 482 580 
3 270 203 593 
3 296 299 301 
3 539 541 621 
3 16 94 738 
3 610 609 634 
3 95 96 139 
3 356 357 359 
3 141 105 739 
3 349 306 627 
3 211 208 617 
3 42 161 615 
3 70 71 157 
3 541 544 621 
3 40 41 143 
3 396 423 572 
3 87 88 570 
3 367 269 369 
3 573 605 645 
3 62 63 156 
3 249 248 250 
3 541 543 544 
3 290 280 291 
3 374 350 625 
3 621 544 802 
3 538 537 539 
3 215 213 618 
3 381 459 633 
3 420 374 439 
3 104 105 141 
3 249 250 251 
3 72 73 145 
3 309 272 311 
3 291 280 654 
3 389 469 470 
3 301 299 302 
3 56 159 622 
3 544 543 546 
3 402 418 419 
3 189 186 376 
3 159 57 638 
3 61 62 629 
3 273 211 617 
3 297 294 643 
3 140 516 820 
3 67 68 596 
3 65 66 597 
3 48 138 639 
3 281 229 659 
3 480 481 483 
3 144 111 620 
3 439 374 625 
3 42 43 161 
3 677 246 678 
3 111 112 620 
3 326 241 651 
3 69 70 604 
3 204 203 205 
3 206 205 207 
3 44 140 624 
3 73 74 603 
3 54 55 134 
3 56 57 159 
3 59 60 136 
3 212 211 213 
3 381 379 382 
3 532 369 652 
3 366 367 368 
3 292 294 297 
3 421 399 442 
3 313 427 673 
3 41 42 615 
3 400 337 401 
3 280 187 654 
3 391 392 393 
3 527 519 832 
3 186 183 637 
3 419 536 537 
3 247 246 248 
3 380 379 381 
3 405 381 633 
3 557 559 650 
3 381 382 459 
3 247 248 249 
3 391 390 392 
3 198 197 199 
3 294 296 643 
3 250 248 278 
3 196 195 197 
3 402 401 418 
3 51 52 146 
3 362 363 364 
3 210 208 211 
3 252 251 253 
3 392 390 644 
3 202 200 203 
3 582 483 583 
3 498 500 529 
3 332 326 651 
3 640 281 659 
3 356 278 357 
3 44 45 140 
3 43 44 624 
3 162 47 639 
3 55 56 622 
3 309 336 628 
3 269 197 652 
3 57 58 638 
3 307 284 564 
3 214 213 215 
3 390 303 636 
3 146 553 775 
3 375 374 420 
3 46 47 162 
3 352 332 438 
3 245 246 247 
3 193 191 195 
3 48 49 138 
3 123 124 601 
3 355 303 390 
3 109 110 606 
3 290 291 292 
3 346 291 654 
3 313 315 427 
3 370 416 701 
3 378 281 379 
3 596 132 771 
3 380 381 405 
3 282 284 307 
3 245 243 246 
3 459 382 460 
3 627 300 699 
3 373 350 374 
3 47 48 639 
3 89 90 142 
3 182 181 183 
3 424 677 678 
3 197 195 652 
3 541 542 543 
3 324 398 649 
3 259 263 695 
3 231 229 281 
3 255 257 663 
3 438 332 651 
3 476 150 503 
3 336 399 421 
3 10 77 736 
3 220 222 670 
3 557 556 558 
3 167 98 687 
3 460 382 589 
3 378 379 380 
3 386 385 429 
3 539 540 541 
3 249 251 252 
3 336 421 628 
3 18 103 753 
3 276 235 665 
3 204 205 206 
3 249 252 647 
3 343 306 349 
3 317 285 318 
3 85 86 568 
3 110 111 144 
3 182 183 184 
3 247 249 647 
3 202 203 204 
3 386 429 430 
3 274 247 647 
3 245 247 274 
3 422 640 659 
3 419 418 536 
3 198 199 200 
3 223 221 272 
3 210 211 212 
3 206 207 208 
3 322 324 649 
3 324 339 398 
3 184 185 187 
3 325 329 437 
3 275 272 309 
3 231 281 378 
3 335 316 653 
3 212 213 214 
3 238 235 276 
3 275 309 310 
3 385 335 653 
3 279 187 280 
3 228 227 229 
3 384 335 385 
3 124 35 155 
3 196 197 198 
3 193 195 196 
3 226 224 227 
3 546 543 547 
3 229 227 659 
3 292 293 294 
3 227 656 659 
3 375 420 454 
3 294 295 296 
3 310 309 628 
3 315 314 672 
3 416 466 511 
3 384 385 386 
3 223 272 275 
3 272 221 681 
3 322 649 682 
3 227 224 656 
3 361 424 425 
3 656 422 659 
3 373 374 375 
3 275 310 422 
3 302 304 312 
3 626 627 725 
3 230 229 231 
3 239 243 244 
3 244 243 245 
3 396 572 611 
3 657 425 658 
3 214 215 216 
3 107 20 135 
3 325 437 688 
3 228 229 230 
3 334 383 409 
3 225 266 319 
3 248 246 677 
3 314 334 672 
3 234 232 235 
3 233 264 313 
3 504 490 580 
3 222 225 670 
3 313 314 315 
3 384 386 443 
3 500 501 506 
3 484 486 487 
3 226 227 228 
3 498 499 500 
3 494 497 498 
3 253 255 271 
3 409 444 553 
3 21 115 137 
3 383 335 384 
3 343 349 350 
3 289 290 303 
3 580 482 581 
3 480 478 481 
3 539 537 540 
3 223 275 656 
3 290 292 636 
3 446 393 447 
3 361 425 463 
3 653 316 660 
3 239 242 243 
3 319 320 321 
3 218 216 219 
3 271 255 663 
3 234 235 236 
3 106 107 669 
3 437 329 662 
3 409 383 444 
3 507 516 530 
3 184 183 185 
3 89 142 702 
3 303 290 636 
3 257 259 695 
3 334 335 383 
3 541 540 542 
3 275 422 656 
3 413 408 453 
3 313 264 314 
3 292 297 636 
3 334 316 335 
3 230 231 232 
3 500 499 501 
3 183 181 637 
3 673 427 683 
3 361 358 424 
3 188 186 189 
3 233 234 264 
3 279 280 289 
3 243 242 678 
3 224 223 656 
3 185 183 186 
3 233 232 234 
3 231 378 665 
3 321 347 348 
3 487 488 493 
3 700 244 703 
3 236 235 238 
3 181 288 637 
3 246 243 678 
3 380 405 406 
3 201 200 202 
3 404 403 408 
3 314 316 334 
3 462 758 843 
3 314 264 316 
3 236 238 239 
3 17 99 128 
3 222 221 223 
3 99 100 667 
3 100 101 166 
3 101 102 666 
3 102 18 129 
3 190 189 191 
3 296 298 299 
3 239 238 242 
3 384 443 668 
3 319 266 320 
3 538 545 693 
3 222 223 224 
3 230 232 233 
3 383 384 668 
3 192 191 193 
3 141 592 825 
3 406 405 449 
3 429 700 703 
3 347 320 403 
3 225 319 670 
3 225 224 226 
3 371 338 410 
3 524 523 526 
3 312 344 395 
3 357 358 360 
3 450 449 535 
3 311 272 681 
3 498 497 499 
3 19 106 169 
3 655 654 679 
3 209 208 210 
3 234 236 660 
3 450 535 657 
3 413 453 551 
3 476 503 696 
3 362 364 574 
3 334 409 672 
3 337 311 674 
3 228 230 673 
3 644 574 661 
3 357 278 358 
3 351 332 352 
3 225 226 266 
3 222 224 225 
3 264 234 660 
3 217 216 218 
3 522 523 524 
3 483 481 484 
3 330 326 332 
3 107 135 669 
3 187 185 679 
3 501 499 502 
3 185 186 188 
3 517 117 804 
3 404 408 413 
3 451 434 464 
3 347 403 404 
3 540 537 686 
3 444 383 668 
3 501 502 507 
3 321 320 347 
3 507 502 516 
3 233 313 673 
3 418 401 552 
3 406 449 450 
3 355 390 391 
3 235 232 665 
3 378 380 689 
3 198 200 201 
3 372 350 373 
3 375 454 455 
3 201 240 322 
3 322 323 324 
3 232 231 665 
3 190 192 194 
3 324 338 339 
3 654 187 679 
3 339 371 377 
3 377 465 641 
3 537 536 686 
3 220 219 221 
3 499 497 675 
3 226 228 683 
3 351 456 457 
3 329 333 662 
3 302 299 304 
3 276 665 689 
3 424 358 677 
3 493 488 494 
3 188 189 190 
3 329 330 333 
3 429 385 700 
3 210 212 684 
3 433 434 435 
3 392 644 661 
3 328 432 433 
3 192 193 237 
3 214 216 217 
3 190 191 192 
3 217 265 327 
3 206 208 209 
3 328 265 431 
3 201 202 240 
3 33 118 803 
3 316 264 660 
3 435 451 468 
3 209 241 325 
3 266 226 683 
3 230 233 673 
3 325 326 329 
3 321 348 720 
3 360 361 676 
3 220 221 222 
3 218 219 220 
3 278 248 677 
3 651 241 684 
3 342 306 343 
3 665 378 689 
3 494 496 497 
3 292 291 293 
3 324 323 338 
3 339 338 371 
3 377 371 465 
3 180 181 182 
3 322 240 323 
3 380 406 689 
3 372 452 573 
3 217 218 265 
3 209 210 241 
3 542 540 548 
3 239 244 692 
3 360 358 361 
3 330 332 351 
3 351 352 456 
3 180 179 181 
3 372 373 452 
3 487 486 488 
3 692 244 700 
3 343 350 372 
3 435 434 451 
3 169 106 669 
3 358 278 677 
3 93 16 127 
3 767 554 801 
3 346 654 655 
3 228 673 683 
3 244 245 703 
3 494 488 496 
3 329 326 330 
3 325 241 326 
3 327 265 328 
3 433 432 434 
3 548 540 686 
3 361 463 676 
3 128 99 667 
3 100 166 667 
3 166 101 666 
3 102 129 666 
3 373 375 680 
3 328 431 432 
3 502 499 675 
3 294 293 295 
3 655 679 690 
3 196 198 682 
3 237 698 708 
3 574 364 661 
3 241 210 684 
3 438 651 717 
3 416 512 701 
3 184 187 279 
3 401 337 674 
3 163 179 180 
3 259 261 263 
3 296 295 298 
3 293 291 346 
3 452 373 680 
3 185 188 679 
3 391 393 446 
3 660 236 692 
3 305 300 306 
3 204 206 688 
3 552 401 674 
3 653 660 692 
3 77 78 148 
3 484 485 486 
3 474 475 779 
3 367 370 701 
3 190 194 690 
3 663 257 695 
3 236 239 692 
3 650 340 751 
3 201 322 682 
3 375 455 680 
3 305 306 342 
3 198 201 682 
3 218 220 685 
3 77 148 736 
3 212 214 691 
3 220 670 685 
3 626 725 737 
3 265 218 685 
3 414 369 532 
3 298 295 300 
3 368 367 701 
3 82 83 153 
3 579 578 759 
3 298 300 305 
3 90 91 664 
3 653 692 700 
3 682 649 698 
3 206 209 688 
3 667 166 693 
3 209 325 688 
3 237 193 698 
3 678 242 724 
3 319 321 712 
3 684 212 691 
3 431 265 685 
3 217 327 691 
3 575 134 741 
3 214 217 691 
3 345 303 355 
3 188 190 690 
3 484 481 485 
3 581 582 710 
3 312 304 344 
3 679 188 690 
3 80 11 131 
3 417 407 426 
3 397 395 612 
3 240 704 714 
3 621 802 830 
3 688 437 704 
3 266 683 706 
3 240 202 704 
3 403 320 706 
3 689 406 705 
3 193 196 698 
3 478 476 696 
3 196 682 698 
3 242 238 707 
3 344 304 407 
3 304 299 697 
3 738 94 809 
3 385 653 700 
3 720 348 730 
3 344 407 417 
3 138 49 729 
3 698 649 708 
3 403 706 713 
3 245 274 703 
3 610 634 788 
3 182 184 671 
3 299 298 697 
3 204 688 704 
3 202 204 704 
3 454 777 785 
3 683 427 706 
3 438 717 731 
3 498 529 734 
3 492 505 716 
3 522 524 525 
3 625 626 746 
3 406 450 705 
3 276 689 705 
3 431 685 712 
3 407 304 697 
3 612 395 613 
3 685 670 712 
3 355 391 694 
3 289 303 345 
3 481 478 696 
3 408 403 713 
3 88 89 702 
3 446 447 808 
3 320 266 706 
3 293 346 699 
3 557 650 790 
3 345 355 445 
3 300 295 699 
3 160 632 834 
3 7 8 170 
3 409 553 728 
3 410 338 721 
3 276 705 707 
3 267 282 283 
3 345 445 458 
3 706 427 713 
3 298 305 697 
3 704 437 714 
3 485 481 696 
3 425 424 724 
3 493 494 734 
3 353 318 354 
3 658 425 724 
3 295 293 699 
3 467 461 554 
3 453 408 719 
3 238 276 707 
3 180 182 528 
3 423 560 758 
3 638 58 750 
3 649 398 708 
3 579 155 833 
3 427 315 713 
3 416 511 512 
3 455 454 785 
3 408 713 719 
3 445 355 694 
3 391 446 694 
3 59 136 750 
3 610 131 763 
3 437 662 714 
3 464 434 730 
3 285 268 727 
3 620 585 766 
3 184 279 671 
3 328 433 731 
3 670 319 712 
3 318 285 727 
3 697 305 715 
3 82 153 718 
3 731 433 740 
3 407 697 715 
3 345 458 709 
3 323 240 714 
3 627 699 725 
3 81 82 718 
3 453 719 728 
3 495 695 789 
3 712 321 720 
3 528 182 671 
3 713 315 719 
3 279 289 709 
3 783 455 785 
3 305 342 715 
3 315 672 719 
3 404 413 741 
3 714 662 721 
3 545 621 830 
3 426 407 715 
3 289 345 709 
3 489 491 759 
3 449 405 747 
3 624 140 820 
3 495 493 805 
3 26 27 147 
3 605 157 772 
3 529 500 755 
3 105 19 739 
3 354 411 412 
3 323 714 721 
3 808 568 824 
3 432 431 720 
3 138 668 819 
3 675 497 748 
3 140 45 762 
3 338 323 721 
3 560 440 778 
3 46 162 762 
3 651 684 717 
3 411 318 727 
3 719 672 728 
3 699 346 725 
3 424 678 724 
3 346 655 725 
3 684 691 717 
3 157 71 772 
3 412 411 549 
3 433 435 740 
3 717 327 731 
3 691 327 717 
3 657 535 761 
3 431 712 720 
3 72 145 772 
3 49 50 729 
3 360 676 766 
3 194 192 754 
3 725 655 737 
3 135 614 747 
3 165 518 519 
3 410 721 733 
3 432 720 730 
3 771 132 811 
3 672 409 728 
3 146 551 814 
3 459 460 797 
3 690 194 737 
3 671 279 709 
3 143 616 735 
3 442 635 825 
3 716 133 799 
3 154 722 749 
3 434 432 730 
3 740 435 745 
3 438 731 740 
3 635 141 825 
3 503 531 807 
3 327 328 731 
3 78 79 765 
3 51 146 775 
3 494 498 734 
3 435 468 745 
3 560 168 736 
3 553 146 814 
3 28 29 726 
3 340 341 751 
3 662 333 733 
3 95 139 809 
3 144 620 828 
3 648 506 784 
3 119 151 810 
3 354 318 411 
3 513 577 760 
3 134 623 741 
3 347 404 768 
3 461 397 612 
3 583 495 789 
3 31 32 508 
3 398 339 777 
3 463 657 761 
3 655 690 737 
3 19 169 739 
3 170 767 796 
3 352 438 740 
3 471 470 472 
3 386 430 781 
3 30 31 722 
3 29 30 154 
3 779 174 829 
3 721 662 733 
3 588 693 770 
3 155 35 833 
3 730 348 769 
3 132 604 811 
3 357 360 776 
3 506 501 784 
3 440 467 778 
3 263 261 773 
3 722 723 749 
3 165 519 520 
3 352 740 745 
3 449 747 806 
3 693 166 770 
3 129 594 816 
3 81 718 763 
3 439 625 746 
3 694 824 831 
3 727 262 752 
3 519 518 832 
3 283 282 757 
3 554 3 801 
3 671 709 743 
3 530 162 791 
3 127 16 738 
3 405 633 747 
3 175 474 779 
3 709 458 743 
3 25 26 711 
3 582 789 844 
3 456 352 745 
3 520 519 521 
3 8 9 732 
3 131 11 763 
3 156 600 782 
3 607 153 813 
3 9 10 168 
3 173 34 742 
3 58 59 750 
3 497 496 748 
3 528 671 743 
3 623 622 786 
3 417 793 815 
3 436 509 788 
3 83 84 798 
3 578 489 759 
3 746 194 754 
3 647 252 755 
3 421 442 825 
3 472 470 817 
3 568 149 824 
3 420 439 764 
3 283 710 773 
3 729 50 775 
3 389 470 471 
3 79 80 827 
3 164 535 806 
3 516 502 820 
3 129 18 753 
3 492 716 799 
3 789 263 844 
3 441 588 770 
3 470 469 749 
3 172 85 568 
3 577 167 760 
3 454 420 774 
3 11 81 763 
3 192 237 754 
3 267 283 773 
3 771 455 783 
3 616 615 800 
3 572 423 758 
3 551 453 814 
3 500 506 755 
3 448 428 780 
3 824 149 831 
3 799 601 837 
3 645 605 756 
3 147 567 821 
3 443 791 819 
3 747 614 806 
3 793 603 815 
3 125 174 833 
3 767 177 796 
3 282 307 757 
3 696 503 807 
3 45 46 762 
3 24 25 171 
3 463 761 828 
3 739 169 797 
3 26 147 711 
3 602 613 815 
3 585 586 766 
3 151 557 790 
3 549 411 752 
3 591 739 797 
3 29 154 726 
3 354 412 836 
3 439 754 764 
3 491 799 837 
3 582 583 789 
3 754 237 764 
3 341 389 751 
3 31 508 722 
3 148 78 765 
3 430 648 784 
3 154 30 722 
3 348 347 768 
3 420 764 774 
3 133 601 799 
3 728 553 814 
3 411 727 752 
3 237 708 764 
3 760 167 802 
3 158 596 783 
3 0 36 829 
3 417 426 793 
3 145 793 818 
3 439 746 754 
3 147 27 794 
3 174 0 829 
3 788 509 827 
3 166 666 770 
3 443 781 791 
3 168 10 736 
3 71 72 772 
3 622 159 786 
3 722 508 723 
3 680 455 771 
3 84 584 798 
3 594 441 816 
3 50 51 775 
3 359 357 776 
3 459 797 826 
3 630 156 782 
3 742 119 810 
3 175 779 829 
3 23 24 744 
3 641 158 783 
3 145 603 793 
3 339 377 777 
3 475 563 779 
3 615 161 800 
3 28 726 794 
3 441 770 816 
3 261 267 773 
3 764 708 774 
3 599 733 787 
3 777 377 785 
3 744 171 795 
3 769 623 786 
3 443 386 781 
3 638 451 823 
3 9 168 732 
3 333 642 787 
3 641 783 785 
3 634 436 788 
3 501 507 784 
3 377 641 785 
3 584 172 842 
3 464 769 786 
3 708 398 774 
3 151 790 810 
3 389 471 751 
3 695 263 789 
3 772 145 818 
3 162 639 791 
3 786 159 823 
3 570 445 831 
3 668 443 819 
3 27 28 794 
3 35 125 833 
3 430 784 835 
3 592 421 825 
3 531 735 807 
3 491 492 799 
3 613 417 815 
3 460 591 797 
3 745 468 792 
3 464 786 823 
3 680 771 811 
3 770 666 816 
3 535 449 806 
3 171 25 711 
3 614 164 806 
3 22 23 126 
3 694 446 824 
3 167 687 802 
3 603 602 815 
3 791 639 819 
3 733 333 787 
3 170 8 732 
3 612 152 838 
3 784 507 835 
3 493 734 805 
3 172 808 842 
3 461 612 838 
3 153 83 798 
3 32 33 803 
3 508 32 803 
3 348 768 769 
3 735 485 807 
3 447 607 813 
3 601 155 837 
3 768 623 769 
3 149 570 831 
3 586 160 834 
3 159 638 823 
3 94 95 809 
3 778 467 840 
3 759 491 837 
3 711 147 821 
3 271 663 805 
3 639 138 819 
3 781 430 835 
3 131 788 827 
3 802 687 830 
3 550 359 839 
3 776 586 812 
3 359 812 839 
3 161 748 800 
3 172 568 808 
3 452 680 811 
3 485 696 807 
3 456 745 792 
3 666 129 816 
3 732 168 778 
3 687 128 830 
3 726 473 794 
3 596 771 783 
3 451 464 823 
3 504 580 841 
3 5 6 796 
3 502 675 820 
3 507 530 835 
3 169 669 826 
3 781 530 791 
3 676 463 828 
3 734 271 805 
3 173 742 817 
3 748 496 800 
3 24 171 744 
3 80 131 827 
3 263 773 844 
3 732 778 840 
3 177 767 801 
3 428 354 836 
3 812 586 834 
3 283 757 841 
3 453 728 814 
3 445 694 831 
3 723 173 817 
3 22 126 804 
3 710 582 844 
3 412 549 845 
3 605 772 818 
3 126 23 744 
3 554 461 838 
3 742 472 817 
3 756 605 818 
3 4 5 177 
3 36 175 829 
3 472 742 810 
3 757 504 841 
3 758 148 843 
3 155 759 837 
3 359 776 812 
3 797 169 826 
3 798 584 842 
3 153 798 813 
3 148 765 843 
3 813 798 842 
3 530 781 835 
3 170 732 840 
3 767 170 840 
3 525 812 834 
3 773 710 844 
3 467 767 840 
3 177 5 796 
3 808 447 842 
3 447 813 842 
3 12 13 176 
3 832 412 845 
3 527 832 845 
3 117 22 804 
3 84 12 176 
 
CELL_DATA 1564 
SCALARS vel double 1 
LOOKUP_TABLE default 
2002.399613  
2006.312231  
2013.302810  
2014.097157  
2003.401175  
2014.031107  
2014.037067  
2007.151147  
2014.816221  
2014.879419  
2014.912581  
2003.652604  
2011.894351  
2012.955299  
2002.765559  
2010.263051  
2016.405521  
2002.414939  
2014.033909  
2016.620175  
2014.404552  
2009.936505  
2002.427695  
2002.672234  
2002.634815  
2002.640155  
2002.386294  
2002.519182  
2012.156355  
2003.850990  
2002.629351  
2014.142871  
2002.706759  
2009.539467  
2006.425867  
2002.596098  
2007.783056  
2002.726881  
2013.887226  
2013.637243  
2012.564695  
2004.031026  
2002.439059  
2011.254088  
2002.643675  
2013.873543  
2014.656288  
2012.699980  
2003.607381  
2004.192480  
2003.831077  
2014.110164  
2002.825998  
2015.026435  
2002.617991  
2002.800269  
2004.250430  
2003.916090  
2016.880134  
2015.181812  
2002.385080  
2002.506878  
2014.703139  
2003.531569  
2011.106023  
2002.808756  
2002.474890  
2016.821140  
2014.924657  
2002.306686  
2009.170580  
2002.450049  
2012.268729  
2016.065981  
2003.365470  
2002.735575  
2002.996836  
2002.615124  
2008.215504  
2002.564397  
2002.757477  
2002.940685  
2002.742217  
2002.671402  
2015.987279  
2013.644278  
2002.454312  
2003.322518  
2014.185832  
2003.080063  
2002.690689  
2002.503293  
2003.141306  
2002.605831  
2012.099909  
2002.693789  
2002.563462  
2002.382779  
2003.608738  
2002.666874  
2016.839051  
2002.807712  
2002.914678  
2002.376857  
2002.728473  
2014.968486  
2002.576281  
2012.226256  
2003.614097  
2012.223478  
2003.879337  
2016.199118  
2016.899877  
2002.492464  
2003.127307  
2002.921378  
2006.779954  
2003.208515  
2012.470122  
2002.326663  
2002.529750  
2003.009639  
2004.106270  
2011.673865  
2010.845192  
2002.518426  
2011.211946  
2002.382327  
2004.283716  
2016.014130  
2002.526376  
2002.442528  
2002.712521  
2016.152581  
2002.893238  
2016.199439  
2002.541625  
2016.099527  
2002.534953  
2015.155207  
2002.422916  
2014.432296  
2002.717129  
2002.852236  
2002.824942  
2004.462008  
2002.574636  
2003.778340  
2010.504564  
2003.256498  
2003.791210  
2004.022003  
2007.551485  
2006.462283  
2014.908199  
2003.421885  
2009.089853  
2013.182495  
2011.880680  
2004.114816  
2015.321564  
2002.589194  
2004.185419  
2002.888081  
2014.144194  
2012.036206  
2002.690076  
2003.628499  
2003.801931  
2005.963310  
2003.070046  
2002.525690  
2003.243844  
2002.387719  
2002.757935  
2002.763978  
2003.466316  
2002.563959  
2002.781389  
2012.857529  
2002.456786  
2008.446180  
2002.561208  
2002.546966  
2013.892622  
2002.880570  
2002.905376  
2003.374902  
2003.221704  
2002.354354  
2004.485321  
2002.355061  
2002.827139  
2013.063482  
2010.510446  
2002.730993  
2010.836039  
2002.531228  
2002.434365  
2012.686126  
2002.443316  
2003.072893  
2012.784327  
2002.771551  
2013.450938  
2004.297376  
2011.157442  
2003.734364  
2011.973472  
2004.216610  
2002.722079  
2004.217240  
2002.556420  
2012.432113  
2004.385666  
2003.204722  
2002.298908  
2002.947082  
2002.732906  
2003.596868  
2007.241123  
2014.599953  
2003.790243  
2003.930563  
2004.352015  
2002.895010  
2003.214629  
2004.251671  
2002.364868  
2006.052624  
2004.082976  
2004.168387  
2011.590500  
2003.899151  
2002.618837  
2002.710887  
2005.439377  
2003.289950  
2007.637429  
2002.839974  
2002.874968  
2002.439345  
2002.763100  
2003.629298  
2002.927959  
2004.597419  
2002.615436  
2004.100856  
2011.239714  
2004.197923  
2004.560776  
2013.258602  
2003.402114  
2004.693223  
2003.095033  
2004.015611  
2004.913801  
2003.639752  
2002.308429  
2004.492295  
2006.442121  
2002.950675  
2007.036433  
2006.835712  
2003.350399  
2002.510690  
2002.437135  
2004.003164  
2003.978871  
2008.016905  
2002.628805  
2003.306575  
2003.663875  
2002.405167  
2002.873858  
2014.733590  
2004.087886  
2008.157988  
2006.681022  
2003.517993  
2004.405340  
2002.708243  
2003.575953  
2004.631023  
2004.510364  
2002.405869  
2004.177914  
2003.005504  
2003.911812  
2005.271812  
2007.195188  
2003.261414  
2007.855617  
2002.960615  
2003.064118  
2014.576275  
2012.492925  
2005.780783  
2004.212670  
2002.857485  
2002.514881  
2002.425993  
2009.310996  
2003.218473  
2002.817508  
2003.715942  
2004.771719  
2007.691235  
2003.534128  
2013.913581  
2012.519761  
2010.611634  
2004.406055  
2010.782952  
2006.819706  
2005.115600  
2012.933598  
2004.081238  
2004.134684  
2002.886611  
2008.972604  
2011.076284  
2003.803843  
2014.640468  
2012.381858  
2002.566370  
2002.523501  
2016.054975  
2003.177854  
2003.447555  
2016.104591  
2003.897465  
2005.203039  
2003.307426  
2006.865047  
2002.776318  
2013.299623  
2002.534741  
2004.975188  
2008.774054  
2002.401164  
2003.166038  
2009.294433  
2005.232399  
2007.503105  
2002.699849  
2004.651682  
2016.404374  
2004.447815  
2010.007868  
2003.273344  
2006.099442  
2003.109050  
2005.634750  
2004.664874  
2004.686376  
2016.705983  
2004.930405  
2004.685879  
2003.271346  
2003.017724  
2003.404552  
2004.961216  
2003.727465  
2003.727787  
2004.743940  
2004.337938  
2007.005393  
2012.825748  
2002.951140  
2003.600506  
2003.704990  
2006.274011  
2003.536146  
2002.478931  
2002.397805  
2002.437402  
2008.242307  
2007.156698  
2006.176116  
2002.828718  
2009.633467  
2004.019037  
2005.363859  
2010.604944  
2002.449052  
2003.511862  
2002.394380  
2004.300385  
2002.851701  
2003.979393  
2003.253324  
2004.562003  
2004.270101  
2016.409905  
2016.292668  
2012.281380  
2003.814611  
2006.735627  
2006.579556  
2016.766391  
2003.419956  
2005.240037  
2004.328543  
2003.168518  
2002.838666  
2004.451335  
2005.088216  
2004.219521  
2004.041378  
2008.005136  
2016.437486  
2004.454569  
2003.685810  
2002.580534  
2002.805200  
2002.526768  
2004.038769  
2014.273565  
2007.354064  
2004.002596  
2004.559968  
2002.446522  
2009.905135  
2004.217978  
2002.475912  
2003.495012  
2004.721691  
2006.516010  
2003.974176  
2004.095511  
2012.333768  
2003.093746  
2002.508930  
2011.348842  
2003.049362  
2012.092830  
2017.020928  
2003.273539  
2014.730194  
2011.182017  
2005.561724  
2004.484031  
2007.915478  
2004.069063  
2002.442058  
2013.430305  
2003.386489  
2003.894854  
2005.330599  
2002.539342  
2003.270178  
2003.771386  
2002.673999  
2007.753293  
2009.105855  
2003.022166  
2005.839159  
2005.885985  
2003.667669  
2005.129838  
2006.417177  
2002.427394  
2003.417412  
2003.205025  
2014.972564  
2010.429497  
2008.381794  
2003.744347  
2004.885681  
2003.027928  
2003.752173  
2002.800135  
2004.515939  
2006.826915  
2008.019571  
2004.714785  
2007.396316  
2002.392302  
2003.413480  
2004.946510  
2002.358884  
2003.609001  
2003.978001  
2003.090485  
2004.999671  
2002.512557  
2003.350144  
2007.349851  
2006.493158  
2016.353381  
2003.482844  
2006.304368  
2015.006373  
2004.906544  
2003.861392  
2002.436130  
2004.667417  
2002.483727  
2007.899364  
2016.600055  
2002.790917  
2002.735560  
2017.247632  
2009.368554  
2003.529933  
2002.380053  
2012.099530  
2003.206777  
2006.713890  
2003.964067  
2016.159977  
2002.512382  
2012.752875  
2003.949940  
2004.314970  
2016.349252  
2016.230711  
2009.236235  
2004.057626  
2004.013599  
2003.105402  
2006.438741  
2007.494418  
2003.508968  
2004.436250  
2006.587817  
2002.370194  
2011.983808  
2016.336088  
2013.996068  
2004.861485  
2002.443724  
2003.054827  
2003.419552  
2002.938094  
2004.721819  
2007.849816  
2004.144461  
2003.094746  
2004.223820  
2004.338041  
2008.760684  
2004.924251  
2007.610940  
2004.416256  
2017.115460  
2016.999546  
2016.951132  
2005.767768  
2004.588073  
2007.173299  
2003.170960  
2002.311886  
2004.754929  
2002.363638  
2003.688464  
2002.573033  
2008.145753  
2005.037852  
2013.769652  
2017.315731  
2003.094321  
2013.802233  
2009.560209  
2002.357943  
2003.787138  
2013.349156  
2017.065722  
2004.942198  
2003.227652  
2004.312713  
2009.074587  
2002.907386  
2003.334123  
2004.815871  
2003.136608  
2008.794602  
2002.497217  
2005.035041  
2017.488413  
2004.186629  
2004.466485  
2002.630965  
2007.672708  
2016.218177  
2003.147826  
2003.597170  
2004.000436  
2016.174173  
2017.019982  
2004.771488  
2005.442401  
2013.191611  
2017.058252  
2016.984791  
2015.831328  
2004.844442  
2007.573343  
2002.532464  
2008.492611  
2014.473431  
2004.660685  
2002.454672  
2007.759223  
2017.069006  
2005.155570  
2005.012088  
2014.378419  
2017.355701  
2016.742715  
2016.837822  
2017.005723  
2005.369325  
2003.588371  
2003.859969  
2003.710476  
2005.121650  
2003.107690  
2008.037137  
2014.155787  
2003.593374  
2004.229132  
2003.497786  
2002.916551  
2003.569719  
2003.678845  
2005.220718  
2003.650941  
2003.177981  
2003.409278  
2003.333206  
2005.325927  
2003.624519  
2004.856265  
2006.034350  
2004.516967  
2004.986259  
2003.687481  
2016.786183  
2005.666249  
2005.499970  
2005.652787  
2003.950713  
2005.317674  
2006.704861  
2008.058916  
2008.567270  
2004.424780  
2003.898494  
2015.205331  
2014.717530  
2015.440674  
2016.785151  
2003.655094  
2004.319075  
2016.788334  
2003.609982  
2005.248218  
2003.887129  
2015.271630  
2009.713898  
2015.820050  
2009.758142  
2005.641343  
2005.113765  
2016.506054  
2005.322131  
2003.571551  
2002.428372  
2004.558428  
2004.901308  
2008.915944  
2003.129350  
2004.226351  
2015.150770  
2003.437148  
2003.820031  
2005.528107  
2003.281564  
2007.059142  
2010.037410  
2016.251230  
2002.328982  
2003.199211  
2004.264624  
2004.559673  
2003.461278  
2008.154057  
2005.141352  
2004.956521  
2005.458838  
2008.844369  
2011.069433  
2003.325880  
2009.667910  
2006.392085  
2003.582546  
2002.459258  
2003.466465  
2003.959071  
2009.676595  
2003.395666  
2005.533134  
2003.395955  
2002.479713  
2004.907645  
2005.310428  
2005.993508  
2009.061420  
2003.185828  
2002.361528  
2002.431657  
2003.348269  
2005.879143  
2005.478012  
2009.844608  
2006.376542  
2006.243951  
2004.329976  
2003.777666  
2005.006660  
2004.976254  
2005.678679  
2005.167043  
2007.624820  
2009.024580  
2003.809375  
2007.784789  
2004.292142  
2004.618749  
2009.129023  
2005.544838  
2005.003600  
2004.046012  
2009.318876  
2003.878851  
2005.728151  
2010.303750  
2006.313909  
2005.150590  
2005.291733  
2005.976714  
2003.286281  
2005.194678  
2005.320668  
2005.064398  
2010.084711  
2006.281058  
2003.734201  
2010.140668  
2002.740883  
2010.489169  
2004.680082  
2004.835097  
2006.889720  
2005.419803  
2003.620251  
2004.619359  
2010.374729  
2004.138704  
2009.157317  
2006.860327  
2005.461097  
2005.869806  
2005.991279  
2008.963917  
2003.502635  
2005.415501  
2002.439248  
2007.047852  
2005.882491  
2011.712191  
2007.561597  
2004.753019  
2010.411971  
2005.855718  
2007.649146  
2005.278667  
2006.614319  
2009.176499  
2011.483152  
2008.718811  
2008.534527  
2006.154783  
2009.003454  
2009.271040  
2005.856985  
2013.564722  
2002.405593  
2011.131041  
2009.387927  
2003.819564  
2005.978115  
2008.065088  
2003.486249  
2004.805264  
2004.398592  
2003.134717  
2003.360251  
2008.221334  
2005.309744  
2008.882556  
2005.774296  
2005.915958  
2005.984647  
2002.443951  
2008.339246  
2012.811457  
2012.152133  
2003.625559  
2002.419890  
2004.022501  
2005.115559  
2010.908774  
2003.552652  
2004.510015  
2012.855461  
2008.502148  
2004.651740  
2009.891630  
2005.592809  
2009.338891  
2003.301370  
2007.795962  
2003.685974  
2004.212558  
2007.054569  
2003.753431  
2004.918260  
2005.270012  
2003.744851  
2006.346566  
2004.715319  
2010.313267  
2008.354074  
2007.234319  
2005.520752  
2003.160880  
2005.015148  
2003.492574  
2005.658931  
2011.448731  
2009.666481  
2007.907327  
2008.720827  
2005.634440  
2002.411780  
2005.456882  
2002.431966  
2002.446245  
2002.457035  
2002.471940  
2004.768608  
2007.475307  
2005.205346  
2012.462306  
2008.350955  
2002.963655  
2005.625458  
2006.194721  
2012.295614  
2005.427707  
2002.874908  
2003.295664  
2008.037773  
2010.112395  
2007.300344  
2006.400713  
2010.686639  
2003.291965  
2010.878762  
2003.547352  
2003.141012  
2004.433413  
2009.591936  
2002.452270  
2004.795886  
2005.828735  
2006.645957  
2003.184904  
2013.975165  
2010.443987  
2005.335306  
2011.440537  
2003.978180  
2006.517750  
2004.563615  
2003.830589  
2010.445578  
2007.077037  
2006.199248  
2007.225031  
2006.122797  
2003.066956  
2007.871209  
2009.178319  
2002.523366  
2004.148333  
2010.279373  
2004.073063  
2002.380696  
2012.484909  
2012.479631  
2011.066783  
2003.747999  
2013.172613  
2010.663553  
2009.760670  
2011.712921  
2007.444690  
2003.982924  
2003.345603  
2003.453739  
2005.295868  
2004.030072  
2005.487712  
2010.750150  
2011.116499  
2006.657241  
2007.882308  
2005.184803  
2005.556086  
2009.332640  
2004.377292  
2011.006104  
2012.876959  
2003.855167  
2005.622551  
2010.527031  
2006.814369  
2012.320006  
2009.220472  
2008.561736  
2004.475183  
2003.995905  
2008.683759  
2004.605050  
2009.522183  
2008.744110  
2006.217070  
2011.078652  
2004.158907  
2009.492770  
2005.986703  
2005.920213  
2005.237060  
2007.129707  
2005.647979  
2008.128061  
2006.227438  
2002.312701  
2008.038287  
2012.890108  
2006.813963  
2007.312624  
2006.698268  
2008.036225  
2009.949175  
2003.228367  
2005.808437  
2005.970384  
2004.432996  
2007.268708  
2009.712156  
2004.393922  
2009.864544  
2005.010592  
2008.719605  
2010.328111  
2012.170261  
2002.967657  
2007.358944  
2003.777368  
2012.730899  
2006.721902  
2006.396312  
2003.822460  
2006.375852  
2003.478775  
2010.142855  
2011.494450  
2002.847030  
2011.846313  
2008.898137  
2007.084096  
2010.414570  
2012.143850  
2002.525632  
2004.071944  
2002.300887  
2015.443965  
2005.082548  
2007.022996  
2006.647548  
2009.554368  
2008.892393  
2007.514104  
2007.840956  
2010.431309  
2003.927225  
2003.175566  
2002.496867  
2002.514672  
2002.524656  
2002.538424  
2011.390437  
2008.941036  
2010.879032  
2005.888126  
2004.970610  
2005.657757  
2006.853445  
2004.825656  
2006.605939  
2008.279539  
2002.994416  
2003.688054  
2003.877768  
2002.651199  
2004.789093  
2006.987457  
2005.199700  
2012.149281  
2004.292730  
2003.230803  
2006.792506  
2008.409717  
2005.818146  
2004.088805  
2007.554627  
2008.213437  
2009.076199  
2010.606140  
2003.356225  
2005.351824  
2005.511622  
2006.244884  
2003.104834  
2006.445505  
2011.761394  
2009.356390  
2005.844483  
2006.561970  
2009.022344  
2006.062358  
2006.797784  
2006.432050  
2006.964987  
2003.570723  
2007.269255  
2003.447122  
2003.131466  
2007.249710  
2008.094740  
2002.315903  
2007.715250  
2006.660187  
2006.000742  
2002.676677  
2006.599148  
2006.208582  
2004.484560  
2008.558550  
2006.425235  
2007.659897  
2006.880839  
2014.925863  
2006.270450  
2003.401447  
2004.869240  
2008.707799  
2005.842600  
2010.201082  
2004.696413  
2004.827976  
2012.186424  
2012.216211  
2007.087174  
2002.808328  
2006.829739  
2008.092590  
2006.421331  
2009.529687  
2003.840670  
2005.827554  
2009.451886  
2006.029245  
2004.734642  
2010.614400  
2008.921624  
2002.368967  
2008.571809  
2010.515796  
2011.719011  
2016.074558  
2007.103358  
2009.857136  
2006.786983  
2005.074045  
2003.246744  
2008.334604  
2006.198439  
2006.013163  
2010.947807  
2008.367300  
2008.558123  
2007.787325  
2004.540457  
2002.987682  
2007.397724  
2003.605814  
2004.174635  
2007.944465  
2009.930522  
2012.783492  
2007.485370  
2003.198072  
2003.514088  
2008.900132  
2010.821792  
2002.341656  
2002.923537  
2008.646361  
2005.740478  
2003.219120  
2003.141390  
2006.793558  
2002.686633  
2014.035102  
2013.179367  
2009.976881  
2004.250081  
2004.290027  
2002.999727  
2009.248521  
2008.672239  
2007.310306  
2009.244978  
2003.850946  
2008.133862  
2002.991574  
2003.786155  
2006.118829  
2014.106804  
2012.167307  
2004.646584  
2002.879455  
2009.728419  
2016.205161  
2007.862129  
2007.193863  
2009.555989  
2002.803611  
2011.568776  
2011.169816  
2003.055826  
2003.101869  
2016.363073  
2004.563987  
2008.082877  
2011.763078  
2003.540063  
2002.728498  
2003.402713  
2009.164116  
2007.765695  
2003.337423  
2009.691322  
2003.366807  
2009.741519  
2010.362586  
2003.094564  
2007.594984  
2006.604466  
2003.570344  
2012.495333  
2006.039366  
2009.072572  
2003.009484  
2010.512628  
2003.457834  
2012.716090  
2010.060496  
2010.836753  
2013.144589  
2008.668821  
2002.846468  
2011.513876  
2003.348867  
2006.233060  
2003.070917  
2013.390951  
2007.124895  
2002.291910  
2015.509027  
2007.558822  
2002.468699  
2003.083116  
2008.404060  
2002.658066  
2009.267220  
2014.364054  
2011.144933  
2014.939833  
2009.005318  
2011.418727  
2015.184091  
2007.511926  
2003.303750  
2011.821967  
2005.960531  
2004.185388  
2005.600994  
2007.057321  
2016.773238  
2003.226729  
2010.717517  
2008.038022  
2007.304833  
2003.016170  
2008.738813  
2016.895700  
2016.711026  
2003.069882  
2006.117295  
2005.816651  
2002.686613  
2002.650622  
2010.264706  
2010.167600  
2014.590877  
2012.154448  
2015.019496  
2003.069815  
2005.681317  
2003.297913  
2011.573634  
2002.817781  
2004.703239  
2002.399279  
2010.779954  
2011.391876  
2009.422782  
2002.744804  
2011.549075  
2008.325277  
2006.853727  
2016.310642  
2008.410967  
2012.499269  
2010.424861  
2014.700685  
2002.286320  
2002.968529  
2009.853186  
2002.406590  
2002.694840  
2008.707378  
2002.979914  
2003.126005  
2002.693536  
2014.410384  
2011.644498  
2012.845615  
2006.507877  
2002.272229  
2009.656147  
2003.083613  
2005.472930  
2002.538440  
2014.757874  
2010.057971  
2002.748381  
2010.807614  
2002.280013  
2002.287174  
2009.754766  
2009.557904  
2002.936858  
2006.923301  
2011.464602  
2015.070641  
2003.368368  
2009.138722  
2012.475319  
2004.808325  
2002.437160  
2002.598541  
2011.051067  
2002.926856  
2002.758385  
2002.783105  
2003.868198  
2007.677067  
2002.807845  
2003.689675  
2002.800001  
2004.310858  
2016.313192  
2003.055537  
2013.545723  
2002.365981  
2003.008659  
2011.010585  
2002.961155  
2002.288255  
2005.784313  
2011.800110  
2002.706337  
2012.553192  
2004.496359  
2014.928870  
2003.217255  
2011.120098  
2002.582355  
2016.920666  
2010.803341  
2002.923076  
2014.515892  
2013.925486  
2005.899812  
2002.791473  
2006.867589  
2006.505726  
2006.580883  
2002.991493  
2002.675658  
2002.586002  
2008.250543  
2004.891653  
2016.293148  
2002.734646  
2005.627464  
2002.775123  
2012.213312  
2002.553027  
2004.801061  
2005.464513  
2003.008259  
2002.542513  
2002.436182  
2002.603479  
2009.494317  
2004.134911  
2006.357264  
2004.545746  
2013.354958  
2012.032391  
2009.133757  
2014.186964  
2007.883281  
2002.612700  
2002.653534  
2005.447795  
2012.966816  
2002.454690  
2013.379844  
2002.751075  
2014.960113  
2008.219234  
2015.386497  
2004.056056  
2010.701537  
2015.644501  
2002.281860  
2002.949187  
2002.705102  
2002.327628  
2014.569842  
2002.809227  
2003.186695  
2003.434146  
2002.820263  
2002.324965  
2002.940914  
2007.463565  
2005.550259  
2006.312468  
2007.017180  
2002.848535  
2002.312215  
2007.629080  
2009.350156  
2002.322115  
2011.242706  
2008.579444  
2005.021841  
2013.746839  
2003.468277  
2007.291481  
2002.676693  
2015.088900  
2010.362595  
2013.342774  
2015.072022  
2007.192080  
2002.319210  
2009.642827  
2005.704536  
2002.674792  
2012.602456  
2010.454639  
2017.491344  
2015.102522  
2002.392198  
2012.852541  
2002.698770  
2002.930163  
2016.853487  
2003.441575  
2002.935989  
2014.414657  
2002.828839  
2010.572607  
2002.287904  
2014.354725  
2015.556800  
2010.642200  
2009.707830  
2012.795180  
2002.314838  
2002.897886  
2004.515407  
2008.066767  
2011.669561  
2011.339721  
2002.385360  
2013.462990  
2011.633584  
2014.292753  
2011.852002  
2011.236257  
2013.165721  
2005.574324  
2010.142982  
2012.410322  
2002.650267  
2013.082629  
2008.387501  
2003.027752  
2002.845462  
2005.524158  
2015.688901  
2014.410102  
2014.642014  
2002.719107  
2013.390126  
2002.279215  
2007.515947  
2010.274808  
2003.032201  
2011.355643  
2005.222126  
2013.569887  
2003.016202  
2013.226963  
2013.675024  
2013.476455  
2002.742891  
2002.947013  
2002.317197  
2002.662281  
2002.285261  
2002.899755  
2002.601471  
2015.414058  
2014.273796  
2010.880707  
2013.318887  
2014.622997  
2010.636290  
2007.434655  
2002.684052  
2013.938735  
2002.988883  
2002.261545  
2002.300626  
2011.827421  
2010.448772  
2003.169337  
2005.889493  
2012.842710  
2002.590051  
2002.773614  
2015.094020  
2002.316708  
2012.994872  
2006.039067  
2002.397971  
2006.409276  
2014.884467  
2010.977511  
2005.266218  
2002.665693  
2003.580050  
2003.076090  
2003.355730  
2012.360421  
2002.586063  
2013.144153  
2010.054282  
2012.868614  
2002.674145  
2011.943699  
2002.605012  
2002.381072  
2014.538766  
2013.408478  
2005.057304  
2015.897759  
2011.763602  
2011.596072  
2002.673915  
2012.632030  
2002.988314  
2006.960868  
2002.596536  
2011.387557  
2002.316386  
2005.200606  
2005.100939  
2012.699961  
2015.644890  
2002.830895  
2002.949444  
2004.581469  
2013.395286  
2002.867713  
2002.524212  
2002.324123  
2005.577184  
2003.190914  
2015.020334  
2002.318983  
2014.600094  
2002.697661  
2013.769435  
2016.535330  
2010.876847  
2002.795190  
2004.673270  
2008.325257  
2006.288932  
2003.280964  
2002.767215  
2002.771620  
2003.040304  
2007.771993  
2002.915745  
2011.833056  
2013.373959  
2014.117854  
2002.956946  
2005.153928  
2013.922621  
2015.935012  
2002.862083  
2002.972424  
2002.346637  
2003.041950  
2003.049141  
2002.299381  
2002.448126  
 
SCALARS slip_pdf double 1 
LOOKUP_TABLE default 
0.000210  
0.000620  
0.000257  
0.000210  
0.000197  
0.000175  
0.000222  
0.000608  
0.000220  
0.000159  
0.000204  
0.000213  
0.000211  
0.000227  
0.000326  
0.000208  
0.000218  
0.000390  
0.000216  
0.000123  
0.000210  
0.000208  
0.000353  
0.001388  
0.000351  
0.001293  
0.000323  
0.001284  
0.000213  
0.000292  
0.000398  
0.000223  
0.000867  
0.000212  
0.000513  
0.001390  
0.000428  
0.001419  
0.000251  
0.000211  
0.000227  
0.000220  
0.000316  
0.000223  
0.000483  
0.000209  
0.000198  
0.000213  
0.000291  
0.000212  
0.000412  
0.000163  
0.001643  
0.000213  
0.001432  
0.000880  
0.000212  
0.000206  
0.000214  
0.000169  
0.000362  
0.001267  
0.000188  
0.000275  
0.000210  
0.000492  
0.000450  
0.000135  
0.000090  
0.000966  
0.000207  
0.000388  
0.000210  
0.000118  
0.001860  
0.000401  
0.001801  
0.000508  
0.000325  
0.000371  
0.000544  
0.000333  
0.000448  
0.000502  
0.000106  
0.000238  
0.000385  
0.000302  
0.000216  
0.000318  
0.000494  
0.000395  
0.000672  
0.000485  
0.000214  
0.000572  
0.000417  
0.000324  
0.000233  
0.001083  
0.000210  
0.000657  
0.001883  
0.001054  
0.001489  
0.000142  
0.001320  
0.000192  
0.001646  
0.000223  
0.000355  
0.000217  
0.000217  
0.001168  
0.001996  
0.000460  
0.000586  
0.001814  
0.000214  
0.000202  
0.000337  
0.000782  
0.001599  
0.000212  
0.000241  
0.000203  
0.000214  
0.000436  
0.000515  
0.000210  
0.000437  
0.000402  
0.000987  
0.000167  
0.001309  
0.000102  
0.001209  
0.000215  
0.000370  
0.000135  
0.000357  
0.000165  
0.000271  
0.000381  
0.001565  
0.001134  
0.000316  
0.000225  
0.000211  
0.000318  
0.000221  
0.000347  
0.000507  
0.000210  
0.000214  
0.000256  
0.000224  
0.000206  
0.000213  
0.001091  
0.000218  
0.000697  
0.000231  
0.000399  
0.000223  
0.000236  
0.000739  
0.001635  
0.001667  
0.000212  
0.000596  
0.001150  
0.000444  
0.000975  
0.001179  
0.001117  
0.001902  
0.000389  
0.001066  
0.000203  
0.000335  
0.000208  
0.001250  
0.000182  
0.000228  
0.000311  
0.000286  
0.000347  
0.002143  
0.000362  
0.000622  
0.000230  
0.000494  
0.000225  
0.000213  
0.001357  
0.000214  
0.000447  
0.000331  
0.000441  
0.000401  
0.000424  
0.000243  
0.000767  
0.000225  
0.000725  
0.000207  
0.000226  
0.000285  
0.001447  
0.000537  
0.000569  
0.001157  
0.000210  
0.000564  
0.000366  
0.000997  
0.001528  
0.000437  
0.000350  
0.000544  
0.000216  
0.000215  
0.001586  
0.000739  
0.000450  
0.000409  
0.000622  
0.001081  
0.000237  
0.000835  
0.000602  
0.000211  
0.000280  
0.000531  
0.001067  
0.000214  
0.002056  
0.000231  
0.001238  
0.000516  
0.000337  
0.000494  
0.001208  
0.001925  
0.000946  
0.001124  
0.000677  
0.000215  
0.000947  
0.001047  
0.000224  
0.000346  
0.001236  
0.000251  
0.000229  
0.000229  
0.000307  
0.000885  
0.000220  
0.000223  
0.000511  
0.000392  
0.000219  
0.000239  
0.000552  
0.000618  
0.001300  
0.000244  
0.000235  
0.000450  
0.000240  
0.000617  
0.000637  
0.001501  
0.000162  
0.000209  
0.000217  
0.000378  
0.001528  
0.001120  
0.000631  
0.000316  
0.000281  
0.001586  
0.000316  
0.000240  
0.000458  
0.001022  
0.001510  
0.000222  
0.001776  
0.000227  
0.000437  
0.002086  
0.000218  
0.000204  
0.000222  
0.000308  
0.000782  
0.000842  
0.000793  
0.000298  
0.001678  
0.000298  
0.000275  
0.001203  
0.000226  
0.001383  
0.000164  
0.000268  
0.000214  
0.000381  
0.000216  
0.000213  
0.001383  
0.000212  
0.000317  
0.001391  
0.002166  
0.000210  
0.000230  
0.000246  
0.000210  
0.000218  
0.000944  
0.000777  
0.000204  
0.002320  
0.000722  
0.000086  
0.001325  
0.000229  
0.000718  
0.000210  
0.001857  
0.000330  
0.000470  
0.001487  
0.000222  
0.000317  
0.001527  
0.000211  
0.000437  
0.000262  
0.000812  
0.000570  
0.000197  
0.000904  
0.000209  
0.001622  
0.000219  
0.001961  
0.000229  
0.001947  
0.001286  
0.000133  
0.000738  
0.000214  
0.001509  
0.000404  
0.001467  
0.000216  
0.000258  
0.000299  
0.000408  
0.001830  
0.000222  
0.000211  
0.001242  
0.001411  
0.001408  
0.000558  
0.000304  
0.000297  
0.000311  
0.000719  
0.000222  
0.000220  
0.000287  
0.000778  
0.000212  
0.000224  
0.000224  
0.000211  
0.000945  
0.002094  
0.000892  
0.000962  
0.001983  
0.001277  
0.000346  
0.001420  
0.000214  
0.000217  
0.000215  
0.000212  
0.001075  
0.000221  
0.000217  
0.000192  
0.000311  
0.001019  
0.000233  
0.002038  
0.000400  
0.002065  
0.000220  
0.000222  
0.000862  
0.000210  
0.000215  
0.000303  
0.001175  
0.001136  
0.001836  
0.000705  
0.000668  
0.000197  
0.000212  
0.000364  
0.000217  
0.000982  
0.000199  
0.001877  
0.000960  
0.001672  
0.002047  
0.000217  
0.000789  
0.000405  
0.000210  
0.000399  
0.000800  
0.000205  
0.002291  
0.000284  
0.000198  
0.001822  
0.000218  
0.000218  
0.000446  
0.000393  
0.000219  
0.000263  
0.000342  
0.000217  
0.000363  
0.001834  
0.000733  
0.000760  
0.000301  
0.001492  
0.000882  
0.000230  
0.000217  
0.001275  
0.000216  
0.000222  
0.000323  
0.001520  
0.000230  
0.000771  
0.001759  
0.001867  
0.000210  
0.000248  
0.000212  
0.001225  
0.000763  
0.001827  
0.000458  
0.001004  
0.000796  
0.000231  
0.000208  
0.000494  
0.000231  
0.000830  
0.002123  
0.000221  
0.000342  
0.000227  
0.001889  
0.002338  
0.000584  
0.000733  
0.001565  
0.000224  
0.000264  
0.000213  
0.000242  
0.000241  
0.000149  
0.000227  
0.001494  
0.000386  
0.000828  
0.001172  
0.000237  
0.000191  
0.000754  
0.000484  
0.000189  
0.000227  
0.001491  
0.000927  
0.000703  
0.000326  
0.000242  
0.000223  
0.000098  
0.000765  
0.000218  
0.000329  
0.001402  
0.000218  
0.000218  
0.000211  
0.001811  
0.000844  
0.001582  
0.000256  
0.000219  
0.001568  
0.001306  
0.000234  
0.000898  
0.000224  
0.000220  
0.000168  
0.001951  
0.000782  
0.001576  
0.001209  
0.001535  
0.001444  
0.000221  
0.001098  
0.001358  
0.000902  
0.000211  
0.000217  
0.000811  
0.000236  
0.002024  
0.000218  
0.000219  
0.000217  
0.000222  
0.001577  
0.000229  
0.001251  
0.000986  
0.000229  
0.000948  
0.000503  
0.001078  
0.000224  
0.000760  
0.000212  
0.000214  
0.001308  
0.000223  
0.000217  
0.000363  
0.001897  
0.000209  
0.000205  
0.001360  
0.001408  
0.000272  
0.000209  
0.001245  
0.001214  
0.001019  
0.001278  
0.000251  
0.001105  
0.001307  
0.000197  
0.001474  
0.000222  
0.000392  
0.000223  
0.000068  
0.001557  
0.001223  
0.001070  
0.000000  
0.000162  
0.000630  
0.000352  
0.000193  
0.000219  
0.000216  
0.000161  
0.001514  
0.000231  
0.000731  
0.000227  
0.000203  
0.001085  
0.000739  
0.000705  
0.000218  
0.001636  
0.001120  
0.000168  
0.000187  
0.000064  
0.000036  
0.000077  
0.001069  
0.001057  
0.001868  
0.001827  
0.000332  
0.001832  
0.000542  
0.000214  
0.001538  
0.000241  
0.000391  
0.000465  
0.001136  
0.000957  
0.001240  
0.000900  
0.001130  
0.000251  
0.001243  
0.001293  
0.000383  
0.002281  
0.000283  
0.001134  
0.002292  
0.001238  
0.000095  
0.000251  
0.001086  
0.000944  
0.000388  
0.002206  
0.000230  
0.000302  
0.000228  
0.001342  
0.000664  
0.000111  
0.000159  
0.000132  
0.000021  
0.001509  
0.002015  
0.000022  
0.000256  
0.001233  
0.000375  
0.000163  
0.000208  
0.000110  
0.000253  
0.001108  
0.002151  
0.000109  
0.000218  
0.000385  
0.000742  
0.000289  
0.000232  
0.000322  
0.002374  
0.001004  
0.000216  
0.000966  
0.000238  
0.001148  
0.001382  
0.000212  
0.000211  
0.000114  
0.000561  
0.001161  
0.000872  
0.002097  
0.001255  
0.000842  
0.000302  
0.001553  
0.000439  
0.000262  
0.000221  
0.001748  
0.000213  
0.001557  
0.000222  
0.000909  
0.001368  
0.000855  
0.000271  
0.001130  
0.001122  
0.001649  
0.001248  
0.001471  
0.001556  
0.000971  
0.000217  
0.000398  
0.000302  
0.000719  
0.000921  
0.001105  
0.002062  
0.000257  
0.000884  
0.000880  
0.001355  
0.000964  
0.002323  
0.001544  
0.001180  
0.000971  
0.001402  
0.000387  
0.000614  
0.000983  
0.001490  
0.001376  
0.000244  
0.001213  
0.001424  
0.001428  
0.000292  
0.000368  
0.001591  
0.000323  
0.000213  
0.002447  
0.002271  
0.001542  
0.001615  
0.001546  
0.000266  
0.001541  
0.000200  
0.000241  
0.001442  
0.000397  
0.001648  
0.000385  
0.001581  
0.001493  
0.002155  
0.001560  
0.000565  
0.001529  
0.000208  
0.001412  
0.000215  
0.000266  
0.001656  
0.001153  
0.001054  
0.000216  
0.000695  
0.001349  
0.000846  
0.001531  
0.001609  
0.000432  
0.000853  
0.001167  
0.000485  
0.001500  
0.000653  
0.000223  
0.001393  
0.000330  
0.000372  
0.000255  
0.000218  
0.001558  
0.000238  
0.000232  
0.000531  
0.000312  
0.000493  
0.000342  
0.000217  
0.000354  
0.000221  
0.000239  
0.001091  
0.001681  
0.000332  
0.000370  
0.000628  
0.000361  
0.001347  
0.000413  
0.001557  
0.000413  
0.001394  
0.000934  
0.000710  
0.000332  
0.000464  
0.000808  
0.000504  
0.000348  
0.000342  
0.000363  
0.001090  
0.001558  
0.000401  
0.000389  
0.000361  
0.000318  
0.001650  
0.000270  
0.001302  
0.000714  
0.000489  
0.000981  
0.000913  
0.000371  
0.001281  
0.001571  
0.000904  
0.001335  
0.001402  
0.000287  
0.000223  
0.000695  
0.001453  
0.001627  
0.001231  
0.000795  
0.002563  
0.000369  
0.000359  
0.000212  
0.000338  
0.001385  
0.000981  
0.001587  
0.001099  
0.001193  
0.001299  
0.001317  
0.001456  
0.000239  
0.001386  
0.000248  
0.000534  
0.001428  
0.001552  
0.001467  
0.000266  
0.001821  
0.001370  
0.000915  
0.000448  
0.000332  
0.000974  
0.001481  
0.000207  
0.000390  
0.000290  
0.000528  
0.001048  
0.001456  
0.000266  
0.000967  
0.000386  
0.001398  
0.001056  
0.000945  
0.000242  
0.000221  
0.000335  
0.000571  
0.001427  
0.001414  
0.000388  
0.000644  
0.000271  
0.001178  
0.001576  
0.000778  
0.001460  
0.000467  
0.000228  
0.000237  
0.000921  
0.000537  
0.000337  
0.000845  
0.000331  
0.000475  
0.000561  
0.000375  
0.000850  
0.000241  
0.000434  
0.000312  
0.000547  
0.000820  
0.001112  
0.000869  
0.000395  
0.001641  
0.000790  
0.002578  
0.000212  
0.000208  
0.002647  
0.001235  
0.001622  
0.001183  
0.000311  
0.000398  
0.000197  
0.000213  
0.000748  
0.001648  
0.000234  
0.001363  
0.000396  
0.000327  
0.000230  
0.001179  
0.000650  
0.000218  
0.001124  
0.000219  
0.000334  
0.001309  
0.000624  
0.000371  
0.000226  
0.001642  
0.001398  
0.001540  
0.000979  
0.001401  
0.000449  
0.002614  
0.000315  
0.000449  
0.000445  
0.001443  
0.001085  
0.001251  
0.000676  
0.000277  
0.000580  
0.001669  
0.001639  
0.001029  
0.000999  
0.000216  
0.001108  
0.000206  
0.000272  
0.000517  
0.000216  
0.000212  
0.001186  
0.001853  
0.000634  
0.000212  
0.001245  
0.001490  
0.000879  
0.001037  
0.000482  
0.000208  
0.000413  
0.001335  
0.000211  
0.000215  
0.000796  
0.000217  
0.000792  
0.000967  
0.000749  
0.001030  
0.000218  
0.000302  
0.001172  
0.000808  
0.000212  
0.000303  
0.000968  
0.000576  
0.000445  
0.000763  
0.000659  
0.001019  
0.001138  
0.001312  
0.001340  
0.000209  
0.000240  
0.000272  
0.000221  
0.000552  
0.002584  
0.001493  
0.000340  
0.001383  
0.000448  
0.002133  
0.000528  
0.001358  
0.001158  
0.000282  
0.000225  
0.000225  
0.000210  
0.000673  
0.000451  
0.000933  
0.000239  
0.001822  
0.001242  
0.000594  
0.000205  
0.000214  
0.000210  
0.002247  
0.000960  
0.000320  
0.001152  
0.000351  
0.002564  
0.000209  
0.000222  
0.002651  
0.001444  
0.000212  
0.001270  
0.001356  
0.000335  
0.001151  
0.001941  
0.000230  
0.002027  
0.000182  
0.000211  
0.000256  
0.000712  
0.000571  
0.002294  
0.001718  
0.001217  
0.001669  
0.001837  
0.001126  
0.000454  
0.001247  
0.000722  
0.001071  
0.000138  
0.001262  
0.000394  
0.000967  
0.000221  
0.000227  
0.000246  
0.000744  
0.000213  
0.000282  
0.000224  
0.001983  
0.001120  
0.001876  
0.000599  
0.002377  
0.000411  
0.000674  
0.002235  
0.000219  
0.002445  
0.001306  
0.000267  
0.000264  
0.001024  
0.000359  
0.000386  
0.000281  
0.000124  
0.001586  
0.000376  
0.000711  
0.000219  
0.000789  
0.000315  
0.002041  
0.002247  
0.000201  
0.000528  
0.000376  
0.000293  
0.000215  
0.000590  
0.000286  
0.000658  
0.000895  
0.000596  
0.000253  
0.000231  
0.000877  
0.000389  
0.000395  
0.000235  
0.000352  
0.000447  
0.000294  
0.000507  
0.000212  
0.000273  
0.000373  
0.000213  
0.000743  
0.000217  
0.000433  
0.000202  
0.001009  
0.000217  
0.000340  
0.000346  
0.000309  
0.001732  
0.000221  
0.000727  
0.000231  
0.000367  
0.000741  
0.000217  
0.000214  
0.000468  
0.001306  
0.000964  
0.000209  
0.000040  
0.000988  
0.000210  
0.000271  
0.001753  
0.000207  
0.000310  
0.000351  
0.000375  
0.000070  
0.000208  
0.001025  
0.000657  
0.000330  
0.000798  
0.000599  
0.000253  
0.000724  
0.000354  
0.000253  
0.000171  
0.000301  
0.000241  
0.000362  
0.001560  
0.000238  
0.000192  
0.000482  
0.000226  
0.000304  
0.000819  
0.000262  
0.000452  
0.000210  
0.000230  
0.000405  
0.000351  
0.000638  
0.001144  
0.000262  
0.000425  
0.000219  
0.001108  
0.000200  
0.000238  
0.000339  
0.000208  
0.000413  
0.001008  
0.000255  
0.000819  
0.000329  
0.000255  
0.000209  
0.000220  
0.000136  
0.000446  
0.000221  
0.000136  
0.000812  
0.000325  
0.000514  
0.000239  
0.000898  
0.000306  
0.001002  
0.000208  
0.000278  
0.000542  
0.000524  
0.000855  
0.000921  
0.000317  
0.000198  
0.000135  
0.000705  
0.000992  
0.000346  
0.000855  
0.000441  
0.000224  
0.000334  
0.000219  
0.000640  
0.000161  
0.001467  
0.000694  
0.000509  
0.000215  
0.001300  
0.000217  
0.000384  
0.000511  
0.000661  
0.000267  
0.001242  
0.000227  
0.000379  
0.000211  
0.000130  
0.000238  
0.000567  
0.000215  
0.000199  
0.000363  
0.000410  
0.000221  
0.000991  
0.000742  
0.000242  
0.000265  
0.000306  
0.001199  
0.000184  
0.000460  
0.000211  
0.000224  
0.000343  
0.000213  
0.000832  
0.000512  
0.001044  
0.000218  
0.000348  
0.000325  
0.000367  
0.000365  
0.000370  
0.000211  
0.000242  
0.001615  
0.000212  
0.000550  
0.000222  
0.000564  
0.000209  
0.000211  
0.000235  
0.000361  
0.000433  
0.000570  
0.001038  
0.001402  
0.001590  
0.000195  
0.000252  
0.000339  
0.000337  
0.000458  
0.000218  
0.000217  
0.000543  
0.000194  
0.001084  
0.001105  
0.000212  
0.000435  
0.000318  
0.000230  
0.000562  
0.000511  
0.000216  
0.000212  
0.000213  
0.000203  
0.000215  
0.000290  
0.000001  
0.000208  
0.000654  
0.000139  
0.000229  
0.000218  
0.000176  
0.000216  
0.000607  
0.000713  
0.001660  
0.000309  
0.000362  
0.000373  
0.000230  
0.000130  
0.000366  
0.000208  
0.000947  
0.000307  
0.001363  
0.000220  
0.000235  
0.001881  
0.000367  
0.000268  
0.001046  
0.000223  
0.000197  
0.001188  
0.000222  
0.000209  
0.000209  
0.000212  
0.000210  
0.000365  
0.000404  
0.000350  
0.000227  
0.000206  
0.000399  
0.000260  
0.000909  
0.000205  
0.000209  
0.000219  
0.000223  
0.000224  
0.000114  
0.000300  
0.000800  
0.001105  
0.000341  
0.000208  
0.000839  
0.000256  
0.000304  
0.001237  
0.000374  
0.000299  
0.000552  
0.000228  
0.000231  
0.000917  
0.000429  
0.000355  
0.000205  
0.000210  
0.000375  
0.000396  
0.000334  
0.000226  
0.000310  
0.000339  
0.001032  
0.001014  
0.000214  
0.000210  
0.000251  
0.000210  
0.000417  
0.000348  
0.000210  
0.000214  
0.001411  
0.000372  
0.000214  
0.000204  
0.000110  
0.000351  
0.000211  
0.000178  
0.001802  
0.000111  
0.000521  
0.001286  
0.000204  
0.000267  
0.000212  
0.000302  
0.000212  
0.000200  
0.000204  
0.000211  
0.000210  
0.000362  
0.001734  
0.000223  
0.000639  
0.000211  
0.000206  
0.000304  
0.000315  
0.000414  
0.000160  
0.000215  
0.000207  
0.000211  
0.000222  
0.000277  
0.000212  
0.000208  
0.000363  
0.000557  
0.000265  
0.000383  
0.000251  
0.000204  
0.000158  
0.000138  
0.000349  
0.000229  
0.000348  
0.000212  
0.000318  
0.001598  
0.000225  
0.000228  
0.000228  
0.001459  
0.000322  
0.000208  
0.000217  
0.001531  
0.001098  
0.000313  
0.000882  
0.000295  
0.000327  
0.000966  
0.000202  
0.000206  
0.000200  
0.000216  
0.000208  
0.000415  
0.000255  
0.000235  
0.000210  
0.000179  
0.000325  
0.000332  
0.000566  
0.000214  
0.000237  
0.000218  
0.000449  
0.000346  
0.000800  
0.000061  
0.000967  
0.000210  
0.000220  
0.000366  
0.000359  
0.000196  
0.000437  
0.000215  
0.001023  
0.000345  
0.000678  
0.000408  
0.000204  
0.000272  
0.000218  
0.000216  
0.000406  
0.001467  
0.000215  
0.000996  
0.000376  
0.000212  
0.000336  
0.000223  
0.000218  
0.000258  
0.000540  
0.001042  
0.000392  
0.000766  
0.000341  
0.000298  
0.000205  
0.000297  
0.000210  
0.000234  
0.000214  
0.000219  
0.000382  
0.000759  
0.000219  
0.000353  
0.000332  
0.000316  
0.000303  
0.000232  
0.000302  
0.000208  
0.000306  
0.000213  
0.000294  
0.000210  
0.000218  
0.000211  
0.000283  
0.000220  
0.000207  
0.000214  
0.000524  
0.001133  
0.000193  
0.000189  
0.000209  
0.000197  
0.000670  
0.000216  
0.000218  
0.000776  
0.000234  
0.000218  
0.000218  
0.000250  
0.000228  
0.000189  
0.000349  
0.000352  
0.000322  
0.000181  
 
POINT_DATA 846 
SCALARS time double 1 
LOOKUP_TABLE default 
-200.000000  
-200.000000  
-200.000000  
-200.000000  
-200.000000  
-200.000000  
-200.000000  
-200.000000  
-200.000000  
-200.000000  
-200.000000  
-200.000000  
-200.000000  
-200.000000  
-200.000000  
-200.000000  
-200.000000  
-200.000000  
-200.000000  
-200.000000  
-200.000000  
-200.000000  
-200.000000  
-200.000000  
-200.000000  
-200.000000  
-200.000000  
-200.000000  
-200.000000  
-200.000000  
-200.000000  
-200.000000  
-200.000000  
-200.000000  
-200.000000  
-200.000000  
-200.000000  
-200.000000  
-200.000000  
-200.000000  
-200.000000  
-200.000000  
-200.000000  
-200.000000  
-200.000000  
-200.000000  
-200.000000  
-200.000000  
-200.000000  
-200.000000  
-200.000000  
-200.000000  
-200.000000  
-200.000000  
-200.000000  
-200.000000  
-200.000000  
-200.000000  
-200.000000  
-200.000000  
-200.000000  
-200.000000  
-200.000000  
-200.000000  
-200.000000  
-200.000000  
-200.000000  
-200.000000  
-200.000000  
-200.000000  
-200.000000  
-200.000000  
-200.000000  
-200.000000  
-200.000000  
-200.000000  
-200.000000  
-200.000000  
-200.000000  
-200.000000  
-200.000000  
-200.000000  
-200.000000  
-200.000000  
-200.000000  
-200.000000  
-200.000000  
-200.000000  
-200.000000  
-200.000000  
-200.000000  
-200.000000  
-200.000000  
-200.000000  
-200.000000  
-200.000000  
-200.000000  
-200.000000  
-200.000000  
-200.000000  
-200.000000  
-200.000000  
-200.000000  
-200.000000  
-200.000000  
-200.000000  
-200.000000  
-200.000000  
-200.000000  
-200.000000  
-200.000000  
-200.000000  
-200.000000  
-200.000000  
-200.000000  
-200.000000  
-200.000000  
-200.000000  
-200.000000  
-200.000000  
-200.000000  
-200.000000  
-200.000000  
-200.000000  
-200.000000  
-200.000000  
-200.000000  
-200.000000  
-200.000000  
-200.000000  
-200.000000  
-200.000000  
-200.000000  
-200.000000  
-200.000000  
-200.000000  
-200.000000  
-200.000000  
-200.000000  
-200.000000  
-200.000000  
-200.000000  
-200.000000  
-200.000000  
-200.000000  
-200.000000  
-200.000000  
-200.000000  
-200.000000  
-200.000000  
-200.000000  
-200.000000  
-200.000000  
-200.000000  
-200.000000  
-200.000000  
-200.000000  
-200.000000  
-200.000000  
-200.000000  
-200.000000  
-200.000000  
-200.000000  
-200.000000  
-200.000000  
-200.000000  
-200.000000  
-200.000000  
-200.000000  
-200.000000  
-200.000000  
-200.000000  
-200.000000  
-200.000000  
-200.000000  
-200.000000  
-200.000000  
-200.000000  
-200.000000  
-200.000000  
-200.000000  
-200.000000  
-200.000000  
-200.000000  
-200.000000  
-200.000000  
-200.000000  
-200.000000  
-200.000000  
-200.000000  
-200.000000  
-200.000000  
-200.000000  
-200.000000  
-200.000000  
-200.000000  
-200.000000  
-200.000000  
-200.000000  
-200.000000  
-200.000000  
-200.000000  
-200.000000  
-200.000000  
-200.000000  
-200.000000  
-200.000000  
-200.000000  
-200.000000  
-200.000000  
-200.000000  
-200.000000  
-200.000000  
-200.000000  
-200.000000  
-200.000000  
-200.000000  
-200.000000  
-200.000000  
-200.000000  
-200.000000  
-200.000000  
-200.000000  
-200.000000  
-200.000000  
-200.000000  
-200.000000  
-200.000000  
-200.000000  
-200.000000  
-200.000000  
-200.000000  
-200.000000  
-200.000000  
-200.000000  
-200.000000  
-200.000000  
-200.000000  
-200.000000  
-200.000000  
-200.000000  
-200.000000  
-200.000000  
-200.000000  
-200.000000  
-200.000000  
-200.000000  
-200.000000  
-200.000000  
-200.000000  
-200.000000  
-200.000000  
-200.000000  
-200.000000  
-200.000000  
0.001840  
-200.000000  
-200.000000  
-200.000000  
-200.000000  
-200.000000  
-200.000000  
-200.000000  
-200.000000  
-200.000000  
-200.000000  
-200.000000  
-200.000000  
-200.000000  
-200.000000  
-200.000000  
0.005278  
-200.000000  
-200.000000  
-200.000000  
-200.000000  
-200.000000  
-200.000000  
-200.000000  
-200.000000  
-200.000000  
-200.000000  
-200.000000  
-200.000000  
-200.000000  
-200.000000  
-200.000000  
-200.000000  
-200.000000  
-200.000000  
-200.000000  
-200.000000  
-200.000000  
-200.000000  
-200.000000  
-200.000000  
-200.000000  
-200.000000  
-200.000000  
-200.000000  
-200.000000  
-200.000000  
-200.000000  
-200.000000  
-200.000000  
-200.000000  
-200.000000  
-200.000000  
-200.000000  
-200.000000  
-200.000000  
-200.000000  
-200.000000  
-200.000000  
-200.000000  
-200.000000  
-200.000000  
-200.000000  
-200.000000  
-200.000000  
-200.000000  
-200.000000  
-200.000000  
-200.000000  
-200.000000  
-200.000000  
-200.000000  
-200.000000  
-200.000000  
-200.000000  
-200.000000  
-200.000000  
-200.000000  
-200.000000  
-200.000000  
-200.000000  
-200.000000  
-200.000000  
-200.000000  
-200.000000  
-200.000000  
-200.000000  
-200.000000  
-200.000000  
-200.000000  
-200.000000  
-200.000000  
-200.000000  
-200.000000  
-200.000000  
-200.000000  
-200.000000  
-200.000000  
-200.000000  
-200.000000  
-200.000000  
-200.000000  
-200.000000  
-200.000000  
-200.000000  
-200.000000  
-200.000000  
-200.000000  
-200.000000  
-200.000000  
-200.000000  
-200.000000  
-200.000000  
-200.000000  
-200.000000  
-200.000000  
-200.000000  
-200.000000  
-200.000000  
-200.000000  
-200.000000  
-200.000000  
-200.000000  
-200.000000  
-200.000000  
-200.000000  
-200.000000  
-200.000000  
-200.000000  
-200.000000  
-200.000000  
-200.000000  
-200.000000  
-200.000000  
-200.000000  
-200.000000  
-200.000000  
-200.000000  
-200.000000  
-200.000000  
-200.000000  
-200.000000  
-200.000000  
-200.000000  
-200.000000  
-200.000000  
-200.000000  
-200.000000  
-200.000000  
-200.000000  
-200.000000  
-200.000000  
-200.000000  
-200.000000  
-200.000000  
-200.000000  
-200.000000  
-200.000000  
-200.000000  
-200.000000  
-200.000000  
-200.000000  
-200.000000  
-200.000000  
-200.000000  
-200.000000  
-200.000000  
-200.000000  
-200.000000  
-200.000000  
-200.000000  
-200.000000  
-200.000000  
-200.000000  
-200.000000  
-200.000000  
-200.000000  
-200.000000  
-200.000000  
-200.000000  
-200.000000  
-200.000000  
-200.000000  
-200.000000  
-200.000000  
-200.000000  
-200.000000  
-200.000000  
-200.000000  
-200.000000  
-200.000000  
-200.000000  
-200.000000  
-200.000000  
-200.000000  
-200.000000  
-200.000000  
-200.000000  
-200.000000  
-200.000000  
-200.000000  
-200.000000  
-200.000000  
-200.000000  
-200.000000  
-200.000000  
-200.000000  
-200.000000  
-200.000000  
-200.000000  
-200.000000  
-200.000000  
-200.000000  
-200.000000  
-200.000000  
-200.000000  
-200.000000  
-200.000000  
-200.000000  
-200.000000  
-200.000000  
-200.000000  
-200.000000  
-200.000000  
-200.000000  
-200.000000  
-200.000000  
-200.000000  
-200.000000  
-200.000000  
-200.000000  
-200.000000  
-200.000000  
-200.000000  
-200.000000  
-200.000000  
-200.000000  
-200.000000  
-200.000000  
-200.000000  
-200.000000  
-200.000000  
-200.000000  
-200.000000  
-200.000000  
-200.000000  
-200.000000  
-200.000000  
-200.000000  
-200.000000  
-200.000000  
-200.000000  
-200.000000  
-200.000000  
-200.000000  
-200.000000  
-200.000000  
-200.000000  
-200.000000  
-200.000000  
-200.000000  
-200.000000  
-200.000000  
-200.000000  
-200.000000  
-200.000000  
-200.000000  
-200.000000  
-200.000000  
-200.000000  
-200.000000  
-200.000000  
-200.000000  
-200.000000  
-200.000000  
-200.000000  
-200.000000  
-200.000000  
-200.000000  
-200.000000  
-200.000000  
-200.000000  
-200.000000  
-200.000000  
-200.000000  
-200.000000  
-200.000000  
-200.000000  
-200.000000  
-200.000000  
-200.000000  
-200.000000  
-200.000000  
-200.000000  
-200.000000  
-200.000000  
-200.000000  
-200.000000  
-200.000000  
-200.000000  
-200.000000  
-200.000000  
-200.000000  
-200.000000  
-200.000000  
-200.000000  
-200.000000  
-200.000000  
-200.000000  
-200.000000  
-200.000000  
-200.000000  
-200.000000  
-200.000000  
-200.000000  
-200.000000  
-200.000000  
-200.000000  
-200.000000  
-200.000000  
-200.000000  
-200.000000  
-200.000000  
-200.000000  
-200.000000  
-200.000000  
-200.000000  
-200.000000  
-200.000000  
-200.000000  
-200.000000  
-200.000000  
-200.000000  
-200.000000  
-200.000000  
-200.000000  
-200.000000  
-200.000000  
-200.000000  
-200.000000  
-200.000000  
-200.000000  
-200.000000  
-200.000000  
-200.000000  
-200.000000  
-200.000000  
-200.000000  
-200.000000  
-200.000000  
-200.000000  
-200.000000  
-200.000000  
-200.000000  
-200.000000  
-200.000000  
-200.000000  
-200.000000  
-200.000000  
-200.000000  
-200.000000  
-200.000000  
-200.000000  
-200.000000  
-200.000000  
-200.000000  
-200.000000  
-200.000000  
-200.000000  
-200.000000  
-200.000000  
-200.000000  
-200.000000  
-200.000000  
-200.000000  
-200.000000  
-200.000000  
-200.000000  
-200.000000  
-200.000000  
-200.000000  
-200.000000  
-200.000000  
-200.000000  
-200.000000  
-200.000000  
-200.000000  
-200.000000  
-200.000000  
-200.000000  
-200.000000  
-200.000000  
-200.000000  
-200.000000  
-200.000000  
-200.000000  
-200.000000  
-200.000000  
-200.000000  
-200.000000  
-200.000000  
-200.000000  
-200.000000  
-200.000000  
-200.000000  
-200.000000  
-200.000000  
-200.000000  
0.005523  
-200.000000  
-200.000000  
-200.000000  
-200.000000  
-200.000000  
-200.000000  
-200.000000  
-200.000000  
-200.000000  
-200.000000  
-200.000000  
-200.000000  
-200.000000  
-200.000000  
-200.000000  
-200.000000  
-200.000000  
-200.000000  
-200.000000  
-200.000000  
-200.000000  
-200.000000  
-200.000000  
-200.000000  
-200.000000  
-200.000000  
-200.000000  
-200.000000  
-200.000000  
-200.000000  
-200.000000  
-200.000000  
-200.000000  
-200.000000  
-200.000000  
-200.000000  
-200.000000  
-200.000000  
-200.000000  
-200.000000  
-200.000000  
-200.000000  
-200.000000  
-200.000000  
-200.000000  
-200.000000  
-200.000000  
-200.000000  
-200.000000  
-200.000000  
-200.000000  
-200.000000  
-200.000000  
-200.000000  
-200.000000  
-200.000000  
-200.000000  
-200.000000  
-200.000000  
-200.000000  
-200.000000  
-200.000000  
-200.000000  
-200.000000  
-200.000000  
-200.000000  
-200.000000  
-200.000000  
-200.000000  
-200.000000  
-200.000000  
-200.000000  
-200.000000  
-200.000000  
-200.000000  
-200.000000  
-200.000000  
-200.000000  
-200.000000  
-200.000000  
-200.000000  
-200.000000  
-200.000000  
-200.000000  
-200.000000  
-200.000000  
-200.000000  
-200.000000  
-200.000000  
-200.000000  
-200.000000  
-200.000000  
-200.000000  
-200.000000  
-200.000000  
-200.000000  
-200.000000  
-200.000000  
-200.000000  
-200.000000  
-200.000000  
-200.000000  
-200.000000  
-200.000000  
-200.000000  
-200.000000  
-200.000000  
-200.000000  
-200.000000  
-200.000000  
-200.000000  
-200.000000  
-200.000000  
-200.000000  
-200.000000  
-200.000000  
-200.000000  
-200.000000  
-200.000000  
-200.000000  
-200.000000  
-200.000000  
-200.000000  
-200.000000  
-200.000000  
-200.000000  
-200.000000  
-200.000000  
-200.000000  
-200.000000  
-200.000000  
-200.000000  
-200.000000  
-200.000000  
-200.000000  
-200.000000  
-200.000000  
-200.000000  
-200.000000  
-200.000000  
-200.000000  
-200.000000  
-200.000000  
-200.000000  
-200.000000  
-200.000000  
-200.000000  
-200.000000  
-200.000000  
-200.000000  
-200.000000  
-200.000000  
-200.000000  
-200.000000  
-200.000000  
-200.000000  
-200.000000  
-200.000000  
-200.000000  
-200.000000  
-200.000000  
-200.000000  
-200.000000  
-200.000000  
-200.000000  
-200.000000  
-200.000000  
-200.000000  
-200.000000  
-200.000000  
-200.000000  
-200.000000  
-200.000000  
-200.000000  
-200.000000  
-200.000000  
-200.000000  
-200.000000  
-200.000000  
-200.000000  
-200.000000  
-200.000000  
 
SCALARS surface int 1 
LOOKUP_TABLE default 
0  
0  
0  
0  
0  
0  
0  
0  
0  
0  
0  
0  
1  
1  
1  
1  
1  
1  
1  
1  
1  
1  
1  
1  
1  
1  
1  
1  
1  
1  
1  
1  
1  
1  
0  
0  
0  
0  
0  
0  
0  
0  
0  
0  
0  
0  
0  
0  
0  
0  
0  
0  
0  
0  
0  
0  
0  
0  
0  
0  
0  
0  
0  
0  
0  
0  
0  
0  
0  
0  
0  
0  
0  
0  
0  
0  
0  
0  
0  
0  
0  
0  
0  
0  
0  
1  
1  
1  
1  
1  
1  
1  
1  
1  
1  
1  
1  
1  
1  
1  
1  
1  
1  
1  
1  
1  
1  
1  
1  
1  
1  
1  
1  
1  
1  
1  
1  
1  
0  
0  
0  
0  
0  
0  
0  
0  
0  
0  
0  
0  
0  
0  
0  
0  
0  
0  
0  
0  
0  
0  
0  
0  
0  
0  
0  
0  
0  
0  
0  
0  
0  
0  
0  
0  
0  
0  
0  
0  
0  
0  
0  
0  
0  
0  
0  
0  
0  
0  
0  
0  
0  
0  
0  
0  
0  
0  
0  
0  
0  
0  
0  
0  
0  
0  
0  
0  
0  
0  
0  
0  
0  
0  
0  
0  
0  
0  
0  
0  
0  
0  
0  
0  
0  
0  
0  
0  
0  
0  
0  
0  
0  
0  
0  
0  
0  
0  
0  
0  
0  
0  
0  
0  
0  
0  
0  
0  
0  
0  
0  
0  
0  
0  
0  
0  
0  
0  
0  
0  
0  
0  
0  
0  
0  
0  
0  
0  
0  
0  
0  
0  
0  
0  
0  
0  
0  
0  
0  
0  
0  
0  
0  
0  
0  
0  
0  
0  
0  
0  
0  
0  
0  
0  
0  
0  
0  
0  
0  
0  
0  
0  
0  
0  
0  
0  
0  
0  
0  
0  
0  
0  
0  
0  
0  
0  
0  
0  
0  
0  
0  
0  
0  
0  
0  
0  
0  
0  
0  
0  
0  
0  
0  
0  
0  
0  
0  
0  
0  
0  
0  
0  
0  
0  
0  
0  
0  
0  
0  
0  
0  
0  
0  
0  
0  
0  
0  
0  
0  
0  
0  
0  
0  
0  
0  
0  
0  
0  
0  
0  
0  
0  
0  
0  
0  
0  
0  
0  
0  
0  
0  
0  
0  
0  
0  
0  
0  
0  
0  
0  
0  
0  
0  
0  
0  
0  
0  
0  
0  
0  
0  
0  
0  
0  
0  
0  
0  
0  
0  
0  
0  
0  
0  
0  
0  
0  
0  
0  
0  
0  
0  
0  
0  
0  
0  
0  
0  
0  
0  
0  
0  
0  
0  
0  
0  
0  
0  
0  
0  
0  
0  
0  
0  
0  
0  
0  
0  
0  
0  
0  
0  
0  
0  
0  
0  
0  
0  
0  
0  
0  
0  
0  
0  
0  
0  
0  
0  
0  
0  
0  
0  
0  
0  
0  
0  
0  
0  
0  
0  
0  
0  
0  
0  
0  
0  
0  
0  
0  
0  
0  
0  
0  
0  
0  
0  
0  
0  
0  
0  
0  
0  
0  
0  
0  
0  
0  
0  
0  
0  
0  
0  
0  
0  
0  
0  
0  
0  
0  
0  
0  
0  
0  
0  
0  
0  
0  
0  
0  
0  
0  
0  
0  
0  
0  
0  
0  
0  
0  
0  
0  
0  
0  
0  
0  
0  
0  
0  
0  
0  
0  
0  
0  
0  
0  
0  
0  
0  
0  
0  
0  
0  
0  
0  
0  
0  
0  
0  
0  
0  
0  
0  
0  
0  
0  
0  
0  
0  
0  
0  
0  
0  
0  
0  
0  
0  
0  
0  
0  
0  
0  
0  
0  
0  
0  
0  
0  
0  
0  
0  
0  
0  
0  
0  
0  
0  
0  
0  
0  
0  
0  
0  
0  
0  
0  
0  
0  
0  
0  
0  
0  
0  
0  
0  
0  
0  
0  
0  
0  
0  
0  
0  
0  
0  
0  
0  
0  
0  
0  
0  
0  
0  
0  
0  
0  
0  
0  
0  
0  
0  
0  
0  
0  
0  
0  
0  
0  
0  
0  
0  
0  
0  
0  
0  
0  
0  
0  
0  
0  
0  
0  
0  
0  
0  
0  
0  
0  
0  
0  
0  
0  
0  
0  
0  
0  
0  
0  
0  
0  
0  
0  
0  
0  
0  
0  
0  
0  
0  
0  
0  
0  
0  
0  
0  
0  
0  
0  
0  
0  
0  
0  
0  
0  
0  
0  
0  
0  
0  
0  
0  
0  
0  
0  
0  
0  
0  
0  
0  
0  
0  
0  
0  
0  
0  
0  
0  
0  
0  
0  
0  
0  
0  
0  
0  
0  
0  
0  
0  
0  
0  
0  
0  
0  
0  
0  
0  
0  
0  
0  
0  
0  
0  
0  
0  
0  
0  
0  
0  
0  
0  
0  
0  
0  
0  
0  
0  
0  
0  
0  
0  
0  
0  
0  
0  
0  
0  
0  
0  
0  
0  
0  
0  
0  
0  
0  
0  
0  
0  
0  
0  
0  
0  
0  
0  
0  
0  
0  
0  
0  
0  
0  
0  
0  
0  
0  
0  
0  
0  
0  
0  
0  
0  
0  
0  
0  
0  
0  
0  
0  
0  
0  
0  
0  
0  
0  
0  
0  
0  
0  
0  
0  
0  
0  
0  
0  
0  
0  
0  
0  
0  
0  
0  
0  
0  
0  
0  
0  
0  
0  
0  
0  
0  
0  
0  
0  
0  
0  
0  
0  
 
