# vtk DataFile Version 2.0
distance
ASCII
DATASET UNSTRUCTURED_GRID
POINTS        846 double
   605752.96784000006        5945771.0303530004       -39251.380920000003     
   582620.74774200004        5945307.5641940003       -49418.083190999998     
   576101.26476199995        5939633.7148099998       -51035.785674999999     
   195000.89217599999        5474853.2559679998       -69835.975646999999     
   187107.59368600001        5464150.1629910003       -68532.821655000007     
   186791.22187199999        5458593.9871119997       -65987.434387000001     
   186475.08948000000        5453037.8324769996       -63456.665039000000     
   189807.54439299999        5447275.5614480004       -59073.097228999999     
   196799.73088399999        5441314.2736099996       -52987.899780000000     
   203806.99593400001        5435362.4808909995       -47171.886444000003     
   210829.31551600000        5429420.1924630003       -41695.674895999997     
   260641.86331500000        5393647.8064529998       -17661.346436000000     
   314782.93697300000        5358222.7353370003       -9338.1776809999992     
   318487.01376399997        5358103.1022079997       -9155.7407380000004     
   326065.68798900000        5363428.2048190003       -9098.4983439999996     
   423586.08788599999        5455778.1584519995       -8898.1456760000001     
   438328.57921599998        5472270.7769879997       -8981.7199710000004     
   489238.79590299999        5533082.2812350001       -9319.0364840000002     
   528428.23812600004        5583182.5329520004       -9602.5762560000003     
   563423.22940800001        5627970.5491990000       -9525.5336759999991     
   587521.86039399996        5661688.4153450001       -9396.4605329999995     
   654626.23788599996        5757868.4677790003       -9325.0427249999993     
   683890.19774199999        5803399.0167659996       -9021.1887360000001     
   687083.39682999998        5809087.1912979996       -9015.9721370000007     
   690268.71439600002        5814777.6385700004       -9013.0167010000005     
   693446.14154099999        5820470.3542029997       -9011.5432739999997     
   696615.66936199996        5826165.3337770002       -9010.4598999999998     
   699777.28896100004        5831862.5728280004       -9008.4486010000001     
   702930.99144100002        5837562.0668510003       -9004.0674209999997     
   706076.76790600002        5843263.8112970004       -8995.8553310000007     
   709214.60946199996        5848967.8015769999       -8982.4314119999999     
   712344.50721700001        5854674.0330569996       -8962.5787729999993     
   715466.45228099998        5860382.5010620002       -8935.3075030000000     
   718580.43576699996        5866093.2008729996       -8899.8918529999992     
   704660.03027900006        5876622.7028440004       -10276.861191000000     
   629341.11053700000        5929663.3296729997       -27168.867111000000     
   594186.85779100005        5945539.2972729998       -44245.521507999998     
   566806.13372399996        5928297.6060579997       -52495.702257999998     
   557511.00268499996        5916961.4973050002       -53945.560246000001     
   548215.87164599996        5905625.3885530001       -55375.081838999999     
   538920.74060799996        5894289.2798009999       -56777.853098000000     
   529625.60956899996        5882953.1710489998       -58123.329949999999     
   520330.47853000002        5871617.0622960003       -59431.395279999997     
   511035.34749100002        5860280.9535440002       -60760.075784000001     
   501740.21645299997        5848944.8447920000       -62147.244572000003     
   492445.08541399997        5837608.7360399999       -63625.987211000000     
   483149.95437499997        5826272.6272870004       -65146.756005000003     
   473854.82333699998        5814936.5185350003       -66592.778793000005     
   464559.69229799998        5803600.4097830001       -67827.734840000005     
   455264.56125999999        5792264.3010310000       -68690.958687999999     
   445969.43022099999        5780928.1922789998       -69191.582592999999     
   436674.29918199999        5769592.0835269997       -69373.845587999996     
   427379.16814400000        5758255.9747740002       -69382.902445999993     
   418084.03710500000        5746919.8660220001       -69327.775747000007     
   408788.90606600000        5735583.7572699999       -69355.866206999999     
   399493.77502800000        5724247.6485179998       -69445.648612000005     
   390198.64398900000        5712911.5397659997       -69613.164208999995     
   380903.51295000000        5701575.4310130002       -69798.740904000006     
   371608.38191200001        5690239.3222610001       -70011.887019000002     
   362313.25087300001        5678903.2135089999       -70235.426835999999     
   353018.11983400001        5667567.1047569998       -70512.465525000007     
   343722.98879500001        5656230.9960040003       -70781.192456000004     
   334427.85775700002        5644894.8872520002       -70968.828200000004     
   325132.72671800002        5633558.7785000000       -71037.850579000005     
   315837.59567900002        5622222.6697479999       -70954.174419999996     
   306542.46464100003        5610886.5609950004       -70788.836525000006     
   297247.33360200003        5599550.4522430003       -70719.535057999994     
   287952.20256300003        5588214.3434910001       -70791.652694000004     
   278657.07152400003        5576878.2347379997       -70991.367941999997     
   269361.94048599998        5565542.1259859996       -71382.663579999993     
   260066.80944700001        5554206.0172340004       -71806.494760000001     
   250771.67840800001        5542869.9084820002       -72177.838581999997     
   241476.54736999999        5531533.7997289998       -72421.704574000003     
   232181.41633099999        5520197.6909769997       -72409.141034999993     
   222886.28529199999        5508861.5822249996       -72101.828846000004     
   213591.15425299999        5497525.4734720001       -71528.363396000001     
   204296.02321499999        5486189.3647200000       -70740.030052999995     
   220791.82507600001        5422265.7152610002       -35132.866853000000     
   230754.33463600001        5415111.2380590001       -29479.493892999999     
   240716.84419500001        5407956.7608570000       -24644.645928000002     
   250679.35375499999        5400802.2836549999       -20752.008967000002     
   271470.07804699999        5386562.7922299998       -15184.974679999999     
   282298.29277800000        5379477.7780069998       -13198.359363000000     
   293126.50751000002        5372392.7637830004       -11636.703313000000     
   303954.72224199999        5365307.7495600004       -10373.610216999999     
   336901.28797800001        5373689.3107780004       -9131.1025530000006     
   347736.88796600001        5383950.4167370005       -9135.2800220000008     
   358572.48795500002        5394211.5226959996       -9106.4218820000006     
   369408.08794300002        5404472.6286559999       -9055.5282630000002     
   380243.68793100002        5414733.7346150000       -8999.6811770000004     
   391079.28791999997        5424994.8405740000       -8953.7643590000007     
   401914.88790899998        5435255.9465330001       -8923.1677749999999     
   412750.48789699998        5445517.0524930004       -8907.4404709999999     
   430957.33355099999        5464024.4677200001       -8939.2621390000004     
   446813.61533100001        5482406.0276960004       -9040.5191709999999     
   455298.65144500002        5492541.2784040002       -9093.2816970000003     
   463783.68755899998        5502676.5291109998       -9151.2768699999997     
   472268.72367400001        5512811.7798189996       -9203.1728760000005     
   480753.75978800002        5522947.0305270003       -9259.8919549999991     
   497076.68434699997        5543102.3315780004       -9384.0522070000006     
   504914.57279200002        5553122.3819220001       -9459.4618819999996     
   512752.46123700001        5563142.4322650004       -9518.9557989999994     
   520590.34968099999        5573162.4826079998       -9565.0679319999999     
   537176.98594599997        5594379.5370140001       -9615.8566570000003     
   545925.73376700003        5605576.5410749996       -9608.3398890000008     
   554674.48158699996        5616773.5451370003       -9580.7238390000002     
   571456.10640299995        5639209.8379140003       -9484.0939859999999     
   579488.98339800001        5650449.1266299998       -9437.4334870000002     
   595909.90758000000        5673710.9219000004       -9370.4249209999998     
   604297.95476700005        5685733.4284539996       -9366.5922900000005     
   612686.00195299997        5697755.9350079997       -9383.6026029999994     
   621074.04914000002        5709778.4415619997       -9419.4705630000008     
   629462.09632600006        5721800.9481170001       -9443.3124659999994     
   637850.14351299999        5733823.4546710001       -9445.8666009999997     
   646238.19069900003        5745845.9612250002       -9402.3200410000009     
   661942.22785000002        5769251.1050260002       -9257.0925459999999     
   669258.21781399997        5780633.7422719998       -9174.2259130000002     
   676574.20777800004        5792016.3795189997       -9089.0626290000000     
   711620.23302299995        5871357.9518590001       -9549.1771530000005     
   693900.18460100004        5884199.9352479996       -11538.428774000000     
   683140.33892500005        5891777.1676519997       -12998.816546000000     
   672380.49324700003        5899354.4000559999       -14718.371284999999     
   661620.64756900002        5906931.6324600000       -16833.368495999999     
   650860.80189200002        5914508.8648650004       -19495.472580000001     
   640100.95621400001        5922086.0972689996       -22898.224071000001     
   617547.03918900003        5937717.1800130000       -32811.563456999997     
   681057.92024200002        5808681.4670930002       -9385.9666159999997     
   427501.44306999998        5474531.3083570004       -9689.6585159999995     
   484549.21679099998        5544826.5213660002       -10238.272326000000     
   515831.67575900001        5584960.3182849996       -10495.630431000000     
   321617.26903899998        5606772.6202299995       -61670.573797999998     
   262090.38138599999        5405367.2643360002       -19522.351642000001     
   284075.08285000001        5564357.3364209998       -63011.484391999998     
   650267.68588100001        5901680.6541590001       -18390.777913000002     
   413807.89246599999        5721780.1923089996       -62111.069650999998     
   573593.55912400002        5663454.5582320001       -10437.083101000000     
   366394.10222000000        5666449.5682399999       -63320.778407999998     
   648637.67376899999        5771690.1452860003       -10284.978095000000     
   469729.48493799998        5789882.5357959997       -61553.959015000000     
   448746.82075999997        5504269.1501879999       -10119.098386000000     
   505203.53896500001        5834623.6777349999       -56690.745262999997     
   539235.99053099996        5619594.6057380000       -10777.543868000001     
   377945.88073400001        5430218.3150690002       -9994.3359209999999     
   544090.53324799996        5880571.4058140004       -50725.611914000001     
   605909.35646100005        5709502.1670439998       -10376.807722000000     
   245289.02273400000        5518960.8868810004       -65030.113555000004     
   441844.09182199999        5755874.2095400002       -62677.442447000001     
   692920.88929500000        5832776.4974119999       -9484.0104699999993     
   230525.48766200000        5428401.0619280003       -33948.882793999997     
   345085.42480500002        5397353.7297000000       -10064.906784999999     
   572802.32211900002        5915650.4754309999       -46593.232090999998     
   681294.53163999994        5880205.7095039999       -12603.150178000000     
   221513.49497599999        5485301.7518469999       -61982.738518999999     
   293916.61337400001        5385178.0918060001       -12742.524948000000     
   701875.88210599998        5848953.6059440002       -9467.8052540000008     
   627834.09292299999        5917034.5109630004       -25699.811937999999     
   339597.65039700002        5631177.0132649997       -62781.984394999999     
   263965.24681200000        5539830.7355420003       -63804.433870000001     
   302256.70394400001        5585806.6313519999       -62483.366326000003     
   394618.90348300000        5700062.2161560003       -62641.959837000002     
   631610.06322799996        5746021.7899780003       -10400.640423999999     
   525672.19301399996        5858815.0928429998       -53489.705819000003     
   490528.98775500001        5813204.3153309999       -58101.062474999999     
   399130.81896800001        5449534.1640400002       -9870.5446560000000     
   589692.13508100004        5686986.4371280000       -10391.712029000000     
   663926.01349000004        5792739.5195890004       -9988.9578540000002     
   500360.27069099998        5564760.3537769997       -10376.522994999999     
   468179.01169000001        5524801.9591330001       -10097.572464999999     
   213108.36067500000        5438480.8457629997       -44573.613141000002     
   558808.11754100001        5640416.0167269995       -10417.610610000000     
   197754.96358200000        5449516.0210859999       -56360.227852999997     
   687539.80224800005        5819663.2628509998       -9357.7592330000007     
   322727.88011600001        5376116.3158339998       -10031.129213000000     
   704911.60528100003        5867528.7302719997       -9921.1347490000007     
   606721.47733599995        5930393.7253860002       -35608.303790999998     
   587195.33873299998        5937276.0018389998       -45422.396138999997     
   316492.54269700003        5365069.7027300000       -9665.7226690000007     
   193068.57060700000        5460659.8315340001       -63903.704411999999     
   409080.42322300002        5459353.9047189998       -9874.6469319999997     
   396524.15269399999        5463195.7138909996       -10931.847377000000     
   386260.40629999997        5454118.4610270001       -11011.993192000000     
   383911.80479500000        5467470.4375919998       -12220.519297000001     
   373606.14199600002        5458945.0681490004       -12379.376489000000     
   371375.20611400000        5472152.7821230004       -13790.634024999999     
   361026.15448000003        5463685.6980010001       -14009.218369000000     
   358832.60829700000        5476895.0293859998       -15706.858544999999     
   369207.38531899999        5485399.8941529999       -15440.715860000000     
   348461.91731900000        5468401.5591110000       -15996.427726000000     
   356621.44503200002        5490160.5902290000       -17729.184915000002     
   367140.62996499997        5498763.8877160000       -17380.791794000001     
   354376.55527399998        5503511.0532149998       -20150.627530999998     
   364972.77151699999        5512171.0674369996       -19691.881860000001     
   352297.84273700003        5516974.7486889996       -23002.211230000001     
   362704.96455700003        5525600.2360610003       -22438.387886000000     
   342193.44083600002        5508482.4819940003       -23520.196638000001     
   375559.62602500001        5520867.9899129998       -19234.914144999999     
   373261.81788500003        5534245.4567539999       -21827.493747000000     
   386024.60350099998        5529500.7744669998       -18772.694405999999     
   383779.52516500000        5542879.7207660004       -21206.896971999999     
   396507.54107300000        5538081.4651030004       -18295.585562000000     
   394360.09107700002        5551535.2242639996       -20577.434870000001     
   381554.55890499998        5556368.9060660005       -24068.214236000000     
   392183.51877700002        5564995.0524819996       -23261.528539999999     
   404958.10642999999        5560165.2822740003       -19973.119623999999     
   402808.00387499999        5573604.7222610004       -22501.500420000000     
   415814.60040000000        5568858.2623319998       -19392.223970999999     
   413429.18551300000        5582230.5376159996       -21831.415009000000     
   426277.78725200001        5577394.2358860001       -18921.420896000000     
   424031.12085299997        5590832.1247960003       -21251.680861000001     
   411221.05714599998        5595713.1271930002       -24692.650409000002     
   421853.87208800000        5604314.8415810000       -24000.483823999999     
   434624.69062399998        5599401.1524019996       -20747.474462999999     
   432509.57238799997        5612885.6565749999       -23396.194716999998     
   445243.09474899998        5607959.8555770004       -20288.225084000002     
   443141.40779700002        5621437.6900009997       -22853.637407999999     
   455860.30899799999        5616509.9849730004       -19836.754820999999     
   453889.40532500000        5629925.9586870000       -22295.616308000001     
   441026.77253600000        5634944.3431409998       -25893.302365000000     
   451725.51201900002        5643548.5102720000       -25284.644708000000     
   464689.98595499998        5638457.2491440000       -21711.295517999999     
   462463.51865099999        5652184.4587620003       -24648.670514000001     
   475437.47979299998        5647116.6108990004       -21110.640555999998     
   473278.14061200002        5660903.3566800002       -23941.931268000000     
   486271.65245100000        5655801.1248939997       -20430.010696000001     
   484192.29951600003        5669634.4582629995       -23133.558096000001     
   471111.59504900000        5674745.6928660003       -27315.483124999999     
   482088.34720100003        5683524.5998020004       -26359.510073000001     
   495167.12139699998        5678389.4806220001       -22227.494482999999     
   493092.50565599999        5692310.0560320001       -25270.391975999999     
   506216.70188600000        5687157.6487790002       -21239.928329999999     
   504113.82477100001        5701122.9116669996       -24079.570808000000     
   517259.10023600003        5695957.7267060000       -20213.663494000000     
   515173.87144500000        5709954.2635329999       -22820.471901000001     
   501970.29959900002        5715135.2220480004       -27436.607940999998     
   513075.76241299999        5724000.7385480003       -25901.708204999999     
   526315.74553499999        5718786.6582190003       -21546.439995000001     
   524228.74018800003        5732880.1643180000       -24367.618993000000     
   349932.50495600002        5530429.1642159997       -26399.833591999999     
   537464.73751100001        5727638.4988299999       -20334.959746000000     
   535428.74983800005        5741806.4797120001       -22910.700260000001     
   379318.35051900003        5569835.7198900003       -27399.516928000001     
   409047.72111699998        5609303.0837239996       -28062.614366999998     
   548769.79030500003        5736684.8847829998       -19218.495295000001     
   546668.62120199995        5750817.6755830003       -21587.738358999999     
   533373.01546899998        5756043.9292580001       -25939.230572000000     
   544610.68691399996        5765047.1198910000       -24368.380213000000     
   557972.40643099998        5759752.1627869997       -20381.160785000000     
   555839.97822199995        5773992.7135849996       -22946.576699000001     
   569204.05399699998        5768760.3797570001       -19320.881905999999     
   567083.05652800004        5782901.6383180004       -21643.661883000001     
   580405.03212800005        5777655.8147930000       -18341.832119999999     
   578298.95540700003        5791755.9307040004       -20434.998605000001     
   565027.92719199997        5797028.3879450001       -24318.948147999999     
   575588.51901499997        5806318.6288599996       -23079.492590999998     
   589194.49154099997        5800706.0082069999       -19365.948711000001     
   587081.79189700005        5814534.3371270001       -21521.744612999999     
   600164.94626300002        5809184.5766650001       -18277.170609000001     
   598056.54446100001        5822913.4904840002       -20197.140058000001     
   610680.18605500006        5817920.5933309998       -17345.870588000002     
   608565.45164999994        5831106.4178980002       -19034.414648000002     
   621117.88227199996        5826778.1568160001       -16492.371940000001     
   619063.44037299999        5838948.9278859999       -17928.041385000000     
   631169.86566100002        5835213.9439570000       -15714.557344999999     
   607873.90173299995        5842835.9665249996       -20506.665432999998     
   499811.33260199998        5729207.7907290002       -31316.509385000001     
   438865.88722400001        5648571.0866230000       -29484.878551999998     
   468941.12725600001        5688617.8255540002       -31249.451261999999     
   629048.99120100006        5846689.5218540002       -16991.653966000002     
   640348.80776500003        5842759.2256610002       -15040.237837000001     
   398685.51698900003        5524767.0825619996       -16347.741625000001     
   418469.28893099999        5555597.7898629997       -17296.484908999999     
   574205.05433700001        5820358.2488700002       -25682.579639000000     
   488366.46479200001        5642006.0603860002       -18174.397975000000     
   447772.85920499999        5594462.6421229998       -18055.308520999999     
   542429.92778000003        5779295.1897029998       -27612.451445999999     
   499249.39140600001        5650675.0658480003       -17556.580408999998     
   539509.46901500004        5713516.9279410001       -18161.795135000000     
   602688.99260700005        5795328.8428680003       -16548.152468000000     
   582513.35464699997        5763561.6657509999       -16540.892661999998     
   350644.61748299998        5455185.9736559996       -14251.005381999999     
   338086.61123300000        5459828.0191369997       -16298.782015000001     
   519356.04863899999        5681988.9840169996       -18024.664569000000     
   638458.76303300005        5854227.6634879997       -16196.557477000000     
   627447.94727899996        5857547.8461419996       -18292.107920999999     
   649307.24553499999        5849960.2659630002       -14409.326386999999     
   651247.35569999996        5838935.5204189997       -13461.867878999999     
   659659.15116300003        5845711.1318349997       -12954.170333000000     
   623893.69656700001        5814548.8098590001       -15136.615856000000     
   394731.91389700002        5476881.7808950003       -12104.762282000000     
   340292.53934800002        5446598.9933270002       -14491.390533000000     
   327743.25217499997        5451283.3976459997       -16609.101988999999     
   325560.95736200002        5464480.8289620001       -18844.668463000002     
   315227.32617900003        5455962.7222389998       -19247.362337999999     
   313022.75438800000        5469104.3102770001       -22035.078318000000     
   302693.21820499998        5460620.9134919997       -22565.570726000002     
   300484.53174399998        5473848.2096410003       -26056.866980999999     
   290093.89560699998        5465324.1809590003       -26750.263911999999     
   304842.96895600000        5447472.2412350001       -19646.872299999999     
   287872.56718499999        5478627.1193460003       -31042.357354000000     
   277463.24815100001        5470020.6515539996       -31911.065654000002     
   298366.59341099998        5487258.9680700004       -30131.832532000000     
   279693.39797699999        5456791.3043769998       -27418.256412999999     
   267015.82026299997        5461417.4625110002       -32743.176920999998     
   329908.15496900002        5438001.8348740004       -14734.274527000000     
   264812.04393400002        5474747.1296720002       -38086.593914999998     
   285640.51665000001        5492119.9879430002       -35962.689608000001     
   296227.05651299999        5500866.4378699996       -34822.087353000003     
   648962.27062299999        5860916.1423380002       -15234.483453999999     
   269290.53677700000        5448253.9294379996       -28036.783807000000     
   501262.24859899998        5636873.0924380003       -15774.721143000001     
   512290.54543000000        5645504.7385280002       -15220.846142000000     
   490376.36905799998        5628208.6393069997       -16290.431866000001     
   254320.96949799999        5466065.2768069999       -39058.034777000001     
   488681.74617400003        5720297.0882150000       -33036.633471000001     
   486482.38005199999        5734429.1762140002       -37672.636595999997     
   475323.05473999999        5725459.3977680001       -39408.721299999997     
   497682.36082700000        5743379.9751880001       -35660.775730000001     
   661573.64575699996        5835095.6811239999       -12159.508915000000     
   653287.56294900004        5828247.2216069996       -12608.554894000001     
   458030.19510999997        5679835.8298549997       -32174.232175000001     
   455771.04458599997        5693767.8047059998       -36787.779860000002     
   444952.98454099998        5684895.2401099997       -37628.665582000001     
   368646.00095999998        5561184.4957360001       -28419.161585999998     
   366400.86011299997        5574835.1706959996       -32488.651249999999     
   355628.78608100000        5566039.4383690003       -33679.879395000004     
   398310.74194600002        5600590.3470729999       -29012.290907999999     
   396122.33977600001        5614315.7706690002       -33094.338145000002     
   428183.78730700002        5639884.5565809999       -30178.309066999998     
   426017.66139299999        5653623.3857140001       -34428.287423000002     
   385290.48491399997        5605478.5403779997       -34328.072845000002     
   382620.67264300003        5619245.9469910003       -39286.309160999997     
   669395.91426400002        5841654.2788279997       -11761.040008000000     
   393906.30970099999        5628158.5060470002       -37759.182837000000     
   372149.85845300002        5610438.6400939999       -40651.809367000002     
   484296.82929600001        5748619.2359579997       -42664.358462999997     
   495559.48649799998        5757619.6758209998       -40374.427596000001     
   503199.50615299999        5623154.8091369998       -14271.553091000000     
   492516.59296099999        5614616.5572250001       -14694.643454999999     
   353326.36868499999        5579749.2696599998       -38466.730670999998     
   342630.67386899999        5571292.9307680000       -39845.073897000002     
   668388.44887299999        5851962.6341040004       -12409.744080000000     
   677188.04752899997        5847713.2331699999       -11356.590746000000     
   283223.79372199997        5505721.1698080003       -41491.903268000002     
   293549.15937200002        5514526.8678249996       -40231.878936000001     
   251899.84587399999        5479447.8229520004       -45268.355846999999     
   342651.73836100003        5433232.7285540001       -12943.392433999999     
   323345.10734400002        5477640.8759369999       -21516.657453000000     
   442758.17832100001        5698718.7742010001       -42711.593489999999     
   432319.19204800000        5689729.4169450002       -43418.940252000000     
   306965.67096000002        5509647.4686059998       -33683.072643000000     
   304742.72230899998        5523437.1864029998       -38740.170832000003     
   380294.40190400003        5633146.8253380004       -44668.762155999997     
   391813.80171600002        5642098.1626390005       -42918.991222999997     
   663372.89293600002        5824558.7040900001       -11444.620585000001     
   655531.22341500001        5818193.8500460004       -11845.718215000001     
   332076.88797500002        5424541.6333109997       -13139.699902000000     
   593639.29449999996        5772407.3686859999       -15803.112895000000     
   595490.06048099999        5758686.5679280004       -14437.923310000000     
   584598.73104999994        5749529.4977360005       -14988.253271000000     
   604983.72427300003        5767351.8931250004       -14020.526835000001     
   597731.39661399997        5744348.3735119998       -13142.053288999999     
   586767.12068299996        5735345.7712390004       -13614.997491000000     
   281823.62511899997        5443664.9813500000       -23598.768639999998     
   271520.95206099999        5435133.0594429998       -24016.869524000002     
   283757.81180500000        5430337.2478900002       -20379.352943999998     
   259280.62024100000        5439803.4341019997       -28513.030032999999     
   409222.31124000001        5533302.0547949998       -15972.403066999999     
   411111.95329999999        5520144.8450710000       -14418.107857999999     
   421371.76534899999        5528488.9869120000       -14135.202657000000     
   400991.15260999999        5511764.7586810002       -14679.807086000001     
   413215.55304899998        5507202.5991909998       -13044.430031000000     
   339877.11423499999        5585586.0453319997       -45625.527463999999     
   291170.11185699998        5528345.6174550001       -46002.793587000000     
   302483.45289999997        5537294.3654429996       -44258.839311999996     
   315699.62170000002        5532285.6973839998       -37449.909829999997     
   313491.81662699999        5546169.3041200005       -42787.994393000001     
   379648.79392999999        5493953.6304690000       -15183.719598000000     
   329308.96255100000        5575887.6248669997       -46602.644342000000     
   530392.60553900001        5690781.1195440004       -17186.662890000000     
   532454.02260100003        5676843.5170440003       -15504.883642000001     
   543504.19019999995        5685612.2437610002       -14817.303336000001     
   545591.68064999999        5671698.4800450001       -13489.107582000001     
   534553.56774500001        5662951.7761199996       -14066.466381000000     
   482110.83633700002        5762878.1032379996       -47866.504311999997     
   493405.04582499998        5771905.6961129997       -45331.560900999997     
   506820.83434900001        5766616.8698899997       -37939.012390000004     
   504562.27421499998        5780551.8905039998       -42599.449977999997     
   678513.43827899999        5838574.9816749999       -10808.040545000000     
   685539.68615400000        5844440.8569059996       -10500.312561999999     
   684542.06600100000        5853054.4894669997       -10969.814111000000     
   319306.36852700001        5429451.5678180000       -14984.638391000000     
   321429.20261300000        5415910.2226449996       -13320.531718000000     
   308732.71155100001        5420831.7515280005       -15189.063698000000     
   310760.27251699998        5407292.8326620003       -13463.841650000000     
   298156.05270399997        5412224.3059149999       -15359.122373000000     
   241434.13871599999        5470535.4093089998       -46218.752474000001     
   243940.43113899999        5457427.2843490001       -39877.175072999999     
   231508.11749500001        5461768.5977990003       -46819.482177999998     
   345373.95248899999        5557691.7098589996       -34770.007505000001     
   505164.50943300000        5609580.2046180004       -12973.948170000000     
   494543.03957500000        5601238.6934730001       -13340.354979000000     
   481992.22228300001        5606125.1552790003       -15085.487520000001     
   484043.44397099997        5592894.5900790002       -13681.779132000000     
   453628.93053800002        5707799.8228460001       -41849.362231999999     
   440622.39369400003        5712925.7162030004       -48240.438205999999     
   556421.73814499995        5680432.8355230000       -12939.367377000000     
   554530.78188699996        5694369.4473569999       -14154.212274000000     
   262552.97934500000        5488216.6382160001       -44017.848139000002     
   451477.27382499998        5721969.6922660004       -47294.973692000000     
   470950.83716300002        5753872.3770970004       -50015.424339999998     
   350821.17152700003        5594499.1185790002       -44147.411963999999     
   645109.51162600005        5821181.6495709997       -13057.787027000000     
   648821.51973599999        5810637.6619520001       -12093.890210000000     
   438054.11229299998        5727492.1674640002       -54283.499735999998     
   403109.76815199998        5498743.9994489998       -13237.521972000000     
   415298.30422300001        5494597.3116960004       -11852.298819000000     
   424999.42142600002        5502703.9263589997       -11695.618458999999     
   250215.89386000001        5492411.3910969999       -51341.929205000000     
   471363.11115200003        5597814.5434689997       -15482.509962000000     
   473581.03598500002        5584569.5471500000       -14001.751752000000     
   326172.63949899998        5540756.3348510005       -36328.869067000000     
   515615.93444600003        5618586.8611899996       -12665.062581000000     
   510310.84696100000        5659357.7325440003       -16887.016703000001     
   233939.53760300000        5449335.6794450004       -40642.946705000002     
   573498.42810200003        5740573.0174139999       -15628.431513000000     
   575407.08193099999        5726560.0262139998       -14199.579551000001     
   259898.07964800001        5502598.9462440005       -50877.313834000000     
   477509.33015800000        5711309.0020450000       -34545.974632999998     
   665507.82658999995        5814286.4737769999       -10773.656741999999     
   518221.85522199998        5776071.3915799996       -35580.679664000003     
   516046.81399800000        5789956.2370570004       -39955.165789999999     
   436768.95231099997        5662310.6615530001       -33623.560986999997     
   423739.30246400001        5667424.8046060000       -39240.582777000003     
   413013.89044200000        5658712.5144999996       -40244.373264000002     
   410558.17684999999        5672508.7933679996       -45690.746110000000     
   399789.77227600000        5663823.5474530002       -47008.704768000003     
   261485.19245500001        5427192.3002650002       -24476.227039000001     
   387612.61345399998        5591852.2358769998       -30077.099679999999     
   404910.97861799999        5636779.5841480000       -36419.528253999997     
   328139.85567299998        5527179.7217629999       -31756.449410000001     
   222258.21387400001        5453955.4128029998       -47414.134043999999     
   495732.16588699998        5588430.3816759996       -12260.333269000001     
   518225.09447700001        5607035.7348140003       -11653.270379000000     
   491939.89461800002        5785592.1950430004       -49866.815313999999     
   467158.25772800000        5767177.9645210002       -55855.550116999999     
   344993.90844199999        5419665.2426960003       -11613.583022999999     
   322442.58385699999        5402180.9743980002       -11985.257079999999     
   311849.01855899999        5394647.6332400003       -12167.506869000001     
   672371.58782300004        5822406.8796990002       -10576.594912000000     
   567063.08893099998        5689515.3691809997       -12454.393378000001     
   565611.30616299994        5703215.8545049997       -13538.626783000000     
   397279.43492999999        5677728.4671219997       -53026.753978000001     
   289380.85730700003        5542334.3111540005       -51894.121770999998     
   449581.05517100001        5735695.1696549999       -52687.057715000003     
   323144.65413099999        5554824.2259579999       -41899.670467000004     
   310749.65403099998        5559973.4766370002       -48710.323083000003     
   377928.07073899999        5646596.9095000001       -50345.647625999998     
   365618.29533900000        5637924.0991690001       -52825.665213000000     
   355772.09329799999        5428564.5239650002       -11439.752922000000     
   546235.84624800005        5657371.0660830000       -12442.897195000000     
   536040.16222000006        5648913.9149850002       -12869.400512000000     
   219430.85480500001        5465348.2754109995       -53771.597061000000     
   249380.11810699999        5431473.5325530004       -28933.726287000001     
   588281.75688300002        5721726.2718359996       -12508.439268000000     
   408955.92731699999        5685963.8061039997       -51038.073663000003     
   325726.10697800003        5591562.1371919997       -53814.959209000001     
   427141.94724299997        5490218.5749720000       -10672.490175000001     
   211184.78485299999        5457741.1679840004       -54017.443119000003     
   386695.99911999999        5669273.8230419997       -54645.840856000003     
   693500.56217299995        5849022.8275480000       -10075.537386000000     
   692886.47848199995        5858748.6442270000       -10526.222680999999     
   684836.78081799997        5861128.2860460002       -11319.713958000000     
   690069.35703199997        5867228.1803069999       -11134.640530000001     
   692632.24456100003        5840482.7794279996       -9798.8820140000007     
   580260.07172899996        5927268.7173300004       -46109.978941000001     
   586911.57606400002        5916018.7641209997       -40569.064350000001     
   581100.99861799995        5903493.2290709997       -40097.028063999998     
   594960.51257599995        5905254.7838059999       -34935.506455000002     
   589665.70402099995        5892462.6468519997       -34237.727693000001     
   603243.91132800002        5894283.3828379996       -29734.449476000002     
   598188.42875299999        5881661.2298790002       -29067.341836000000     
   584520.55572900001        5879682.3475090005       -33475.986879999997     
   611657.99181899999        5883636.7804110004       -25262.927016000001     
   593314.44924600003        5869018.5746809999       -28336.793145000000     
   579566.24627999996        5866873.5281250002       -32641.725298000001     
   570836.07477800001        5877719.2040980002       -38375.875517000000     
   565296.98866899998        5865818.4347639997       -37896.782318999998     
   574439.95184600004        5854072.4409619998       -31875.820655000000     
   560037.87150999997        5852676.6728910003       -37005.042643000001     
   616387.05206200003        5895821.1291260002       -25830.149592999998     
   624649.22194099997        5885431.3431120003       -22100.232913000000     
   628190.70560099999        5896621.2346489998       -22701.435753000002     
   636718.03710900003        5886676.5527510000       -19564.640662000002     
   568518.57901800005        5841217.2287900001       -31368.029933000002     
   555074.62800300005        5838908.5048719998       -35832.037085000004     
   583323.57628899999        5842013.7102119997       -26689.162676000000     
   546605.41126099997        5849716.2719360003       -41815.336735999997     
   541500.64921199996        5836469.9078160003       -40727.154967000002     
   550144.88060599996        5825479.8929040004       -34693.287109999997     
   536230.34461200004        5823201.4455429995       -39682.789323999998     
   544926.12405900005        5812162.2595710000       -33665.373162999997     
   530924.21932300006        5810261.6518519996       -38718.530385999999     
   522649.93381700001        5820833.8527830001       -44951.157951000001     
   565933.42279500002        5901455.5601650001       -46142.940713000004     
   631836.58116900001        5875994.9917540001       -19393.720000000001     
   644522.53751900000        5877916.6932039997       -17272.182999000001     
   540076.99262200005        5797743.4584640004       -32241.828335999999     
   516770.59887500003        5808067.2222389998       -44292.941992000000     
   708962.50696599996        5860231.5649440000       -9368.8644390000009     
   251559.50952500000        5418844.0398140000       -24782.164199999999     
   405599.12837300001        5486465.8380209999       -11996.004977000001     
   435919.17953800003        5497126.8251160001       -10522.488766000000     
   435572.37761299999        5510293.9078030000       -11425.221937000000     
   446817.04485700000        5518890.7553300001       -11178.250930000000     
   670957.77335799998        5831947.1279870002       -11135.985710000001     
   679589.55155500001        5830115.1673430000       -10344.243044000001     
   507753.22405399999        5818863.4667180004       -51310.957599000001     
   669314.34103200003        5803046.0781230005       -9996.9663739999996     
   659317.88644799998        5802999.5209879996       -10781.583026000000     
   651516.37393000000        5794101.6901169997       -11036.924804000000     
   656377.10716200003        5782775.2818339998       -10156.606699000000     
   643604.91895700002        5784794.8568019997       -11282.512183999999     
   635249.45504399994        5774884.1900720000       -11522.232969999999     
   630897.09153700003        5787511.7169089997       -12603.349230000000     
   623181.22444300004        5775660.6654169997       -12677.893260000001     
   627896.30891499994        5765084.3867100002       -11652.055591000000     
   616338.69170600001        5788450.3007169999       -14222.339690000001     
   639885.45463099994        5795866.4176730001       -12180.180646999999     
   375903.28912400000        5445731.2925039995       -11162.088519999999     
   560888.81128799997        5812964.3697119998       -28348.329897000000     
   502497.69980000000        5805354.5529659996       -50221.696902999996     
   553273.95250899997        5891173.8575050002       -49258.321811000002     
   390430.62428200000        5502916.8205899997       -14931.350417000000     
   417512.18125999998        5482088.8029429996       -10791.032085000001     
   407617.60632999998        5473375.4783330001       -10875.365954999999     
   580678.38347600005        5697823.8374760002       -11699.126816000000     
   460791.00614399998        5589519.2438369999       -15847.726994000001     
   463180.54588300001        5576254.0503829997       -14296.659836999999     
   475531.69226300000        5571486.7073649997       -12736.212665999999     
   465265.03731599997        5563157.3513850002       -12976.605753000000     
   452939.84817700001        5567911.5426920000       -14561.717344999999     
   455007.41913499997        5554836.5193109997       -13209.666227000000     
   442442.04333900003        5559587.8056359999       -14860.439718000000     
   444572.64136700000        5546509.5170210004       -13465.225716999999     
   455913.07151500002        5541146.2798650004       -12056.937037000000     
   478203.48254800000        5556523.9013520004       -11424.132893000000     
   445819.19996300002        5532776.9825990004       -12251.745777000000     
   434080.85565600003        5537921.7654539999       -13718.396562000000     
   440331.52075099997        5572684.7862290004       -16447.367587000001     
   636373.65706999996        5813756.8721629996       -13569.072930000000     
   603656.83554300002        5780869.4639830003       -15202.435751999999     
   435559.93462299998        5742994.7972280001       -60731.424000999999     
   469024.16382500000        5611254.4414299997       -17227.088455000001     
   456471.37157500000        5756352.3137689997       -56905.691853999997     
   206568.99452300000        5469110.9040930001       -61492.607235000003     
   392544.01846300001        5489915.2088789996       -13426.918174000000     
   671466.52002399997        5886766.2995940000       -14076.935368000000     
   670269.03764000000        5875022.0448449999       -13524.697953000001     
   658115.18468199996        5880200.3930380000       -15388.919527000000     
   659514.45936900005        5868418.9623880005       -14394.388940000001     
   224235.94086599999        5441563.7905770000       -41338.338122000001     
   434440.21819099999        5523973.8257040000       -12532.035819999999     
   613381.02346099995        5804433.6194839999       -15781.552113000000     
   600578.01321200002        5917412.6496099997       -35330.249627999998     
   659161.62391099997        5856652.8101049997       -13675.979379000000     
   420888.42722499999        5542189.0094539998       -15515.564387000000     
   431410.34725300001        5551139.4876530003       -15225.916112999999     
   685920.25396300002        5836171.3195939995       -10117.691645000001     
   333850.85379999998        5386706.7143019997       -10071.955058000000     
   418563.18976099999        5466612.1650069999       -9749.4926219999998     
   355057.69770999998        5408570.5685289996       -10133.368289000000     
   591313.93362100003        5786453.9048730005       -17459.678515000000     
   246575.51804600001        5444771.7340820003       -34202.390006000001     
   277220.01344000001        5534587.6130619999       -54873.876538999997     
   294274.32102600002        5438954.8549469998       -20045.553158999999     
   423597.70695700002        5732297.5003060000       -61788.150454000002     
   660574.03987300000        5893883.9279230004       -16017.062447000000     
   459261.20649200003        5515064.2322640000       -10087.884243000000     
   608295.96363599994        5906617.9714740003       -30315.775013999999     
   613922.24785299995        5917779.9458309999       -30415.606674999999     
   619507.45554600004        5874175.8091690000       -21850.052413000001     
   606998.96288100001        5871216.9383650003       -24624.403663000001     
   601467.90581200004        5859599.5606490001       -24344.260904999999     
   588013.47204300005        5856509.4730789997       -27777.277081000000     
   311512.75377499999        5373770.3471849998       -10524.258050000000     
   623643.22173100000        5735016.7384919999       -10435.506771000000     
   617982.33138300001        5748184.6308779996       -11562.039680000000     
   377678.29272400000        5507496.5522069996       -17051.691245999999     
   485511.85508100002        5579973.0165919997       -12518.191208000000     
   523280.72317399998        5654166.2135830000       -14661.718693999999     
   525253.29343299998        5640218.2022609999       -13323.505252999999     
   537476.30537099997        5634654.3263339996       -11799.544635000000     
   527436.50791000004        5626399.0279249996       -12141.768548000000     
   407400.96099599998        5546811.8042919999       -17787.266629000002     
   508415.18009300000        5595717.1896340000       -11707.916456999999     
   628668.47559000005        5801531.5481430003       -13673.133285000000     
   293007.76720800000        5575502.4561980003       -62916.008241000003     
   311644.42662699998        5596575.6490820004       -62309.116972999997     
   336316.49865400000        5601866.1882069996       -52959.275806999998     
   347973.03321999998        5608274.4963919995       -50118.054641000002     
   333098.58159399999        5617733.9962590002       -60569.581587000001     
   639850.51786699996        5909900.5492230002       -21471.871365999999     
   228309.47254500000        5495507.1151149999       -63341.386442000003     
   237219.51247700001        5506430.1851329999       -63757.443274999998     
   276216.25809800002        5550623.2656169999       -61638.908609999999     
   266360.38309299998        5526015.7150219996       -57007.310323999998     
   597553.01188200002        5698238.7139349999       -10390.274253000000     
   298883.52615900000        5397970.0422210004       -13610.785120000000     
   285961.64049500000        5404124.7762000002       -15759.673224000000     
   285554.89951600000        5416916.0562760001       -17709.958639000000     
   273657.72859499999        5410379.1500060000       -18472.881492000000     
   256737.31599400000        5452956.5202150000       -33487.442118999999     
   228056.89833400000        5473585.4583459999       -53556.299335999996     
   237937.26247300001        5484141.2931519998       -53626.850167999997     
   582087.59883999999        5674660.9900650000       -10345.028281999999     
   534510.07780299999        5869812.5333200004       -52314.718561000002     
   549442.90129199997        5864894.5629669996       -44336.234016000002     
   437165.35356000002        5585971.5628180001       -18455.067518000000     
   458342.42401199997        5602920.1185680004       -17665.473821000000     
   466908.40006000001        5624753.4647399997       -19254.834688999999     
   612954.13424100005        5723278.1501960000       -10593.285705000000     
   465828.64485600003        5549282.0110780001       -11865.248202000001     
   404219.45540899999        5711011.7346569998       -62363.002868000003     
   417301.59152700001        5708135.4341099998       -55602.404407000002     
   517332.96677699999        5844995.8710220000       -53703.037920000002     
   317634.53008400003        5518608.3687629998       -32704.969176999999     
   319510.00346699997        5504732.1195839997       -28404.329515000001     
   308849.18649200001        5495884.5197379999       -29243.877175000001     
   514176.33932899998        5631789.4552469999       -13814.849641999999     
   349098.85434100003        5642328.8071029996       -62489.760094999998     
   354601.97649600002        5628266.8004820002       -54399.021825000003     
   361958.22067700000        5653759.7895649998       -60560.025416999997     
   638465.88762000005        5759445.0715460004       -10518.261023999999     
   558779.09166100004        5664373.3345379997       -11707.293417000001     
   273298.52435800002        5422733.5013180003       -20876.303939000001     
   531689.05198100000        5606134.8258300005       -10580.521623000001     
   317278.59494799998        5442728.0845680004       -16926.640298999999     
   381903.18708599999        5480962.2890189998       -13605.283896999999     
   386227.34275000001        5687143.8471900001       -61649.374735999998     
   478821.24042200000        5801558.3278839998       -60594.244173999999     
   521361.98149400001        5668089.0550910002       -16203.983899999999     
   315988.30951100000        5580866.4404279999       -54105.902996999997     
   369333.22682600003        5623833.1797789996       -46187.236627999999     
   292276.28799400001        5452142.7064699996       -23096.368136000001     
   306709.59125800000        5434210.4918930000       -17234.857123000002     
   279741.50889599998        5520381.4324690001       -48308.682277000000     
   429523.41896500002        5564345.4139599996       -16855.385679999999     
   553872.20764699997        5788738.2406970002       -25959.481190999999     
   530068.26703900006        5787069.5634380002       -33542.395076000001     
   358094.65821500000        5552567.5825920003       -29398.793214000001     
   668827.80891000002        5863105.7679030001       -12992.253859000000     
   406941.02729400003        5622927.3684390001       -31953.720950999999     
   388317.31062599999        5516305.9171160003       -16708.466931999999     
   508903.91235200001        5752327.6229560003       -33513.070430000000     
   335929.32028500002        5473084.0992470002       -18454.368480000001     
   333718.83872800000        5486220.9537589997       -21019.548360000001     
   497234.66526300000        5664513.9949019998       -19676.579317000000     
   576894.99373400002        5712283.7306979997       -12981.093035000000     
   563916.36933300004        5717431.8855109997       -14850.941768000001     
   508274.56094000000        5673249.4826590000       -18868.708037000000     
   510965.21794700000        5738112.8487299997       -29482.157841000000     
   296197.56464300002        5425579.1180750001       -17482.964704000002     
   374477.83241700003        5596649.2245340003       -35665.783023999997     
   585519.03222000005        5827817.1177909998       -23787.176895000001     
   388633.99073999998        5439807.0731960004       -9913.9072809999998     
   528318.89419100003        5704754.2897469997       -19183.501675000000     
   508484.62162500003        5574556.3272980005       -10400.394762000000     
   492100.21929600002        5554847.0307510002       -10340.082845999999     
   477863.15103900002        5778104.9085780000       -54349.297213999998     
   566244.05234699999        5651438.7037300002       -10405.880787000000     
   460285.95909800002        5665974.0659200000       -28114.412422000001     
   363207.96066300001        5450515.5385370003       -12572.338186999999     
   473159.04782099999        5739650.8101469995       -44606.662040000003     
   490951.15120700002        5706267.0445470000       -28863.041003999999     
   479783.19757600001        5619636.2753180005       -16753.080978999998     
   528021.63815200003        5833909.9496189998       -45914.431106000004     
   600191.70180799998        5730169.5770910000       -11983.349509000000     
   571301.42414799996        5754624.9864750002       -17334.179359000002     
   560133.08620100003        5745740.3179299999       -18212.881377999998     
   346280.01206899999        5481612.6938709999       -18076.712609999999     
   300808.27088400000        5550494.7395900004       -49638.415488999999     
   477631.59572899999        5633377.6736340001       -18736.121524999999     
   371033.37282500003        5547703.5248119999       -24858.689236999999     
   479946.51859200001        5697430.5793610001       -30142.522778999999     
   419786.17271700001        5617821.4654799998       -27208.164732000001     
   449589.65206699999        5657263.4004260004       -28810.323762000000     
   450743.42731300002        5581038.6624999996       -16117.614149999999     
   476543.56226199999        5534744.9870699998       -10153.629627000000     
   400633.25154600001        5587078.8917190004       -25484.837876000001     
   541468.45754500001        5699541.8641769998       -16356.901325999999     
   344164.90674300003        5494864.9635140002       -20551.064133000000     
   430442.16566599999        5626353.3520809999       -26498.458284000000     
   522158.02624799998        5747073.6792479996       -27660.294720000002     
   488065.53727500001        5567216.8647680003       -11403.518289000000     
   333169.18163100001        5411606.1189890001       -11916.634835999999     
   596551.20152300003        5835694.2877920000       -22155.147871000001     
   576205.58667700004        5890373.4449490001       -39087.871243000001     
   275215.42697999999        5483442.0868579997       -37061.822767999998     
   360400.50184200000        5539055.0639230004       -25664.760428000001     
   310828.82373100001        5482236.1737919999       -25333.998194000000     
   520144.23191899998        5761417.4478590004       -31409.629256000000     
   423451.88148799998        5515468.0151730003       -12812.156771000000     
   366562.44698200002        5419150.5512600001       -10044.662252000000     
   531474.66405699996        5770824.1069550002       -29462.968709000001     
   389978.62645099999        5578425.4977820003       -26394.930035000001     
   552579.76110999996        5708400.2239819998       -15576.925975000000     
   466736.59552600002        5702464.9514600001       -35719.105874000001     
   550442.18271500000        5722325.3644009996       -17262.248855999998     
   348063.15334399999        5543924.7003100002       -30176.743908000000     
   353019.43574500002        5441930.9625030002       -12751.617865000000     
   615758.96797000000        5861984.9669460002       -21142.538256000000     
   689494.93907099997        5825339.4220099999       -9437.0625529999998     
   447393.33365400002        5671002.7526409999       -32899.700115000000     
   464549.19634400000        5716586.5636480004       -40717.168756999999     
   376977.97285000002        5583269.6018249998       -31251.637179000001     
   272242.73137200001        5497531.7401179997       -43271.355359000001     
   648380.49202699994        5889603.4213950001       -17648.654847000002     
   417667.25971499999        5631450.3409139998       -30981.224290999999     
   283624.87946800003        5391931.7324590003       -14460.794347999999     
   462432.37721000001        5730694.0103669995       -46025.650050999997     
   434425.37659100001        5676032.5776810003       -38342.496736000001     
   364002.92069800000        5588439.7543219998       -37108.429588999999     
   705512.90922499995        5854569.9448119998       -9415.1405470000009     
   701289.22903199994        5860121.6935069999       -9922.3764260000007     
   562187.82993300003        5731677.3249460002       -16383.340206999999     
   321341.85138000001        5490986.1084700003       -24675.721237999998     
   699043.07837999996        5842712.1283780001       -9435.9217430000008     
   642780.76000799995        5831791.3467610003       -13978.654175000000     
   460325.95069999999        5743968.3318649996       -51231.286350000002     
   460110.22817999998        5779159.0230930001       -62649.772742000001     
   421646.52967000002        5681187.2426220002       -44428.116335999999     
   415484.83957100002        5645045.5015240004       -35296.728642000002     
   205093.27618300001        5444031.9857209995       -50478.518500999999     
   362013.31859500002        5601636.1406359999       -41920.636267000002     
   563553.81027500005        5827935.1136680003       -30406.280574000000     
   558019.53576999996        5877934.1911909999       -43821.757597000003     
   219898.18595899999        5432026.3211989999       -39186.380180000000     
   331857.66391300003        5499952.8388820002       -24104.543968000002     
   435339.23143200000        5483142.4184290003       -9720.3887689999992     
   550234.00172199996        5629913.8318250002       -10518.130074999999     
   402504.45086899999        5650086.1059360001       -41357.130054000001     
   427295.41802699998        5718266.7790219998       -55211.132806000001     
   696703.08692899998        5872670.4487220002       -10790.259006000000     
   365547.66531700001        5437488.0169780003       -11342.488310000001     
   683755.89475500002        5814686.5525369998       -9425.8581759999997     
   389443.20136499999        5655183.2651260002       -48336.682373000003     
   329963.87119099998        5513475.9406070001       -27663.388723000000     
   568849.70984599995        5675597.9861470005       -11457.242501999999     
   532897.65038799995        5846983.3144309996       -47097.604927000000     
   698508.31472499995        5854295.4253019998       -9908.3971480000000     
   375596.95240000001        5676809.3026810000       -62800.674268000002     
   676655.42175500002        5856704.5238870000       -11856.014513000000     
   633407.56220100005        5823878.4631880000       -14582.888142000000     
   523365.83777799999        5594909.0890699998       -10538.123118000000     
   340447.73317299999        5521900.1126570003       -26885.127772000000     
   552842.07236400002        5801562.5485520000       -28692.164534000000     
   269007.01093900000        5512201.4657380003       -50285.798561000003     
   638472.40038200002        5866386.2909329999       -17241.635816999998     
   237561.06107900001        5437465.5558259999       -34759.743496000003     
   620764.02754499996        5906784.2754710000       -26265.140598999998     
   456933.94835999998        5528041.8069529999       -11056.297239000000     
   590813.87624799996        5709360.8230760004       -11513.824226999999     
   495816.15811299998        5826114.5646219999       -58961.268239999998     
   271635.73659200000        5398136.2953920001       -16772.607158999999     
   338163.81799299998        5535458.8664929997       -30921.198723000001     
   240572.47285699999        5420297.0477200001       -28120.581529999999     
   609985.43814700004        5739348.3595700003       -11713.179873999999     
   200557.28224199999        5458749.1670720000       -59405.250528999997     
   430217.02309500001        5703281.2152690003       -48781.940873000000     
   419772.95214399998        5694529.1865619998       -49728.171634999999     
   497336.62025300000        5576602.9474419998       -11320.584111000000     
   297315.03093000001        5562983.1099479999       -55881.748376000003     
   254113.85404599999        5530650.6033509998       -65296.584004999997     
   618099.81226499996        5850173.0582119999       -19265.188996000001     
   335562.07175499998        5549467.8678710004       -35703.259252000003     
   449804.45513999998        5768606.8825510005       -63676.421155999997     
   607041.65667800000        5753255.9449079996       -12840.444825000000     
   332485.79550399998        5563754.9400589997       -41258.685641999997     
   213967.24280400001        5447793.9117550002       -48272.255648999999     
   592756.96710100002        5926871.6734570004       -40594.642656000004     
   674563.79570100002        5812866.9998530000       -10002.142468000000     
   502096.29055500001        5793171.6855060002       -47136.747263999998     
   345215.29745100002        5620266.2074739998       -55794.879585000002     
   306120.95194900001        5573211.6426330004       -55667.429532000002     
   524119.36671799998        5798687.2652460001       -38704.308713999999     
   319373.66773900000        5568804.9966259999       -48215.322106000000     
   407098.19867600000        5698047.9607889997       -56225.300807000000     
   358547.78517400002        5615452.5774760004       -47996.039374000000     
   262579.86735600000        5415702.9432009999       -21539.358523999999     
   597772.61373900005        5848280.6863630004       -23628.079613999998     
   680164.42801699997        5868356.3414550005       -12112.490626000001     
   491193.56742699997        5800049.2359269997       -54225.915097999998     
   377115.36735700001        5660304.9201640002       -55741.033403000001     
   248188.08361800000        5505670.4563349998       -57894.041050000000     
   697460.89852799999        5837079.2089799996       -9338.0620789999994     
   681948.75501299999        5822245.1312990002       -9840.7017190000006     
   192409.11202900001        5454638.7334550004       -61329.005222000000     
   546836.35257400002        5643359.5197830005       -11525.482624000000     
   302176.23200900003        5378367.4227290004       -11487.366214000000     
   638893.59028000000        5898552.2121609999       -20399.437306000000     
   537825.64675199997        5858044.3551000003       -47737.737513000000     
   197195.24411599999        5465895.7131920001       -64429.721878999997     
   466171.53752399998        5536648.0885939999       -10966.450339999999     
   712307.35882400000        5865346.0513749998       -9303.3439010000002     
   677080.09249900002        5804001.9882709999       -9482.3216059999995     
   574857.28541400004        5831595.0060719997       -27441.552466000001     
   578463.82131399994        5685933.8234839998       -11210.634955000000     
   564946.01439599996        5887644.5174160004       -43187.634084999998     
   322324.56355500000        5388717.3111990001       -10929.674467999999     
   445106.34535000002        5492454.7006660001       -9666.6948499999999     
   688426.31764400005        5874532.1230469998       -11617.384249000001     
   289526.17325100000        5553971.7432249999       -56197.296550999999     
   616396.56857899996        5762039.8270389996       -12510.599330999999     
   303738.23996699997        5388508.6295520002       -12253.755686000000     
   449361.01526299998        5747545.3101549996       -56825.087844000001     
   239459.44498400000        5495539.2146260003       -57869.866650999997     
   505865.27095600002        5584680.7405439997       -11193.711819000000     
   697171.95135100000        5865259.5394069999       -10447.033781000000     
   257265.09204300001        5516818.3727390002       -57940.112816000001     
   480856.73723700002        5790265.5695690000       -56465.394861000001     
   516544.40864400001        5830683.3749010004       -50297.629939999999     
   686234.38840599998        5830297.1185389999       -9854.5752080000002     
   650590.40897100000        5870241.5609940002       -15711.206780000000     
   398010.76181400003        5688898.7649910003       -56836.911031000003     
   333521.06937099999        5398570.8194199996       -10895.164777000000     
   526133.90380299999        5615977.8056330001       -11579.581824999999     
   555380.69207400002        5651391.7281719996       -11263.487967999999     
   253387.86781900001        5409701.4034650000       -22132.910209000001     
   599656.40434899996        5719184.4624269996       -11367.982684000001     
   597602.27872299997        5937172.6054079998       -40854.241688000002     
   474784.03664599999        5544443.7730780002       -10868.239901999999     
   343774.78486999997        5408441.8682990000       -10882.337105000001     
   647238.61247199995        5801644.6162010003       -11781.501711999999     
   619302.91723499994        5927232.1661090003       -30210.938461999998     
   625751.72672899999        5755452.4890860002       -11320.692003000000     
   510829.30844800000        5799025.4584240001       -44638.224871999999     
   657294.61404699995        5811529.3766909996       -11351.359850000001     
   630254.10414499999        5906556.9373439997       -23502.232570000000     
   216031.36241800000        5475281.7134819999       -59936.927875000001     
   612588.87598100002        5775196.6880590003       -13737.639142000000     
   205711.50993299999        5451566.4507240001       -53648.763822000001     
   627083.08216899994        5867829.1973829996       -19443.878935000001     
   312212.39181200002        5383990.5450719995       -11247.819573999999     
   239852.63614500000        5429363.0814680001       -31194.457598000001     
   609405.62503700005        5853031.1199200004       -21439.411035000001     
   640197.54390000005        5804687.4232259998       -12628.007400000000     
CELLS       1564      6256
3           14         172         176
3          252         253         529
3          516         162         530
3          152         612         613
3          153         607         718
3          162         516         762
3          130         465         598
3          506         274         647
3          465         130         597
3          668         138         729
3          602         152         613
3          607         608         718
3          371         410         598
3           38          39         503
3          458         445         570
3          496         488         616
3            4         177         801
3          154         469         726
3          573         452         604
3           52          53         551
3          444         668         729
3          488         486         616
3          795         711         821
3          511         139         512
3          458         570         702
3          179         178         534
3          171         711         795
3          127         533         569
3            1           2         175
3          260         287         752
3          517         428         518
3          457         629         630
3          535         164         606
3          148         560         736
3          253         271         529
3          127         466         533
3          274         506         648
3          512         139         513
3          631         456         792
3          598         599         600
3          503          39         531
3          558         505         822
3          780         744         795
3          715         342         756
3          137         520         521
3          600         599         782
3          629         457         631
3          465         371         598
3          287         549         752
3          505         558         716
3          526         277         550
3          468         451         638
3          288         179         534
3          157         573         604
3          533         534         569
3          535         606         761
3          608         610         763
3          718         608         763
3           63          64         600
3          444         729         775
3          473         147         794
3          466         127         738
3          553         444         775
3          549         287         595
3          474         150         475
3          387         331         514
3          137         115         520
3           60          61         631
3          468         638         750
3           92          15         178
3          560         148         758
3          147         473         567
3          598         410         599
3          146          52         551
3          547         368         561
3          458         702         743
3          513         546         561
3          702         142         743
3          648         429         703
3          428         517         780
3          137         521         522
3          751         471         790
3          518         428         836
3          514         448         515
3          551          53         575
3          457         456         631
3          469         154         749
3          549         595         845
3          465         597         641
3          650         751         790
3          387         514         515
3          515         795         821
3          360         766         776
3          387         515         567
3           37         150         474
3          137         522         632
3          515         448         795
3          173         508         803
3          559         307         564
3          545         128         667
3           76           3         554
3          522         525         632
3          510         288         534
3          178          15         569
3          594         129         753
3          136         631         792
3          511         466         738
3          624         675         748
3          368         547         565
3          150          38         503
3          277         526         562
3          156          63         600
3            3           4         801
3          511         738         809
3          288         510         555
3          331         317         514
3          252         529         755
3          546         547         561
3            2          37         474
3           13          14         176
3          723         470         749
3          766         586         776
3          366         565         593
3          342         645         756
3          330         351         642
3          176         172         584
3          343         372         645
3          115         116         520
3          258         256         562
3           76         554         838
3          567         515         821
3          469         473         726
3          135         633         669
3           61         629         631
3          141         591         592
3          136          60         631
3          534         178         569
3           64         130         600
3          448         780         795
3          750         136         792
3          165         117         517
3          468         750         792
3           34         119         742
3          412         518         836
3          442         594         753
3          205         270         646
3          470         723         817
3          307         559         822
3          616         486         735
3          564         340         650
3          559         558         822
3          287         258         562
3          274         648         703
3           79         509         765
3          597         158         641
3          559         564         650
3          430         429         648
3          630         782         787
3          175           2         474
3          270         566         646
3            6           7         796
3          528         142         664
3          505         757         822
3          518         412         832
3          604         452         811
3          426         715         756
3          606         144         761
3          532         376         555
3          366         368         565
3          509          79         827
3          525         524         812
3          139         511         809
3          812         524         839
3          163          92         178
3          591         141         739
3          545         667         693
3          414         532         555
3          165         517         518
3          669         633         826
3          161         624         748
3          780         517         804
3          174         563         579
3          103         635         753
3           84         176         584
3          793         426         818
3          471         472         790
3          790         472         810
3          526         523         595
3          510         414         555
3          116         117         165
3          207         548         617
3           14          85         172
3          341         331         387
3           40         143         531
3          333         330         642
3          635         442         753
3          342         343         645
3          469         388         473
3          508         173         723
3          404         741         768
3          116         165         520
3          286         317         331
3          457         630         642
3          761         144         828
3           39          40         531
3          273         536         618
3          496         616         800
3          556         121         576
3          351         457         642
3          565         270         593
3          341         387         388
3          256         277         562
3          163         178         179
3          372         573         645
3          273         617         686
3          523         527         595
3           15          93         569
3          544         546         760
3          353         428         448
3          526         550         839
3          506         647         755
3          130         598         600
3          558         556         576
3          376         532         587
3          548         207         646
3          317         353         514
3          286         285         317
3          617         548         686
3           93         127         569
3          495         663         695
3          536         418         618
3          536         273         686
3           36           1         175
3          262         260         752
3          388         387         567
3          128         545         830
3          364         363         634
3          561         368         701
3          462         365         572
3          544         760         802
3          521         519         527
3           86         149         568
3          353         448         514
3          543         542         566
3          512         513         561
3          207         205         646
3          513         139         577
3          550         277         571
3          423         397         440
3          418         552         618
3          552         215         618
3          426         756         818
3          284         285         286
3          215         552         619
3          119         120         151
3          757         307         822
3          609         364         634
3          562         526         595
3           91          92         163
3          505         504         757
3          581         483         582
3          522         521         523
3          529         271         734
3          480         483         581
3          151         556         557
3           21         137         632
3          114          21         632
3          270         565         566
3          267         262         268
3          572         365         611
3          389         388         469
3          151         120         556
3          450         658         705
3          142          90         664
3          546         513         760
3          413         551         575
3          558         576         716
3          462         572         758
3          626         737         746
3          555         376         637
3          242         707         724
3          142         528         743
3          284         268         285
3          364         609         661
3          191         189         587
3          126         780         804
3          261         260         262
3          523         521         527
3          566         542         646
3          219         216         619
3          487         495         583
3          288         555         637
3          308         302         611
3          340         331         341
3          512         561         701
3          467         554         767
3          675         624         820
3          363         436         634
3          609         394         661
3          676         620         766
3          135          20         614
3           20         108         614
3          774         398         777
3          421         592         628
3          446         808         824
3          287         562         595
3          254         251         571
3          484         487         583
3          547         543         566
3          516         140         762
3          344         417         613
3          396         397         423
3          259         258         260
3          423         440         560
3          509         462         765
3          216         215         619
3          440         461         467
3          260         258         287
3          189         376         587
3          415         510         533
3          125           0         174
3          396         395         397
3          282         268         284
3          573         157         605
3          642         630         787
3          163         180         664
3          113         160         585
3          152          76         838
3          370         414         415
3          450         657         658
3           54         134         575
3          422         310         589
3          580         710         841
3          463         425         657
3          155         579         759
3          466         415         533
3          741         623         768
3          473         388         567
3          219         619         681
3          302         312         611
3          126         744         780
3          460         590         591
3          563         174         779
3          574         297         643
3          365         308         611
3          585         160         586
3          257         256         258
3           75         152         602
3          277         254         571
3          486         485         735
3          592         590         628
3          489         482         490
3          400         441         594
3          580         581         710
3          195         191         587
3          251         250         571
3           53          54         575
3          255         254         256
3          492         504         505
3          419         538         588
3          317         318         353
3          460         589         590
3          131         610         788
3          607         394         608
3          268         262         727
3          297         574         644
3          199         366         593
3          479         480         482
3          782         599         787
3          633         459         826
3          589         310         590
3          565         547         566
3          737         194         746
3          393         394         607
3          118          34         173
3          118         173         803
3          113         114         160
3          477         478         479
3          479         489         578
3          301         362         643
3          620         676         828
3          475         476         477
3          267         268         282
3          491         490         492
3          475         150         476
3           97         167         577
3          367         369         370
3           98          17         687
3          250         356         571
3          416         415         466
3          422         589         640
3          286         340         564
3          619         674         681
3          122         133         576
3           68         132         596
3           66         158         597
3          143         615         616
3          382         379         640
3          479         482         489
3          482         480         581
3          145          73         603
3          284         286         564
3          253         251         254
3          608         609         610
3          399         400         594
3          353         354         428
3          199         197         269
3          492         490         504
3          261         262         267
3          707         658         724
3          563         578         579
3           70         157         604
3          259         260         261
3          376         186         637
3          104         141         635
3          533         510         534
3          160         114         632
3          356         550         571
3          413         575         741
3          765         462         843
3          394         392         661
3          122         123         133
3          139          96         577
3          454         774         777
3          199         269         366
3           17         128         687
3          336         337         399
3          200         199         593
3          436         462         509
3          705         658         707
3          390         636         644
3          440         397         461
3          286         331         340
3          108         164         614
3          599         410         733
3          370         415         416
3          395         344         613
3           75          76         152
3          400         402         441
3            7         170         796
3          168         560         778
3          362         574         643
3          636         297         644
3          477         479         578
3          608         394         609
3          149          87         570
3          143          41         615
3          524         526         839
3          366         269         367
3          253         254         255
3          112         585         620
3          447         393         607
3          336         311         337
3          180         528         664
3          479         478         480
3          477         476         478
3          545         539         621
3          124         155         601
3          489         490         491
3          393         392         394
3          221         219         681
3          363         365         436
3          108         109         164
3          399         337         400
3          441         402         588
3          629         156         630
3          312         395         396
3          563         477         578
3          589         382         640
3          208         207         617
3          442         399         594
3          356         359         550
3          633         135         747
3          256         254         277
3          436         365         462
3          174         579         833
3          257         258         259
3          483         484         583
3           91         163         664
3          370         369         414
3          133         123         601
3           86          87         149
3          557         558         559
3          369         269         652
3          415         414         510
3          255         256         257
3          110         144         606
3          402         419         588
3          301         302         308
3          663         495         805
3           62         156         629
3          120         121         556
3          362         308         363
3          134         622         623
3          710         283         841
3          309         311         336
3          570          88         702
3          213         273         618
3          103         104         635
3          625         349         626
3           74         602         603
3          632         525         834
3          341         388         389
3           74          75         602
3          312         396         611
3          590         310         628
3           97          98         167
3          464         730         769
3          595         527         845
3          363         308         365
3          121         122         576
3          134          55         622
3          164         109         606
3           37          38         150
3          289         280         290
3          674         311         681
3          158          67         596
3          130          65         597
3          475         477         563
3          587         532         652
3          542         548         646
3          591         590         592
3          296         301         643
3          487         493         495
3          400         401         402
3          619         552         674
3          301         308         362
3           96          97         577
3          531         143         735
3          132          69         604
3          161          43         624
3          203         200         593
3          112         113         585
3          588         538         693
3          419         537         538
3          181         179         288
3          205         203         270
3          306         300         627
3          379         281         640
3          538         539         545
3          250         278         356
3          576         133         716
3          350         349         625
3          213         211         273
3          626         349         627
3          195         587         652
3           68          69         132
3           66          67         158
3           64          65         130
3          490         482         580
3          270         203         593
3          296         299         301
3          539         541         621
3           16          94         738
3          610         609         634
3           95          96         139
3          356         357         359
3          141         105         739
3          349         306         627
3          211         208         617
3           42         161         615
3           70          71         157
3          541         544         621
3           40          41         143
3          396         423         572
3           87          88         570
3          367         269         369
3          573         605         645
3           62          63         156
3          249         248         250
3          541         543         544
3          290         280         291
3          374         350         625
3          621         544         802
3          538         537         539
3          215         213         618
3          381         459         633
3          420         374         439
3          104         105         141
3          249         250         251
3           72          73         145
3          309         272         311
3          291         280         654
3          389         469         470
3          301         299         302
3           56         159         622
3          544         543         546
3          402         418         419
3          189         186         376
3          159          57         638
3           61          62         629
3          273         211         617
3          297         294         643
3          140         516         820
3           67          68         596
3           65          66         597
3           48         138         639
3          281         229         659
3          480         481         483
3          144         111         620
3          439         374         625
3           42          43         161
3          677         246         678
3          111         112         620
3          326         241         651
3           69          70         604
3          204         203         205
3          206         205         207
3           44         140         624
3           73          74         603
3           54          55         134
3           56          57         159
3           59          60         136
3          212         211         213
3          381         379         382
3          532         369         652
3          366         367         368
3          292         294         297
3          421         399         442
3          313         427         673
3           41          42         615
3          400         337         401
3          280         187         654
3          391         392         393
3          527         519         832
3          186         183         637
3          419         536         537
3          247         246         248
3          380         379         381
3          405         381         633
3          557         559         650
3          381         382         459
3          247         248         249
3          391         390         392
3          198         197         199
3          294         296         643
3          250         248         278
3          196         195         197
3          402         401         418
3           51          52         146
3          362         363         364
3          210         208         211
3          252         251         253
3          392         390         644
3          202         200         203
3          582         483         583
3          498         500         529
3          332         326         651
3          640         281         659
3          356         278         357
3           44          45         140
3           43          44         624
3          162          47         639
3           55          56         622
3          309         336         628
3          269         197         652
3           57          58         638
3          307         284         564
3          214         213         215
3          390         303         636
3          146         553         775
3          375         374         420
3           46          47         162
3          352         332         438
3          245         246         247
3          193         191         195
3           48          49         138
3          123         124         601
3          355         303         390
3          109         110         606
3          290         291         292
3          346         291         654
3          313         315         427
3          370         416         701
3          378         281         379
3          596         132         771
3          380         381         405
3          282         284         307
3          245         243         246
3          459         382         460
3          627         300         699
3          373         350         374
3           47          48         639
3           89          90         142
3          182         181         183
3          424         677         678
3          197         195         652
3          541         542         543
3          324         398         649
3          259         263         695
3          231         229         281
3          255         257         663
3          438         332         651
3          476         150         503
3          336         399         421
3           10          77         736
3          220         222         670
3          557         556         558
3          167          98         687
3          460         382         589
3          378         379         380
3          386         385         429
3          539         540         541
3          249         251         252
3          336         421         628
3           18         103         753
3          276         235         665
3          204         205         206
3          249         252         647
3          343         306         349
3          317         285         318
3           85          86         568
3          110         111         144
3          182         183         184
3          247         249         647
3          202         203         204
3          386         429         430
3          274         247         647
3          245         247         274
3          422         640         659
3          419         418         536
3          198         199         200
3          223         221         272
3          210         211         212
3          206         207         208
3          322         324         649
3          324         339         398
3          184         185         187
3          325         329         437
3          275         272         309
3          231         281         378
3          335         316         653
3          212         213         214
3          238         235         276
3          275         309         310
3          385         335         653
3          279         187         280
3          228         227         229
3          384         335         385
3          124          35         155
3          196         197         198
3          193         195         196
3          226         224         227
3          546         543         547
3          229         227         659
3          292         293         294
3          227         656         659
3          375         420         454
3          294         295         296
3          310         309         628
3          315         314         672
3          416         466         511
3          384         385         386
3          223         272         275
3          272         221         681
3          322         649         682
3          227         224         656
3          361         424         425
3          656         422         659
3          373         374         375
3          275         310         422
3          302         304         312
3          626         627         725
3          230         229         231
3          239         243         244
3          244         243         245
3          396         572         611
3          657         425         658
3          214         215         216
3          107          20         135
3          325         437         688
3          228         229         230
3          334         383         409
3          225         266         319
3          248         246         677
3          314         334         672
3          234         232         235
3          233         264         313
3          504         490         580
3          222         225         670
3          313         314         315
3          384         386         443
3          500         501         506
3          484         486         487
3          226         227         228
3          498         499         500
3          494         497         498
3          253         255         271
3          409         444         553
3           21         115         137
3          383         335         384
3          343         349         350
3          289         290         303
3          580         482         581
3          480         478         481
3          539         537         540
3          223         275         656
3          290         292         636
3          446         393         447
3          361         425         463
3          653         316         660
3          239         242         243
3          319         320         321
3          218         216         219
3          271         255         663
3          234         235         236
3          106         107         669
3          437         329         662
3          409         383         444
3          507         516         530
3          184         183         185
3           89         142         702
3          303         290         636
3          257         259         695
3          334         335         383
3          541         540         542
3          275         422         656
3          413         408         453
3          313         264         314
3          292         297         636
3          334         316         335
3          230         231         232
3          500         499         501
3          183         181         637
3          673         427         683
3          361         358         424
3          188         186         189
3          233         234         264
3          279         280         289
3          243         242         678
3          224         223         656
3          185         183         186
3          233         232         234
3          231         378         665
3          321         347         348
3          487         488         493
3          700         244         703
3          236         235         238
3          181         288         637
3          246         243         678
3          380         405         406
3          201         200         202
3          404         403         408
3          314         316         334
3          462         758         843
3          314         264         316
3          236         238         239
3           17          99         128
3          222         221         223
3           99         100         667
3          100         101         166
3          101         102         666
3          102          18         129
3          190         189         191
3          296         298         299
3          239         238         242
3          384         443         668
3          319         266         320
3          538         545         693
3          222         223         224
3          230         232         233
3          383         384         668
3          192         191         193
3          141         592         825
3          406         405         449
3          429         700         703
3          347         320         403
3          225         319         670
3          225         224         226
3          371         338         410
3          524         523         526
3          312         344         395
3          357         358         360
3          450         449         535
3          311         272         681
3          498         497         499
3           19         106         169
3          655         654         679
3          209         208         210
3          234         236         660
3          450         535         657
3          413         453         551
3          476         503         696
3          362         364         574
3          334         409         672
3          337         311         674
3          228         230         673
3          644         574         661
3          357         278         358
3          351         332         352
3          225         226         266
3          222         224         225
3          264         234         660
3          217         216         218
3          522         523         524
3          483         481         484
3          330         326         332
3          107         135         669
3          187         185         679
3          501         499         502
3          185         186         188
3          517         117         804
3          404         408         413
3          451         434         464
3          347         403         404
3          540         537         686
3          444         383         668
3          501         502         507
3          321         320         347
3          507         502         516
3          233         313         673
3          418         401         552
3          406         449         450
3          355         390         391
3          235         232         665
3          378         380         689
3          198         200         201
3          372         350         373
3          375         454         455
3          201         240         322
3          322         323         324
3          232         231         665
3          190         192         194
3          324         338         339
3          654         187         679
3          339         371         377
3          377         465         641
3          537         536         686
3          220         219         221
3          499         497         675
3          226         228         683
3          351         456         457
3          329         333         662
3          302         299         304
3          276         665         689
3          424         358         677
3          493         488         494
3          188         189         190
3          329         330         333
3          429         385         700
3          210         212         684
3          433         434         435
3          392         644         661
3          328         432         433
3          192         193         237
3          214         216         217
3          190         191         192
3          217         265         327
3          206         208         209
3          328         265         431
3          201         202         240
3           33         118         803
3          316         264         660
3          435         451         468
3          209         241         325
3          266         226         683
3          230         233         673
3          325         326         329
3          321         348         720
3          360         361         676
3          220         221         222
3          218         219         220
3          278         248         677
3          651         241         684
3          342         306         343
3          665         378         689
3          494         496         497
3          292         291         293
3          324         323         338
3          339         338         371
3          377         371         465
3          180         181         182
3          322         240         323
3          380         406         689
3          372         452         573
3          217         218         265
3          209         210         241
3          542         540         548
3          239         244         692
3          360         358         361
3          330         332         351
3          351         352         456
3          180         179         181
3          372         373         452
3          487         486         488
3          692         244         700
3          343         350         372
3          435         434         451
3          169         106         669
3          358         278         677
3           93          16         127
3          767         554         801
3          346         654         655
3          228         673         683
3          244         245         703
3          494         488         496
3          329         326         330
3          325         241         326
3          327         265         328
3          433         432         434
3          548         540         686
3          361         463         676
3          128          99         667
3          100         166         667
3          166         101         666
3          102         129         666
3          373         375         680
3          328         431         432
3          502         499         675
3          294         293         295
3          655         679         690
3          196         198         682
3          237         698         708
3          574         364         661
3          241         210         684
3          438         651         717
3          416         512         701
3          184         187         279
3          401         337         674
3          163         179         180
3          259         261         263
3          296         295         298
3          293         291         346
3          452         373         680
3          185         188         679
3          391         393         446
3          660         236         692
3          305         300         306
3          204         206         688
3          552         401         674
3          653         660         692
3           77          78         148
3          484         485         486
3          474         475         779
3          367         370         701
3          190         194         690
3          663         257         695
3          236         239         692
3          650         340         751
3          201         322         682
3          375         455         680
3          305         306         342
3          198         201         682
3          218         220         685
3           77         148         736
3          212         214         691
3          220         670         685
3          626         725         737
3          265         218         685
3          414         369         532
3          298         295         300
3          368         367         701
3           82          83         153
3          579         578         759
3          298         300         305
3           90          91         664
3          653         692         700
3          682         649         698
3          206         209         688
3          667         166         693
3          209         325         688
3          237         193         698
3          678         242         724
3          319         321         712
3          684         212         691
3          431         265         685
3          217         327         691
3          575         134         741
3          214         217         691
3          345         303         355
3          188         190         690
3          484         481         485
3          581         582         710
3          312         304         344
3          679         188         690
3           80          11         131
3          417         407         426
3          397         395         612
3          240         704         714
3          621         802         830
3          688         437         704
3          266         683         706
3          240         202         704
3          403         320         706
3          689         406         705
3          193         196         698
3          478         476         696
3          196         682         698
3          242         238         707
3          344         304         407
3          304         299         697
3          738          94         809
3          385         653         700
3          720         348         730
3          344         407         417
3          138          49         729
3          698         649         708
3          403         706         713
3          245         274         703
3          610         634         788
3          182         184         671
3          299         298         697
3          204         688         704
3          202         204         704
3          454         777         785
3          683         427         706
3          438         717         731
3          498         529         734
3          492         505         716
3          522         524         525
3          625         626         746
3          406         450         705
3          276         689         705
3          431         685         712
3          407         304         697
3          612         395         613
3          685         670         712
3          355         391         694
3          289         303         345
3          481         478         696
3          408         403         713
3           88          89         702
3          446         447         808
3          320         266         706
3          293         346         699
3          557         650         790
3          345         355         445
3          300         295         699
3          160         632         834
3            7           8         170
3          409         553         728
3          410         338         721
3          276         705         707
3          267         282         283
3          345         445         458
3          706         427         713
3          298         305         697
3          704         437         714
3          485         481         696
3          425         424         724
3          493         494         734
3          353         318         354
3          658         425         724
3          295         293         699
3          467         461         554
3          453         408         719
3          238         276         707
3          180         182         528
3          423         560         758
3          638          58         750
3          649         398         708
3          579         155         833
3          427         315         713
3          416         511         512
3          455         454         785
3          408         713         719
3          445         355         694
3          391         446         694
3           59         136         750
3          610         131         763
3          437         662         714
3          464         434         730
3          285         268         727
3          620         585         766
3          184         279         671
3          328         433         731
3          670         319         712
3          318         285         727
3          697         305         715
3           82         153         718
3          731         433         740
3          407         697         715
3          345         458         709
3          323         240         714
3          627         699         725
3           81          82         718
3          453         719         728
3          495         695         789
3          712         321         720
3          528         182         671
3          713         315         719
3          279         289         709
3          783         455         785
3          305         342         715
3          315         672         719
3          404         413         741
3          714         662         721
3          545         621         830
3          426         407         715
3          289         345         709
3          489         491         759
3          449         405         747
3          624         140         820
3          495         493         805
3           26          27         147
3          605         157         772
3          529         500         755
3          105          19         739
3          354         411         412
3          323         714         721
3          808         568         824
3          432         431         720
3          138         668         819
3          675         497         748
3          140          45         762
3          338         323         721
3          560         440         778
3           46         162         762
3          651         684         717
3          411         318         727
3          719         672         728
3          699         346         725
3          424         678         724
3          346         655         725
3          684         691         717
3          157          71         772
3          412         411         549
3          433         435         740
3          717         327         731
3          691         327         717
3          657         535         761
3          431         712         720
3           72         145         772
3           49          50         729
3          360         676         766
3          194         192         754
3          725         655         737
3          135         614         747
3          165         518         519
3          410         721         733
3          432         720         730
3          771         132         811
3          672         409         728
3          146         551         814
3          459         460         797
3          690         194         737
3          671         279         709
3          143         616         735
3          442         635         825
3          716         133         799
3          154         722         749
3          434         432         730
3          740         435         745
3          438         731         740
3          635         141         825
3          503         531         807
3          327         328         731
3           78          79         765
3           51         146         775
3          494         498         734
3          435         468         745
3          560         168         736
3          553         146         814
3           28          29         726
3          340         341         751
3          662         333         733
3           95         139         809
3          144         620         828
3          648         506         784
3          119         151         810
3          354         318         411
3          513         577         760
3          134         623         741
3          347         404         768
3          461         397         612
3          583         495         789
3           31          32         508
3          398         339         777
3          463         657         761
3          655         690         737
3           19         169         739
3          170         767         796
3          352         438         740
3          471         470         472
3          386         430         781
3           30          31         722
3           29          30         154
3          779         174         829
3          721         662         733
3          588         693         770
3          155          35         833
3          730         348         769
3          132         604         811
3          357         360         776
3          506         501         784
3          440         467         778
3          263         261         773
3          722         723         749
3          165         519         520
3          352         740         745
3          449         747         806
3          693         166         770
3          129         594         816
3           81         718         763
3          439         625         746
3          694         824         831
3          727         262         752
3          519         518         832
3          283         282         757
3          554           3         801
3          671         709         743
3          530         162         791
3          127          16         738
3          405         633         747
3          175         474         779
3          709         458         743
3           25          26         711
3          582         789         844
3          456         352         745
3          520         519         521
3            8           9         732
3          131          11         763
3          156         600         782
3          607         153         813
3            9          10         168
3          173          34         742
3           58          59         750
3          497         496         748
3          528         671         743
3          623         622         786
3          417         793         815
3          436         509         788
3           83          84         798
3          578         489         759
3          746         194         754
3          647         252         755
3          421         442         825
3          472         470         817
3          568         149         824
3          420         439         764
3          283         710         773
3          729          50         775
3          389         470         471
3           79          80         827
3          164         535         806
3          516         502         820
3          129          18         753
3          492         716         799
3          789         263         844
3          441         588         770
3          470         469         749
3          172          85         568
3          577         167         760
3          454         420         774
3           11          81         763
3          192         237         754
3          267         283         773
3          771         455         783
3          616         615         800
3          572         423         758
3          551         453         814
3          500         506         755
3          448         428         780
3          824         149         831
3          799         601         837
3          645         605         756
3          147         567         821
3          443         791         819
3          747         614         806
3          793         603         815
3          125         174         833
3          767         177         796
3          282         307         757
3          696         503         807
3           45          46         762
3           24          25         171
3          463         761         828
3          739         169         797
3           26         147         711
3          602         613         815
3          585         586         766
3          151         557         790
3          549         411         752
3          591         739         797
3           29         154         726
3          354         412         836
3          439         754         764
3          491         799         837
3          582         583         789
3          754         237         764
3          341         389         751
3           31         508         722
3          148          78         765
3          430         648         784
3          154          30         722
3          348         347         768
3          420         764         774
3          133         601         799
3          728         553         814
3          411         727         752
3          237         708         764
3          760         167         802
3          158         596         783
3            0          36         829
3          417         426         793
3          145         793         818
3          439         746         754
3          147          27         794
3          174           0         829
3          788         509         827
3          166         666         770
3          443         781         791
3          168          10         736
3           71          72         772
3          622         159         786
3          722         508         723
3          680         455         771
3           84         584         798
3          594         441         816
3           50          51         775
3          359         357         776
3          459         797         826
3          630         156         782
3          742         119         810
3          175         779         829
3           23          24         744
3          641         158         783
3          145         603         793
3          339         377         777
3          475         563         779
3          615         161         800
3           28         726         794
3          441         770         816
3          261         267         773
3          764         708         774
3          599         733         787
3          777         377         785
3          744         171         795
3          769         623         786
3          443         386         781
3          638         451         823
3            9         168         732
3          333         642         787
3          641         783         785
3          634         436         788
3          501         507         784
3          377         641         785
3          584         172         842
3          464         769         786
3          708         398         774
3          151         790         810
3          389         471         751
3          695         263         789
3          772         145         818
3          162         639         791
3          786         159         823
3          570         445         831
3          668         443         819
3           27          28         794
3           35         125         833
3          430         784         835
3          592         421         825
3          531         735         807
3          491         492         799
3          613         417         815
3          460         591         797
3          745         468         792
3          464         786         823
3          680         771         811
3          770         666         816
3          535         449         806
3          171          25         711
3          614         164         806
3           22          23         126
3          694         446         824
3          167         687         802
3          603         602         815
3          791         639         819
3          733         333         787
3          170           8         732
3          612         152         838
3          784         507         835
3          493         734         805
3          172         808         842
3          461         612         838
3          153          83         798
3           32          33         803
3          508          32         803
3          348         768         769
3          735         485         807
3          447         607         813
3          601         155         837
3          768         623         769
3          149         570         831
3          586         160         834
3          159         638         823
3           94          95         809
3          778         467         840
3          759         491         837
3          711         147         821
3          271         663         805
3          639         138         819
3          781         430         835
3          131         788         827
3          802         687         830
3          550         359         839
3          776         586         812
3          359         812         839
3          161         748         800
3          172         568         808
3          452         680         811
3          485         696         807
3          456         745         792
3          666         129         816
3          732         168         778
3          687         128         830
3          726         473         794
3          596         771         783
3          451         464         823
3          504         580         841
3            5           6         796
3          502         675         820
3          507         530         835
3          169         669         826
3          781         530         791
3          676         463         828
3          734         271         805
3          173         742         817
3          748         496         800
3           24         171         744
3           80         131         827
3          263         773         844
3          732         778         840
3          177         767         801
3          428         354         836
3          812         586         834
3          283         757         841
3          453         728         814
3          445         694         831
3          723         173         817
3           22         126         804
3          710         582         844
3          412         549         845
3          605         772         818
3          126          23         744
3          554         461         838
3          742         472         817
3          756         605         818
3            4           5         177
3           36         175         829
3          472         742         810
3          757         504         841
3          758         148         843
3          155         759         837
3          359         776         812
3          797         169         826
3          798         584         842
3          153         798         813
3          148         765         843
3          813         798         842
3          530         781         835
3          170         732         840
3          767         170         840
3          525         812         834
3          773         710         844
3          467         767         840
3          177           5         796
3          808         447         842
3          447         813         842
3           12          13         176
3          832         412         845
3          527         832         845
3          117          22         804
3           84          12         176

CELL_TYPES       1564
           5
           5
           5
           5
           5
           5
           5
           5
           5
           5
           5
           5
           5
           5
           5
           5
           5
           5
           5
           5
           5
           5
           5
           5
           5
           5
           5
           5
           5
           5
           5
           5
           5
           5
           5
           5
           5
           5
           5
           5
           5
           5
           5
           5
           5
           5
           5
           5
           5
           5
           5
           5
           5
           5
           5
           5
           5
           5
           5
           5
           5
           5
           5
           5
           5
           5
           5
           5
           5
           5
           5
           5
           5
           5
           5
           5
           5
           5
           5
           5
           5
           5
           5
           5
           5
           5
           5
           5
           5
           5
           5
           5
           5
           5
           5
           5
           5
           5
           5
           5
           5
           5
           5
           5
           5
           5
           5
           5
           5
           5
           5
           5
           5
           5
           5
           5
           5
           5
           5
           5
           5
           5
           5
           5
           5
           5
           5
           5
           5
           5
           5
           5
           5
           5
           5
           5
           5
           5
           5
           5
           5
           5
           5
           5
           5
           5
           5
           5
           5
           5
           5
           5
           5
           5
           5
           5
           5
           5
           5
           5
           5
           5
           5
           5
           5
           5
           5
           5
           5
           5
           5
           5
           5
           5
           5
           5
           5
           5
           5
           5
           5
           5
           5
           5
           5
           5
           5
           5
           5
           5
           5
           5
           5
           5
           5
           5
           5
           5
           5
           5
           5
           5
           5
           5
           5
           5
           5
           5
           5
           5
           5
           5
           5
           5
           5
           5
           5
           5
           5
           5
           5
           5
           5
           5
           5
           5
           5
           5
           5
           5
           5
           5
           5
           5
           5
           5
           5
           5
           5
           5
           5
           5
           5
           5
           5
           5
           5
           5
           5
           5
           5
           5
           5
           5
           5
           5
           5
           5
           5
           5
           5
           5
           5
           5
           5
           5
           5
           5
           5
           5
           5
           5
           5
           5
           5
           5
           5
           5
           5
           5
           5
           5
           5
           5
           5
           5
           5
           5
           5
           5
           5
           5
           5
           5
           5
           5
           5
           5
           5
           5
           5
           5
           5
           5
           5
           5
           5
           5
           5
           5
           5
           5
           5
           5
           5
           5
           5
           5
           5
           5
           5
           5
           5
           5
           5
           5
           5
           5
           5
           5
           5
           5
           5
           5
           5
           5
           5
           5
           5
           5
           5
           5
           5
           5
           5
           5
           5
           5
           5
           5
           5
           5
           5
           5
           5
           5
           5
           5
           5
           5
           5
           5
           5
           5
           5
           5
           5
           5
           5
           5
           5
           5
           5
           5
           5
           5
           5
           5
           5
           5
           5
           5
           5
           5
           5
           5
           5
           5
           5
           5
           5
           5
           5
           5
           5
           5
           5
           5
           5
           5
           5
           5
           5
           5
           5
           5
           5
           5
           5
           5
           5
           5
           5
           5
           5
           5
           5
           5
           5
           5
           5
           5
           5
           5
           5
           5
           5
           5
           5
           5
           5
           5
           5
           5
           5
           5
           5
           5
           5
           5
           5
           5
           5
           5
           5
           5
           5
           5
           5
           5
           5
           5
           5
           5
           5
           5
           5
           5
           5
           5
           5
           5
           5
           5
           5
           5
           5
           5
           5
           5
           5
           5
           5
           5
           5
           5
           5
           5
           5
           5
           5
           5
           5
           5
           5
           5
           5
           5
           5
           5
           5
           5
           5
           5
           5
           5
           5
           5
           5
           5
           5
           5
           5
           5
           5
           5
           5
           5
           5
           5
           5
           5
           5
           5
           5
           5
           5
           5
           5
           5
           5
           5
           5
           5
           5
           5
           5
           5
           5
           5
           5
           5
           5
           5
           5
           5
           5
           5
           5
           5
           5
           5
           5
           5
           5
           5
           5
           5
           5
           5
           5
           5
           5
           5
           5
           5
           5
           5
           5
           5
           5
           5
           5
           5
           5
           5
           5
           5
           5
           5
           5
           5
           5
           5
           5
           5
           5
           5
           5
           5
           5
           5
           5
           5
           5
           5
           5
           5
           5
           5
           5
           5
           5
           5
           5
           5
           5
           5
           5
           5
           5
           5
           5
           5
           5
           5
           5
           5
           5
           5
           5
           5
           5
           5
           5
           5
           5
           5
           5
           5
           5
           5
           5
           5
           5
           5
           5
           5
           5
           5
           5
           5
           5
           5
           5
           5
           5
           5
           5
           5
           5
           5
           5
           5
           5
           5
           5
           5
           5
           5
           5
           5
           5
           5
           5
           5
           5
           5
           5
           5
           5
           5
           5
           5
           5
           5
           5
           5
           5
           5
           5
           5
           5
           5
           5
           5
           5
           5
           5
           5
           5
           5
           5
           5
           5
           5
           5
           5
           5
           5
           5
           5
           5
           5
           5
           5
           5
           5
           5
           5
           5
           5
           5
           5
           5
           5
           5
           5
           5
           5
           5
           5
           5
           5
           5
           5
           5
           5
           5
           5
           5
           5
           5
           5
           5
           5
           5
           5
           5
           5
           5
           5
           5
           5
           5
           5
           5
           5
           5
           5
           5
           5
           5
           5
           5
           5
           5
           5
           5
           5
           5
           5
           5
           5
           5
           5
           5
           5
           5
           5
           5
           5
           5
           5
           5
           5
           5
           5
           5
           5
           5
           5
           5
           5
           5
           5
           5
           5
           5
           5
           5
           5
           5
           5
           5
           5
           5
           5
           5
           5
           5
           5
           5
           5
           5
           5
           5
           5
           5
           5
           5
           5
           5
           5
           5
           5
           5
           5
           5
           5
           5
           5
           5
           5
           5
           5
           5
           5
           5
           5
           5
           5
           5
           5
           5
           5
           5
           5
           5
           5
           5
           5
           5
           5
           5
           5
           5
           5
           5
           5
           5
           5
           5
           5
           5
           5
           5
           5
           5
           5
           5
           5
           5
           5
           5
           5
           5
           5
           5
           5
           5
           5
           5
           5
           5
           5
           5
           5
           5
           5
           5
           5
           5
           5
           5
           5
           5
           5
           5
           5
           5
           5
           5
           5
           5
           5
           5
           5
           5
           5
           5
           5
           5
           5
           5
           5
           5
           5
           5
           5
           5
           5
           5
           5
           5
           5
           5
           5
           5
           5
           5
           5
           5
           5
           5
           5
           5
           5
           5
           5
           5
           5
           5
           5
           5
           5
           5
           5
           5
           5
           5
           5
           5
           5
           5
           5
           5
           5
           5
           5
           5
           5
           5
           5
           5
           5
           5
           5
           5
           5
           5
           5
           5
           5
           5
           5
           5
           5
           5
           5
           5
           5
           5
           5
           5
           5
           5
           5
           5
           5
           5
           5
           5
           5
           5
           5
           5
           5
           5
           5
           5
           5
           5
           5
           5
           5
           5
           5
           5
           5
           5
           5
           5
           5
           5
           5
           5
           5
           5
           5
           5
           5
           5
           5
           5
           5
           5
           5
           5
           5
           5
           5
           5
           5
           5
           5
           5
           5
           5
           5
           5
           5
           5
           5
           5
           5
           5
           5
           5
           5
           5
           5
           5
           5
           5
           5
           5
           5
           5
           5
           5
           5
           5
           5
           5
           5
           5
           5
           5
           5
           5
           5
           5
           5
           5
           5
           5
           5
           5
           5
           5
           5
           5
           5
           5
           5
           5
           5
           5
           5
           5
           5
           5
           5
           5
           5
           5
           5
           5
           5
           5
           5
           5
           5
           5
           5
           5
           5
           5
           5
           5
           5
           5
           5
           5
           5
           5
           5
           5
           5
           5
           5
           5
           5
           5
           5
           5
           5
           5
           5
           5
           5
           5
           5
           5
           5
           5
           5
           5
           5
           5
           5
           5
           5
           5
           5
           5
           5
           5
           5
           5
           5
           5
           5
           5
           5
           5
           5
           5
           5
           5
           5
           5
           5
           5
           5
           5
           5
           5
           5
           5
           5
           5
           5
           5
           5
           5
           5
           5
           5
           5
           5
           5
           5
           5
           5
           5
           5
           5
           5
           5
           5
           5
           5
           5
           5
           5
           5
           5
           5
           5
           5
           5
           5
           5
           5
           5
           5
           5
           5
           5
           5
           5
           5
           5
           5
           5
           5
           5
           5
           5
           5
           5
           5
           5
           5
           5
           5
           5
           5
           5
           5
           5
           5
           5
           5
           5
           5
           5
           5
           5
           5
           5
           5
           5
           5
           5
           5
           5
           5
           5
           5
           5
           5
           5
           5
           5
           5
           5
           5
           5
           5
           5
           5
           5
           5
           5
           5
           5
           5
           5
           5
           5
           5
           5
           5
           5
           5
           5
           5
           5
           5
           5
           5
           5
           5
           5
           5
           5
           5
           5
           5
           5
           5
           5
           5
           5
           5
           5
           5
           5
           5
           5
           5
           5
           5
           5
           5
           5
           5
           5
           5
           5
           5
           5
           5
           5
           5
           5
           5
           5
           5
           5
           5
           5
           5
           5
           5
           5
           5
           5
           5
           5
           5
           5
           5
           5
           5
           5
           5
           5
           5
           5
           5
           5
           5
           5
           5
           5
           5
           5
           5
           5
           5
           5
           5
           5
           5
           5
           5
           5
           5
           5
           5
           5
           5
           5
           5
           5
           5
           5
           5
           5
           5
           5
           5
           5
           5
           5
           5
           5
           5
           5
           5
           5
           5
           5
           5
           5
           5
           5
           5
           5
           5
           5
           5
           5
           5
           5
           5
           5
           5
           5
           5
           5
           5
           5
           5
           5
           5
           5
           5
           5
           5
           5
           5
           5
           5
           5
           5
           5
           5
           5
           5
           5
           5
           5
           5
           5
           5
           5
           5
           5
           5
           5
           5
           5
           5
           5
           5
           5
           5
           5
           5
           5
           5
           5
           5
           5
           5
           5
           5
           5
           5
           5
           5
           5
           5
           5
           5
           5
           5
           5
           5
           5
           5
           5
           5
           5
           5
           5
           5
           5
           5
           5
           5
           5
           5
           5
           5
           5
           5
           5
           5
           5
           5
           5
           5
           5
           5
           5
           5
           5
           5
           5
           5
           5
           5
           5
           5
           5
           5
           5
           5
           5
           5
           5
           5
           5
           5
           5
           5
           5
           5
           5
           5
           5
           5
           5
           5
           5
           5
           5
           5
           5
           5
           5
           5
           5
           5
           5
           5
           5
           5
           5
           5
           5
           5
           5
           5
           5
           5
           5
           5
           5
           5
           5
           5
           5
           5
           5
           5
           5
           5
           5
           5
           5
           5
           5
           5
           5
           5
           5
           5
           5
           5
           5
           5
           5
           5
           5
           5
           5
           5
           5
           5
           5
           5
           5
           5
           5
           5
           5
           5
POINT_DATA        846
SCALARS Rupt_time  double 1
LOOKUP_TABLE default
   61.532921633929902     
   61.691498293868733     
   59.224961869091679     
   257.62579344444993     
   264.08071924948842     
   266.03514276730283     
   268.00517980818120     
   268.73781227679501     
   268.32842632886951     
   268.06969569635811     
   267.92151600872660     
   266.61635737461688     
   267.18467272037026     
   266.34934735862595     
   262.19861706113767     
   199.10035221406369     
   188.59312245210350     
   151.04209716014930     
   121.30650354911781     
   95.707175517940925     
   77.714102023445633     
   46.079580605463470     
   49.819220975599343     
   51.254299427065668     
   52.765621538551045     
   54.460115628275673     
   56.223634168549019     
   58.090148023886769     
   60.035970001597434     
   62.033697015476186     
   64.096789620630659     
   66.224579506842119     
   68.386583248550465     
   70.619909891460878     
   65.506402307994506     
   56.510158711205321     
   61.357368969541483     
   54.407902322853722     
   50.036501578715459     
   46.235160214991403     
   43.758945447031593     
   41.979625096486558     
   41.446520354241947     
   42.332800727988484     
   44.306127627041846     
   47.215634416762512     
   50.970776747272474     
   55.187882340998094     
   60.099271567134799     
   65.616184569151329     
   71.455633205868665     
   77.508828485197384     
   83.767364978334328     
   90.160067786977294     
   96.641844932359106     
   103.21141082672898     
   109.86405554531919     
   116.58138350171555     
   123.36740874055755     
   130.18685769494505     
   137.05030286406614     
   143.96144010671591     
   150.88557326122870     
   157.85137739821164     
   164.87417530770426     
   171.90316136469210     
   178.95526054425679     
   186.04006575398373     
   193.14893744917777     
   200.28922262625693     
   207.45722050080158     
   214.62164374885816     
   221.77851548824870     
   228.93825512456229     
   236.10376511087080     
   243.26892934872004     
   250.44211809932443     
   267.36348625583821     
   266.96515061743395     
   266.70438763296994     
   266.60354665740414     
   266.46946387630572     
   266.44595227815120     
   266.56256317515135     
   266.81862062675259     
   255.10408502679817     
   248.02798078883529     
   240.97261460441104     
   233.93338270146251     
   226.91633598912068     
   219.92308643706079     
   212.95596609501138     
   206.01571637283394     
   193.83754423789827     
   182.27926685219504     
   175.99693649700887     
   169.71461328204211     
   163.46160765008872     
   157.23772146702510     
   145.02974093548792     
   139.04429074450525     
   133.09466872303088     
   127.18554990919162     
   114.79516975514154     
   108.35331718330860     
   101.96886519363375     
   89.598624687268995     
   83.579868309715962     
   71.702241787822956     
   65.890202975281468     
   60.564570570639994     
   56.160737294135387     
   52.477386835255324     
   49.444636534481454     
   47.271537449305306     
   45.413828425983986     
   45.601812287959810     
   46.967811232615091     
   67.996426222052165     
   61.845974105352745     
   58.964318267549956     
   57.062742196396385     
   55.952933615796731     
   55.548645014861918     
   55.730152055540472     
   58.436763804588210     
   48.246144608704526     
   189.70705728981292     
   146.26423098915549     
   122.15275230517310     
   166.75230197435309     
   261.40737061707517     
   194.72247114591593     
   50.188546555013566     
   96.883390879932804     
   77.284141017091102     
   131.28071783740435     
   39.223503199296253     
   58.063695182194671     
   171.78847297706639     
   39.858969135078482     
   102.20095035093533     
   220.48888121380202     
   35.920929875494416     
   53.920804649265833     
   224.23434206936344     
   77.016158857270256     
   54.724765214175200     
   261.88744699437399     
   242.71635886017361     
   47.152559330644145     
   55.246747082562507     
   244.27692780243586     
   260.90952421425015     
   60.485333880418715     
   50.414146160616944     
   152.21058582134327     
   210.35107428200050     
   180.86997506919889     
   110.52384636940388     
   42.602051593731098     
   34.578609244543685     
   45.878560011962207     
   207.08822635794772     
   64.928795807665125     
   40.651692117354422     
   134.17736995828119     
   158.55834805980004     
   263.79325610753273     
   89.857922826045225     
   265.10398614458512     
   51.485552802764360     
   257.43615042868078     
   64.210550164614531     
   53.785293564479645     
   57.287134797583590     
   263.77325962036207     
   263.02966477797503     
   200.49389224909655     
   201.53539949123308     
   207.93036817334587     
   202.56434982772379     
   208.79130869661088     
   203.57284057612821     
   209.84824245261171     
   204.73548277672538     
   198.39667948506133     
   211.08589848664275     
   199.68483956410520     
   193.22511193227160     
   194.69746201646845     
   188.15180735074324     
   189.71763591591338     
   183.19938705377268     
   196.10336958093413     
   181.61020470014961     
   176.64395898905008     
   175.14791105398768     
   170.12082607057107     
   168.72330911488848     
   163.58906776035121     
   165.16299949962959     
   158.58135353313403     
   157.08309006964072     
   152.02491378656069     
   150.50302828222405     
   145.48127051931195     
   144.11905801111823     
   138.97329853598279     
   140.50242873725139     
   133.92802976665999     
   132.50457955247020     
   127.37965249045735     
   126.06086462581375     
   120.86892859585768     
   119.65326164991541     
   114.37965689295818     
   115.82199768876380     
   109.22566728895953     
   107.89170448886516     
   102.63097457233694     
   101.40277854484401     
   96.011787732938984     
   94.927473951168395     
   89.398922332211043     
   90.796627264597163     
   84.048697523172606     
   82.808506607864103     
   77.328065656280486     
   76.253206364604267     
   70.638847454715844     
   69.759095463382522     
   63.991083137935462     
   65.263396752190644     
   58.445263070521378     
   57.399394884483911     
   51.666695936837122     
   184.93985023670885     
   50.898050048371282     
   44.934474741104744     
   160.35081233992935     
   135.62331774298465     
   44.408113946815703     
   38.263344421256889     
   39.259554297729949     
   32.351852040054240     
   31.767881730403850     
   25.588755072888961     
   25.479394408841472     
   19.040057792698097     
   19.573272520799133     
   12.791182694932463     
   12.938932822676161     
   6.1019116132430300     
   7.0599911827724844     
   1.8400000000000001E-003
   7.2348985509491595     
   6.0547028872030957     
   12.495267593437152     
   12.189079247796650     
   18.236840263936806     
   18.389081349841042     
   24.013098480113705     
   13.537144388014447     
   60.202680446973176     
   110.92439127965751     
   85.816556538523585     
   24.432357603200622     
   29.429759824192139     
   173.88947358648926     
   155.53496890900021     
   5.2779999999999997E-003
   100.59376312745685     
   131.29138854270354     
   26.935601116018013     
   94.271529145148207     
   57.050612629943458     
   13.491090868608046     
   26.474383987623753     
   216.16544543993351     
   217.48760977132071     
   75.696292776950997     
   30.252774880354309     
   25.803236596034800     
   34.801585854525797     
   34.415881183712685     
   39.326502306354776     
   19.269536236283948     
   195.85017302324326     
   222.53008970270167     
   223.88366207340982     
   218.96275395003764     
   225.39242116942040     
   220.61961069276214     
   227.07730838357361     
   222.39751592966334     
   228.92855467146123     
   231.83774115337135     
   224.35933027241296     
   230.96322501519109     
   217.72579239581654     
   235.47423757522094     
   237.58387115789387     
   228.92424672411386     
   233.17613947234622     
   219.84556458684708     
   213.10967463173512     
   36.446077310549434     
   242.03041829051546     
   100.18774825406999     
   94.032587497635603     
   106.41107104698612     
   239.86954720944837     
   67.214159564686128     
   62.714770771251764     
   69.857163723914567     
   55.554557162320663     
   39.230702937667893     
   34.593048884152452     
   92.659682152372213     
   88.070671215394810     
   94.990631151319150     
   167.01587522079137     
   162.32927305902845     
   169.13533148294147     
   142.34282088715213     
   137.64533418071215     
   117.63266372813287     
   112.97475892742212     
   144.50445678006270     
   140.21008445462641     
   43.715418397612375     
   133.12276427693348     
   146.98548373880567     
   58.799358030120480     
   51.539995457598401     
   106.18290362922015     
   112.21700698467244     
   164.66286784565051     
   171.36905325117058     
   44.384166669287943     
   48.200043367225128     
   215.49872273945027     
   208.79560846273716     
   235.68050206206118     
   227.66767253400482     
   214.15337273623072     
   90.835541309835392     
   97.690990165319207     
   206.31681885164471     
   201.77176493478035     
   136.00400723293345     
   128.77220662570559     
   39.494949390279068     
   35.334219451902563     
   234.11541763884989     
   21.461389671465696     
   28.403959438456756     
   33.397732212559617     
   26.319912933680243     
   35.676091675136675     
   40.437360627639798     
   240.08143470365661     
   246.57963533799870     
   244.91888258961563     
   248.43783740560801     
   167.54230589411651     
   172.84563956843357     
   166.72572209544830     
   178.97582446532311     
   178.08323109900863     
   167.10070430681384     
   204.49642471495261     
   197.38031717647641     
   194.85675382850906     
   190.40577091002959     
   192.04006755418635     
   174.23506454299712     
   69.436525150197184     
   75.638612786770125     
   69.647937106354803     
   76.065201212463180     
   81.919476454178678     
   56.406643344956670     
   49.145873079516328     
   44.268240073552846     
   42.022401120367427     
   47.976475093163160     
   51.990808485723505     
   52.423455638662816     
   235.37345450450621     
   240.57545347517902     
   241.86081725039116     
   247.05307909462886     
   248.35908442924458     
   242.47498718980154     
   246.51410606029199     
   249.03126287495314     
   175.61353914369062     
   112.18734642398522     
   118.03657569329917     
   118.26733654851982     
   123.93616643115116     
   83.786924247703112     
   86.980469003997698     
   70.409613982798888     
   63.828875711052078     
   228.87927631480045     
   79.944211927137673     
   63.570034076415553     
   160.10025490179947     
   30.127799108054614     
   31.914219187092989     
   84.486089882136696     
   184.19776499081559     
   183.24278353815896     
   177.44874650240018     
   231.54661016709150     
   124.32166958190589     
   129.88552132225550     
   188.24799042451872     
   106.14018274742681     
   87.980867335199576     
   252.83310121579672     
   38.825226624028424     
   45.618709877043116     
   224.56208176773364     
   74.281311967433155     
   40.304668824552458     
   36.805464110672816     
   34.583162250726183     
   106.18634939196644     
   108.59534227382346     
   115.43866413068379     
   111.48975962513451     
   118.38207287284760     
   252.77067976791491     
   149.07251642869872     
   126.24730814446509     
   192.86024600423869     
   255.01304102826231     
   123.81505333141769     
   111.20630404015563     
   47.226174562424134     
   62.689339799456405     
   232.97072331430579     
   246.20914655308931     
   252.17171272462176     
   43.943550783138676     
   64.803508847813532     
   58.155751150623885     
   114.87054323729834     
   200.13254475059330     
   77.421569942930773     
   183.97741402185170     
   186.37521973413823     
   132.26071802858937     
   139.79172265727092     
   226.44029410601888     
   82.937154710620462     
   88.434052078976876     
   251.87653953268961     
   254.77084646774105     
   47.234434647096307     
   107.70546785214121     
   170.10417416778793     
   182.64617111472330     
   257.44658944222141     
   121.64389228398210     
   56.372895398353847     
   57.197353914053316     
   53.616358289155528     
   57.041920648561280     
   55.156055349942037     
   52.496390307788374     
   46.235577106930684     
   40.039709961739788     
   40.485718002610398     
   33.865219188174848     
   35.232486449481435     
   28.452126190436662     
   27.358633759394344     
   31.830384862235963     
   21.693066740443619     
   20.997170127603262     
   27.854957338596471     
   22.939305284930750     
   15.086831533753147     
   18.391003827585958     
   38.348317051017339     
   35.901191249711097     
   41.619858555496478     
   39.961576802618225     
   10.759578531617434     
   14.344683551206174     
   7.3095786445585640     
   21.796841551877058     
   20.648603500140670     
   13.916143104230549     
   21.262229161437574     
   16.097790160573918     
   23.566249918328083     
   28.515717962307601     
   40.720932921901330     
   34.221743817365436     
   39.173569684558693     
   21.382779794409540     
   31.210131039087667     
   65.198558731345884     
   259.09654331599143     
   189.07573524406325     
   177.66289901746444     
   171.72894245434424     
   165.45839815277549     
   43.710500044715729     
   47.921658398886343     
   36.588525183883078     
   42.543843443343967     
   37.546112503380137     
   34.403603282174124     
   39.286993100662336     
   33.193630052387597     
   32.944207508130859     
   27.164568214597839     
   28.086150411531193     
   33.767679050835824     
   20.907837413378147     
   28.505730544378743     
   214.06715883995355     
   7.7095697000233772     
   39.008516412733506     
   38.046361986267193     
   185.44305269319509     
   188.39286846959612     
   194.48791723560234     
   59.625672117029765     
   130.41331467199296     
   135.87501466862346     
   135.50782172772276     
   141.41018727457853     
   141.88769935140348     
   147.35505023438625     
   147.99484556387478     
   153.38752659577099     
   153.41278831054268     
   141.92989648810769     
   159.33677158132298     
   159.59377027847492     
   142.67725399537025     
   25.559654336372159     
   19.963430275844289     
   82.373702446086000     
   118.79496938347363     
   69.875558021188638     
   255.22760949903343     
   190.61250092157584     
   52.654320609868840     
   49.147930596678400     
   45.227018851716679     
   42.834670662496308     
   258.93795246641452     
   165.77890746744978     
   14.351702799318677     
   46.872539653841194     
   40.569651531667262     
   160.79021726209569     
   154.32555379036529     
   51.481412739806650     
   250.09358575931935     
   195.17953479165752     
   235.40693133782290     
   14.309886501127856     
   250.48372648163149     
   207.20968679616931     
   238.35956553970922     
   90.128206720164059     
   50.784871758248542     
   164.75908232312770     
   41.877081782703030     
   48.083195806328824     
   29.766202961838619     
   25.215196724978387     
   18.800903448090736     
   14.919384644558932     
   261.25740659226477     
   45.250709790694032     
   38.082695688450755     
   186.72491015749091     
   129.64604207528646     
   87.970462437851481     
   94.265029229950088     
   95.104677240478850     
   100.53344861223422     
   162.15025014060330     
   118.17312491302350     
   22.188474049627715     
   187.71397099293767     
   173.82765664100492     
   162.75537935100218     
   156.25998402353537     
   158.85994759040003     
   50.457881914467272     
   238.33787672929347     
   231.40302653530475     
   202.18545475938609     
   214.09070002346897     
   59.204759874694034     
   254.16916805085626     
   255.11145856882817     
   249.91524301480439     
   256.00713521498898     
   244.10225820695030     
   245.95359044196715     
   238.77487106077598     
   71.230411757878514     
   34.619098727615736     
   27.188649303368067     
   137.63452154187999     
   125.00881606056129     
   113.30772935060484     
   48.317949820054544     
   147.67937134498604     
   103.65793969019516     
   98.374593937543509     
   35.290568713907781     
   199.48468990081383     
   204.35012719539827     
   211.10506288299069     
   100.13307563306671     
   145.04897266705561     
   147.10711776641617     
   136.46161627014376     
   39.526917957041000     
   78.034542683291363     
   251.06301895427711     
   109.69799682167479     
   230.33206988504966     
   197.12605369411921     
   117.34980692541379     
   52.289489654878295     
   81.763147190911738     
   177.28378457223783     
   143.16782107911655     
   233.56907725873853     
   236.80849111294151     
   211.32011177345063     
   148.97105518574566     
   19.544012399162725     
   28.695974399462607     
   173.64187677628263     
   46.244917757804558     
   130.88667022458401     
   180.18647512929005     
   48.385541409896405     
   212.50087480638373     
   207.66558594212592     
   88.465001797300289     
   52.614695141008099     
   51.348560922919269     
   82.043789815182635     
   53.207639737509560     
   243.33029572134237     
   151.36192606215579     
   5.5230000000000001E-003
   213.78539026376723     
   63.353154503937368     
   128.22617199753805     
   140.24327656119922     
   55.452205949674266     
   83.805583337290329     
   97.527045135521945     
   215.02203922408566     
   65.973846094793345     
   72.100104388215158     
   112.59742905190208     
   27.345635171747940     
   42.883079403968942     
   32.118198452711454     
   38.082209092009251     
   206.08820203966658     
   193.21100836985937     
   106.92678383625918     
   171.74436875682287     
   78.951567415311530     
   128.99416105810155     
   104.21613826062296     
   136.51083081877579     
   152.39478315791956     
   147.09346690148078     
   63.308663588785208     
   201.14223369437221     
   122.40055671958889     
   46.214131273211095     
   135.12529056378884     
   239.42290250535189     
   6.8117489033000176     
   33.670081852429846     
   226.51054779644025     
   178.36566433010182     
   215.94298188247845     
   41.168014614615814     
   172.05302006261323     
   228.03144228208396     
   33.818665858908957     
   153.72690324881535     
   57.289044807774914     
   81.166246205042654     
   50.923206895989999     
   180.12621573459433     
   221.28839306240440     
   23.618016233750609     
   52.637411787100945     
   99.447104643491755     
   76.812216673157423     
   155.73323435509147     
   222.20496892494288     
   44.860797971122956     
   124.20334441811315     
   260.85526852486635     
   72.955738842799505     
   101.80809294166552     
   157.88341996351221     
   62.871450648003346     
   61.447839773213076     
   44.598609019402311     
   209.30267718221310     
   58.514576070320260     
   29.546681745126087     
   70.673560692105852     
   64.325246464948165     
   104.48811624348349     
   119.65786352896951     
   264.46741858314931     
   153.64834385335655     
   6.9302172410069387     
   30.551944981732483     
   263.95568408151894     
   202.58397403675616     
   184.17056610433326     
   95.880089467782113     
   122.18075894293689     
   91.469819821276388     
   61.080251941361766     
   220.16513808419569     
   49.506133164999738     
   125.10454950113058     
   197.70671317333165     
   71.529511337937464     
   27.692190163877928     
   59.420295006298133     
   124.61411665157945     
   49.040874440638014     
   24.325809730082788     
   116.26744976121311     
   191.18818207344918     
   14.663077415294728     
   217.98130397373387     
   32.871537992702734     
   256.16669352000883     
   44.234191580041426     
   159.21558226096687     
   53.390258876235741     
   43.978636937230064     
   261.62513548905753     
   186.50763061436302     
   261.87126647201427     
   40.247849611373297     
   260.93178788232279     
   94.034691171383855     
   100.82068355578583     
   129.07746501887991     
   190.18083535350101     
   217.06879024560951     
   19.844494730854294     
   181.90788555039580     
   71.022165150578999     
   33.218022360840379     
   177.55623893445295     
   260.07251105666279     
   51.721358373362108     
   44.875929317857057     
   40.869006848386590     
   153.26862959678471     
   183.49627739076629     
   28.929038651203989     
   180.23738465152570     
   105.37596744160406     
   149.95420771187645     
   257.06579799520102     
   12.871492982458575     
   52.491270867496112     
   45.516153374568120     
   128.18134254926437     
   227.63401580312478     
   57.291631791858684     
   48.733689438537048     
   265.29096647074499     
   89.659955249752684     
   261.65544984543146     
   45.452747403892332     
   28.495098062753101     
   259.76403599187381     
   153.43427685200501     
   67.489832049287770     
   46.397057361404094     
   4.6955861804859982     
   65.667629383611740     
   33.898023002976061     
   252.05868456179101     
   177.94305141034593     
   57.485589256060052     
   196.08410202950594     
   31.606592064623705     
   256.91208448979177     
   74.998247787803152     
   234.25844703540710     
   123.81268935900994     
   60.174501878151503     
   220.52668319970337     
   52.173114500010961     
   33.111790185655742     
   51.242369573517749     
   39.191485596514440     
   111.66541315031492     
   244.99591775557965     
   105.72133097646885     
   84.737537701192821     
   262.21247402628848     
   48.381227478121382     
   57.029230926043866     
   148.17880768358583     
   238.17776712950862     
   31.592153489396949     
   53.463507346842690     
   37.039651407284296     
   35.544853785207458     
   36.168581297560962     
   46.445247215182249     
   249.68291643203401     
   24.985471864654620     
   261.54370803706382     
   29.543216980421228     
   256.66264514015063     
   258.58587204073280     
   18.141828346034188     
   27.834967271652722     
CELL_DATA       1564
SCALARS slip  double 1
LOOKUP_TABLE default
   1.4890405712641379     
   7.7777848574553383     
  0.91350684306472252     
  0.34692322261609793     
  0.16309623499181952     
   0.0000000000000000     
  0.50265079533931412     
   8.7716346368492086     
  0.44679420159169120     
  0.58025337885845130     
  0.16167705077462402     
  0.36428078935333019     
   2.2725694988701823     
   0.0000000000000000     
   5.2235278420656996     
   3.9237017093807780     
  0.15356541525965106     
   6.6202766030016669     
   1.1535146476567140     
   0.0000000000000000     
  0.94089756628984644     
   2.8791123449810447     
   8.5016971742141134     
   11.268446381179229     
   5.5605311169283995     
   10.811947999591224     
   8.7642873364452640     
   10.340698223432348     
   0.0000000000000000     
   3.5178544350247503     
   6.9699711754868012     
  0.68553246970189252     
   4.0793005142937595     
   0.0000000000000000     
   6.8431163773717456     
   10.101740029479648     
   8.1281054103340189     
   10.463201807774910     
   1.7966931987431629     
  0.77916105245231493     
   0.0000000000000000     
  0.80990717382648691     
   7.0418564250528846     
   1.5072627746692233     
   4.1689229980763685     
  0.62704418566049869     
  0.96452396854961409     
  0.77240570430727251     
   3.3438184053927986     
  0.73780600027031273     
   3.3189771148868759     
   1.3666064049889648     
   12.988793546966161     
  0.71375202060991283     
   11.310560193196862     
   5.9351378836069806     
   4.7390078157569245E-002
   1.5667151409249739E-002
   0.0000000000000000     
  0.90491087353752020     
   9.7829786140124551     
   9.5449949569061072     
   1.2069430899380933     
   4.4623518309577648     
  0.11062231197800525     
   6.6215859940264599     
   3.3543255583178437     
  0.18579267985117548     
  0.84147866760833245     
   8.0903240441047775     
  0.26514506958598977     
   9.5207361369882264     
   2.0939279585745312     
   0.0000000000000000     
   10.474466748492770     
   5.5774461396511539     
   10.744983802255431     
   6.1723780498796472     
   6.9431869458532143     
   7.2471814753393557     
   4.2874739027419277     
   2.7659781822493716     
   6.8946461558095811     
   6.7116906954098265     
  0.19679513854845018     
   1.7362483378765279     
   5.9383942183814113     
   5.3584401756868854     
  0.59803115961202946     
   2.2764782506909986     
   7.3961028107798432     
   8.6945660373299205     
   7.5014686552526566     
   8.2891030627114048     
   0.0000000000000000     
   2.2267843174933004     
   7.2528069403731363     
   2.1461878817724060     
   1.9266677914468657     
   10.743912025116801     
   0.0000000000000000     
   3.1825903047775101     
   14.325597661602391     
   10.553454570612098     
   12.153242384674142     
   1.1047577583184718     
   10.819043833478373     
   2.0319900230632553     
   10.708951497593199     
   0.0000000000000000     
   3.6510154187724271     
   0.0000000000000000     
   0.0000000000000000     
   9.5794611378551870     
   14.431217556283944     
   5.9477301464608425     
   7.6064963864631574     
   11.003788287083710     
   0.0000000000000000     
   1.5861878186973029     
   4.1701158407807704     
   6.9284629529188191     
   13.447438205208899     
   1.8283304806314626     
   3.4622986194232559     
   1.5362862020877364     
   1.5189914472036961     
   2.6753928065475212     
   3.8037242488491834     
   0.0000000000000000     
   9.0556361493417565     
   7.3431128634081864     
   7.9832483866341706     
  0.21162670694713612     
   10.795080085805296     
  0.26674267451839379     
   11.548560410152160     
   0.0000000000000000     
   5.8717767838220238     
  0.54405297701105981     
   5.9942566515853537     
   1.7527029614615297     
   0.0000000000000000     
   6.3667968667136359     
   11.577018159130263     
   10.317827253595960     
   3.2924335862289804     
   1.9833994914967108     
   2.1746937154831887     
   2.0687921183188238     
   1.6932444051661446     
   4.1899961381094153     
   8.2790682686995201     
   0.0000000000000000     
  0.19022285929811522     
   1.7410157543198770     
   4.7884127144088682     
  0.98568549662307825     
   0.0000000000000000     
   9.9325108138516516     
   0.0000000000000000     
   6.7433270891716584     
  0.95197093590088977     
   6.5937276757635148     
   1.2741405762895293     
   1.1558972508700485     
   7.8729586319707705     
   15.199171714058778     
   12.858359643873397     
   0.0000000000000000     
   4.6375182746846351     
   12.011857380283178     
   4.4456761513757632     
   8.0131674788214173     
   10.010048379529941     
   12.024688873296480     
   14.176677445647430     
   6.8721760902728910     
   9.2042828134286907     
   1.5305937701212464     
   7.2435629993223190     
  0.31053252340071841     
   11.585705982507845     
  0.32184385133069504     
  0.38830415060880791     
   2.6550167484937299     
   1.8108508557606955     
   4.4030768120594956     
   13.375872074049978     
   4.7540920820394961     
   8.4380162423335143     
   1.9315939268873119     
   6.5861136229331860     
   2.2521223426356343E-002
   3.8517177770632829     
   11.985872844736853     
   1.8835975452440852     
   6.9524504167444565     
   2.6198244000081519     
   2.8703688558122757     
   4.8012712259539123     
   4.7950045756824462     
   1.3522424393534378     
   8.3903246501741418     
   0.0000000000000000     
   4.1962006490443295     
   3.9048709917916860     
  0.24036213992149524     
   1.9743092491048215     
   12.216615463003341     
   7.3538992056931081     
   3.5448699854829488     
   8.6510089612813381     
   1.0268319707884999     
   6.9203583108061908     
   5.7914822732824156     
   12.201176704554920     
   10.122183348103095     
   7.0063877735414088     
   3.4619878793235945     
   7.8910491875861819     
  0.27379076596275859     
  0.43691483337326464     
   14.424039503688380     
   7.7816364550433557     
   5.8975000869435350     
   3.9673992776430609     
   7.1708712432636252     
   12.257464516411357     
   3.1276812942879268     
   5.2118398787619284     
   5.5932411288423367     
   0.0000000000000000     
   3.2167093873321155     
   7.9702798290752543     
   10.801210277912162     
  0.82290197199863935     
   11.919420573033653     
   1.0913798273537001     
   9.6141638477382525     
   6.5931900675969004     
   3.0246695058926942     
   6.3673029487723305     
   7.6923446665739030     
   10.575802569076789     
   9.7448270681622375     
   10.403875332006152     
   4.2565437280509899     
  0.32903228327659906     
   6.1907892392550412     
   7.2390051502094215     
   1.0545982447592803     
   2.4079150691984363     
   8.4392242269286868     
   0.0000000000000000     
   1.0810805614720014     
  0.82705936105439459     
   3.7263688240703301     
   7.2239375982506928     
  0.86100678026389621     
   3.6203845661317819     
   5.0810833811284697     
   6.2295865565535617     
   3.0410730834986093     
   1.0106750939437974     
   2.9885594144140795     
   3.9429545561035293     
   11.328944643412029     
   1.9178132352370769     
  0.99902130888710716     
   6.6221869504625053     
   0.0000000000000000     
   6.1856600956928194     
   7.1365848171333344     
   10.711689333878478     
  0.92549393952136649     
  0.44224321402296835     
  0.65502204425062338     
   4.0861075807650860     
   14.408787446446345     
   8.6249755169040192     
   5.9119276508396919     
   1.9223413552702615     
   1.6177979292244486     
   13.517680487028221     
   7.3018534834092055     
   2.6315881743772964     
   6.0480946144642012     
   8.2038926794634808     
   8.7584805641380949     
   2.9679964340436960     
   14.298364028879254     
  0.53926100849783509     
   5.3129570220002682     
   11.060584383177863     
   5.9333539029425987E-002
   2.0043581248793410     
   1.0331346795400878     
   1.4351658836572241     
   9.0194781677960503     
   6.2335755170051916     
   4.5308169634696762     
   6.7697127133062773     
   11.654573840014045     
   2.5334703600466151     
   4.5261487368877313     
   6.4625746227115970     
   3.0540048437608522     
   8.8399931620023011     
   0.0000000000000000     
   0.0000000000000000     
   0.0000000000000000     
   3.4939078708318965     
  0.31855760871711480     
  0.17122054607337450     
   9.1486168393651539     
  0.52086009938257150     
   4.4522137467010765     
   14.361543326820563     
   12.535394512993287     
   0.0000000000000000     
   0.0000000000000000     
   1.2026785157651569     
  0.66273470361976261     
   1.5556540594126140     
   7.3483804849120666     
   7.0101568218346531     
  0.15983324702026441     
   15.418475981124764     
   5.5797727050669828     
  0.28660374837004104     
   12.591292120541114     
   1.8132431116291572     
   5.8494159713113998     
  0.79041991506781806     
   12.317540234689488     
   2.2719936742505809     
   8.0442471896825953     
   8.1296748176507876     
  0.22565690894824988     
   6.8479384995316392     
   11.821270805441594     
   9.6445235931727685E-002
   1.8245185387726117     
   1.0294203180571040     
   7.7540584095673681     
   3.9924289391203271     
  0.17456522935678428     
   4.5964150118318736     
   1.5142966684908699     
   11.747230449991928     
   1.6215659687885091     
   11.010215581575304     
   2.2926950793988685     
   13.664854825431542     
   7.7812175737275915     
   0.0000000000000000     
   4.5077733048567401     
   1.0590976408154231     
   10.927259210380470     
   5.3895700338532500     
   12.716592619255486     
   4.4946318184254971E-002
  0.57152730625248127     
   2.6193771265515031     
   2.4107205107263288     
   13.221110629700982     
   2.1234984052434811     
   1.9040235468471807     
   10.585995579629074     
   12.845122073141184     
   10.748536774786105     
   6.8280861225753480     
  0.89138117581993692     
   0.0000000000000000     
  0.14707906660300679     
   4.9092673130024451     
  0.99248169069199965     
   1.3985870927632376     
   1.3090530579583002     
   9.2206061416734837     
  0.39793331348230077     
   1.2039023014397841     
  0.89505183045825409     
  0.39187576007016295     
   10.856603929776238     
   15.792654193892190     
   12.177085010678033     
   6.4738275368846434     
   13.149860103754103     
   11.691590836272809     
   2.8319322626927192     
   9.5125631084015385     
   0.0000000000000000     
   0.0000000000000000     
  0.10158638755874168     
   1.4777929475857854     
   11.308831395499423     
   1.7871611390227418     
   2.3046299828337493     
   0.0000000000000000     
   2.2861358569111436     
   7.3128446501850872     
  0.77143660422789140     
   11.506483719895643     
   6.4695720264146637     
   14.259389293396740     
   1.0164730547166216     
   2.0085350539397009     
   7.5602732503306704     
  0.33789418213959349     
   0.0000000000000000     
   2.3056546592242291     
   13.291663009937954     
   10.265855338646585     
   12.814139160887278     
   3.8864681787877386     
   4.4289339443908400     
   1.8399472856479042     
  0.51599392969404534     
   1.9470304403469894     
   0.0000000000000000     
   10.638084725855485     
   6.0596357810361194     
   13.295937950225593     
   11.601821044174580     
   12.766111680099950     
   17.752855608691917     
  0.40518735324082189     
   7.0348007464588269     
   1.9412562346724662     
  0.41533565798956540     
   4.1525524420026123     
   3.5215406904461868     
   3.0127277536991781     
   15.025973832707679     
   0.0000000000000000     
   0.0000000000000000     
   10.934953710915948     
   0.0000000000000000     
  0.28915435833572428     
   1.8000154359596088     
   2.0467394440310214     
   1.2051388877089753     
  0.98228561658624425     
   3.1972855264873981     
   0.0000000000000000     
   4.3359252819818757     
   13.374112624168822     
   6.3724605737813507     
   8.8641459854954405     
   1.1022014181958975     
   13.098918082317850     
   6.7721555906775608     
   1.2811968652742434     
  0.99120972084337922     
   10.287181177401635     
   0.0000000000000000     
   1.1019316734375009     
   1.5255169217009019     
   9.0109669458752588     
   1.6229892490242175     
   4.3675141297617968     
   11.228907808530669     
   11.143875076537947     
  0.33781353458108199     
   0.0000000000000000     
  0.37770642477743749     
   12.273283953998138     
   10.508135928116760     
   11.934575663860809     
   4.3474891398712083     
   6.4863988451819452     
   3.3827606534143073     
   1.1598591139288126     
  0.25931380029346562     
   3.8172561954428876     
   3.5028569336346922     
   7.5383113179712042     
   15.699579253403094     
   0.0000000000000000     
   2.8059827218055386     
   1.5743884082915656     
   11.755301643148895     
   13.597629731673150     
   4.3988424738310563     
   6.8628588390653098     
   10.958517289573440     
  0.22204140962227140     
   3.2481963279052848     
   0.0000000000000000     
   0.0000000000000000     
   1.3194575885782456     
  0.46112623019704163     
   1.5427077225035291     
   14.105128040574051     
   5.7824956488885935     
   5.6463693467367699     
   10.331651645455791     
   1.3816416327674834     
   0.0000000000000000     
   4.2566326765311766     
   6.7757970099213320     
   0.0000000000000000     
   0.0000000000000000     
   13.078871830231849     
   12.561346726266519     
   1.5114921220686834     
   6.0455242362892028     
   1.6016283817149199     
   0.0000000000000000     
   0.0000000000000000     
   6.2141639637108401     
   0.0000000000000000     
   2.5777206349854427     
   10.283703693391317     
   0.0000000000000000     
   9.1526406315071668E-002
  0.27611629905459367     
   11.984731205890002     
   7.7225621735345609     
   11.174824944503133     
  0.93901297698256325     
   2.8563802671440377     
   9.3118849210957872     
   8.8487819667922381     
  0.67494010406935834     
   10.697587872944091     
  0.44679153614977096     
   0.0000000000000000     
  0.63591368897360123     
   17.736127842249061     
   8.3410000025160596     
   11.280804622448208     
   9.3356865870449255     
   11.462286392116271     
   12.984519912672919     
   1.2414586383207085     
   10.435407615902893     
   10.096186657104694     
   8.0165922478774938     
  0.26868603133573526     
   1.3472364044429310     
   7.7032961615758522     
  0.96823855002930703     
   12.144832549937993     
   0.0000000000000000     
   0.0000000000000000     
   0.0000000000000000     
   1.7980731755155357     
   13.102938055334208     
  0.98782579918057045     
   8.8307706255191523     
   8.7048324775708146     
  0.69969027790316674     
   11.942386882579651     
   6.0414310926740127     
   9.6017690331039240     
   1.2710805154871028     
   10.075333190725937     
  0.40746256707706718     
   0.0000000000000000     
   8.1741458694532216     
   0.0000000000000000     
   0.0000000000000000     
   3.8907006401845172     
   13.613677401283537     
  0.93486978387111930     
   0.0000000000000000     
   9.4831525025275827     
   8.7666104342688733     
   1.7288310337007256     
   1.2907262874375383     
   9.7580719392595068     
   9.7052581357167806     
   7.3696697001810501     
   9.7823956294899261     
   4.9043040885540341     
   9.9876224848772868     
   9.0882369209315534     
   0.0000000000000000     
   14.444535651766515     
   1.6924956327924263     
   5.0829805565101811     
  0.86912667960190715     
   0.0000000000000000     
   8.8826720962100296     
   8.9098627498728913     
   14.634511350728406     
   0.0000000000000000     
   0.0000000000000000     
   8.5882858957035797     
   1.3406803919984227     
  0.59282960733693157     
   0.0000000000000000     
   0.0000000000000000     
   0.0000000000000000     
   11.677087947559720     
   2.5802379794684365     
   7.5629223856546117     
   3.6964711382348376     
   0.0000000000000000     
   9.8064254664782204     
   8.5013207432109130     
   7.6923220779106760     
   0.0000000000000000     
   15.299516336098334     
   11.809632917888248     
   0.0000000000000000     
   0.0000000000000000     
   0.0000000000000000     
   0.0000000000000000     
   0.0000000000000000     
   9.3327491432330785     
   10.091572441311847     
   12.602824247340429     
   13.380459351964738     
  0.99391429927668384     
   13.218473365820875     
   4.8048322967538448     
   0.0000000000000000     
   10.103371403430137     
   2.7697078519255798     
   2.6113925955560058     
   7.4004794341931115     
   10.722934171033341     
   7.8818713314503830     
   8.3921431444478447     
   9.0918957710887067     
   8.1404606767263719     
   1.7139264334351241     
   10.884674680627294     
   9.6201211391445796     
   2.3386545480972010     
   18.658416611770864     
   1.1556355317227676     
   9.4690155003375747     
   16.298740749727433     
   8.8018535750007540     
   0.0000000000000000     
   1.4298720928203050     
   10.730054955936092     
   8.5834509751298551     
   2.1193784697712426     
   19.078904613737162     
   3.6994384737424570     
   5.9537225811150858     
   5.6923162522409880     
   11.804356198655977     
   7.0235418980611799     
   0.0000000000000000     
   0.0000000000000000     
   0.0000000000000000     
   0.0000000000000000     
   15.009621162290598     
   12.267674439674412     
   0.0000000000000000     
   1.8488356318379553     
   10.267923241144576     
   1.8782957084617111     
  0.54525274551484482     
   3.7832191628348912     
   0.0000000000000000     
   4.4413841532672249     
   8.6748972726929079     
   14.945410718419803     
   0.0000000000000000     
   0.0000000000000000     
   3.3748814485672525     
   7.2134211586549446     
   1.0400318325405233     
  0.98468608166165128     
   4.5079000876341837     
   14.635193192147241     
   9.7462619555938392     
  0.45028100462982601     
   8.0229602358069982     
   1.4449053137681520     
   9.4776895959451668     
   12.367681837034709     
   1.0924313834602515     
   1.1452877949115585     
   0.0000000000000000     
   7.4794353677752543     
   8.2047973533443166     
   9.1111168438399428     
   12.830273221936151     
   7.6554819902787887     
   11.390787489885071     
   2.4697735754621251     
   12.243093845991627     
   4.4317687806114643     
   4.6458016922102736     
  0.37724425102143583     
   13.296219109974061     
   0.0000000000000000     
   8.6218237058105807     
   1.0096313074121994     
   12.343251727850827     
   12.639457400808977     
   9.2447203880605358     
   3.1346437820168482     
   8.0367862706645834     
   9.5036305066360001     
   13.005204136398177     
   12.663262594175782     
   9.7153244830824903     
   15.051501411195211     
   9.5317698230011150     
   1.6710801678253933     
   4.8165451815823763     
   3.1429628905832039     
   6.7659751656781939     
   6.8230233894446632     
   9.8836641299475527     
   18.503431130577383     
   3.2363314384217334     
   9.3392968956059388     
   9.2357141685668918     
   12.345512127371922     
   7.1316597271171034     
   20.559756806347341     
   12.431398330459739     
   10.187830999268925     
   11.755057365130535     
   14.751884936849388     
   8.8347158115582278     
   4.7967607995249386     
   11.022898970130734     
   15.637857943751710     
   11.283817336659760     
   4.5564193479227955     
   10.879233759391292     
   10.081148542744920     
   16.062638995284296     
   3.7571468535794197     
   3.1392070642186782     
   12.943978421502193     
   2.9275092679469945     
   0.0000000000000000     
   19.533241000464418     
   17.101527572633184     
   12.288274402903115     
   9.0326687303543984     
   12.874121764650148     
  0.68415434243819639     
   12.433894799324829     
   4.8690891454652814     
   1.0934426175370948     
   14.886194146758411     
   4.7133098604822203     
   11.769331648217994     
   2.1515949473075242     
   14.938345509565332     
   10.669844384667529     
   19.158269432093068     
   12.779613982520386     
   7.0029986893054037     
   12.778317068153905     
   1.9307842234712362     
   14.351577307851219     
  0.62163388803970465     
  0.92265924087239226     
   12.551012183610640     
   8.9720912504489174     
   8.8058067360029195     
  0.25141994307689025     
   6.1344422773695637     
   9.9995814073343379     
   9.2897970753917782     
   14.770863443933775     
   12.052321004964432     
   3.6957410497895449     
   8.9286615307202570     
   9.0999847483881524     
   5.1417536767067888     
   10.079716777014994     
   6.9240318894537118     
   1.2745787760227578     
   9.5665903148059908     
   4.4826166402670777     
  0.54774224575247632     
   6.2297715186484206     
   2.7312424073665440     
   12.366103164179370     
   5.2382436800495267     
   4.2613597109296455     
   6.6640233824833954     
   1.5179168103518430     
   3.2973141166557887     
   2.8789942550399172     
   1.7574789317044048     
   2.9365041848071449     
   2.1460877720530598     
   1.3657109728072452     
   9.4195219314560887     
   14.017838812943539     
   1.4420971050387708     
   2.0799323588161314     
   5.9400323359849594     
   5.4166256127910559     
   9.1328698419227941     
   6.8370742387711383     
   8.3908527394362320     
   5.1054340910240983     
   10.250363763721461     
   9.8641403310856202     
   8.0392372456290229     
   2.1616978733264713     
   2.2305420560952820     
   6.4393262841294288     
   6.9186489779370017     
   1.9279669412706191     
   3.7604315952389467     
   4.0061591238666914     
   7.0897688467071349     
   14.059669506539015     
   2.2873313437379172     
   5.1667393403537094     
   1.1106614598451128     
   4.7483626380909705     
   11.402382612565669     
   4.9411947216604410     
   10.342482189965198     
   7.1156214095313652     
   7.1823569422593607     
   13.234971404649681     
   8.4776541714318991     
   2.9322466326792425     
   9.4393895858666479     
   12.633831699799286     
   8.9028946600779619     
   9.5633261924992166     
   11.291515785602826     
   5.1750138118682036     
   3.2383827856172047     
   8.2888957306317241     
   9.7509395520257574     
   11.586944960616140     
   9.7978762576428302     
   6.6121756609166864     
   20.371572081019259     
   3.0318890079312695     
   5.2849706583360643     
  0.91819503262620517     
   5.6479045056584170     
   9.5732294325421012     
   11.492491844046576     
   10.467138184288331     
   12.872453007012853     
   13.664335224284718     
   15.655610966005598     
   15.941034530112312     
   13.633666676962363     
   1.4828166962273626     
   9.0795135641409956     
   0.0000000000000000     
   8.1358300448408727     
   11.333873831954904     
   11.726832924544919     
   10.320799830408886     
  0.86347348132773560     
   15.039437558474802     
   12.524376690007308     
   4.5986445016112851     
   7.1827210578693057     
   5.1242512974584109     
   8.0710465523531223     
   11.868298178796895     
   4.3483427656360067     
   4.3042415751700194     
   0.0000000000000000     
   7.1021044284272961     
   2.1754020861476091     
   11.755490006354506     
   3.7341190408092593     
   10.564594092245809     
   3.7767145907412734     
   11.758209384051161     
   9.4876690707152864     
   4.3311480155191866     
   1.6960473940832426     
  0.56131727563990019     
   1.5830533341203079     
   3.5570726268982447     
   10.875107056587256     
   10.282376894317387     
   2.7524524515388360     
   7.8152401808165157     
   3.3390776531110946     
   11.118151651953115     
   11.420862080720548     
   7.8290919500957141     
   8.2378881664002499     
   4.3496570061119009     
   3.0182709345984771     
   5.0474423982865675     
   9.7863342318495867     
   4.9109756747921560     
   3.8555669266682600     
   10.026295788190279     
   6.7346701837220317     
   2.1905677944295121     
   1.5313747478246289     
   3.5680506243034062     
   7.5928658917390699     
   1.1870063979616980     
   3.3781865184973299     
   5.6327313614635806     
   2.3770779702026039     
   7.4137941439854078     
   8.4207319927683510     
   4.3379921641872148     
   3.1851230882344814     
   10.015143403103403     
   8.6656415435476664     
   22.054877686714587     
   1.1199302144553318     
   4.4037852474716610     
   19.303639326025859     
   12.748390519959456     
   10.767393078141700     
   12.833996190753334     
   7.4659439297494670     
   3.5123945437258230     
   3.6678123042548907     
  0.83124884950687372     
   7.0182914277060986     
   8.3656000829701362     
   3.2317730031150660     
   11.446716108680079     
   1.9960242581241612     
   4.6275163194774072     
  0.96413725257927940     
   9.1085480377599115     
   7.5315461567556827     
   3.6488042637364480     
   13.550050210364343     
   4.5135406337232720     
   3.9469500032134426     
   10.073872528279612     
   2.6765205492655091     
   2.9213822503337790     
   3.0296948116466020     
   14.797843668344964     
   9.4885954056705959     
   13.976311133916104     
   6.7398478466255112     
   12.937568077049669     
   5.4051606749405838     
   19.278910125420733     
  0.51210458628243738     
   5.8750113537004935     
   2.9533464699374012     
   10.625084275400306     
   11.810805124427615     
   9.2849289906604824     
   7.4357533948298169     
   5.6175611542375616     
   7.5101006015386229     
   9.0025869900153541     
   7.5381931339092203     
   8.9101063142969998     
   8.2747459727838919     
   1.9390153927350737     
   9.8481218473494980     
   4.4222983210394800     
  0.84268148194243531     
   8.7598692714831525     
   4.7967644526340711     
   2.1204474846424111     
   7.7705462929730862     
   15.869771771317687     
   7.3740464421623342     
   1.3563506070990101     
   8.2305437211898642     
   10.729315870884635     
   7.2689591381293939     
   8.5614879373568442     
   6.9786833767019516     
   3.9790072269873411     
   2.5988312573764305     
   9.1771971910637511     
   1.4546652016188393     
   2.8831142271493642     
   7.7298369248042595     
   1.7019200698223591     
   2.8796915782395831     
   10.706501093045166     
   7.9389029012274825     
   11.483980644763676     
  0.22461061233575286     
   1.1478807213121416     
   9.1202255444909337     
   9.1916450977155435     
   3.9838717177903460     
   5.3412266918723592     
   8.5288769425207036     
   5.0929681578678592     
   2.0749401256019233     
   6.6106659937795555     
   7.6908543395364006     
   10.889033736209814     
   13.027250692689815     
   13.644369766321249     
   15.130706630051495     
   2.1748229931155283     
   3.2641183727824785     
   3.0143121889906053     
  0.69133447598668429     
   6.2800329076123589     
   22.226983087479862     
   14.559850283003541     
   1.7936744659977959     
   9.8639209088335651     
   5.4978479161134644     
   10.988252099701251     
   4.3063872786323998     
   9.8540988020034597     
   7.7607335094913523     
   2.3994154645149433     
   1.3521402460902325     
  0.73346732160943540     
   2.0065042696706796     
   7.4869007608309932     
   2.6744640986518839     
   8.0956412234616533     
   1.6866305565551969     
   16.892436645955378     
   8.7329025018221156     
   6.4363917359668239     
   0.0000000000000000     
   2.3392358776586741     
   0.0000000000000000     
   15.844501021812778     
   10.726807088047687     
   3.8647757561673886     
   8.8347798843662986     
   2.3033917485647843     
   20.892479134453097     
   3.0843381666946836     
   1.6492414639324655     
   22.338160354172867     
   7.7904700809681025     
   0.0000000000000000     
   12.019913135449951     
   7.7695356964545956     
   1.6958163589453650     
   8.0137774093491725     
   14.330895996207381     
   1.4777508033183362     
   13.495225601486581     
   0.0000000000000000     
  0.98450053806344850     
   1.9066174275861789     
   6.3704377768714924     
   6.4918909068235040     
   19.105038911967334     
   15.636713843468469     
   12.150714840283632     
   14.656312952018503     
   15.647161713128460     
   9.0955203560461317     
   6.6827963485868551     
   10.497785924138952     
   6.4450471712727628     
   8.2404073211637687     
   1.0747941612089458     
   10.951213732385785     
   4.5819530542729989     
   11.895138363579392     
   2.2501240209979958     
   3.1308399910860603     
  0.38558135696308699     
   8.8493567855444546     
   0.0000000000000000     
  0.53862303217974261     
  0.25016756243311783     
   18.277212811202084     
   10.215383256386872     
   17.690957484783770     
   9.4689737102501468     
   20.194011597258623     
   6.7653355507760242     
   6.5898543915452059     
   17.565765436350141     
   1.0182606923941777     
   21.044412388166151     
   8.9692301054229517     
  0.60200801748725441     
   1.2725520043090042     
   9.5737974410899902     
   4.1946851254353250     
   4.1813676478738975     
  0.46299714693823008     
   0.0000000000000000     
   15.411468614009642     
   5.8229474601931734     
   8.8310377123375456     
  0.41660607550472212     
   4.7163666860703906     
   1.6167112372749257     
   19.343834333164033     
   20.250668906056774     
   4.2720007011808230     
   6.4440481909402090     
   4.6201853659971954     
   6.0063714747600825     
  0.76874889723458495     
   4.4382411897072211     
   2.8748177723181465     
   6.0622420561244166     
   7.7934652255167771     
   6.6050786723128390     
   1.1345086687194377     
  0.24668316666430160     
   7.7170419562880657     
   3.9917368383734555     
   4.0963678245458572     
  0.87004688122037666     
   4.1596246988731203     
   6.4915832702029483     
   2.2038553815916617     
   8.5379001312262819     
  0.72667482074353451     
   1.7678945980699226     
   4.9138549601039232     
   1.0822839425943960     
   4.3118184278313967     
   0.0000000000000000     
   1.3846283831878601     
   5.5897383103579639     
   8.2011639113532553     
  0.73231080971091589     
   5.0210381280228713     
   5.9238753285301291     
   1.9478412612627320     
   16.391631709626434     
   1.3029111406395888     
   7.3300997018860716     
   4.2462708530110929     
   5.3739202690822028     
   6.2277805692244419     
  0.84932163633973157     
  0.10258362430513733     
   2.6395669689244916     
   9.2029451082423304     
   6.4841510287023532     
  0.24851661404495315     
   0.0000000000000000     
   12.461702400780386     
  0.30990417352678340     
   5.2648242316451253     
   9.5245029698440309     
   3.6909117904299453     
   3.3420940415381697     
   4.2609736647489456     
   3.1197289927200367     
   0.0000000000000000     
   0.0000000000000000     
   10.902280768016126     
   1.6700500759790966     
   2.9345730805527577     
   8.6224546051963422     
   4.5555841378042121     
   3.9337437050454152     
   7.6567026835483318     
   4.1737824265402379     
   1.6044469327386486     
   0.0000000000000000     
   4.0541106696691278     
   1.1949417711481398     
   5.3838172669164246     
   14.414107683722106     
  0.85427699115200351     
   0.0000000000000000     
   2.3198084413227442     
   2.5520555411901502     
   6.3209954368629511     
   5.0687079448988888     
   3.9343524638154648     
   3.7010253313301522     
   1.7234505812135257     
   1.6425094711162553     
   3.9788954067382889     
   2.5562946725908309     
   7.9221950777868191     
   10.331996363202428     
  0.84162298152593062     
   4.8401770694500037     
  0.86655491094085979     
   4.1679094445539242     
   1.0991240807274132     
   3.1910120438402223     
   10.334548830826002     
   0.0000000000000000     
   6.0509677981987213     
   9.5735949667913705     
   4.9209582218259298     
   9.0516652063111334     
   3.0257238841341754     
   3.9073919499821410     
  0.54665892846878028     
   3.0158404068348545     
   0.0000000000000000     
   7.7966040522742128     
  0.44410411921185355     
   0.0000000000000000     
   6.9052198660129234     
   4.2047666367258412     
   2.3184558349878177     
  0.98277529621532755     
   8.7605522197340182     
   1.3470461537748357     
   8.7187616671312682     
   0.0000000000000000     
   4.3176113224295243     
   3.9314119474742548     
   4.4774983568464188     
   6.5221429235138766     
   4.4969831907492912     
   6.1749967029889756     
   0.0000000000000000     
   0.0000000000000000     
   8.6558111643008413     
   11.745747734200622     
   2.6425180000618522     
   5.2253764665648950     
   6.8771528148650747     
   5.1300971740951402     
   3.7289202543899567     
  0.97107574965735477     
   1.8419700718833625     
   4.0696109499801493E-002
   12.239785348247677     
   7.6143930285096131     
   3.9610925068506919     
   1.7344458175795752     
   12.342009809186806     
  0.23405604224873447     
   5.2994612503108396     
   2.6234291900305631     
   4.3920761366548797     
   4.9925994293006362     
   11.518933687817848     
   0.0000000000000000     
   4.4624240657337930     
   0.0000000000000000     
   0.0000000000000000     
   4.9864934347197156     
   3.8333806690907366     
   0.0000000000000000     
  0.32317752586022086     
   8.9022289597707136     
   4.4486347458157010     
   3.7378457516006987     
   12.532956726389818     
   8.0053521512224695     
   6.0195610322694479     
  0.39999697385183458     
   4.6736510891059480     
   9.8490853920560184     
   1.1455694349094268     
   3.9487868787693667     
  0.54157094619794943     
   2.7866357046375407     
   4.0771553466497439     
   6.3059683561219462     
   5.5956338030152191     
   5.4713848323773666     
   9.6089655879108573     
   0.0000000000000000     
   4.8506007176462340     
   3.5076206789213087     
   2.0563049681060193     
   5.7471514063258997     
   7.1436004928908199     
   0.0000000000000000     
   4.9939474998665707     
   12.775112558199993     
   0.0000000000000000     
   2.3761032243679301     
  0.62970247431515769     
   7.4518684914015356     
   5.3276249158750906     
  0.47405064511879796     
   2.0649153684968988     
   4.0252331349150152     
   5.8554442960832640     
   3.9762056641914225     
   3.4767733385589241     
   12.440980747538964     
   11.837974017882848     
   0.0000000000000000     
   4.6841598369129072     
   3.8901226826611386     
   2.9752107916737147     
   7.3907291640591941     
  0.59984471832219877     
   8.0216057113334432E-002
   4.7243690542767842     
  0.67684488224181993     
   9.5578195791799203     
   6.8014046212878316     
   0.0000000000000000     
   5.1683817044293265     
   10.576324064158987     
   2.7286982358968856     
   3.2568985892694928     
   5.7739501019511081     
   0.0000000000000000     
   0.0000000000000000     
  0.23466857485282169     
  0.36821703752249152     
   0.0000000000000000     
  0.21903229739382776     
   0.0000000000000000     
   4.0380794022516655     
   5.1971522448283345     
  0.71292706274115036     
  0.22520169761028952     
  0.11399180520240086     
   0.0000000000000000     
   1.2881323124841011     
   9.1337383804088610     
   8.1792867672034237     
   13.378640530851989     
   3.0775440235837337     
   3.2824111395199149     
   7.7744723732834844     
   1.5195346844112505     
  0.23099992049162718     
   4.7370777892095433     
   0.0000000000000000     
   2.8218937304630614     
   1.8387927054866708     
   14.295450741595248     
  0.42092831530207253     
   2.6208929347892145     
   12.871950009613144     
   5.2746145322750877     
   2.6623843855570897     
   10.173782034094033     
   5.8678579290172266     
   0.0000000000000000     
   12.862045732033396     
   1.1019156601840427     
   1.7826563764854575     
   2.5242977353610496     
  0.27549256700726088     
  0.84680746016802333     
   6.7328683913012730     
   7.2904199753762606     
   3.5905895604203351     
  0.34635289377001166     
   1.1941440779627976     
   9.6561452205523821     
  0.30302913039014523     
   3.7149693457985622     
  0.22822388328620163     
   0.0000000000000000     
  0.13842353155519521     
  0.72958811660617084     
  0.33490585611867779     
   0.0000000000000000     
   10.464966810339940     
   8.0616346068370479     
   9.9237920317807458     
   10.096063974219042     
  0.23770073889816043     
   8.1768099434618939     
   1.2874208831160254     
   3.5878181556262474     
   9.9279451957907625     
   7.5765474261466847     
   5.5143355480311556     
   9.6027787376633906     
  0.87094664517009124     
   3.4023440405237708     
   11.152346332871033     
   5.3157452765958704     
   5.1692750704932422     
   6.9232776539192811E-002
   5.3570256924202519     
   6.3226973945028231     
   4.0756161367784216     
   7.4947333587288734     
  0.24711431443443183     
  0.53605526548477422     
   3.4205792211809238     
   12.075760765828434     
   10.418412634990156     
   8.1167716032117018E-002
   0.0000000000000000     
   9.0989637778646923E-002
  0.24272784820436727     
   8.0828820834629145     
   10.333205832312190     
   0.0000000000000000     
   0.0000000000000000     
   12.158546613858174     
  0.52465887130549671     
   0.0000000000000000     
   0.0000000000000000     
  0.36721176669504813     
   3.9431161213903021     
   2.3426775243014855     
  0.44244109123332576     
   11.069963921670519     
   0.0000000000000000     
   7.0790762046407600     
   11.467818459982595     
  0.50808566498912344     
  0.43290057481096156     
   3.4511850146702001E-002
   9.1374599471571027     
  0.40142180542763345     
   0.0000000000000000     
   4.5880298293922035     
   8.9517816983491774E-002
   1.4452945183924875     
   9.5968614607752833     
   12.757181862722557     
   1.3923956879302273     
   9.7322185310847047     
   2.5086574672105044     
   3.3609174342509003     
   8.4540984067993588     
   1.1837008296623353     
  0.85872411702552043     
   1.5892004025992441     
   0.0000000000000000     
   2.6264300227835267     
  0.89892738095719693     
  0.49483813573582930     
   4.3973499623291676     
   1.4191350762334418     
   1.8795657593752755     
   1.1081370053238055     
   9.5460502596632484     
   1.0056818617669694     
   4.5566729264991892     
   2.5305645874924747     
  0.22914049562582381     
   0.0000000000000000     
   1.0836747896588439     
   4.6292271511738878     
  0.40551572639157268     
   10.287128276513677     
   0.0000000000000000     
   3.8527558706958995     
   13.592566927942817     
  0.38829732101446846     
  0.72054287609616441     
  0.23376122232510199     
   11.543377584996881     
   2.7747283668940099     
   1.4932117911716047     
   1.6707836686470257     
   13.580613990362883     
   1.9432177752535320     
   9.7614539950172912     
   2.6678875158384026     
   9.1298989381928806     
   3.1538400041489356     
   11.348147986580068     
  0.23537358100941722     
  0.34832101333774373     
   2.8552861073353148     
   0.0000000000000000     
  0.44905318643065040     
   3.7895821640701959     
   4.6758405551435160     
   2.2835838257128724     
  0.57534546462137026     
   7.3692812196061011E-002
   1.3461043203322050     
   2.6473465923959680     
   3.1320656765619415     
  0.73966070454669830     
  0.73179171037927648     
  0.11719043566355826     
   1.8101346112319519     
   3.6707345092077124     
   5.4541354543465150     
  0.52019618729690387     
   10.524514867608918     
  0.39492070651420691     
   1.0778313777148136     
   9.8370684323237452     
   4.1549580370273462     
  0.50852395460161093     
   2.4398705466866413     
  0.15856998107449782     
   11.543176254373012     
   4.0095474555268256     
   6.5222295928089515     
   4.6815722649373015     
   1.8218630404968466     
   2.8080481428678898     
   2.0510646638271455     
  0.66183351181179328     
   2.8143273603314891     
   14.749992330124362     
  0.15431029445578784     
   11.095823063054706     
   9.2174763676477554     
  0.66255289160106234     
   1.8011689148218997     
   1.4987950733484636     
   0.0000000000000000     
   2.5147146799671121     
   2.6532813937260515     
   10.260513532531002     
   1.5990910479013754     
   8.9086328381165174     
   5.2997995527625266     
   1.4423202006253233     
   3.3444209716036819     
   10.013699777181527     
   6.6563219712207536E-002
   2.0717611471103319     
  0.14984711036783779     
  0.13506109793345791     
   6.9647463387027555     
   6.0369319887744206     
   1.0059382774471792     
  0.91838808223150947     
   4.4364375631432234     
   2.4656135012212230     
   8.6821321703895009     
   2.8651808152471103     
   4.8482620871500561     
  0.23872363470048830     
   8.0913373912913915     
  0.13130014716005306     
   2.0278516825290662     
  0.61923562100510599     
  0.14681137970629668     
   0.0000000000000000     
   1.6486870663925266     
   1.1239272831307738     
  0.56696256297476544     
  0.87218689702823926     
   6.3310474036739635     
   10.937283348644375     
  0.74842871556328705     
  0.29140129528161551     
  0.38322817503058632     
  0.58769230937336525     
   2.4005798665931728     
   0.0000000000000000     
   0.0000000000000000     
   5.3941910145687775     
   2.2068338252567914     
   6.9176525422789598E-002
  0.18790003190347346     
   2.1774934506738739     
   1.6208574175892465     
  0.76373897283135672     
   6.1715948649500207     
   6.5690218602326453     
   7.0193875179144767     
  0.32429721258853439     
SCALARS vel  double 1
LOOKUP_TABLE default
   2002.3996130000000     
   2006.3122310000001     
   2013.3028099999999     
   2014.0971569999999     
   2003.4011750000000     
   2014.0311070000000     
   2014.0370670000000     
   2007.1511470000000     
   2014.8162210000000     
   2014.8794190000001     
   2014.9125810000000     
   2003.6526040000001     
   2011.8943509999999     
   2012.9552990000000     
   2002.7655589999999     
   2010.2630509999999     
   2016.4055209999999     
   2002.4149390000000     
   2014.0339090000000     
   2016.6201750000000     
   2014.4045520000000     
   2009.9365049999999     
   2002.4276950000001     
   2002.6722339999999     
   2002.6348149999999     
   2002.6401550000000     
   2002.3862939999999     
   2002.5191820000000     
   2012.1563550000001     
   2003.8509899999999     
   2002.6293510000000     
   2014.1428710000000     
   2002.7067589999999     
   2009.5394670000001     
   2006.4258669999999     
   2002.5960980000000     
   2007.7830560000000     
   2002.7268810000000     
   2013.8872260000001     
   2013.6372429999999     
   2012.5646950000000     
   2004.0310260000001     
   2002.4390590000000     
   2011.2540879999999     
   2002.6436750000000     
   2013.8735429999999     
   2014.6562879999999     
   2012.6999800000001     
   2003.6073810000000     
   2004.1924799999999     
   2003.8310770000001     
   2014.1101639999999     
   2002.8259980000000     
   2015.0264350000000     
   2002.6179910000001     
   2002.8002690000001     
   2004.2504300000001     
   2003.9160899999999     
   2016.8801340000000     
   2015.1818120000000     
   2002.3850800000000     
   2002.5068779999999     
   2014.7031390000000     
   2003.5315690000000     
   2011.1060230000001     
   2002.8087559999999     
   2002.4748900000000     
   2016.8211400000000     
   2014.9246570000000     
   2002.3066859999999     
   2009.1705800000000     
   2002.4500490000000     
   2012.2687289999999     
   2016.0659810000000     
   2003.3654700000000     
   2002.7355749999999     
   2002.9968360000000     
   2002.6151239999999     
   2008.2155040000000     
   2002.5643970000001     
   2002.7574770000001     
   2002.9406850000000     
   2002.7422170000000     
   2002.6714019999999     
   2015.9872789999999     
   2013.6442780000000     
   2002.4543120000001     
   2003.3225179999999     
   2014.1858319999999     
   2003.0800630000001     
   2002.6906890000000     
   2002.5032930000000     
   2003.1413060000000     
   2002.6058310000001     
   2012.0999090000000     
   2002.6937889999999     
   2002.5634620000001     
   2002.3827790000000     
   2003.6087379999999     
   2002.6668740000000     
   2016.8390509999999     
   2002.8077120000000     
   2002.9146780000001     
   2002.3768570000000     
   2002.7284729999999     
   2014.9684860000000     
   2002.5762810000001     
   2012.2262559999999     
   2003.6140969999999     
   2012.2234779999999     
   2003.8793370000001     
   2016.1991180000000     
   2016.8998770000001     
   2002.4924639999999     
   2003.1273070000000     
   2002.9213780000000     
   2006.7799540000001     
   2003.2085150000000     
   2012.4701219999999     
   2002.3266630000001     
   2002.5297499999999     
   2003.0096390000001     
   2004.1062700000000     
   2011.6738650000000     
   2010.8451920000000     
   2002.5184260000001     
   2011.2119459999999     
   2002.3823270000000     
   2004.2837159999999     
   2016.0141300000000     
   2002.5263760000000     
   2002.4425280000000     
   2002.7125209999999     
   2016.1525810000001     
   2002.8932380000001     
   2016.1994390000000     
   2002.5416250000001     
   2016.0995270000001     
   2002.5349530000001     
   2015.1552070000000     
   2002.4229160000000     
   2014.4322960000000     
   2002.7171290000001     
   2002.8522359999999     
   2002.8249420000000     
   2004.4620080000000     
   2002.5746360000001     
   2003.7783400000001     
   2010.5045640000001     
   2003.2564980000000     
   2003.7912100000001     
   2004.0220030000000     
   2007.5514850000000     
   2006.4622830000001     
   2014.9081990000000     
   2003.4218850000000     
   2009.0898529999999     
   2013.1824950000000     
   2011.8806800000000     
   2004.1148160000000     
   2015.3215640000001     
   2002.5891939999999     
   2004.1854189999999     
   2002.8880810000001     
   2014.1441940000000     
   2012.0362060000000     
   2002.6900760000001     
   2003.6284989999999     
   2003.8019310000000     
   2005.9633100000001     
   2003.0700460000000     
   2002.5256899999999     
   2003.2438440000001     
   2002.3877190000001     
   2002.7579350000001     
   2002.7639780000000     
   2003.4663160000000     
   2002.5639590000001     
   2002.7813890000000     
   2012.8575290000001     
   2002.4567860000000     
   2008.4461799999999     
   2002.5612080000001     
   2002.5469660000001     
   2013.8926220000001     
   2002.8805700000000     
   2002.9053759999999     
   2003.3749020000000     
   2003.2217040000000     
   2002.3543540000001     
   2004.4853210000001     
   2002.3550610000000     
   2002.8271390000000     
   2013.0634820000000     
   2010.5104460000000     
   2002.7309929999999     
   2010.8360390000000     
   2002.5312280000001     
   2002.4343650000001     
   2012.6861260000001     
   2002.4433160000001     
   2003.0728930000000     
   2012.7843270000001     
   2002.7715510000000     
   2013.4509380000000     
   2004.2973760000000     
   2011.1574419999999     
   2003.7343639999999     
   2011.9734719999999     
   2004.2166099999999     
   2002.7220789999999     
   2004.2172399999999     
   2002.5564199999999     
   2012.4321130000001     
   2004.3856659999999     
   2003.2047219999999     
   2002.2989080000000     
   2002.9470819999999     
   2002.7329060000000     
   2003.5968680000001     
   2007.2411230000000     
   2014.5999529999999     
   2003.7902429999999     
   2003.9305629999999     
   2004.3520149999999     
   2002.8950100000000     
   2003.2146290000001     
   2004.2516710000000     
   2002.3648679999999     
   2006.0526239999999     
   2004.0829759999999     
   2004.1683869999999     
   2011.5905000000000     
   2003.8991510000001     
   2002.6188370000000     
   2002.7108870000000     
   2005.4393769999999     
   2003.2899500000001     
   2007.6374290000001     
   2002.8399740000000     
   2002.8749680000001     
   2002.4393450000000     
   2002.7630999999999     
   2003.6292980000001     
   2002.9279590000001     
   2004.5974189999999     
   2002.6154360000000     
   2004.1008560000000     
   2011.2397140000000     
   2004.1979229999999     
   2004.5607760000000     
   2013.2586020000001     
   2003.4021140000000     
   2004.6932230000000     
   2003.0950330000001     
   2004.0156110000000     
   2004.9138009999999     
   2003.6397520000000     
   2002.3084289999999     
   2004.4922950000000     
   2006.4421210000000     
   2002.9506750000000     
   2007.0364330000000     
   2006.8357120000001     
   2003.3503989999999     
   2002.5106900000001     
   2002.4371349999999     
   2004.0031640000000     
   2003.9788710000000     
   2008.0169050000000     
   2002.6288050000001     
   2003.3065750000001     
   2003.6638750000000     
   2002.4051669999999     
   2002.8738579999999     
   2014.7335900000000     
   2004.0878860000000     
   2008.1579879999999     
   2006.6810220000000     
   2003.5179929999999     
   2004.4053400000000     
   2002.7082430000000     
   2003.5759530000000     
   2004.6310229999999     
   2004.5103640000000     
   2002.4058689999999     
   2004.1779140000001     
   2003.0055040000000     
   2003.9118120000001     
   2005.2718120000000     
   2007.1951879999999     
   2003.2614140000001     
   2007.8556169999999     
   2002.9606150000000     
   2003.0641180000000     
   2014.5762749999999     
   2012.4929250000000     
   2005.7807829999999     
   2004.2126699999999     
   2002.8574850000000     
   2002.5148810000001     
   2002.4259930000001     
   2009.3109959999999     
   2003.2184729999999     
   2002.8175080000001     
   2003.7159420000000     
   2004.7717190000001     
   2007.6912350000000     
   2003.5341280000000     
   2013.9135810000000     
   2012.5197610000000     
   2010.6116340000001     
   2004.4060549999999     
   2010.7829520000000     
   2006.8197060000000     
   2005.1156000000001     
   2012.9335980000001     
   2004.0812380000000     
   2004.1346840000001     
   2002.8866109999999     
   2008.9726040000000     
   2011.0762840000000     
   2003.8038429999999     
   2014.6404680000001     
   2012.3818580000000     
   2002.5663700000000     
   2002.5235009999999     
   2016.0549750000000     
   2003.1778540000000     
   2003.4475550000000     
   2016.1045910000000     
   2003.8974650000000     
   2005.2030390000000     
   2003.3074260000001     
   2006.8650470000000     
   2002.7763179999999     
   2013.2996230000001     
   2002.5347409999999     
   2004.9751879999999     
   2008.7740540000000     
   2002.4011640000001     
   2003.1660380000001     
   2009.2944330000000     
   2005.2323990000000     
   2007.5031050000000     
   2002.6998490000001     
   2004.6516819999999     
   2016.4043740000000     
   2004.4478150000000     
   2010.0078679999999     
   2003.2733440000000     
   2006.0994420000000     
   2003.1090500000000     
   2005.6347499999999     
   2004.6648740000001     
   2004.6863760000001     
   2016.7059830000001     
   2004.9304050000001     
   2004.6858790000001     
   2003.2713460000000     
   2003.0177240000000     
   2003.4045520000000     
   2004.9612159999999     
   2003.7274649999999     
   2003.7277870000000     
   2004.7439400000001     
   2004.3379379999999     
   2007.0053929999999     
   2012.8257480000000     
   2002.9511399999999     
   2003.6005060000000     
   2003.7049900000000     
   2006.2740110000000     
   2003.5361459999999     
   2002.4789310000001     
   2002.3978050000001     
   2002.4374020000000     
   2008.2423070000000     
   2007.1566980000000     
   2006.1761160000001     
   2002.8287180000000     
   2009.6334670000001     
   2004.0190370000000     
   2005.3638590000000     
   2010.6049439999999     
   2002.4490519999999     
   2003.5118620000001     
   2002.3943800000000     
   2004.3003850000000     
   2002.8517010000000     
   2003.9793930000001     
   2003.2533240000000     
   2004.5620030000000     
   2004.2701010000001     
   2016.4099050000000     
   2016.2926680000000     
   2012.2813799999999     
   2003.8146110000000     
   2006.7356270000000     
   2006.5795559999999     
   2016.7663910000001     
   2003.4199560000000     
   2005.2400370000000     
   2004.3285430000001     
   2003.1685179999999     
   2002.8386660000001     
   2004.4513350000000     
   2005.0882160000001     
   2004.2195210000000     
   2004.0413779999999     
   2008.0051360000000     
   2016.4374860000000     
   2004.4545690000000     
   2003.6858099999999     
   2002.5805339999999     
   2002.8052000000000     
   2002.5267679999999     
   2004.0387690000000     
   2014.2735650000000     
   2007.3540640000001     
   2004.0025960000000     
   2004.5599680000000     
   2002.4465220000000     
   2009.9051350000000     
   2004.2179779999999     
   2002.4759120000001     
   2003.4950120000001     
   2004.7216910000000     
   2006.5160100000001     
   2003.9741759999999     
   2004.0955110000000     
   2012.3337680000000     
   2003.0937460000000     
   2002.5089300000000     
   2011.3488420000001     
   2003.0493620000000     
   2012.0928300000000     
   2017.0209279999999     
   2003.2735390000000     
   2014.7301940000000     
   2011.1820170000001     
   2005.5617239999999     
   2004.4840310000000     
   2007.9154779999999     
   2004.0690629999999     
   2002.4420580000001     
   2013.4303050000001     
   2003.3864890000000     
   2003.8948539999999     
   2005.3305989999999     
   2002.5393420000000     
   2003.2701780000000     
   2003.7713859999999     
   2002.6739990000001     
   2007.7532930000000     
   2009.1058550000000     
   2003.0221660000000     
   2005.8391590000001     
   2005.8859849999999     
   2003.6676689999999     
   2005.1298380000001     
   2006.4171770000000     
   2002.4273940000000     
   2003.4174120000000     
   2003.2050250000000     
   2014.9725639999999     
   2010.4294970000001     
   2008.3817939999999     
   2003.7443470000001     
   2004.8856810000000     
   2003.0279280000000     
   2003.7521730000001     
   2002.8001350000000     
   2004.5159389999999     
   2006.8269150000001     
   2008.0195710000000     
   2004.7147849999999     
   2007.3963160000001     
   2002.3923020000000     
   2003.4134799999999     
   2004.9465100000000     
   2002.3588840000000     
   2003.6090010000000     
   2003.9780009999999     
   2003.0904849999999     
   2004.9996710000000     
   2002.5125570000000     
   2003.3501440000000     
   2007.3498509999999     
   2006.4931580000000     
   2016.3533809999999     
   2003.4828439999999     
   2006.3043680000001     
   2015.0063729999999     
   2004.9065439999999     
   2003.8613920000000     
   2002.4361300000000     
   2004.6674169999999     
   2002.4837270000000     
   2007.8993640000001     
   2016.6000550000001     
   2002.7909170000000     
   2002.7355600000001     
   2017.2476320000001     
   2009.3685539999999     
   2003.5299330000000     
   2002.3800530000001     
   2012.0995300000000     
   2003.2067770000001     
   2006.7138900000000     
   2003.9640669999999     
   2016.1599770000000     
   2002.5123819999999     
   2012.7528749999999     
   2003.9499400000000     
   2004.3149699999999     
   2016.3492520000000     
   2016.2307109999999     
   2009.2362350000001     
   2004.0576260000000     
   2004.0135990000001     
   2003.1054019999999     
   2006.4387409999999     
   2007.4944180000000     
   2003.5089680000001     
   2004.4362500000000     
   2006.5878170000001     
   2002.3701940000001     
   2011.9838080000000     
   2016.3360880000000     
   2013.9960679999999     
   2004.8614849999999     
   2002.4437240000000     
   2003.0548269999999     
   2003.4195520000001     
   2002.9380940000001     
   2004.7218190000001     
   2007.8498159999999     
   2004.1444610000001     
   2003.0947460000000     
   2004.2238199999999     
   2004.3380410000000     
   2008.7606840000001     
   2004.9242509999999     
   2007.6109400000000     
   2004.4162560000000     
   2017.1154600000000     
   2016.9995460000000     
   2016.9511319999999     
   2005.7677679999999     
   2004.5880729999999     
   2007.1732990000000     
   2003.1709599999999     
   2002.3118860000000     
   2004.7549289999999     
   2002.3636380000000     
   2003.6884640000001     
   2002.5730329999999     
   2008.1457530000000     
   2005.0378519999999     
   2013.7696520000000     
   2017.3157309999999     
   2003.0943210000000     
   2013.8022329999999     
   2009.5602090000000     
   2002.3579430000000     
   2003.7871379999999     
   2013.3491560000000     
   2017.0657220000001     
   2004.9421980000000     
   2003.2276520000000     
   2004.3127130000000     
   2009.0745870000001     
   2002.9073860000001     
   2003.3341230000001     
   2004.8158710000000     
   2003.1366080000000     
   2008.7946019999999     
   2002.4972170000001     
   2005.0350410000001     
   2017.4884130000000     
   2004.1866290000000     
   2004.4664849999999     
   2002.6309650000001     
   2007.6727080000001     
   2016.2181770000000     
   2003.1478259999999     
   2003.5971700000000     
   2004.0004360000000     
   2016.1741730000001     
   2017.0199820000000     
   2004.7714880000001     
   2005.4424010000000     
   2013.1916110000000     
   2017.0582520000000     
   2016.9847910000001     
   2015.8313280000000     
   2004.8444420000001     
   2007.5733430000000     
   2002.5324639999999     
   2008.4926109999999     
   2014.4734309999999     
   2004.6606850000001     
   2002.4546720000001     
   2007.7592230000000     
   2017.0690059999999     
   2005.1555699999999     
   2005.0120879999999     
   2014.3784189999999     
   2017.3557010000000     
   2016.7427150000001     
   2016.8378220000000     
   2017.0057230000000     
   2005.3693249999999     
   2003.5883710000001     
   2003.8599690000001     
   2003.7104760000000     
   2005.1216500000000     
   2003.1076900000000     
   2008.0371370000000     
   2014.1557869999999     
   2003.5933740000000     
   2004.2291319999999     
   2003.4977859999999     
   2002.9165510000000     
   2003.5697190000001     
   2003.6788449999999     
   2005.2207180000000     
   2003.6509410000001     
   2003.1779810000000     
   2003.4092780000001     
   2003.3332060000000     
   2005.3259270000001     
   2003.6245190000000     
   2004.8562649999999     
   2006.0343499999999     
   2004.5169670000000     
   2004.9862590000000     
   2003.6874809999999     
   2016.7861829999999     
   2005.6662490000001     
   2005.4999700000001     
   2005.6527870000000     
   2003.9507130000000     
   2005.3176739999999     
   2006.7048609999999     
   2008.0589160000000     
   2008.5672700000000     
   2004.4247800000001     
   2003.8984940000000     
   2015.2053309999999     
   2014.7175299999999     
   2015.4406739999999     
   2016.7851510000000     
   2003.6550940000000     
   2004.3190750000001     
   2016.7883340000001     
   2003.6099819999999     
   2005.2482180000000     
   2003.8871290000000     
   2015.2716300000000     
   2009.7138980000000     
   2015.8200500000000     
   2009.7581419999999     
   2005.6413430000000     
   2005.1137650000001     
   2016.5060539999999     
   2005.3221309999999     
   2003.5715510000000     
   2002.4283720000001     
   2004.5584280000000     
   2004.9013080000000     
   2008.9159440000001     
   2003.1293499999999     
   2004.2263510000000     
   2015.1507700000000     
   2003.4371480000000     
   2003.8200310000000     
   2005.5281070000001     
   2003.2815639999999     
   2007.0591420000001     
   2010.0374099999999     
   2016.2512300000001     
   2002.3289820000000     
   2003.1992110000001     
   2004.2646239999999     
   2004.5596730000000     
   2003.4612780000000     
   2008.1540570000000     
   2005.1413520000001     
   2004.9565210000001     
   2005.4588380000000     
   2008.8443689999999     
   2011.0694329999999     
   2003.3258800000001     
   2009.6679099999999     
   2006.3920850000000     
   2003.5825460000001     
   2002.4592580000001     
   2003.4664650000000     
   2003.9590710000000     
   2009.6765949999999     
   2003.3956659999999     
   2005.5331340000000     
   2003.3959550000000     
   2002.4797129999999     
   2004.9076450000000     
   2005.3104280000000     
   2005.9935080000000     
   2009.0614200000000     
   2003.1858279999999     
   2002.3615279999999     
   2002.4316570000001     
   2003.3482690000001     
   2005.8791430000001     
   2005.4780120000000     
   2009.8446080000001     
   2006.3765420000000     
   2006.2439509999999     
   2004.3299760000000     
   2003.7776660000000     
   2005.0066600000000     
   2004.9762539999999     
   2005.6786790000001     
   2005.1670429999999     
   2007.6248200000000     
   2009.0245800000000     
   2003.8093750000000     
   2007.7847890000000     
   2004.2921420000000     
   2004.6187490000000     
   2009.1290230000000     
   2005.5448380000000     
   2005.0036000000000     
   2004.0460120000000     
   2009.3188760000000     
   2003.8788509999999     
   2005.7281510000000     
   2010.3037500000000     
   2006.3139090000000     
   2005.1505900000000     
   2005.2917330000000     
   2005.9767139999999     
   2003.2862809999999     
   2005.1946780000001     
   2005.3206680000001     
   2005.0643980000000     
   2010.0847110000000     
   2006.2810580000000     
   2003.7342010000000     
   2010.1406680000000     
   2002.7408829999999     
   2010.4891689999999     
   2004.6800820000001     
   2004.8350969999999     
   2006.8897199999999     
   2005.4198030000000     
   2003.6202510000001     
   2004.6193590000000     
   2010.3747289999999     
   2004.1387040000000     
   2009.1573169999999     
   2006.8603270000001     
   2005.4610970000001     
   2005.8698059999999     
   2005.9912790000001     
   2008.9639170000000     
   2003.5026350000001     
   2005.4155009999999     
   2002.4392479999999     
   2007.0478519999999     
   2005.8824910000001     
   2011.7121910000001     
   2007.5615969999999     
   2004.7530190000000     
   2010.4119710000000     
   2005.8557180000000     
   2007.6491460000000     
   2005.2786670000000     
   2006.6143190000000     
   2009.1764989999999     
   2011.4831520000000     
   2008.7188110000000     
   2008.5345270000000     
   2006.1547830000000     
   2009.0034539999999     
   2009.2710400000001     
   2005.8569849999999     
   2013.5647220000001     
   2002.4055930000000     
   2011.1310410000001     
   2009.3879270000000     
   2003.8195639999999     
   2005.9781149999999     
   2008.0650880000001     
   2003.4862490000000     
   2004.8052640000001     
   2004.3985920000000     
   2003.1347169999999     
   2003.3602510000001     
   2008.2213340000001     
   2005.3097439999999     
   2008.8825560000000     
   2005.7742960000000     
   2005.9159580000000     
   2005.9846470000000     
   2002.4439510000000     
   2008.3392460000000     
   2012.8114570000000     
   2012.1521330000000     
   2003.6255590000001     
   2002.4198899999999     
   2004.0225009999999     
   2005.1155590000001     
   2010.9087740000000     
   2003.5526520000001     
   2004.5100150000001     
   2012.8554610000001     
   2008.5021480000000     
   2004.6517400000000     
   2009.8916300000001     
   2005.5928090000000     
   2009.3388910000001     
   2003.3013699999999     
   2007.7959619999999     
   2003.6859740000000     
   2004.2125579999999     
   2007.0545689999999     
   2003.7534310000001     
   2004.9182599999999     
   2005.2700120000000     
   2003.7448509999999     
   2006.3465659999999     
   2004.7153189999999     
   2010.3132670000000     
   2008.3540740000001     
   2007.2343189999999     
   2005.5207519999999     
   2003.1608799999999     
   2005.0151480000000     
   2003.4925740000001     
   2005.6589309999999     
   2011.4487310000000     
   2009.6664810000000     
   2007.9073269999999     
   2008.7208270000001     
   2005.6344400000000     
   2002.4117799999999     
   2005.4568820000000     
   2002.4319660000001     
   2002.4462450000001     
   2002.4570349999999     
   2002.4719399999999     
   2004.7686080000001     
   2007.4753069999999     
   2005.2053460000000     
   2012.4623059999999     
   2008.3509550000001     
   2002.9636550000000     
   2005.6254580000000     
   2006.1947210000001     
   2012.2956139999999     
   2005.4277070000001     
   2002.8749080000000     
   2003.2956640000000     
   2008.0377730000000     
   2010.1123950000001     
   2007.3003440000000     
   2006.4007130000000     
   2010.6866390000000     
   2003.2919649999999     
   2010.8787620000001     
   2003.5473520000000     
   2003.1410120000000     
   2004.4334130000000     
   2009.5919360000000     
   2002.4522700000000     
   2004.7958860000001     
   2005.8287350000001     
   2006.6459570000000     
   2003.1849040000000     
   2013.9751650000001     
   2010.4439870000001     
   2005.3353059999999     
   2011.4405369999999     
   2003.9781800000001     
   2006.5177500000000     
   2004.5636150000000     
   2003.8305889999999     
   2010.4455780000001     
   2007.0770370000000     
   2006.1992479999999     
   2007.2250309999999     
   2006.1227970000000     
   2003.0669559999999     
   2007.8712089999999     
   2009.1783190000001     
   2002.5233659999999     
   2004.1483330000001     
   2010.2793730000001     
   2004.0730630000000     
   2002.3806959999999     
   2012.4849090000000     
   2012.4796309999999     
   2011.0667830000000     
   2003.7479989999999     
   2013.1726130000000     
   2010.6635530000001     
   2009.7606699999999     
   2011.7129210000001     
   2007.4446900000000     
   2003.9829239999999     
   2003.3456030000000     
   2003.4537390000000     
   2005.2958679999999     
   2004.0300720000000     
   2005.4877120000001     
   2010.7501500000001     
   2011.1164990000000     
   2006.6572410000001     
   2007.8823080000000     
   2005.1848030000001     
   2005.5560860000001     
   2009.3326400000001     
   2004.3772919999999     
   2011.0061040000001     
   2012.8769589999999     
   2003.8551669999999     
   2005.6225509999999     
   2010.5270310000001     
   2006.8143689999999     
   2012.3200059999999     
   2009.2204720000000     
   2008.5617360000001     
   2004.4751830000000     
   2003.9959050000000     
   2008.6837590000000     
   2004.6050499999999     
   2009.5221830000000     
   2008.7441100000001     
   2006.2170699999999     
   2011.0786519999999     
   2004.1589070000000     
   2009.4927700000001     
   2005.9867030000000     
   2005.9202130000001     
   2005.2370599999999     
   2007.1297070000001     
   2005.6479790000001     
   2008.1280609999999     
   2006.2274379999999     
   2002.3127010000001     
   2008.0382870000001     
   2012.8901080000001     
   2006.8139630000001     
   2007.3126239999999     
   2006.6982680000001     
   2008.0362250000001     
   2009.9491750000000     
   2003.2283669999999     
   2005.8084369999999     
   2005.9703840000000     
   2004.4329960000000     
   2007.2687080000001     
   2009.7121560000000     
   2004.3939220000000     
   2009.8645440000000     
   2005.0105920000001     
   2008.7196050000000     
   2010.3281110000000     
   2012.1702610000000     
   2002.9676569999999     
   2007.3589440000001     
   2003.7773680000000     
   2012.7308989999999     
   2006.7219020000000     
   2006.3963120000001     
   2003.8224600000001     
   2006.3758519999999     
   2003.4787750000000     
   2010.1428550000001     
   2011.4944499999999     
   2002.8470299999999     
   2011.8463130000000     
   2008.8981369999999     
   2007.0840960000000     
   2010.4145699999999     
   2012.1438499999999     
   2002.5256320000001     
   2004.0719440000000     
   2002.3008870000001     
   2015.4439649999999     
   2005.0825480000001     
   2007.0229959999999     
   2006.6475479999999     
   2009.5543680000001     
   2008.8923930000001     
   2007.5141040000001     
   2007.8409560000000     
   2010.4313090000001     
   2003.9272249999999     
   2003.1755659999999     
   2002.4968670000001     
   2002.5146720000000     
   2002.5246560000000     
   2002.5384240000001     
   2011.3904370000000     
   2008.9410359999999     
   2010.8790320000001     
   2005.8881260000001     
   2004.9706100000001     
   2005.6577569999999     
   2006.8534450000000     
   2004.8256560000000     
   2006.6059390000000     
   2008.2795390000001     
   2002.9944160000000     
   2003.6880540000000     
   2003.8777680000001     
   2002.6511989999999     
   2004.7890930000001     
   2006.9874569999999     
   2005.1996999999999     
   2012.1492810000000     
   2004.2927299999999     
   2003.2308029999999     
   2006.7925060000000     
   2008.4097170000000     
   2005.8181460000001     
   2004.0888050000001     
   2007.5546270000000     
   2008.2134370000001     
   2009.0761990000001     
   2010.6061400000001     
   2003.3562250000000     
   2005.3518240000001     
   2005.5116220000000     
   2006.2448840000000     
   2003.1048340000000     
   2006.4455049999999     
   2011.7613940000001     
   2009.3563899999999     
   2005.8444830000001     
   2006.5619700000000     
   2009.0223440000000     
   2006.0623579999999     
   2006.7977840000001     
   2006.4320499999999     
   2006.9649870000001     
   2003.5707230000000     
   2007.2692549999999     
   2003.4471220000000     
   2003.1314660000000     
   2007.2497100000001     
   2008.0947400000000     
   2002.3159029999999     
   2007.7152500000000     
   2006.6601870000000     
   2006.0007419999999     
   2002.6766769999999     
   2006.5991480000000     
   2006.2085820000000     
   2004.4845600000001     
   2008.5585500000000     
   2006.4252349999999     
   2007.6598970000000     
   2006.8808389999999     
   2014.9258629999999     
   2006.2704500000000     
   2003.4014470000000     
   2004.8692400000000     
   2008.7077990000000     
   2005.8425999999999     
   2010.2010820000000     
   2004.6964129999999     
   2004.8279760000000     
   2012.1864240000000     
   2012.2162109999999     
   2007.0871740000000     
   2002.8083280000001     
   2006.8297390000000     
   2008.0925900000000     
   2006.4213310000000     
   2009.5296870000000     
   2003.8406700000000     
   2005.8275540000000     
   2009.4518860000001     
   2006.0292449999999     
   2004.7346419999999     
   2010.6143999999999     
   2008.9216240000001     
   2002.3689670000001     
   2008.5718090000000     
   2010.5157959999999     
   2011.7190109999999     
   2016.0745580000000     
   2007.1033580000001     
   2009.8571360000001     
   2006.7869830000000     
   2005.0740450000001     
   2003.2467440000000     
   2008.3346039999999     
   2006.1984390000000     
   2006.0131630000001     
   2010.9478070000000     
   2008.3672999999999     
   2008.5581230000000     
   2007.7873250000000     
   2004.5404570000001     
   2002.9876819999999     
   2007.3977239999999     
   2003.6058140000000     
   2004.1746350000001     
   2007.9444650000000     
   2009.9305220000001     
   2012.7834920000000     
   2007.4853700000001     
   2003.1980719999999     
   2003.5140879999999     
   2008.9001320000000     
   2010.8217920000000     
   2002.3416560000001     
   2002.9235369999999     
   2008.6463610000001     
   2005.7404779999999     
   2003.2191200000000     
   2003.1413900000000     
   2006.7935580000001     
   2002.6866330000000     
   2014.0351020000001     
   2013.1793670000000     
   2009.9768810000000     
   2004.2500809999999     
   2004.2900270000000     
   2002.9997269999999     
   2009.2485210000000     
   2008.6722390000000     
   2007.3103060000001     
   2009.2449779999999     
   2003.8509460000000     
   2008.1338619999999     
   2002.9915739999999     
   2003.7861550000000     
   2006.1188290000000     
   2014.1068040000000     
   2012.1673069999999     
   2004.6465840000001     
   2002.8794550000000     
   2009.7284190000000     
   2016.2051610000001     
   2007.8621290000001     
   2007.1938630000000     
   2009.5559890000000     
   2002.8036110000000     
   2011.5687760000001     
   2011.1698160000001     
   2003.0558260000000     
   2003.1018690000001     
   2016.3630730000000     
   2004.5639870000000     
   2008.0828770000001     
   2011.7630780000000     
   2003.5400629999999     
   2002.7284979999999     
   2003.4027129999999     
   2009.1641159999999     
   2007.7656950000001     
   2003.3374229999999     
   2009.6913219999999     
   2003.3668070000001     
   2009.7415189999999     
   2010.3625860000000     
   2003.0945640000000     
   2007.5949840000001     
   2006.6044660000000     
   2003.5703440000000     
   2012.4953330000001     
   2006.0393660000000     
   2009.0725720000000     
   2003.0094839999999     
   2010.5126279999999     
   2003.4578340000000     
   2012.7160899999999     
   2010.0604960000001     
   2010.8367530000000     
   2013.1445890000000     
   2008.6688210000000     
   2002.8464680000000     
   2011.5138760000000     
   2003.3488669999999     
   2006.2330600000000     
   2003.0709170000000     
   2013.3909510000001     
   2007.1248949999999     
   2002.2919099999999     
   2015.5090270000001     
   2007.5588220000000     
   2002.4686990000000     
   2003.0831160000000     
   2008.4040600000001     
   2002.6580660000000     
   2009.2672200000000     
   2014.3640539999999     
   2011.1449330000000     
   2014.9398329999999     
   2009.0053180000000     
   2011.4187270000000     
   2015.1840910000001     
   2007.5119259999999     
   2003.3037500000000     
   2011.8219670000001     
   2005.9605309999999     
   2004.1853880000001     
   2005.6009939999999     
   2007.0573210000000     
   2016.7732380000000     
   2003.2267290000000     
   2010.7175170000000     
   2008.0380220000000     
   2007.3048329999999     
   2003.0161700000001     
   2008.7388129999999     
   2016.8957000000000     
   2016.7110259999999     
   2003.0698820000000     
   2006.1172950000000     
   2005.8166510000001     
   2002.6866130000001     
   2002.6506220000001     
   2010.2647059999999     
   2010.1676000000000     
   2014.5908770000001     
   2012.1544480000000     
   2015.0194959999999     
   2003.0698150000001     
   2005.6813170000000     
   2003.2979130000001     
   2011.5736340000001     
   2002.8177810000000     
   2004.7032389999999     
   2002.3992790000000     
   2010.7799540000001     
   2011.3918759999999     
   2009.4227820000001     
   2002.7448039999999     
   2011.5490749999999     
   2008.3252769999999     
   2006.8537269999999     
   2016.3106419999999     
   2008.4109670000000     
   2012.4992689999999     
   2010.4248610000000     
   2014.7006850000000     
   2002.2863199999999     
   2002.9685290000000     
   2009.8531860000001     
   2002.4065900000001     
   2002.6948400000001     
   2008.7073780000001     
   2002.9799140000000     
   2003.1260050000001     
   2002.6935360000000     
   2014.4103840000000     
   2011.6444980000001     
   2012.8456150000000     
   2006.5078770000000     
   2002.2722289999999     
   2009.6561469999999     
   2003.0836130000000     
   2005.4729299999999     
   2002.5384400000000     
   2014.7578739999999     
   2010.0579710000000     
   2002.7483810000001     
   2010.8076140000001     
   2002.2800130000001     
   2002.2871740000001     
   2009.7547660000000     
   2009.5579040000000     
   2002.9368580000000     
   2006.9233010000000     
   2011.4646020000000     
   2015.0706410000000     
   2003.3683679999999     
   2009.1387219999999     
   2012.4753189999999     
   2004.8083250000000     
   2002.4371599999999     
   2002.5985410000001     
   2011.0510670000001     
   2002.9268560000000     
   2002.7583850000001     
   2002.7831050000000     
   2003.8681979999999     
   2007.6770670000001     
   2002.8078450000000     
   2003.6896750000001     
   2002.8000010000001     
   2004.3108580000001     
   2016.3131920000001     
   2003.0555370000000     
   2013.5457230000000     
   2002.3659809999999     
   2003.0086590000001     
   2011.0105850000000     
   2002.9611550000000     
   2002.2882549999999     
   2005.7843130000001     
   2011.8001099999999     
   2002.7063370000001     
   2012.5531920000001     
   2004.4963590000000     
   2014.9288700000000     
   2003.2172550000000     
   2011.1200980000001     
   2002.5823550000000     
   2016.9206660000000     
   2010.8033410000000     
   2002.9230760000000     
   2014.5158919999999     
   2013.9254860000001     
   2005.8998120000001     
   2002.7914730000000     
   2006.8675890000000     
   2006.5057260000001     
   2006.5808830000001     
   2002.9914930000000     
   2002.6756580000001     
   2002.5860020000000     
   2008.2505430000001     
   2004.8916529999999     
   2016.2931480000000     
   2002.7346460000001     
   2005.6274639999999     
   2002.7751229999999     
   2012.2133120000001     
   2002.5530269999999     
   2004.8010609999999     
   2005.4645129999999     
   2003.0082590000000     
   2002.5425130000001     
   2002.4361819999999     
   2002.6034790000001     
   2009.4943169999999     
   2004.1349110000001     
   2006.3572640000000     
   2004.5457460000000     
   2013.3549579999999     
   2012.0323910000000     
   2009.1337570000001     
   2014.1869640000000     
   2007.8832809999999     
   2002.6126999999999     
   2002.6535340000000     
   2005.4477950000000     
   2012.9668160000001     
   2002.4546900000000     
   2013.3798440000000     
   2002.7510749999999     
   2014.9601130000001     
   2008.2192339999999     
   2015.3864970000000     
   2004.0560559999999     
   2010.7015369999999     
   2015.6445010000000     
   2002.2818600000001     
   2002.9491869999999     
   2002.7051019999999     
   2002.3276280000000     
   2014.5698420000001     
   2002.8092270000000     
   2003.1866950000001     
   2003.4341460000001     
   2002.8202630000001     
   2002.3249650000000     
   2002.9409140000000     
   2007.4635650000000     
   2005.5502590000001     
   2006.3124680000001     
   2007.0171800000001     
   2002.8485350000001     
   2002.3122149999999     
   2007.6290799999999     
   2009.3501560000000     
   2002.3221149999999     
   2011.2427060000000     
   2008.5794440000000     
   2005.0218410000000     
   2013.7468389999999     
   2003.4682769999999     
   2007.2914810000000     
   2002.6766929999999     
   2015.0889000000000     
   2010.3625950000001     
   2013.3427740000000     
   2015.0720220000001     
   2007.1920800000000     
   2002.3192100000001     
   2009.6428269999999     
   2005.7045360000000     
   2002.6747920000000     
   2012.6024560000001     
   2010.4546390000000     
   2017.4913440000000     
   2015.1025219999999     
   2002.3921980000000     
   2012.8525410000000     
   2002.6987700000000     
   2002.9301630000000     
   2016.8534870000001     
   2003.4415750000001     
   2002.9359890000001     
   2014.4146570000000     
   2002.8288390000000     
   2010.5726070000001     
   2002.2879040000000     
   2014.3547249999999     
   2015.5568000000001     
   2010.6422000000000     
   2009.7078300000001     
   2012.7951800000001     
   2002.3148380000000     
   2002.8978860000000     
   2004.5154070000001     
   2008.0667670000000     
   2011.6695609999999     
   2011.3397210000001     
   2002.3853600000000     
   2013.4629900000000     
   2011.6335839999999     
   2014.2927529999999     
   2011.8520020000001     
   2011.2362570000000     
   2013.1657210000001     
   2005.5743239999999     
   2010.1429820000001     
   2012.4103220000000     
   2002.6502670000000     
   2013.0826290000000     
   2008.3875009999999     
   2003.0277520000000     
   2002.8454620000000     
   2005.5241579999999     
   2015.6889010000000     
   2014.4101020000001     
   2014.6420140000000     
   2002.7191069999999     
   2013.3901260000000     
   2002.2792150000000     
   2007.5159470000001     
   2010.2748079999999     
   2003.0322010000000     
   2011.3556430000001     
   2005.2221259999999     
   2013.5698870000001     
   2003.0162020000000     
   2013.2269630000001     
   2013.6750239999999     
   2013.4764550000000     
   2002.7428910000001     
   2002.9470130000000     
   2002.3171970000001     
   2002.6622809999999     
   2002.2852610000000     
   2002.8997549999999     
   2002.6014709999999     
   2015.4140580000001     
   2014.2737959999999     
   2010.8807070000000     
   2013.3188869999999     
   2014.6229969999999     
   2010.6362899999999     
   2007.4346550000000     
   2002.6840520000001     
   2013.9387350000000     
   2002.9888830000000     
   2002.2615450000001     
   2002.3006260000000     
   2011.8274210000000     
   2010.4487720000000     
   2003.1693370000000     
   2005.8894929999999     
   2012.8427099999999     
   2002.5900509999999     
   2002.7736140000000     
   2015.0940200000000     
   2002.3167080000001     
   2012.9948720000000     
   2006.0390669999999     
   2002.3979710000001     
   2006.4092760000001     
   2014.8844670000001     
   2010.9775110000000     
   2005.2662180000000     
   2002.6656929999999     
   2003.5800500000000     
   2003.0760900000000     
   2003.3557300000000     
   2012.3604210000001     
   2002.5860630000000     
   2013.1441530000000     
   2010.0542820000001     
   2012.8686140000000     
   2002.6741450000000     
   2011.9436989999999     
   2002.6050120000000     
   2002.3810719999999     
   2014.5387659999999     
   2013.4084780000001     
   2005.0573039999999     
   2015.8977590000000     
   2011.7636020000000     
   2011.5960720000000     
   2002.6739150000001     
   2012.6320300000000     
   2002.9883139999999     
   2006.9608679999999     
   2002.5965360000000     
   2011.3875570000000     
   2002.3163860000000     
   2005.2006060000001     
   2005.1009389999999     
   2012.6999610000000     
   2015.6448900000000     
   2002.8308950000001     
   2002.9494440000001     
   2004.5814690000000     
   2013.3952859999999     
   2002.8677130000001     
   2002.5242120000000     
   2002.3241230000001     
   2005.5771840000000     
   2003.1909140000000     
   2015.0203340000000     
   2002.3189829999999     
   2014.6000939999999     
   2002.6976609999999     
   2013.7694349999999     
   2016.5353299999999     
   2010.8768470000000     
   2002.7951900000000     
   2004.6732700000000     
   2008.3252570000000     
   2006.2889319999999     
   2003.2809640000000     
   2002.7672150000001     
   2002.7716200000000     
   2003.0403040000001     
   2007.7719930000001     
   2002.9157450000000     
   2011.8330559999999     
   2013.3739590000000     
   2014.1178540000001     
   2002.9569460000000     
   2005.1539280000000     
   2013.9226209999999     
   2015.9350119999999     
   2002.8620830000000     
   2002.9724240000000     
   2002.3466370000001     
   2003.0419500000000     
   2003.0491410000000     
   2002.2993810000000     
   2002.4481260000000     
SCALARS pdf  double 1
LOOKUP_TABLE default
   2.0999937000188993E-004
   6.1999814000557980E-004
   2.5699922900231293E-004
   2.0999937000188993E-004
   1.9699940900177291E-004
   1.7499947500157492E-004
   2.2199933400199792E-004
   6.0799817600547181E-004
   2.1999934000197993E-004
   1.5899952300143093E-004
   2.0399938800183591E-004
   2.1299936100191693E-004
   2.1099936700189891E-004
   2.2699931900204291E-004
   3.2599902200293387E-004
   2.0799937600187192E-004
   2.1799934600196192E-004
   3.8999883000350984E-004
   2.1599935200194390E-004
   1.2299963100110696E-004
   2.0999937000188993E-004
   2.0799937600187192E-004
   3.5299894100317689E-004
   1.3879958360124914E-003
   3.5099894700315888E-004
   1.2929961210116365E-003
   3.2299903100290687E-004
   1.2839961480115554E-003
   2.1299936100191693E-004
   2.9199912400262786E-004
   3.9799880600358185E-004
   2.2299933100200690E-004
   8.6699739900780270E-004
   2.1199936400190792E-004
   5.1299846100461683E-004
   1.3899958300125094E-003
   4.2799871600385182E-004
   1.4189957430127704E-003
   2.5099924700225888E-004
   2.1099936700189891E-004
   2.2699931900204291E-004
   2.1999934000197993E-004
   3.1599905200284384E-004
   2.2299933100200690E-004
   4.8299855100434680E-004
   2.0899937300188092E-004
   1.9799940600178192E-004
   2.1299936100191693E-004
   2.9099912700261894E-004
   2.1199936400190792E-004
   4.1199876400370780E-004
   1.6299951100146693E-004
   1.6429950710147862E-003
   2.1299936100191693E-004
   1.4319957040128874E-003
   8.7999736000791973E-004
   2.1199936400190792E-004
   2.0599938200185390E-004
   2.1399935800192591E-004
   1.6899949300152093E-004
   3.6199891400325788E-004
   1.2669961990114025E-003
   1.8799943600169192E-004
   2.7499917500247491E-004
   2.0999937000188993E-004
   4.9199852400442785E-004
   4.4999865000404984E-004
   1.3499959500121495E-004
   8.9999730000809967E-005
   9.6599710200869361E-004
   2.0699937900186291E-004
   3.8799883600349182E-004
   2.0999937000188993E-004
   1.1799964600106195E-004
   1.8599944200167393E-003
   4.0099879700360885E-004
   1.8009945970162084E-003
   5.0799847600457176E-004
   3.2499902500292483E-004
   3.7099888700333888E-004
   5.4399836800489573E-004
   3.3299900100299689E-004
   4.4799865600403182E-004
   5.0199849400451777E-004
   1.0599968200095396E-004
   2.3799928600214191E-004
   3.8499884500346483E-004
   3.0199909400271789E-004
   2.1599935200194390E-004
   3.1799904600286185E-004
   4.9399851800444581E-004
   3.9499881500355485E-004
   6.7199798400604767E-004
   4.8499854500436482E-004
   2.1399935800192591E-004
   5.7199828400514784E-004
   4.1699874900375281E-004
   3.2399902800291590E-004
   2.3299930100209690E-004
   1.0829967510097465E-003
   2.0999937000188993E-004
   6.5699802900591280E-004
   1.8829943510169462E-003
   1.0539968380094856E-003
   1.4889955330134005E-003
   1.4199957400127795E-004
   1.3199960400118794E-003
   1.9199942400172792E-004
   1.6459950620148133E-003
   2.2299933100200690E-004
   3.5499893500319486E-004
   2.1699934900195291E-004
   2.1699934900195291E-004
   1.1679964960105114E-003
   1.9959940120179631E-003
   4.5999862000413981E-004
   5.8599824200527379E-004
   1.8139945580163254E-003
   2.1399935800192591E-004
   2.0199939400181792E-004
   3.3699898900303287E-004
   7.8199765400703775E-004
   1.5989952030143902E-003
   2.1199936400190792E-004
   2.4099927700216891E-004
   2.0299939100182693E-004
   2.1399935800192591E-004
   4.3599869200392383E-004
   5.1499845500463490E-004
   2.0999937000188993E-004
   4.3699868900393281E-004
   4.0199879400361783E-004
   9.8699703900888259E-004
   1.6699949900150294E-004
   1.3089960730117806E-003
   1.0199969400091796E-004
   1.2089963730108806E-003
   2.1499935500193492E-004
   3.6999889000332984E-004
   1.3499959500121495E-004
   3.5699892900321287E-004
   1.6499950500148492E-004
   2.7099918700243888E-004
   3.8099885700342885E-004
   1.5649953050140843E-003
   1.1339965980102056E-003
   3.1599905200284384E-004
   2.2499932500202492E-004
   2.1099936700189891E-004
   3.1799904600286185E-004
   2.2099933700198891E-004
   3.4699895900312284E-004
   5.0699847900456273E-004
   2.0999937000188993E-004
   2.1399935800192591E-004
   2.5599923200230390E-004
   2.2399932800201591E-004
   2.0599938200185390E-004
   2.1299936100191693E-004
   1.0909967270098186E-003
   2.1799934600196192E-004
   6.9699790900627280E-004
   2.3099930700207891E-004
   3.9899880300359083E-004
   2.2299933100200690E-004
   2.3599929200212390E-004
   7.3899778300665065E-004
   1.6349950950147144E-003
   1.6669949990150024E-003
   2.1199936400190792E-004
   5.9599821200536371E-004
   1.1499965500103495E-003
   4.4399866800399584E-004
   9.7499707500877460E-004
   1.1789964630106104E-003
   1.1169966490100524E-003
   1.9019942940171172E-003
   3.8899883300350086E-004
   1.0659968020095938E-003
   2.0299939100182693E-004
   3.3499899500301486E-004
   2.0799937600187192E-004
   1.2499962500112495E-003
   1.8199945400163792E-004
   2.2799931600205191E-004
   3.1099906700279888E-004
   2.8599914200257392E-004
   3.4699895900312284E-004
   2.1429935710192863E-003
   3.6199891400325788E-004
   6.2199813400559776E-004
   2.2999931000206990E-004
   4.9399851800444581E-004
   2.2499932500202492E-004
   2.1299936100191693E-004
   1.3569959290122124E-003
   2.1399935800192591E-004
   4.4699865900402284E-004
   3.3099900700297888E-004
   4.4099867700396879E-004
   4.0099879700360885E-004
   4.2399872800381584E-004
   2.4299927100218690E-004
   7.6699769900690266E-004
   2.2499932500202492E-004
   7.2499782500652470E-004
   2.0699937900186291E-004
   2.2599932200203390E-004
   2.8499914500256489E-004
   1.4469956590130223E-003
   5.3699838900483281E-004
   5.6899829300512074E-004
   1.1569965290104125E-003
   2.0999937000188993E-004
   5.6399830800507578E-004
   3.6599890200329386E-004
   9.9699700900897272E-004
   1.5279954160137515E-003
   4.3699868900393281E-004
   3.4999895000314984E-004
   5.4399836800489573E-004
   2.1599935200194390E-004
   2.1499935500193492E-004
   1.5859952420142734E-003
   7.3899778300665065E-004
   4.4999865000404984E-004
   4.0899877300368086E-004
   6.2199813400559776E-004
   1.0809967570097284E-003
   2.3699928900213291E-004
   8.3499749500751466E-004
   6.0199819400541771E-004
   2.1099936700189891E-004
   2.7999916000251987E-004
   5.3099840700477881E-004
   1.0669967990096026E-003
   2.1399935800192591E-004
   2.0559938320185035E-003
   2.3099930700207891E-004
   1.2379962860111415E-003
   5.1599845200464372E-004
   3.3699898900303287E-004
   4.9399851800444581E-004
   1.2079963760108716E-003
   1.9249942250173244E-003
   9.4599716200851366E-004
   1.1239966280101156E-003
   6.7699796900609274E-004
   2.1499935500193492E-004
   9.4699715900852270E-004
   1.0469968590094225E-003
   2.2399932800201591E-004
   3.4599896200311386E-004
   1.2359962920111235E-003
   2.5099924700225888E-004
   2.2899931300206092E-004
   2.2899931300206092E-004
   3.0699907900276285E-004
   8.8499734500796469E-004
   2.1999934000197993E-004
   2.2299933100200690E-004
   5.1099846700459876E-004
   3.9199882400352786E-004
   2.1899934300197092E-004
   2.3899928300215092E-004
   5.5199834400496779E-004
   6.1799814600556173E-004
   1.2999961000116993E-003
   2.4399926800219591E-004
   2.3499929500211489E-004
   4.4999865000404984E-004
   2.3999928000215990E-004
   6.1699814900555280E-004
   6.3699808900573274E-004
   1.5009954970135085E-003
   1.6199951400145795E-004
   2.0899937300188092E-004
   2.1699934900195291E-004
   3.7799886600340185E-004
   1.5279954160137515E-003
   1.1199966400100795E-003
   6.3099810700567875E-004
   3.1599905200284384E-004
   2.8099915700252891E-004
   1.5859952420142734E-003
   3.1599905200284384E-004
   2.3999928000215990E-004
   4.5799862600412185E-004
   1.0219969340091975E-003
   1.5099954700135896E-003
   2.2199933400199792E-004
   1.7759946720159834E-003
   2.2699931900204291E-004
   4.3699868900393281E-004
   2.0859937420187732E-003
   2.1799934600196192E-004
   2.0399938800183591E-004
   2.2199933400199792E-004
   3.0799907600277188E-004
   7.8199765400703775E-004
   8.4199747400757769E-004
   7.9299762100713670E-004
   2.9799910600268186E-004
   1.6779949660151014E-003
   2.9799910600268186E-004
   2.7499917500247491E-004
   1.2029963910108266E-003
   2.2599932200203390E-004
   1.3829958510124464E-003
   1.6399950800147594E-004
   2.6799919600241189E-004
   2.1399935800192591E-004
   3.8099885700342885E-004
   2.1599935200194390E-004
   2.1299936100191693E-004
   1.3829958510124464E-003
   2.1199936400190792E-004
   3.1699904900285287E-004
   1.3909958270125185E-003
   2.1659935020194930E-003
   2.0999937000188993E-004
   2.2999931000206990E-004
   2.4599926200221392E-004
   2.0999937000188993E-004
   2.1799934600196192E-004
   9.4399716800849559E-004
   7.7699766900699268E-004
   2.0399938800183591E-004
   2.3199930400208792E-003
   7.2199783400649770E-004
   8.5999742000773976E-005
   1.3249960250119245E-003
   2.2899931300206092E-004
   7.1799784600646167E-004
   2.0999937000188993E-004
   1.8569944290167122E-003
   3.2999901000296984E-004
   4.6999859000422978E-004
   1.4869955390133824E-003
   2.2199933400199792E-004
   3.1699904900285287E-004
   1.5269954190137423E-003
   2.1099936700189891E-004
   4.3699868900393281E-004
   2.6199921400235795E-004
   8.1199756400730772E-004
   5.6999829000512977E-004
   1.9699940900177291E-004
   9.0399728800813560E-004
   2.0899937300188092E-004
   1.6219951340145974E-003
   2.1899934300197092E-004
   1.9609941170176484E-003
   2.2899931300206092E-004
   1.9469941590175221E-003
   1.2859961420115735E-003
   1.3299960100119696E-004
   7.3799778600664172E-004
   2.1399935800192591E-004
   1.5089954730135803E-003
   4.0399878800363584E-004
   1.4669955990132023E-003
   2.1599935200194390E-004
   2.5799922600232186E-004
   2.9899910300269089E-004
   4.0799877600367182E-004
   1.8299945100164693E-003
   2.2199933400199792E-004
   2.1099936700189891E-004
   1.2419962740111774E-003
   1.4109957670126983E-003
   1.4079957760126714E-003
   5.5799832600502179E-004
   3.0399908800273590E-004
   2.9699910900267288E-004
   3.1099906700279888E-004
   7.1899784300647070E-004
   2.2199933400199792E-004
   2.1999934000197993E-004
   2.8699913900258285E-004
   7.7799766600700172E-004
   2.1199936400190792E-004
   2.2399932800201591E-004
   2.2399932800201591E-004
   2.1099936700189891E-004
   9.4499716500850463E-004
   2.0939937180188451E-003
   8.9199732400802761E-004
   9.6199711400865758E-004
   1.9829940510178463E-003
   1.2769961690114924E-003
   3.4599896200311386E-004
   1.4199957400127794E-003
   2.1399935800192591E-004
   2.1699934900195291E-004
   2.1499935500193492E-004
   2.1199936400190792E-004
   1.0749967750096746E-003
   2.2099933700198891E-004
   2.1699934900195291E-004
   1.9199942400172792E-004
   3.1099906700279888E-004
   1.0189969430091706E-003
   2.3299930100209690E-004
   2.0379938860183413E-003
   3.9999880000359987E-004
   2.0649938050185841E-003
   2.1999934000197993E-004
   2.2199933400199792E-004
   8.6199741400775764E-004
   2.0999937000188993E-004
   2.1499935500193492E-004
   3.0299909100272687E-004
   1.1749964750105745E-003
   1.1359965920102236E-003
   1.8359944920165233E-003
   7.0499788500634475E-004
   6.6799799600601175E-004
   1.9699940900177291E-004
   2.1199936400190792E-004
   3.6399890800327585E-004
   2.1699934900195291E-004
   9.8199705400883763E-004
   1.9899940300179092E-004
   1.8769943690168922E-003
   9.5999712000863961E-004
   1.6719949840150474E-003
   2.0469938590184224E-003
   2.1699934900195291E-004
   7.8899763300710067E-004
   4.0499878500364482E-004
   2.0999937000188993E-004
   3.9899880300359083E-004
   7.9999760000719973E-004
   2.0499938500184492E-004
   2.2909931270206183E-003
   2.8399914800255591E-004
   1.9799940600178192E-004
   1.8219945340163972E-003
   2.1799934600196192E-004
   2.1799934600196192E-004
   4.4599866200401380E-004
   3.9299882100353684E-004
   2.1899934300197092E-004
   2.6299921100236687E-004
   3.4199897400307789E-004
   2.1699934900195291E-004
   3.6299891100326687E-004
   1.8339944980165052E-003
   7.3299780100659676E-004
   7.5999772000683973E-004
   3.0099909700270885E-004
   1.4919955240134276E-003
   8.8199735400793758E-004
   2.2999931000206990E-004
   2.1699934900195291E-004
   1.2749961750114745E-003
   2.1599935200194390E-004
   2.2199933400199792E-004
   3.2299903100290687E-004
   1.5199954400136795E-003
   2.2999931000206990E-004
   7.7099768700693869E-004
   1.7589947230158302E-003
   1.8669943990168023E-003
   2.0999937000188993E-004
   2.4799925600223189E-004
   2.1199936400190792E-004
   1.2249963250110245E-003
   7.6299771100686673E-004
   1.8269945190164424E-003
   4.5799862600412185E-004
   1.0039969880090355E-003
   7.9599761200716370E-004
   2.3099930700207891E-004
   2.0799937600187192E-004
   4.9399851800444581E-004
   2.3099930700207891E-004
   8.2999751000746970E-004
   2.1229936310191060E-003
   2.2099933700198891E-004
   3.4199897400307789E-004
   2.2699931900204291E-004
   1.8889943330170002E-003
   2.3379929860210410E-003
   5.8399824800525572E-004
   7.3299780100659676E-004
   1.5649953050140843E-003
   2.2399932800201591E-004
   2.6399920800237591E-004
   2.1299936100191693E-004
   2.4199927400217789E-004
   2.4099927700216891E-004
   1.4899955300134093E-004
   2.2699931900204291E-004
   1.4939955180134454E-003
   3.8599884200347386E-004
   8.2799751600745163E-004
   1.1719964840105476E-003
   2.3699928900213291E-004
   1.9099942700171894E-004
   7.5399773800678574E-004
   4.8399854800435578E-004
   1.8899943300170093E-004
   2.2699931900204291E-004
   1.4909955270134183E-003
   9.2699721900834265E-004
   7.0299789100632668E-004
   3.2599902200293387E-004
   2.4199927400217789E-004
   2.2299933100200690E-004
   9.7999706000881964E-005
   7.6499770500688469E-004
   2.1799934600196192E-004
   3.2899901300296086E-004
   1.4019957940126174E-003
   2.1799934600196192E-004
   2.1799934600196192E-004
   2.1099936700189891E-004
   1.8109945670162981E-003
   8.4399746800759565E-004
   1.5819952540142375E-003
   2.5599923200230390E-004
   2.1899934300197092E-004
   1.5679952960141114E-003
   1.3059960820117535E-003
   2.3399929800210591E-004
   8.9799730600808171E-004
   2.2399932800201591E-004
   2.1999934000197993E-004
   1.6799949600151192E-004
   1.9509941470175582E-003
   7.8199765400703775E-004
   1.5759952720141833E-003
   1.2089963730108806E-003
   1.5349953950138143E-003
   1.4439956680129954E-003
   2.2099933700198891E-004
   1.0979967060098816E-003
   1.3579959260122214E-003
   9.0199729400811763E-004
   2.1099936700189891E-004
   2.1699934900195291E-004
   8.1099756700729869E-004
   2.3599929200212390E-004
   2.0239939280182152E-003
   2.1799934600196192E-004
   2.1899934300197092E-004
   2.1699934900195291E-004
   2.2199933400199792E-004
   1.5769952690141925E-003
   2.2899931300206092E-004
   1.2509962470112585E-003
   9.8599704200887355E-004
   2.2899931300206092E-004
   9.4799715600853162E-004
   5.0299849100452680E-004
   1.0779967660097015E-003
   2.2399932800201591E-004
   7.5999772000683973E-004
   2.1199936400190792E-004
   2.1399935800192591E-004
   1.3079960760117714E-003
   2.2299933100200690E-004
   2.1699934900195291E-004
   3.6299891100326687E-004
   1.8969943090170723E-003
   2.0899937300188092E-004
   2.0499938500184492E-004
   1.3599959200122395E-003
   1.4079957760126714E-003
   2.7199918400244786E-004
   2.0899937300188092E-004
   1.2449962650112046E-003
   1.2139963580109255E-003
   1.0189969430091706E-003
   1.2779961660115016E-003
   2.5099924700225888E-004
   1.1049966850099446E-003
   1.3069960790117626E-003
   1.9699940900177291E-004
   1.4739955780132654E-003
   2.2199933400199792E-004
   3.9199882400352786E-004
   2.2299933100200690E-004
   6.7999796000611966E-005
   1.5569953290140125E-003
   1.2229963310110064E-003
   1.0699967900096295E-003
   0.0000000000000000     
   1.6199951400145795E-004
   6.2999811000566982E-004
   3.5199894400316786E-004
   1.9299942100173693E-004
   2.1899934300197092E-004
   2.1599935200194390E-004
   1.6099951700144894E-004
   1.5139954580136253E-003
   2.3099930700207891E-004
   7.3099780700657869E-004
   2.2699931900204291E-004
   2.0299939100182693E-004
   1.0849967450097646E-003
   7.3899778300665065E-004
   7.0499788500634475E-004
   2.1799934600196192E-004
   1.6359950920147234E-003
   1.1199966400100795E-003
   1.6799949600151192E-004
   1.8699943900168291E-004
   6.3999808000575974E-005
   3.5999892000323985E-005
   7.6999769000692971E-005
   1.0689967930096207E-003
   1.0569968290095127E-003
   1.8679943960168113E-003
   1.8269945190164424E-003
   3.3199900400298786E-004
   1.8319945040164874E-003
   5.4199837400487776E-004
   2.1399935800192591E-004
   1.5379953860138415E-003
   2.4099927700216891E-004
   3.9099882700351887E-004
   4.6499860500418482E-004
   1.1359965920102236E-003
   9.5699712900861262E-004
   1.2399962800111596E-003
   8.9999730000809967E-004
   1.1299966100101694E-003
   2.5099924700225888E-004
   1.2429962710111865E-003
   1.2929961210116365E-003
   3.8299885100344681E-004
   2.2809931570205283E-003
   2.8299915100254687E-004
   1.1339965980102056E-003
   2.2919931240206271E-003
   1.2379962860111415E-003
   9.4999715000854967E-005
   2.5099924700225888E-004
   1.0859967420097736E-003
   9.4399716800849559E-004
   3.8799883600349182E-004
   2.2059933820198531E-003
   2.2999931000206990E-004
   3.0199909400271789E-004
   2.2799931600205191E-004
   1.3419959740120775E-003
   6.6399800800597572E-004
   1.1099966700099896E-004
   1.5899952300143093E-004
   1.3199960400118795E-004
   2.0999937000188990E-005
   1.5089954730135803E-003
   2.0149939550181341E-003
   2.1999934000197991E-005
   2.5599923200230390E-004
   1.2329963010110963E-003
   3.7499887500337485E-004
   1.6299951100146693E-004
   2.0799937600187192E-004
   1.0999967000098997E-004
   2.5299924100227690E-004
   1.1079966760099715E-003
   2.1509935470193581E-003
   1.0899967300098096E-004
   2.1799934600196192E-004
   3.8499884500346483E-004
   7.4199777400667775E-004
   2.8899913300260086E-004
   2.3199930400208792E-004
   3.2199903400289789E-004
   2.3739928780213649E-003
   1.0039969880090355E-003
   2.1599935200194390E-004
   9.6599710200869361E-004
   2.3799928600214191E-004
   1.1479965560103314E-003
   1.3819958540124374E-003
   2.1199936400190792E-004
   2.1099936700189891E-004
   1.1399965800102596E-004
   5.6099831700504878E-004
   1.1609965170104484E-003
   8.7199738400784766E-004
   2.0969937090188719E-003
   1.2549962350112945E-003
   8.4199747400757769E-004
   3.0199909400271789E-004
   1.5529953410139763E-003
   4.3899868300395083E-004
   2.6199921400235795E-004
   2.2099933700198891E-004
   1.7479947560157312E-003
   2.1299936100191693E-004
   1.5569953290140125E-003
   2.2199933400199792E-004
   9.0899727300818066E-004
   1.3679958960123115E-003
   8.5499743500769461E-004
   2.7099918700243888E-004
   1.1299966100101694E-003
   1.1219966340100976E-003
   1.6489950530148405E-003
   1.2479962560112314E-003
   1.4709955870132385E-003
   1.5559953320140034E-003
   9.7099708700873857E-004
   2.1699934900195291E-004
   3.9799880600358185E-004
   3.0199909400271789E-004
   7.1899784300647070E-004
   9.2099723700828865E-004
   1.1049966850099446E-003
   2.0619938140185572E-003
   2.5699922900231293E-004
   8.8399734800795565E-004
   8.7999736000791973E-004
   1.3549959350121945E-003
   9.6399710800867565E-004
   2.3229930310209061E-003
   1.5439953680138954E-003
   1.1799964600106197E-003
   9.7099708700873857E-004
   1.4019957940126174E-003
   3.8699883900348284E-004
   6.1399815800552569E-004
   9.8299705100884645E-004
   1.4899955300134095E-003
   1.3759958720123836E-003
   2.4399926800219591E-004
   1.2129963610109167E-003
   1.4239957280128153E-003
   1.4279957160128515E-003
   2.9199912400262786E-004
   3.6799889600331188E-004
   1.5909952270143184E-003
   3.2299903100290687E-004
   2.1299936100191693E-004
   2.4469926590220221E-003
   2.2709931870204380E-003
   1.5419953740138774E-003
   1.6149951550145343E-003
   1.5459953620139135E-003
   2.6599920200239392E-004
   1.5409953770138683E-003
   1.9999940000179993E-004
   2.4099927700216891E-004
   1.4419956740129773E-003
   3.9699880900357287E-004
   1.6479950560148312E-003
   3.8499884500346483E-004
   1.5809952570142282E-003
   1.4929955210134364E-003
   2.1549935350193938E-003
   1.5599953200140394E-003
   5.6499830500508471E-004
   1.5289954130137604E-003
   2.0799937600187192E-004
   1.4119957640127076E-003
   2.1499935500193492E-004
   2.6599920200239392E-004
   1.6559950320149033E-003
   1.1529965410103766E-003
   1.0539968380094856E-003
   2.1599935200194390E-004
   6.9499791500625472E-004
   1.3489959530121403E-003
   8.4599746200761362E-004
   1.5309954070137784E-003
   1.6089951730144803E-003
   4.3199870400388780E-004
   8.5299744100767664E-004
   1.1669964990105026E-003
   4.8499854500436482E-004
   1.4999955000134994E-003
   6.5299804100587677E-004
   2.2299933100200690E-004
   1.3929958210125363E-003
   3.2999901000296984E-004
   3.7199888400334786E-004
   2.5499923500229492E-004
   2.1799934600196192E-004
   1.5579953260140213E-003
   2.3799928600214191E-004
   2.3199930400208792E-004
   5.3099840700477881E-004
   3.1199906400280786E-004
   4.9299852100443678E-004
   3.4199897400307789E-004
   2.1699934900195291E-004
   3.5399893800318582E-004
   2.2099933700198891E-004
   2.3899928300215092E-004
   1.0909967270098186E-003
   1.6809949570151283E-003
   3.3199900400298786E-004
   3.6999889000332984E-004
   6.2799811600565175E-004
   3.6099891700324885E-004
   1.3469959590121227E-003
   4.1299876100371684E-004
   1.5569953290140125E-003
   4.1299876100371684E-004
   1.3939958180125456E-003
   9.3399719800840567E-004
   7.0999787000638971E-004
   3.3199900400298786E-004
   4.6399860800417584E-004
   8.0799757600727169E-004
   5.0399848800453584E-004
   3.4799895600313188E-004
   3.4199897400307789E-004
   3.6299891100326687E-004
   1.0899967300098095E-003
   1.5579953260140213E-003
   4.0099879700360885E-004
   3.8899883300350086E-004
   3.6099891700324885E-004
   3.1799904600286185E-004
   1.6499950500148493E-003
   2.6999919000242990E-004
   1.3019960940117174E-003
   7.1399785800642574E-004
   4.8899853300440074E-004
   9.8099705700882881E-004
   9.1299726100821659E-004
   3.7099888700333888E-004
   1.2809961570115285E-003
   1.5709952870141383E-003
   9.0399728800813560E-004
   1.3349959950120145E-003
   1.4019957940126174E-003
   2.8699913900258285E-004
   2.2299933100200690E-004
   6.9499791500625472E-004
   1.4529956410130765E-003
   1.6269951190146423E-003
   1.2309963070110787E-003
   7.9499761500715466E-004
   2.5629923110230663E-003
   3.6899889300332086E-004
   3.5899892300323083E-004
   2.1199936400190792E-004
   3.3799898600304185E-004
   1.3849958450124645E-003
   9.8099705700882881E-004
   1.5869952390142824E-003
   1.0989967030098904E-003
   1.1929964210107367E-003
   1.2989961030116905E-003
   1.3169960490118525E-003
   1.4559956320131034E-003
   2.3899928300215092E-004
   1.3859958420124735E-003
   2.4799925600223189E-004
   5.3399839800480581E-004
   1.4279957160128515E-003
   1.5519953440139673E-003
   1.4669955990132023E-003
   2.6599920200239392E-004
   1.8209945370163882E-003
   1.3699958900123294E-003
   9.1499725500823466E-004
   4.4799865600403182E-004
   3.3199900400298786E-004
   9.7399707800876567E-004
   1.4809955570133284E-003
   2.0699937900186291E-004
   3.8999883000350984E-004
   2.8999913000260990E-004
   5.2799841600475181E-004
   1.0479968560094318E-003
   1.4559956320131034E-003
   2.6599920200239392E-004
   9.6699709900870264E-004
   3.8599884200347386E-004
   1.3979958060125813E-003
   1.0559968320095036E-003
   9.4499716500850463E-004
   2.4199927400217789E-004
   2.2099933700198891E-004
   3.3499899500301486E-004
   5.7099828700513881E-004
   1.4269957190128425E-003
   1.4139957580127254E-003
   3.8799883600349182E-004
   6.4399806800579577E-004
   2.7099918700243888E-004
   1.1779964660106016E-003
   1.5759952720141833E-003
   7.7799766600700172E-004
   1.4599956200131393E-003
   4.6699859900420284E-004
   2.2799931600205191E-004
   2.3699928900213291E-004
   9.2099723700828865E-004
   5.3699838900483281E-004
   3.3699898900303287E-004
   8.4499746500760469E-004
   3.3099900700297888E-004
   4.7499857500427479E-004
   5.6099831700504878E-004
   3.7499887500337485E-004
   8.4999745000764965E-004
   2.4099927700216891E-004
   4.3399869800390581E-004
   3.1199906400280786E-004
   5.4699835900492272E-004
   8.1999754000737968E-004
   1.1119966640100074E-003
   8.6899739300782067E-004
   3.9499881500355485E-004
   1.6409950770147684E-003
   7.8999763000710971E-004
   2.5779922660232012E-003
   2.1199936400190792E-004
   2.0799937600187192E-004
   2.6469920590238222E-003
   1.2349962950111144E-003
   1.6219951340145974E-003
   1.1829964510106465E-003
   3.1099906700279888E-004
   3.9799880600358185E-004
   1.9699940900177291E-004
   2.1299936100191693E-004
   7.4799775600673164E-004
   1.6479950560148312E-003
   2.3399929800210591E-004
   1.3629959110122666E-003
   3.9599881200356383E-004
   3.2699901900294285E-004
   2.2999931000206990E-004
   1.1789964630106104E-003
   6.4999805000584966E-004
   2.1799934600196192E-004
   1.1239966280101156E-003
   2.1899934300197092E-004
   3.3399899800300588E-004
   1.3089960730117806E-003
   6.2399812800561572E-004
   3.7099888700333888E-004
   2.2599932200203390E-004
   1.6419950740147774E-003
   1.3979958060125813E-003
   1.5399953800138593E-003
   9.7899706300881074E-004
   1.4009957970126084E-003
   4.4899865300404085E-004
   2.6139921580235251E-003
   3.1499905500283491E-004
   4.4899865300404085E-004
   4.4499866500400482E-004
   1.4429956710129866E-003
   1.0849967450097646E-003
   1.2509962470112585E-003
   6.7599797200608371E-004
   2.7699916900249288E-004
   5.7999826000521980E-004
   1.6689949930150203E-003
   1.6389950830147503E-003
   1.0289969130092605E-003
   9.9899700300899079E-004
   2.1599935200194390E-004
   1.1079966760099715E-003
   2.0599938200185390E-004
   2.7199918400244786E-004
   5.1699844900465275E-004
   2.1599935200194390E-004
   2.1199936400190792E-004
   1.1859964420106734E-003
   1.8529944410166763E-003
   6.3399809800570575E-004
   2.1199936400190792E-004
   1.2449962650112046E-003
   1.4899955300134095E-003
   8.7899736300791069E-004
   1.0369968890093326E-003
   4.8199855400433782E-004
   2.0799937600187192E-004
   4.1299876100371684E-004
   1.3349959950120145E-003
   2.1099936700189891E-004
   2.1499935500193492E-004
   7.9599761200716370E-004
   2.1699934900195291E-004
   7.9199762400712767E-004
   9.6699709900870264E-004
   7.4899775300674067E-004
   1.0299969100092698E-003
   2.1799934600196192E-004
   3.0199909400271789E-004
   1.1719964840105476E-003
   8.0799757600727169E-004
   2.1199936400190792E-004
   3.0299909100272687E-004
   9.6799709600871157E-004
   5.7599827200518377E-004
   4.4499866500400482E-004
   7.6299771100686673E-004
   6.5899802300593076E-004
   1.0189969430091706E-003
   1.1379965860102415E-003
   1.3119960640118075E-003
   1.3399959800120594E-003
   2.0899937300188092E-004
   2.3999928000215990E-004
   2.7199918400244786E-004
   2.2099933700198891E-004
   5.5199834400496779E-004
   2.5839922480232549E-003
   1.4929955210134364E-003
   3.3999898000305987E-004
   1.3829958510124464E-003
   4.4799865600403182E-004
   2.1329936010191959E-003
   5.2799841600475181E-004
   1.3579959260122214E-003
   1.1579965260104215E-003
   2.8199915400253789E-004
   2.2499932500202492E-004
   2.2499932500202492E-004
   2.0999937000188993E-004
   6.7299798100605671E-004
   4.5099864700405882E-004
   9.3299720100839664E-004
   2.3899928300215092E-004
   1.8219945340163972E-003
   1.2419962740111774E-003
   5.9399821800534575E-004
   2.0499938500184492E-004
   2.1399935800192591E-004
   2.0999937000188993E-004
   2.2469932590202220E-003
   9.5999712000863961E-004
   3.1999904000287993E-004
   1.1519965440103675E-003
   3.5099894700315888E-004
   2.5639923080230747E-003
   2.0899937300188092E-004
   2.2199933400199792E-004
   2.6509920470238579E-003
   1.4439956680129954E-003
   2.1199936400190792E-004
   1.2699961900114296E-003
   1.3559959320122036E-003
   3.3499899500301486E-004
   1.1509965470103585E-003
   1.9409941770174683E-003
   2.2999931000206990E-004
   2.0269939190182425E-003
   1.8199945400163792E-004
   2.1099936700189891E-004
   2.5599923200230390E-004
   7.1199786400640767E-004
   5.7099828700513881E-004
   2.2939931180206452E-003
   1.7179948460154613E-003
   1.2169963490109524E-003
   1.6689949930150203E-003
   1.8369944890165323E-003
   1.1259966220101337E-003
   4.5399863800408581E-004
   1.2469962590112226E-003
   7.2199783400649770E-004
   1.0709967870096385E-003
   1.3799958600124195E-004
   1.2619962140113575E-003
   3.9399881800354582E-004
   9.6699709900870264E-004
   2.2099933700198891E-004
   2.2699931900204291E-004
   2.4599926200221392E-004
   7.4399776800669571E-004
   2.1299936100191693E-004
   2.8199915400253789E-004
   2.2399932800201591E-004
   1.9829940510178463E-003
   1.1199966400100795E-003
   1.8759943720168834E-003
   5.9899820300539082E-004
   2.3769928690213923E-003
   4.1099876700369887E-004
   6.7399797800606575E-004
   2.2349932950201140E-003
   2.1899934300197092E-004
   2.4449926650220040E-003
   1.3059960820117535E-003
   2.6699919900240290E-004
   2.6399920800237591E-004
   1.0239969280092156E-003
   3.5899892300323083E-004
   3.8599884200347386E-004
   2.8099915700252891E-004
   1.2399962800111594E-004
   1.5859952420142734E-003
   3.7599887200338383E-004
   7.1099786700639875E-004
   2.1899934300197092E-004
   7.8899763300710067E-004
   3.1499905500283491E-004
   2.0409938770183681E-003
   2.2469932590202220E-003
   2.0099939700180891E-004
   5.2799841600475181E-004
   3.7599887200338383E-004
   2.9299912100263690E-004
   2.1499935500193492E-004
   5.8999823000530983E-004
   2.8599914200257392E-004
   6.5799802600592172E-004
   8.9499731500805460E-004
   5.9599821200536371E-004
   2.5299924100227690E-004
   2.3099930700207891E-004
   8.7699736900789262E-004
   3.8899883300350086E-004
   3.9499881500355485E-004
   2.3499929500211489E-004
   3.5199894400316786E-004
   4.4699865900402284E-004
   2.9399911800264588E-004
   5.0699847900456273E-004
   2.1199936400190792E-004
   2.7299918100245690E-004
   3.7299888100335689E-004
   2.1299936100191693E-004
   7.4299777100668668E-004
   2.1699934900195291E-004
   4.3299870100389683E-004
   2.0199939400181792E-004
   1.0089969730090805E-003
   2.1699934900195291E-004
   3.3999898000305987E-004
   3.4599896200311386E-004
   3.0899907300278086E-004
   1.7319948040155873E-003
   2.2099933700198891E-004
   7.2699781900654266E-004
   2.3099930700207891E-004
   3.6699889900330284E-004
   7.4099777700666872E-004
   2.1699934900195291E-004
   2.1399935800192591E-004
   4.6799859600421182E-004
   1.3059960820117535E-003
   9.6399710800867565E-004
   2.0899937300188092E-004
   3.9999880000359991E-005
   9.8799703600889162E-004
   2.0999937000188993E-004
   2.7099918700243888E-004
   1.7529947410157762E-003
   2.0699937900186291E-004
   3.0999907000278990E-004
   3.5099894700315888E-004
   3.7499887500337485E-004
   6.9999790000629968E-005
   2.0799937600187192E-004
   1.0249969250092246E-003
   6.5699802900591280E-004
   3.2999901000296984E-004
   7.9799760600718166E-004
   5.9899820300539082E-004
   2.5299924100227690E-004
   7.2399782800651577E-004
   3.5399893800318582E-004
   2.5299924100227690E-004
   1.7099948700153894E-004
   3.0099909700270885E-004
   2.4099927700216891E-004
   3.6199891400325788E-004
   1.5599953200140394E-003
   2.3799928600214191E-004
   1.9199942400172792E-004
   4.8199855400433782E-004
   2.2599932200203390E-004
   3.0399908800273590E-004
   8.1899754300737064E-004
   2.6199921400235795E-004
   4.5199864400406780E-004
   2.0999937000188993E-004
   2.2999931000206990E-004
   4.0499878500364482E-004
   3.5099894700315888E-004
   6.3799808600574178E-004
   1.1439965680102957E-003
   2.6199921400235795E-004
   4.2499872500382482E-004
   2.1899934300197092E-004
   1.1079966760099715E-003
   1.9999940000179993E-004
   2.3799928600214191E-004
   3.3899898300305089E-004
   2.0799937600187192E-004
   4.1299876100371684E-004
   1.0079969760090717E-003
   2.5499923500229492E-004
   8.1899754300737064E-004
   3.2899901300296086E-004
   2.5499923500229492E-004
   2.0899937300188092E-004
   2.1999934000197993E-004
   1.3599959200122393E-004
   4.4599866200401380E-004
   2.2099933700198891E-004
   1.3599959200122393E-004
   8.1199756400730772E-004
   3.2499902500292483E-004
   5.1399845800462586E-004
   2.3899928300215092E-004
   8.9799730600808171E-004
   3.0599908200275387E-004
   1.0019969940090177E-003
   2.0799937600187192E-004
   2.7799916600250186E-004
   5.4199837400487776E-004
   5.2399842800471589E-004
   8.5499743500769461E-004
   9.2099723700828865E-004
   3.1699904900285287E-004
   1.9799940600178192E-004
   1.3499959500121495E-004
   7.0499788500634475E-004
   9.9199702400892755E-004
   3.4599896200311386E-004
   8.5499743500769461E-004
   4.4099867700396879E-004
   2.2399932800201591E-004
   3.3399899800300588E-004
   2.1899934300197092E-004
   6.3999808000575985E-004
   1.6099951700144894E-004
   1.4669955990132023E-003
   6.9399791800624569E-004
   5.0899847300458080E-004
   2.1499935500193492E-004
   1.2999961000116993E-003
   2.1699934900195291E-004
   3.8399884800345585E-004
   5.1099846700459876E-004
   6.6099801700594872E-004
   2.6699919900240290E-004
   1.2419962740111774E-003
   2.2699931900204291E-004
   3.7899886300341083E-004
   2.1099936700189891E-004
   1.2999961000116994E-004
   2.3799928600214191E-004
   5.6699829900510278E-004
   2.1499935500193492E-004
   1.9899940300179092E-004
   3.6299891100326687E-004
   4.0999877000368984E-004
   2.2099933700198891E-004
   9.9099702700891851E-004
   7.4199777400667775E-004
   2.4199927400217789E-004
   2.6499920500238489E-004
   3.0599908200275387E-004
   1.1989964030107905E-003
   1.8399944800165594E-004
   4.5999862000413981E-004
   2.1099936700189891E-004
   2.2399932800201591E-004
   3.4299897100308687E-004
   2.1299936100191693E-004
   8.3199750400748766E-004
   5.1199846400460779E-004
   1.0439968680093956E-003
   2.1799934600196192E-004
   3.4799895600313188E-004
   3.2499902500292483E-004
   3.6699889900330284E-004
   3.6499890500328483E-004
   3.6999889000332984E-004
   2.1099936700189891E-004
   2.4199927400217789E-004
   1.6149951550145343E-003
   2.1199936400190792E-004
   5.4999835000494983E-004
   2.2199933400199792E-004
   5.6399830800507578E-004
   2.0899937300188092E-004
   2.1099936700189891E-004
   2.3499929500211489E-004
   3.6099891700324885E-004
   4.3299870100389683E-004
   5.6999829000512977E-004
   1.0379968860093416E-003
   1.4019957940126174E-003
   1.5899952300143093E-003
   1.9499941500175492E-004
   2.5199924400226792E-004
   3.3899898300305089E-004
   3.3699898900303287E-004
   4.5799862600412185E-004
   2.1799934600196192E-004
   2.1699934900195291E-004
   5.4299837100488680E-004
   1.9399941800174591E-004
   1.0839967480097555E-003
   1.1049966850099446E-003
   2.1199936400190792E-004
   4.3499869500391485E-004
   3.1799904600286185E-004
   2.2999931000206990E-004
   5.6199831400505782E-004
   5.1099846700459876E-004
   2.1599935200194390E-004
   2.1199936400190792E-004
   2.1299936100191693E-004
   2.0299939100182693E-004
   2.1499935500193492E-004
   2.8999913000260990E-004
   9.9999700000899960E-007
   2.0799937600187192E-004
   6.5399803800588569E-004
   1.3899958300125093E-004
   2.2899931300206092E-004
   2.1799934600196192E-004
   1.7599947200158393E-004
   2.1599935200194390E-004
   6.0699817900546277E-004
   7.1299786100641671E-004
   1.6599950200149394E-003
   3.0899907300278086E-004
   3.6199891400325788E-004
   3.7299888100335689E-004
   2.2999931000206990E-004
   1.2999961000116994E-004
   3.6599890200329386E-004
   2.0799937600187192E-004
   9.4699715900852270E-004
   3.0699907900276285E-004
   1.3629959110122666E-003
   2.1999934000197993E-004
   2.3499929500211489E-004
   1.8809943570169284E-003
   3.6699889900330284E-004
   2.6799919600241189E-004
   1.0459968620094137E-003
   2.2299933100200690E-004
   1.9699940900177291E-004
   1.1879964360106915E-003
   2.2199933400199792E-004
   2.0899937300188092E-004
   2.0899937300188092E-004
   2.1199936400190792E-004
   2.0999937000188993E-004
   3.6499890500328483E-004
   4.0399878800363584E-004
   3.4999895000314984E-004
   2.2699931900204291E-004
   2.0599938200185390E-004
   3.9899880300359083E-004
   2.5999922000233987E-004
   9.0899727300818066E-004
   2.0499938500184492E-004
   2.0899937300188092E-004
   2.1899934300197092E-004
   2.2299933100200690E-004
   2.2399932800201591E-004
   1.1399965800102596E-004
   2.9999910000269987E-004
   7.9999760000719973E-004
   1.1049966850099446E-003
   3.4099897700306885E-004
   2.0799937600187192E-004
   8.3899748300755069E-004
   2.5599923200230390E-004
   3.0399908800273590E-004
   1.2369962890111325E-003
   3.7399887800336582E-004
   2.9899910300269089E-004
   5.5199834400496779E-004
   2.2799931600205191E-004
   2.3099930700207891E-004
   9.1699724900825262E-004
   4.2899871300386086E-004
   3.5499893500319486E-004
   2.0499938500184492E-004
   2.0999937000188993E-004
   3.7499887500337485E-004
   3.9599881200356383E-004
   3.3399899800300588E-004
   2.2599932200203390E-004
   3.0999907000278990E-004
   3.3899898300305089E-004
   1.0319969040092874E-003
   1.0139969580091255E-003
   2.1399935800192591E-004
   2.0999937000188993E-004
   2.5099924700225888E-004
   2.0999937000188993E-004
   4.1699874900375281E-004
   3.4799895600313188E-004
   2.0999937000188993E-004
   2.1399935800192591E-004
   1.4109957670126983E-003
   3.7199888400334786E-004
   2.1399935800192591E-004
   2.0399938800183591E-004
   1.0999967000098997E-004
   3.5099894700315888E-004
   2.1099936700189891E-004
   1.7799946600160192E-004
   1.8019945940162172E-003
   1.1099966700099896E-004
   5.2099843700468878E-004
   1.2859961420115735E-003
   2.0399938800183591E-004
   2.6699919900240290E-004
   2.1199936400190792E-004
   3.0199909400271789E-004
   2.1199936400190792E-004
   1.9999940000179993E-004
   2.0399938800183591E-004
   2.1099936700189891E-004
   2.0999937000188993E-004
   3.6199891400325788E-004
   1.7339947980156054E-003
   2.2299933100200690E-004
   6.3899808300575082E-004
   2.1099936700189891E-004
   2.0599938200185390E-004
   3.0399908800273590E-004
   3.1499905500283491E-004
   4.1399875800372582E-004
   1.5999952000143996E-004
   2.1499935500193492E-004
   2.0699937900186291E-004
   2.1099936700189891E-004
   2.2199933400199792E-004
   2.7699916900249288E-004
   2.1199936400190792E-004
   2.0799937600187192E-004
   3.6299891100326687E-004
   5.5699832900501275E-004
   2.6499920500238489E-004
   3.8299885100344681E-004
   2.5099924700225888E-004
   2.0399938800183591E-004
   1.5799952600142192E-004
   1.3799958600124195E-004
   3.4899895300314086E-004
   2.2899931300206092E-004
   3.4799895600313188E-004
   2.1199936400190792E-004
   3.1799904600286185E-004
   1.5979952060143814E-003
   2.2499932500202492E-004
   2.2799931600205191E-004
   2.2799931600205191E-004
   1.4589956230131305E-003
   3.2199903400289789E-004
   2.0799937600187192E-004
   2.1699934900195291E-004
   1.5309954070137784E-003
   1.0979967060098816E-003
   3.1299906100281690E-004
   8.8199735400793758E-004
   2.9499911500265491E-004
   3.2699901900294285E-004
   9.6599710200869361E-004
   2.0199939400181792E-004
   2.0599938200185390E-004
   1.9999940000179993E-004
   2.1599935200194390E-004
   2.0799937600187192E-004
   4.1499875500373485E-004
   2.5499923500229492E-004
   2.3499929500211489E-004
   2.0999937000188993E-004
   1.7899946300161093E-004
   3.2499902500292483E-004
   3.3199900400298786E-004
   5.6599830200509374E-004
   2.1399935800192591E-004
   2.3699928900213291E-004
   2.1799934600196192E-004
   4.4899865300404085E-004
   3.4599896200311386E-004
   7.9999760000719973E-004
   6.0999817000548977E-005
   9.6699709900870264E-004
   2.0999937000188993E-004
   2.1999934000197993E-004
   3.6599890200329386E-004
   3.5899892300323083E-004
   1.9599941200176393E-004
   4.3699868900393281E-004
   2.1499935500193492E-004
   1.0229969310092066E-003
   3.4499896500310483E-004
   6.7799796600610178E-004
   4.0799877600367182E-004
   2.0399938800183591E-004
   2.7199918400244786E-004
   2.1799934600196192E-004
   2.1599935200194390E-004
   4.0599878200365386E-004
   1.4669955990132023E-003
   2.1499935500193492E-004
   9.9599701200896347E-004
   3.7599887200338383E-004
   2.1199936400190792E-004
   3.3599899200302384E-004
   2.2299933100200690E-004
   2.1799934600196192E-004
   2.5799922600232186E-004
   5.3999838000485980E-004
   1.0419968740093776E-003
   3.9199882400352786E-004
   7.6599770200689362E-004
   3.4099897700306885E-004
   2.9799910600268186E-004
   2.0499938500184492E-004
   2.9699910900267288E-004
   2.0999937000188993E-004
   2.3399929800210591E-004
   2.1399935800192591E-004
   2.1899934300197092E-004
   3.8199885400343788E-004
   7.5899772300683070E-004
   2.1899934300197092E-004
   3.5299894100317689E-004
   3.3199900400298786E-004
   3.1599905200284384E-004
   3.0299909100272687E-004
   2.3199930400208792E-004
   3.0199909400271789E-004
   2.0799937600187192E-004
   3.0599908200275387E-004
   2.1299936100191693E-004
   2.9399911800264588E-004
   2.0999937000188993E-004
   2.1799934600196192E-004
   2.1099936700189891E-004
   2.8299915100254687E-004
   2.1999934000197993E-004
   2.0699937900186291E-004
   2.1399935800192591E-004
   5.2399842800471589E-004
   1.1329966010101965E-003
   1.9299942100173693E-004
   1.8899943300170093E-004
   2.0899937300188092E-004
   1.9699940900177291E-004
   6.6999799000602971E-004
   2.1599935200194390E-004
   2.1799934600196192E-004
   7.7599767200698365E-004
   2.3399929800210591E-004
   2.1799934600196192E-004
   2.1799934600196192E-004
   2.4999925000224990E-004
   2.2799931600205191E-004
   1.8899943300170093E-004
   3.4899895300314086E-004
   3.5199894400316786E-004
   3.2199903400289789E-004
   1.8099945700162894E-004
