{"type": "FeatureCollection", "features": [{"type": "Feature", "geometry": {"type": "Polygon", "coordinates": [[[156.65, 48.4, -9098.498344], [156.59957, 48.513119, -10031.129213], [156.520064, 48.412041, -9665.722669], [156.65, 48.4, -9098.498344]]]}, "properties": {"slip": 0.26231913670041634}}, {"type": "Feature", "geometry": {"type": "Polygon", "coordinates": [[[159.954054, 52.319725, -24318.948148], [160.111057, 52.401879, -23079.492591], [159.896232, 52.463452, -28348.329897], [159.954054, 52.319725, -24318.948148]]]}, "properties": {"slip": 7.110887454084022}}, {"type": "Feature", "geometry": {"type": "Polygon", "coordinates": [[[159.114266, 52.519826, -51310.957599], [158.860579, 52.468922, -58101.062475], [159.03671, 52.398427, -50221.696903], [159.114266, 52.519826, -51310.957599]]]}, "properties": {"slip": 0.7237188643348293}}, {"type": "Feature", "geometry": {"type": "Polygon", "coordinates": [[[155.156868, 49.456452, -61982.738519], [155.25498, 49.354253, -53556.299336], [155.383794, 49.453338, -53626.850168], [155.156868, 49.456452, -61982.738519]]]}, "properties": {"slip": 0.3397157143325847}}, {"type": "Feature", "geometry": {"type": "Polygon", "coordinates": [[[156.205404, 48.585753, -12742.524948], [156.266468, 48.702315, -13610.78512], [156.062509, 48.642961, -14460.794348], [156.205404, 48.585753, -12742.524948]]]}, "properties": {"slip": 0.24159304335056322}}, {"type": "Feature", "geometry": {"type": "Polygon", "coordinates": [[[158.860579, 52.468922, -58101.062475], [159.114266, 52.519826, -51310.957599], [158.938248, 52.585054, -58961.26824], [158.860579, 52.468922, -58101.062475]]]}, "properties": {"slip": 0.3010356190558027}}, {"type": "Feature", "geometry": {"type": "Polygon", "coordinates": [[[156.480058, 50.585577, -61670.573798], [156.545147, 50.450152, -53814.959209], [156.689678, 50.545794, -52959.275807], [156.480058, 50.585577, -61670.573798]]]}, "properties": {"slip": 0.1752927196435383}}, {"type": "Feature", "geometry": {"type": "Polygon", "coordinates": [[[159.5881, 52.328542, -32241.828336], [159.620308, 52.162515, -27612.451446], [159.789077, 52.246407, -25959.481191], [159.5881, 52.328542, -32241.828336]]]}, "properties": {"slip": 7.183834067643268}}, {"type": "Feature", "geometry": {"type": "Polygon", "coordinates": [[[156.545147, 50.450152, -53814.959209], [156.480058, 50.585577, -61670.573798], [156.344485, 50.490841, -62309.116973], [156.545147, 50.450152, -53814.959209]]]}, "properties": {"slip": 0.47838265825773796}}, {"type": "Feature", "geometry": {"type": "Polygon", "coordinates": [[[158.676438, 52.153, -54349.297214], [158.556504, 52.258499, -61553.959015], [158.416841, 52.16148, -62649.772742], [158.676438, 52.153, -54349.297214]]]}, "properties": {"slip": 1.4025407078773549}}, {"type": "Feature", "geometry": {"type": "Polygon", "coordinates": [[[155.243422, 49.551126, -63341.386442], [155.156868, 49.456452, -61982.738519], [155.383794, 49.453338, -53626.850168], [155.243422, 49.551126, -63341.386442]]]}, "properties": {"slip": 0.3219037112976427}}, {"type": "Feature", "geometry": {"type": "Polygon", "coordinates": [[[156.266468, 48.702315, -13610.78512], [156.087872, 48.753313, -15759.673224], [156.062509, 48.642961, -14460.794348], [156.266468, 48.702315, -13610.78512]]]}, "properties": {"slip": 0.08963450301039474}}, {"type": "Feature", "geometry": {"type": "Polygon", "coordinates": [[[156.746861, 50.400481, -45625.527464], [156.897196, 50.483466, -44147.411964], [156.689678, 50.545794, -52959.275807], [156.746861, 50.400481, -45625.527464]]]}, "properties": {"slip": 1.427757757022248}}, {"type": "Feature", "geometry": {"type": "Polygon", "coordinates": [[[159.864958, 53.3986, -53945.560246], [159.723447, 53.29764, -55375.081839], [159.988384, 53.258254, -46142.940713], [159.864958, 53.3986, -53945.560246]]]}, "properties": {"slip": 0.0}}, {"type": "Feature", "geometry": {"type": "Polygon", "coordinates": [[[157.028343, 48.993125, -11439.752922], [156.884489, 48.910513, -11613.583023], [157.025679, 48.813204, -10133.368289], [157.028343, 48.993125, -11439.752922]]]}, "properties": {"slip": 5.943731931566969}}, {"type": "Feature", "geometry": {"type": "Polygon", "coordinates": [[[159.691198, 52.795234, -41815.336736], [159.890933, 52.820516, -37005.042643], [159.735581, 52.931417, -44336.234016], [159.691198, 52.795234, -41815.336736]]]}, "properties": {"slip": 0.496871952467819}}, {"type": "Feature", "geometry": {"type": "Polygon", "coordinates": [[[154.7, 49.25, -68532.821655], [154.784355, 49.221706, -63903.704412], [154.836922, 49.270732, -64429.721879], [154.7, 49.25, -68532.821655]]]}, "properties": {"slip": 0.11077875438944257}}, {"type": "Feature", "geometry": {"type": "Polygon", "coordinates": [[[161.991415, 52.752663, -9467.805254], [161.867523, 52.756348, -10075.537386], [161.945718, 52.697678, -9435.921743], [161.991415, 52.752663, -9467.805254]]]}, "properties": {"slip": 6.914754591547003}}, {"type": "Feature", "geometry": {"type": "Polygon", "coordinates": [[[155.896214, 49.92209, -54873.876539], [156.061161, 49.996082, -51894.121771], [155.872917, 50.065727, -61638.90861], [155.896214, 49.92209, -54873.876539]]]}, "properties": {"slip": 1.3923313106017536}}, {"type": "Feature", "geometry": {"type": "Polygon", "coordinates": [[[157.942853, 51.97024, -69382.902446], [157.81027, 51.867046, -69327.775747], [158.064776, 51.834052, -60731.424001], [157.942853, 51.97024, -69382.902446]]]}, "properties": {"slip": 0.0}}, {"type": "Feature", "geometry": {"type": "Polygon", "coordinates": [[[158.52103, 52.054229, -55855.550117], [158.676438, 52.153, -54349.297214], [158.416841, 52.16148, -62649.772742], [158.52103, 52.054229, -55855.550117]]]}, "properties": {"slip": 2.137807938822171}}, {"type": "Feature", "geometry": {"type": "Polygon", "coordinates": [[[159.890933, 52.820516, -37005.042643], [159.971601, 52.938027, -37896.782319], [159.735581, 52.931417, -44336.234016], [159.890933, 52.820516, -37005.042643]]]}, "properties": {"slip": 1.071613027140444}}, {"type": "Feature", "geometry": {"type": "Polygon", "coordinates": [[[161.68179, 52.519895, -9840.701719], [161.794639, 52.545109, -9437.062553], [161.749398, 52.590752, -9854.575208], [161.68179, 52.519895, -9840.701719]]]}, "properties": {"slip": 9.684995265790498}}, {"type": "Feature", "geometry": {"type": "Polygon", "coordinates": [[[158.112762, 49.6233, -10522.488766], [158.289417, 49.688762, -10119.098386], [158.105791, 49.741681, -11425.221937], [158.112762, 49.6233, -10522.488766]]]}, "properties": {"slip": 11.8795359431061}}, {"type": "Feature", "geometry": {"type": "Polygon", "coordinates": [[[157.028343, 48.993125, -11439.752922], [157.025679, 48.813204, -10133.368289], [157.178855, 48.910909, -10044.662252], [157.028343, 48.993125, -11439.752922]]]}, "properties": {"slip": 7.242806322002006}}, {"type": "Feature", "geometry": {"type": "Polygon", "coordinates": [[[157.576329, 49.312724, -10931.847377], [157.749912, 49.280174, -9874.646932], [157.726554, 49.406048, -10875.365955], [157.576329, 49.312724, -10931.847377]]]}, "properties": {"slip": 10.850726694523162}}, {"type": "Feature", "geometry": {"type": "Polygon", "coordinates": [[[161.76264, 52.494815, -9357.759233], [161.794639, 52.545109, -9437.062553], [161.68179, 52.519895, -9840.701719], [161.76264, 52.494815, -9357.759233]]]}, "properties": {"slip": 10.212778830566615}}, {"type": "Feature", "geometry": {"type": "Polygon", "coordinates": [[[158.000382, 49.419137, -9689.658516], [157.861102, 49.48583, -10791.032085], [157.878786, 49.346787, -9749.492622], [158.000382, 49.419137, -9689.658516]]]}, "properties": {"slip": 13.143526494767833}}, {"type": "Feature", "geometry": {"type": "Polygon", "coordinates": [[[160.25, 53.65, -49418.083191], [160.15, 53.6, -51035.785675], [160.316943, 53.577085, -45422.396139], [160.25, 53.65, -49418.083191]]]}, "properties": {"slip": 0.0}}, {"type": "Feature", "geometry": {"type": "Polygon", "coordinates": [[[160.787435, 52.577545, -16492.37194], [160.82382, 52.467032, -15136.615856], [160.967527, 52.548616, -14582.888142], [160.787435, 52.577545, -16492.37194]]]}, "properties": {"slip": 5.198671054210554}}, {"type": "Feature", "geometry": {"type": "Polygon", "coordinates": [[[161.486037, 52.351524, -9996.966374], [161.435759, 52.45365, -10773.656742], [161.339375, 52.354102, -10781.583026], [161.486037, 52.351524, -9996.966374]]]}, "properties": {"slip": 5.154791675116114}}, {"type": "Feature", "geometry": {"type": "Polygon", "coordinates": [[[157.089861, 50.877351, -52825.665213], [156.853396, 50.912856, -62489.760095], [156.937207, 50.787895, -54399.021825], [157.089861, 50.877351, -52825.665213]]]}, "properties": {"slip": 0.0}}, {"type": "Feature", "geometry": {"type": "Polygon", "coordinates": [[[160.160435, 51.425871, -11699.126816], [160.287315, 51.327091, -10391.712029], [160.403194, 51.426947, -10390.274253], [160.160435, 51.425871, -11699.126816]]]}, "properties": {"slip": 6.208205101695195}}, {"type": "Feature", "geometry": {"type": "Polygon", "coordinates": [[[155.319117, 48.949744, -33948.882794], [155.224462, 49.065123, -41338.338122], [155.171792, 48.977564, -39186.38018], [155.319117, 48.949744, -33948.882794]]]}, "properties": {"slip": 0.0}}, {"type": "Feature", "geometry": {"type": "Polygon", "coordinates": [[[160.111057, 52.401879, -23079.492591], [160.093849, 52.528265, -25682.579639], [159.896232, 52.463452, -28348.329897], [160.111057, 52.401879, -23079.492591]]]}, "properties": {"slip": 6.57200574821755}}, {"type": "Feature", "geometry": {"type": "Polygon", "coordinates": [[[158.000382, 49.419137, -9689.658516], [157.992535, 49.560177, -10672.490175], [157.861102, 49.48583, -10791.032085], [158.000382, 49.419137, -9689.658516]]]}, "properties": {"slip": 15.382758182282345}}, {"type": "Feature", "geometry": {"type": "Polygon", "coordinates": [[[159.620308, 52.162515, -27612.451446], [159.5881, 52.328542, -32241.828336], [159.440283, 52.233221, -33542.395076], [159.620308, 52.162515, -27612.451446]]]}, "properties": {"slip": 5.913056101370692}}, {"type": "Feature", "geometry": {"type": "Polygon", "coordinates": [[[158.105791, 49.741681, -11425.221937], [158.289417, 49.688762, -10119.098386], [158.260668, 49.820097, -11178.25093], [158.105791, 49.741681, -11425.221937]]]}, "properties": {"slip": 11.851496283703002}}, {"type": "Feature", "geometry": {"type": "Polygon", "coordinates": [[[157.031865, 51.018808, -60560.025417], [157.261843, 50.958038, -50345.647626], [157.245632, 51.081077, -55741.033403], [157.031865, 51.018808, -60560.025417]]]}, "properties": {"slip": 0.054367227827473386}}, {"type": "Feature", "geometry": {"type": "Polygon", "coordinates": [[[156.689678, 50.545794, -52959.275807], [156.851458, 50.606532, -50118.054641], [156.637163, 50.687464, -60569.581587], [156.689678, 50.545794, -52959.275807]]]}, "properties": {"slip": 0.11812611253739734}}, {"type": "Feature", "geometry": {"type": "Polygon", "coordinates": [[[159.988384, 53.258254, -46142.940713], [159.723447, 53.29764, -55375.081839], [159.796916, 53.167262, -49258.321811], [159.988384, 53.258254, -46142.940713]]]}, "properties": {"slip": 0.058766630125564934}}, {"type": "Feature", "geometry": {"type": "Polygon", "coordinates": [[[161.358842, 53.047897, -15388.919527], [161.155201, 53.03123, -17272.182999], [161.242039, 52.960614, -15711.20678], [161.358842, 53.047897, -15388.919527]]]}, "properties": {"slip": 0.6357491698663296}}, {"type": "Feature", "geometry": {"type": "Polygon", "coordinates": [[[161.568151, 52.438083, -10002.142468], [161.704225, 52.451411, -9425.858176], [161.68179, 52.519895, -9840.701719], [161.568151, 52.438083, -10002.142468]]]}, "properties": {"slip": 7.820292397993344}}, {"type": "Feature", "geometry": {"type": "Polygon", "coordinates": [[[155.848641, 49.587426, -43271.355359], [155.995831, 49.665021, -41491.903268], [155.795296, 49.717942, -50285.798561], [155.848641, 49.587426, -43271.355359]]]}, "properties": {"slip": 0.9743133814052847}}, {"type": "Feature", "geometry": {"type": "Polygon", "coordinates": [[[161.168927, 52.075813, -10284.978095], [161.28686, 52.173267, -10156.606699], [161.101077, 52.194884, -11282.512184], [161.168927, 52.075813, -10284.978095]]]}, "properties": {"slip": 8.830170769956393}}, {"type": "Feature", "geometry": {"type": "Polygon", "coordinates": [[[156.637163, 50.687464, -60569.581587], [156.851458, 50.606532, -50118.054641], [156.8075, 50.713569, -55794.879585], [156.637163, 50.687464, -60569.581587]]]}, "properties": {"slip": 0.24373252303808157}}, {"type": "Feature", "geometry": {"type": "Polygon", "coordinates": [[[156.853396, 50.912856, -62489.760095], [157.089861, 50.877351, -52825.665213], [157.031865, 51.018808, -60560.025417], [156.853396, 50.912856, -62489.760095]]]}, "properties": {"slip": 0.0}}, {"type": "Feature", "geometry": {"type": "Polygon", "coordinates": [[[156.545147, 50.450152, -53814.959209], [156.746861, 50.400481, -45625.527464], [156.689678, 50.545794, -52959.275807], [156.545147, 50.450152, -53814.959209]]]}, "properties": {"slip": 1.258419163220203}}, {"type": "Feature", "geometry": {"type": "Polygon", "coordinates": [[[160.82382, 52.467032, -15136.615856], [161.007095, 52.456942, -13569.07293], [160.967527, 52.548616, -14582.888142], [160.82382, 52.467032, -15136.615856]]]}, "properties": {"slip": 5.041279762759196}}, {"type": "Feature", "geometry": {"type": "Polygon", "coordinates": [[[161.155201, 53.03123, -17272.182999], [161.358842, 53.047897, -15388.919527], [161.218079, 53.135151, -17648.654847], [161.155201, 53.03123, -17272.182999]]]}, "properties": {"slip": 0.3361643438110714}}, {"type": "Feature", "geometry": {"type": "Polygon", "coordinates": [[[160.703616, 52.234162, -14222.33969], [160.505909, 52.298697, -16548.152468], [160.515663, 52.168563, -15202.435752], [160.703616, 52.234162, -14222.33969]]]}, "properties": {"slip": 7.52280746739861}}, {"type": "Feature", "geometry": {"type": "Polygon", "coordinates": [[[157.37953, 51.163668, -54645.840856], [157.528418, 51.241667, -53026.753978], [157.367151, 51.324199, -61649.374736], [157.37953, 51.163668, -54645.840856]]]}, "properties": {"slip": 0.56971790149311}}, {"type": "Feature", "geometry": {"type": "Polygon", "coordinates": [[[157.548057, 49.435485, -12104.762282], [157.576329, 49.312724, -10931.847377], [157.726554, 49.406048, -10875.365955], [157.548057, 49.435485, -12104.762282]]]}, "properties": {"slip": 11.421639632795559}}, {"type": "Feature", "geometry": {"type": "Polygon", "coordinates": [[[155.708651, 49.964084, -63804.43387], [155.896214, 49.92209, -54873.876539], [155.872917, 50.065727, -61638.90861], [155.708651, 49.964084, -63804.43387]]]}, "properties": {"slip": 0.4675718532674515}}, {"type": "Feature", "geometry": {"type": "Polygon", "coordinates": [[[157.861102, 49.48583, -10791.032085], [157.726554, 49.406048, -10875.365955], [157.878786, 49.346787, -9749.492622], [157.861102, 49.48583, -10791.032085]]]}, "properties": {"slip": 11.657704724615893}}, {"type": "Feature", "geometry": {"type": "Polygon", "coordinates": [[[160.160435, 51.425871, -11699.126816], [160.403194, 51.426947, -10390.274253], [160.309146, 51.528048, -11513.824227], [160.160435, 51.425871, -11699.126816]]]}, "properties": {"slip": 4.88507885029811}}, {"type": "Feature", "geometry": {"type": "Polygon", "coordinates": [[[156.087872, 48.753313, -15759.673224], [155.917274, 48.805147, -18472.881492], [155.896563, 48.694433, -16772.607159], [156.087872, 48.753313, -15759.673224]]]}, "properties": {"slip": 0.0}}, {"type": "Feature", "geometry": {"type": "Polygon", "coordinates": [[[156.062509, 48.642961, -14460.794348], [156.087872, 48.753313, -15759.673224], [155.896563, 48.694433, -16772.607159], [156.062509, 48.642961, -14460.794348]]]}, "properties": {"slip": 0.0}}, {"type": "Feature", "geometry": {"type": "Polygon", "coordinates": [[[156.516983, 50.827302, -71037.850579], [156.390816, 50.722582, -70954.17442], [156.637163, 50.687464, -60569.581587], [156.516983, 50.827302, -71037.850579]]]}, "properties": {"slip": 0.048966446103211256}}, {"type": "Feature", "geometry": {"type": "Polygon", "coordinates": [[[158.52103, 52.054229, -55855.550117], [158.416841, 52.16148, -62649.772742], [158.267747, 52.065775, -63676.421156], [158.52103, 52.054229, -55855.550117]]]}, "properties": {"slip": 1.2530977479337007}}, {"type": "Feature", "geometry": {"type": "Polygon", "coordinates": [[[161.849667, 52.679979, -9798.882014], [161.849427, 52.610683, -9484.01047], [161.918961, 52.647683, -9338.062079], [161.849667, 52.679979, -9798.882014]]]}, "properties": {"slip": 8.122231111387087}}, {"type": "Feature", "geometry": {"type": "Polygon", "coordinates": [[[157.992535, 49.560177, -10672.490175], [158.000382, 49.419137, -9689.658516], [158.107029, 49.497467, -9720.388769], [157.992535, 49.560177, -10672.490175]]]}, "properties": {"slip": 16.551817933411616}}, {"type": "Feature", "geometry": {"type": "Polygon", "coordinates": [[[158.366554, 51.956165, -56905.691854], [158.52103, 52.054229, -55855.550117], [158.267747, 52.065775, -63676.421156], [158.366554, 51.956165, -56905.691854]]]}, "properties": {"slip": 1.6067804991781969}}, {"type": "Feature", "geometry": {"type": "Polygon", "coordinates": [[[161.007095, 52.456942, -13569.07293], [160.82382, 52.467032, -15136.615856], [160.889063, 52.348962, -13673.133285], [161.007095, 52.456942, -13569.07293]]]}, "properties": {"slip": 4.8457077363408265}}, {"type": "Feature", "geometry": {"type": "Polygon", "coordinates": [[[160.209658, 53.48826, -46109.978941], [160.094594, 53.38493, -46593.232091], [160.306774, 53.386107, -40569.06435], [160.209658, 53.48826, -46109.978941]]]}, "properties": {"slip": 0.0}}, {"type": "Feature", "geometry": {"type": "Polygon", "coordinates": [[[161.640021, 52.667681, -10808.040545], [161.50691, 52.698263, -11761.040008], [161.524969, 52.61059, -11135.98571], [161.640021, 52.667681, -10808.040545]]]}, "properties": {"slip": 7.4666675380061065}}, {"type": "Feature", "geometry": {"type": "Polygon", "coordinates": [[[161.168927, 52.075813, -10284.978095], [161.361739, 52.050172, -9257.092546], [161.28686, 52.173267, -10156.606699], [161.168927, 52.075813, -10284.978095]]]}, "properties": {"slip": 10.941694568668508}}, {"type": "Feature", "geometry": {"type": "Polygon", "coordinates": [[[156.898875, 51.14067, -70512.465525], [156.771008, 51.036347, -70781.192456], [157.031865, 51.018808, -60560.025417], [156.898875, 51.14067, -70512.465525]]]}, "properties": {"slip": 0.0}}, {"type": "Feature", "geometry": {"type": "Polygon", "coordinates": [[[157.37953, 51.163668, -54645.840856], [157.367151, 51.324199, -61649.374736], [157.218259, 51.229089, -62800.674268], [157.37953, 51.163668, -54645.840856]]]}, "properties": {"slip": 0.0}}, {"type": "Feature", "geometry": {"type": "Polygon", "coordinates": [[[157.80337, 49.156269, -8907.440471], [157.95, 49.25, -8898.145676], [157.749912, 49.280174, -9874.646932], [157.80337, 49.156269, -8907.440471]]]}, "properties": {"slip": 9.211332923112673}}, {"type": "Feature", "geometry": {"type": "Polygon", "coordinates": [[[155.224462, 49.065123, -41338.338122], [155.319117, 48.949744, -33948.882794], [155.409168, 49.034149, -34759.743496], [155.224462, 49.065123, -41338.338122]]]}, "properties": {"slip": 0.13166652760384837}}, {"type": "Feature", "geometry": {"type": "Polygon", "coordinates": [[[161.849427, 52.610683, -9484.01047], [161.849667, 52.679979, -9798.882014], [161.74807, 52.643608, -10117.691645], [161.849427, 52.610683, -9484.01047]]]}, "properties": {"slip": 8.388948934893552}}, {"type": "Feature", "geometry": {"type": "Polygon", "coordinates": [[[156.689678, 50.545794, -52959.275807], [156.897196, 50.483466, -44147.411964], [156.851458, 50.606532, -50118.054641], [156.689678, 50.545794, -52959.275807]]]}, "properties": {"slip": 0.11873249716102473}}, {"type": "Feature", "geometry": {"type": "Polygon", "coordinates": [[[158.153795, 51.95053, -62677.442447], [157.942853, 51.97024, -69382.902446], [158.064776, 51.834052, -60731.424001], [158.153795, 51.95053, -62677.442447]]]}, "properties": {"slip": 0.0364685216765902}}, {"type": "Feature", "geometry": {"type": "Polygon", "coordinates": [[[158.080388, 49.989979, -13718.396562], [157.905044, 49.903615, -14135.202657], [158.087771, 49.864585, -12532.03582], [158.080388, 49.989979, -13718.396562]]]}, "properties": {"slip": 15.67637309817199}}, {"type": "Feature", "geometry": {"type": "Polygon", "coordinates": [[[157.028343, 48.993125, -11439.752922], [157.178855, 48.910909, -10044.662252], [157.158945, 49.075561, -11342.48831], [157.028343, 48.993125, -11439.752922]]]}, "properties": {"slip": 8.057621485885408}}, {"type": "Feature", "geometry": {"type": "Polygon", "coordinates": [[[158.260668, 49.820097, -11178.25093], [158.244852, 49.944893, -12251.745777], [158.087771, 49.864585, -12532.03582], [158.260668, 49.820097, -11178.25093]]]}, "properties": {"slip": 14.578713960536986}}, {"type": "Feature", "geometry": {"type": "Polygon", "coordinates": [[[157.178855, 48.910909, -10044.662252], [157.330824, 49.012777, -9994.335921], [157.158945, 49.075561, -11342.48831], [157.178855, 48.910909, -10044.662252]]]}, "properties": {"slip": 8.34554143529195}}, {"type": "Feature", "geometry": {"type": "Polygon", "coordinates": [[[159.440283, 52.233221, -33542.395076], [159.26623, 52.134861, -35580.679664], [159.45937, 52.087089, -29462.968709], [159.440283, 52.233221, -33542.395076]]]}, "properties": {"slip": 6.355249407447532}}, {"type": "Feature", "geometry": {"type": "Polygon", "coordinates": [[[161.435759, 52.45365, -10773.656742], [161.486037, 52.351524, -9996.966374], [161.568151, 52.438083, -10002.142468], [161.435759, 52.45365, -10773.656742]]]}, "properties": {"slip": 6.066954783090877}}, {"type": "Feature", "geometry": {"type": "Polygon", "coordinates": [[[161.168927, 52.075813, -10284.978095], [161.101077, 52.194884, -11282.512184], [160.974964, 52.107945, -11522.23297], [161.168927, 52.075813, -10284.978095]]]}, "properties": {"slip": 8.864629083820104}}, {"type": "Feature", "geometry": {"type": "Polygon", "coordinates": [[[161.622337, 52.831101, -11856.014513], [161.746143, 52.86808, -11319.713958], [161.680815, 52.93457, -12112.490626], [161.622337, 52.831101, -11856.014513]]]}, "properties": {"slip": 3.3211711141377607}}, {"type": "Feature", "geometry": {"type": "Polygon", "coordinates": [[[161.339375, 52.354102, -10781.583026], [161.435759, 52.45365, -10773.656742], [161.313697, 52.43131, -11351.35985], [161.339375, 52.354102, -10781.583026]]]}, "properties": {"slip": 4.729170072764455}}, {"type": "Feature", "geometry": {"type": "Polygon", "coordinates": [[[161.524969, 52.61059, -11135.98571], [161.540869, 52.52446, -10576.594912], [161.651318, 52.591354, -10344.243044], [161.524969, 52.61059, -11135.98571]]]}, "properties": {"slip": 7.041593816780402}}, {"type": "Feature", "geometry": {"type": "Polygon", "coordinates": [[[158.064776, 51.834052, -60731.424001], [157.81027, 51.867046, -69327.775747], [157.893555, 51.736379, -61788.150454], [158.064776, 51.834052, -60731.424001]]]}, "properties": {"slip": 0.0}}, {"type": "Feature", "geometry": {"type": "Polygon", "coordinates": [[[157.089861, 50.877351, -52825.665213], [157.261843, 50.958038, -50345.647626], [157.031865, 51.018808, -60560.025417], [157.089861, 50.877351, -52825.665213]]]}, "properties": {"slip": 0.5398757833085001}}, {"type": "Feature", "geometry": {"type": "Polygon", "coordinates": [[[161.867523, 52.756348, -10075.537386], [161.991415, 52.752663, -9467.805254], [161.944825, 52.801868, -9908.397148], [161.867523, 52.756348, -10075.537386]]]}, "properties": {"slip": 6.707044202713194}}, {"type": "Feature", "geometry": {"type": "Polygon", "coordinates": [[[161.007095, 52.456942, -13569.07293], [160.889063, 52.348962, -13673.133285], [161.059533, 52.37449, -12628.0074], [161.007095, 52.456942, -13569.07293]]]}, "properties": {"slip": 5.182561096258005}}, {"type": "Feature", "geometry": {"type": "Polygon", "coordinates": [[[156.545147, 50.450152, -53814.959209], [156.344485, 50.490841, -62309.116973], [156.413363, 50.351086, -54105.902997], [156.545147, 50.450152, -53814.959209]]]}, "properties": {"slip": 1.216587169743687}}, {"type": "Feature", "geometry": {"type": "Polygon", "coordinates": [[[161.509582, 52.891099, -12992.253859], [161.622337, 52.831101, -11856.014513], [161.680815, 52.93457, -12112.490626], [161.509582, 52.891099, -12992.253859]]]}, "properties": {"slip": 2.549359566387599}}, {"type": "Feature", "geometry": {"type": "Polygon", "coordinates": [[[161.640021, 52.667681, -10808.040545], [161.524969, 52.61059, -11135.98571], [161.651318, 52.591354, -10344.243044], [161.640021, 52.667681, -10808.040545]]]}, "properties": {"slip": 8.247755312020994}}, {"type": "Feature", "geometry": {"type": "Polygon", "coordinates": [[[161.651318, 52.591354, -10344.243044], [161.68179, 52.519895, -9840.701719], [161.749398, 52.590752, -9854.575208], [161.651318, 52.591354, -10344.243044]]]}, "properties": {"slip": 9.15140026945219}}, {"type": "Feature", "geometry": {"type": "Polygon", "coordinates": [[[160.418633, 51.841386, -13142.053289], [160.59485, 51.794168, -11713.179874], [160.556489, 51.919738, -12840.444825], [160.418633, 51.841386, -13142.053289]]]}, "properties": {"slip": 7.151763330170381}}, {"type": "Feature", "geometry": {"type": "Polygon", "coordinates": [[[161.640021, 52.667681, -10808.040545], [161.651318, 52.591354, -10344.243044], [161.74807, 52.643608, -10117.691645], [161.640021, 52.667681, -10808.040545]]]}, "properties": {"slip": 9.08460183110912}}, {"type": "Feature", "geometry": {"type": "Polygon", "coordinates": [[[160.007141, 53.499387, -52495.702258], [160.094594, 53.38493, -46593.232091], [160.209658, 53.48826, -46109.978941], [160.007141, 53.499387, -52495.702258]]]}, "properties": {"slip": 0.0}}, {"type": "Feature", "geometry": {"type": "Polygon", "coordinates": [[[161.168927, 52.075813, -10284.978095], [160.974964, 52.107945, -11522.23297], [161.015649, 51.968424, -10518.261024], [161.168927, 52.075813, -10284.978095]]]}, "properties": {"slip": 7.800066392523556}}, {"type": "Feature", "geometry": {"type": "Polygon", "coordinates": [[[161.651318, 52.591354, -10344.243044], [161.540869, 52.52446, -10576.594912], [161.68179, 52.519895, -9840.701719], [161.651318, 52.591354, -10344.243044]]]}, "properties": {"slip": 8.152681708036162}}, {"type": "Feature", "geometry": {"type": "Polygon", "coordinates": [[[162.047992, 52.91827, -9921.134749], [162.103467, 52.851207, -9368.864439], [162.156397, 52.895807, -9303.343901], [162.047992, 52.91827, -9921.134749]]]}, "properties": {"slip": 2.0617605491670767}}, {"type": "Feature", "geometry": {"type": "Polygon", "coordinates": [[[161.373885, 52.941665, -14394.38894], [161.21354, 52.8773, -15234.483454], [161.362882, 52.836087, -13675.979379], [161.373885, 52.941665, -14394.38894]]]}, "properties": {"slip": 2.0763387237648843}}, {"type": "Feature", "geometry": {"type": "Polygon", "coordinates": [[[158.694847, 50.160529, -11424.132893], [158.78416, 50.055525, -10238.272326], [158.889436, 50.145796, -10340.082846], [158.694847, 50.160529, -11424.132893]]]}, "properties": {"slip": 13.738489312944713}}, {"type": "Feature", "geometry": {"type": "Polygon", "coordinates": [[[154.919219, 49.456285, -70740.030053], [154.8, 49.35, -69835.975647], [154.963097, 49.304148, -61492.607235], [154.919219, 49.456285, -70740.030053]]]}, "properties": {"slip": 0.0}}, {"type": "Feature", "geometry": {"type": "Polygon", "coordinates": [[[160.974964, 52.107945, -11522.23297], [160.863983, 52.021633, -11652.055591], [161.015649, 51.968424, -10518.261024], [160.974964, 52.107945, -11522.23297]]]}, "properties": {"slip": 7.163003920954954}}, {"type": "Feature", "geometry": {"type": "Polygon", "coordinates": [[[157.695616, 49.523455, -11996.004977], [157.548057, 49.435485, -12104.762282], [157.726554, 49.406048, -10875.365955], [157.695616, 49.523455, -11996.004977]]]}, "properties": {"slip": 12.690036193908368}}, {"type": "Feature", "geometry": {"type": "Polygon", "coordinates": [[[157.749912, 49.280174, -9874.646932], [157.95, 49.25, -8898.145676], [157.878786, 49.346787, -9749.492622], [157.749912, 49.280174, -9874.646932]]]}, "properties": {"slip": 9.443474534319018}}, {"type": "Feature", "geometry": {"type": "Polygon", "coordinates": [[[159.118689, 50.513356, -11707.916457], [159.222837, 50.416463, -10495.630431], [159.329502, 50.505682, -10538.123118], [159.118689, 50.513356, -11707.916457]]]}, "properties": {"slip": 12.85629830121907}}, {"type": "Feature", "geometry": {"type": "Polygon", "coordinates": [[[157.090381, 51.133904, -63320.778408], [157.031865, 51.018808, -60560.025417], [157.245632, 51.081077, -55741.033403], [157.090381, 51.133904, -63320.778408]]]}, "properties": {"slip": 0.0}}, {"type": "Feature", "geometry": {"type": "Polygon", "coordinates": [[[158.112762, 49.6233, -10522.488766], [157.992535, 49.560177, -10672.490175], [158.107029, 49.497467, -9720.388769], [158.112762, 49.6233, -10522.488766]]]}, "properties": {"slip": 15.633458814813183}}, {"type": "Feature", "geometry": {"type": "Polygon", "coordinates": [[[159.256822, 52.754533, -53703.03792], [159.414247, 52.654426, -45914.431106], [159.487635, 52.771676, -47097.604927], [159.256822, 52.754533, -53703.03792]]]}, "properties": {"slip": 0.0}}, {"type": "Feature", "geometry": {"type": "Polygon", "coordinates": [[[157.905044, 49.903615, -14135.202657], [158.080388, 49.989979, -13718.396562], [157.895499, 50.026748, -15515.564387], [157.905044, 49.903615, -14135.202657]]]}, "properties": {"slip": 14.372511014910001}}, {"type": "Feature", "geometry": {"type": "Polygon", "coordinates": [[[160.094594, 53.38493, -46593.232091], [159.864958, 53.3986, -53945.560246], [159.988384, 53.258254, -46142.940713], [160.094594, 53.38493, -46593.232091]]]}, "properties": {"slip": 0.0}}, {"type": "Feature", "geometry": {"type": "Polygon", "coordinates": [[[160.505909, 52.298697, -16548.152468], [160.703616, 52.234162, -14222.33969], [160.665709, 52.378416, -15781.552113], [160.505909, 52.298697, -16548.152468]]]}, "properties": {"slip": 5.9029099901345425}}, {"type": "Feature", "geometry": {"type": "Polygon", "coordinates": [[[156.723237, 50.810089, -62781.984395], [156.516983, 50.827302, -71037.850579], [156.637163, 50.687464, -60569.581587], [156.723237, 50.810089, -62781.984395]]]}, "properties": {"slip": 0.15569144608258537}}, {"type": "Feature", "geometry": {"type": "Polygon", "coordinates": [[[154.8, 49.35, -69835.975647], [154.7, 49.25, -68532.821655], [154.836922, 49.270732, -64429.721879], [154.8, 49.35, -69835.975647]]]}, "properties": {"slip": 0.0}}, {"type": "Feature", "geometry": {"type": "Polygon", "coordinates": [[[158.112762, 49.6233, -10522.488766], [158.107029, 49.497467, -9720.388769], [158.240604, 49.582184, -9666.69485], [158.112762, 49.6233, -10522.488766]]]}, "properties": {"slip": 14.109122326521709}}, {"type": "Feature", "geometry": {"type": "Polygon", "coordinates": [[[157.548057, 49.435485, -12104.762282], [157.695616, 49.523455, -11996.004977], [157.514347, 49.552297, -13426.918174], [157.548057, 49.435485, -12104.762282]]]}, "properties": {"slip": 13.931326532390113}}, {"type": "Feature", "geometry": {"type": "Polygon", "coordinates": [[[161.50691, 52.698263, -11761.040008], [161.388044, 52.641743, -12159.508915], [161.524969, 52.61059, -11135.98571], [161.50691, 52.698263, -11761.040008]]]}, "properties": {"slip": 6.478570713844136}}, {"type": "Feature", "geometry": {"type": "Polygon", "coordinates": [[[159.954054, 52.319725, -24318.948148], [159.896232, 52.463452, -28348.329897], [159.776003, 52.361794, -28692.164534], [159.954054, 52.319725, -24318.948148]]]}, "properties": {"slip": 7.105474507055227}}, {"type": "Feature", "geometry": {"type": "Polygon", "coordinates": [[[158.244852, 49.944893, -12251.745777], [158.080388, 49.989979, -13718.396562], [158.087771, 49.864585, -12532.03582], [158.244852, 49.944893, -12251.745777]]]}, "properties": {"slip": 14.77984606656807}}, {"type": "Feature", "geometry": {"type": "Polygon", "coordinates": [[[160.15, 53.6, -51035.785675], [160.007141, 53.499387, -52495.702258], [160.209658, 53.48826, -46109.978941], [160.15, 53.6, -51035.785675]]]}, "properties": {"slip": 0.0}}, {"type": "Feature", "geometry": {"type": "Polygon", "coordinates": [[[156.55, 48.35, -9155.740738], [156.65, 48.4, -9098.498344], [156.520064, 48.412041, -9665.722669], [156.55, 48.35, -9155.740738]]]}, "properties": {"slip": 0.14150259770912602}}, {"type": "Feature", "geometry": {"type": "Polygon", "coordinates": [[[161.98961, 52.853143, -9922.376426], [161.864171, 52.84389, -10526.222681], [161.944825, 52.801868, -9908.397148], [161.98961, 52.853143, -9922.376426]]]}, "properties": {"slip": 4.530053378813197}}, {"type": "Feature", "geometry": {"type": "Polygon", "coordinates": [[[160.59485, 51.794168, -11713.179874], [160.713768, 51.871952, -11562.03968], [160.556489, 51.919738, -12840.444825], [160.59485, 51.794168, -11713.179874]]]}, "properties": {"slip": 6.810647963862415}}, {"type": "Feature", "geometry": {"type": "Polygon", "coordinates": [[[157.734763, 49.945173, -15972.403067], [157.895499, 50.026748, -15515.564387], [157.706126, 50.06637, -17787.266629], [157.734763, 49.945173, -15972.403067]]]}, "properties": {"slip": 14.056266185838687}}, {"type": "Feature", "geometry": {"type": "Polygon", "coordinates": [[[155.995831, 49.665021, -41491.903268], [155.939368, 49.795433, -48308.682277], [155.795296, 49.717942, -50285.798561], [155.995831, 49.665021, -41491.903268]]]}, "properties": {"slip": 1.2129659826118362}}, {"type": "Feature", "geometry": {"type": "Polygon", "coordinates": [[[157.337389, 50.713157, -39286.309161], [157.299929, 50.837636, -44668.762156], [157.147654, 50.751553, -46187.236628], [157.337389, 50.713157, -39286.309161]]]}, "properties": {"slip": 2.202441821719814}}, {"type": "Feature", "geometry": {"type": "Polygon", "coordinates": [[[156.520064, 48.412041, -9665.722669], [156.59957, 48.513119, -10031.129213], [156.448918, 48.488769, -10524.25805], [156.520064, 48.412041, -9665.722669]]]}, "properties": {"slip": 0.27064074479540984}}, {"type": "Feature", "geometry": {"type": "Polygon", "coordinates": [[[156.134077, 49.747747, -40231.878936], [156.093666, 49.871057, -46002.793587], [155.939368, 49.795433, -48308.682277], [156.134077, 49.747747, -40231.878936]]]}, "properties": {"slip": 2.862893465260314}}, {"type": "Feature", "geometry": {"type": "Polygon", "coordinates": [[[161.361739, 52.050172, -9257.092546], [161.473983, 52.150231, -9174.225913], [161.28686, 52.173267, -10156.606699], [161.361739, 52.050172, -9257.092546]]]}, "properties": {"slip": 11.72589740657627}}, {"type": "Feature", "geometry": {"type": "Polygon", "coordinates": [[[160.630517, 52.500171, -17345.870588], [160.473044, 52.423691, -18277.170609], [160.665709, 52.378416, -15781.552113], [160.630517, 52.500171, -17345.870588]]]}, "properties": {"slip": 5.6383918244679005}}, {"type": "Feature", "geometry": {"type": "Polygon", "coordinates": [[[154.919219, 49.456285, -70740.030053], [154.963097, 49.304148, -61492.607235], [155.08856, 49.363996, -59936.927875], [154.919219, 49.456285, -70740.030053]]]}, "properties": {"slip": 0.0}}, {"type": "Feature", "geometry": {"type": "Polygon", "coordinates": [[[161.74807, 52.643608, -10117.691645], [161.651318, 52.591354, -10344.243044], [161.749398, 52.590752, -9854.575208], [161.74807, 52.643608, -10117.691645]]]}, "properties": {"slip": 9.085161820588414}}, {"type": "Feature", "geometry": {"type": "Polygon", "coordinates": [[[161.867523, 52.756348, -10075.537386], [161.849667, 52.679979, -9798.882014], [161.945718, 52.697678, -9435.921743], [161.867523, 52.756348, -10075.537386]]]}, "properties": {"slip": 7.172980288704317}}, {"type": "Feature", "geometry": {"type": "Polygon", "coordinates": [[[160.051474, 51.117836, -10437.083101], [159.839988, 51.127809, -11707.293417], [159.944282, 51.010697, -10405.880787], [160.051474, 51.117836, -10437.083101]]]}, "properties": {"slip": 8.484552481123826}}, {"type": "Feature", "geometry": {"type": "Polygon", "coordinates": [[[156.771008, 51.036347, -70781.192456], [156.853396, 50.912856, -62489.760095], [157.031865, 51.018808, -60560.025417], [156.771008, 51.036347, -70781.192456]]]}, "properties": {"slip": 0.0}}, {"type": "Feature", "geometry": {"type": "Polygon", "coordinates": [[[159.555903, 50.726823, -10777.543868], [159.532509, 50.862362, -11799.544635], [159.389238, 50.78869, -12141.768548], [159.555903, 50.726823, -10777.543868]]]}, "properties": {"slip": 7.1619345085188275}}, {"type": "Feature", "geometry": {"type": "Polygon", "coordinates": [[[157.090381, 51.133904, -63320.778408], [156.898875, 51.14067, -70512.465525], [157.031865, 51.018808, -60560.025417], [157.090381, 51.133904, -63320.778408]]]}, "properties": {"slip": 0.0}}, {"type": "Feature", "geometry": {"type": "Polygon", "coordinates": [[[157.726554, 49.406048, -10875.365955], [157.749912, 49.280174, -9874.646932], [157.878786, 49.346787, -9749.492622], [157.726554, 49.406048, -10875.365955]]]}, "properties": {"slip": 9.543195507842226}}, {"type": "Feature", "geometry": {"type": "Polygon", "coordinates": [[[156.390816, 50.722582, -70954.17442], [156.480058, 50.585577, -61670.573798], [156.637163, 50.687464, -60569.581587], [156.390816, 50.722582, -70954.17442]]]}, "properties": {"slip": 0.14489314196025993}}, {"type": "Feature", "geometry": {"type": "Polygon", "coordinates": [[[161.540869, 52.52446, -10576.594912], [161.568151, 52.438083, -10002.142468], [161.68179, 52.519895, -9840.701719], [161.540869, 52.52446, -10576.594912]]]}, "properties": {"slip": 7.485734584207305}}, {"type": "Feature", "geometry": {"type": "Polygon", "coordinates": [[[157.218259, 51.229089, -62800.674268], [157.090381, 51.133904, -63320.778408], [157.245632, 51.081077, -55741.033403], [157.218259, 51.229089, -62800.674268]]]}, "properties": {"slip": 0.0}}, {"type": "Feature", "geometry": {"type": "Polygon", "coordinates": [[[161.401979, 52.260582, -9988.957854], [161.586736, 52.250174, -9089.062629], [161.486037, 52.351524, -9996.966374], [161.401979, 52.260582, -9988.957854]]]}, "properties": {"slip": 6.734192930474768}}, {"type": "Feature", "geometry": {"type": "Polygon", "coordinates": [[[157.37953, 51.163668, -54645.840856], [157.218259, 51.229089, -62800.674268], [157.245632, 51.081077, -55741.033403], [157.37953, 51.163668, -54645.840856]]]}, "properties": {"slip": 0.0}}, {"type": "Feature", "geometry": {"type": "Polygon", "coordinates": [[[162.05, 53.0, -10276.861191], [161.894434, 53.07203, -11538.428774], [161.929189, 52.967498, -10790.259006], [162.05, 53.0, -10276.861191]]]}, "properties": {"slip": 0.0}}, {"type": "Feature", "geometry": {"type": "Polygon", "coordinates": [[[161.188769, 52.425671, -12093.89021], [161.339375, 52.354102, -10781.583026], [161.313697, 52.43131, -11351.35985], [161.188769, 52.425671, -12093.89021]]]}, "properties": {"slip": 4.762901987953526}}, {"type": "Feature", "geometry": {"type": "Polygon", "coordinates": [[[159.257603, 50.614921, -11653.270379], [159.118689, 50.513356, -11707.916457], [159.329502, 50.505682, -10538.123118], [159.257603, 50.614921, -11653.270379]]]}, "properties": {"slip": 10.54130595402214}}, {"type": "Feature", "geometry": {"type": "Polygon", "coordinates": [[[157.818785, 50.26586, -19392.223971], [157.858872, 50.146995, -17296.484909], [158.011941, 50.227074, -16855.38568], [157.818785, 50.26586, -19392.223971]]]}, "properties": {"slip": 12.15490246907029}}, {"type": "Feature", "geometry": {"type": "Polygon", "coordinates": [[[161.864171, 52.84389, -10526.222681], [161.98961, 52.853143, -9922.376426], [161.931658, 52.900793, -10447.033781], [161.864171, 52.84389, -10526.222681]]]}, "properties": {"slip": 3.1772926595199786}}, {"type": "Feature", "geometry": {"type": "Polygon", "coordinates": [[[161.21354, 52.8773, -15234.483454], [161.373885, 52.941665, -14394.38894], [161.242039, 52.960614, -15711.20678], [161.21354, 52.8773, -15234.483454]]]}, "properties": {"slip": 1.5251482439349937}}, {"type": "Feature", "geometry": {"type": "Polygon", "coordinates": [[[159.735581, 52.931417, -44336.234016], [159.971601, 52.938027, -37896.782319], [159.865504, 53.047765, -43821.757597], [159.735581, 52.931417, -44336.234016]]]}, "properties": {"slip": 0.8764844397581185}}, {"type": "Feature", "geometry": {"type": "Polygon", "coordinates": [[[161.362882, 52.836087, -13675.979379], [161.497307, 52.791159, -12409.74408], [161.509582, 52.891099, -12992.253859], [161.362882, 52.836087, -13675.979379]]]}, "properties": {"slip": 3.1595158052650985}}, {"type": "Feature", "geometry": {"type": "Polygon", "coordinates": [[[161.373885, 52.941665, -14394.38894], [161.358842, 53.047897, -15388.919527], [161.242039, 52.960614, -15711.20678], [161.373885, 52.941665, -14394.38894]]]}, "properties": {"slip": 0.6564839402711905}}, {"type": "Feature", "geometry": {"type": "Polygon", "coordinates": [[[160.82382, 52.467032, -15136.615856], [160.630517, 52.500171, -17345.870588], [160.665709, 52.378416, -15781.552113], [160.82382, 52.467032, -15136.615856]]]}, "properties": {"slip": 4.990297134044284}}, {"type": "Feature", "geometry": {"type": "Polygon", "coordinates": [[[159.620308, 52.162515, -27612.451446], [159.440283, 52.233221, -33542.395076], [159.45937, 52.087089, -29462.968709], [159.620308, 52.162515, -27612.451446]]]}, "properties": {"slip": 7.182525233633102}}, {"type": "Feature", "geometry": {"type": "Polygon", "coordinates": [[[155.470987, 48.770536, -24644.645928], [155.611697, 48.872727, -24782.1642], [155.461223, 48.881276, -28120.58153], [155.470987, 48.770536, -24644.645928]]]}, "properties": {"slip": 0.0}}, {"type": "Feature", "geometry": {"type": "Polygon", "coordinates": [[[156.344485, 50.490841, -62309.116973], [156.217976, 50.391013, -62483.366326], [156.413363, 50.351086, -54105.902997], [156.344485, 50.490841, -62309.116973]]]}, "properties": {"slip": 1.0281119202282711}}, {"type": "Feature", "geometry": {"type": "Polygon", "coordinates": [[[161.373885, 52.941665, -14394.38894], [161.362882, 52.836087, -13675.979379], [161.509582, 52.891099, -12992.253859], [161.373885, 52.941665, -14394.38894]]]}, "properties": {"slip": 1.9349771818332262}}, {"type": "Feature", "geometry": {"type": "Polygon", "coordinates": [[[159.23511, 52.259761, -39955.16579], [159.26623, 52.134861, -35580.679664], [159.440283, 52.233221, -33542.395076], [159.23511, 52.259761, -39955.16579]]]}, "properties": {"slip": 5.802605669129069}}, {"type": "Feature", "geometry": {"type": "Polygon", "coordinates": [[[156.937207, 50.787895, -54399.021825], [156.8075, 50.713569, -55794.879585], [156.998066, 50.673705, -47996.039374], [156.937207, 50.787895, -54399.021825]]]}, "properties": {"slip": 0.0}}, {"type": "Feature", "geometry": {"type": "Polygon", "coordinates": [[[160.316943, 53.577085, -45422.396139], [160.15, 53.6, -51035.785675], [160.209658, 53.48826, -46109.978941], [160.316943, 53.577085, -45422.396139]]]}, "properties": {"slip": 0.0}}, {"type": "Feature", "geometry": {"type": "Polygon", "coordinates": [[[157.858872, 50.146995, -17296.484909], [158.040771, 50.108541, -15225.916113], [158.011941, 50.227074, -16855.38568], [157.858872, 50.146995, -17296.484909]]]}, "properties": {"slip": 12.760803300987652}}, {"type": "Feature", "geometry": {"type": "Polygon", "coordinates": [[[154.7, 49.15, -63456.665039], [154.75, 49.1, -59073.097229], [154.779929, 49.167361, -61329.005222], [154.7, 49.15, -63456.665039]]]}, "properties": {"slip": 0.0}}, {"type": "Feature", "geometry": {"type": "Polygon", "coordinates": [[[157.298142, 49.151855, -11162.08852], [157.330824, 49.012777, -9994.335921], [157.474297, 49.101024, -9913.907281], [157.298142, 49.151855, -11162.08852]]]}, "properties": {"slip": 7.884429134053804}}, {"type": "Feature", "geometry": {"type": "Polygon", "coordinates": [[[161.155201, 53.03123, -17272.182999], [161.060108, 52.929245, -17241.635817], [161.242039, 52.960614, -15711.20678], [161.155201, 53.03123, -17272.182999]]]}, "properties": {"slip": 0.8574360643625135}}, {"type": "Feature", "geometry": {"type": "Polygon", "coordinates": [[[161.339375, 52.354102, -10781.583026], [161.188769, 52.425671, -12093.89021], [161.161555, 52.345306, -11781.501712], [161.339375, 52.354102, -10781.583026]]]}, "properties": {"slip": 4.694014111181273}}, {"type": "Feature", "geometry": {"type": "Polygon", "coordinates": [[[155.872917, 50.065727, -61638.90861], [156.061161, 49.996082, -51894.121771], [156.056795, 50.100662, -56197.296551], [155.872917, 50.065727, -61638.90861]]]}, "properties": {"slip": 1.4655736560606165}}, {"type": "Feature", "geometry": {"type": "Polygon", "coordinates": [[[155.675033, 49.628154, -50877.313834], [155.848641, 49.587426, -43271.355359], [155.795296, 49.717942, -50285.798561], [155.675033, 49.628154, -50877.313834]]]}, "properties": {"slip": 0.4201626764839784}}, {"type": "Feature", "geometry": {"type": "Polygon", "coordinates": [[[160.403194, 51.426947, -10390.274253], [160.526724, 51.526689, -10376.807722], [160.309146, 51.528048, -11513.824227], [160.403194, 51.426947, -10390.274253]]]}, "properties": {"slip": 3.7388539382766464}}, {"type": "Feature", "geometry": {"type": "Polygon", "coordinates": [[[157.48151, 49.668822, -14931.350417], [157.334902, 49.58618, -15183.719598], [157.514347, 49.552297, -13426.918174], [157.48151, 49.668822, -14931.350417]]]}, "properties": {"slip": 14.947261828547067}}, {"type": "Feature", "geometry": {"type": "Polygon", "coordinates": [[[157.734763, 49.945173, -15972.403067], [157.905044, 49.903615, -14135.202657], [157.895499, 50.026748, -15515.564387], [157.734763, 49.945173, -15972.403067]]]}, "properties": {"slip": 14.595908758108596}}, {"type": "Feature", "geometry": {"type": "Polygon", "coordinates": [[[155.611697, 48.872727, -24782.1642], [155.470987, 48.770536, -24644.645928], [155.642085, 48.791352, -22132.910209], [155.611697, 48.872727, -24782.1642]]]}, "properties": {"slip": 0.0}}, {"type": "Feature", "geometry": {"type": "Polygon", "coordinates": [[[160.863983, 52.021633, -11652.055591], [160.799119, 52.117743, -12677.89326], [160.695433, 51.996803, -12510.599331], [160.863983, 52.021633, -11652.055591]]]}, "properties": {"slip": 7.05685411369852}}, {"type": "Feature", "geometry": {"type": "Polygon", "coordinates": [[[158.289417, 49.688762, -10119.098386], [158.112762, 49.6233, -10522.488766], [158.240604, 49.582184, -9666.69485], [158.289417, 49.688762, -10119.098386]]]}, "properties": {"slip": 12.233740728027659}}, {"type": "Feature", "geometry": {"type": "Polygon", "coordinates": [[[160.695433, 51.996803, -12510.599331], [160.799119, 52.117743, -12677.89326], [160.644331, 52.115831, -13737.639142], [160.695433, 51.996803, -12510.599331]]]}, "properties": {"slip": 6.628295273761933}}, {"type": "Feature", "geometry": {"type": "Polygon", "coordinates": [[[157.615621, 49.190308, -9870.544656], [157.80337, 49.156269, -8907.440471], [157.749912, 49.280174, -9874.646932], [157.615621, 49.190308, -9870.544656]]]}, "properties": {"slip": 9.405871059250533}}, {"type": "Feature", "geometry": {"type": "Polygon", "coordinates": [[[159.532509, 50.862362, -11799.544635], [159.555903, 50.726823, -10777.543868], [159.713123, 50.818768, -10518.130075], [159.532509, 50.862362, -11799.544635]]]}, "properties": {"slip": 6.4749518016794}}, {"type": "Feature", "geometry": {"type": "Polygon", "coordinates": [[[158.694847, 50.160529, -11424.132893], [158.889436, 50.145796, -10340.082846], [158.832579, 50.256979, -11403.518289], [158.694847, 50.160529, -11424.132893]]]}, "properties": {"slip": 12.171633495547558}}, {"type": "Feature", "geometry": {"type": "Polygon", "coordinates": [[[157.658205, 49.63347, -13237.521972], [157.48151, 49.668822, -14931.350417], [157.514347, 49.552297, -13426.918174], [157.658205, 49.63347, -13237.521972]]]}, "properties": {"slip": 16.896156655233714}}, {"type": "Feature", "geometry": {"type": "Polygon", "coordinates": [[[161.401979, 52.260582, -9988.957854], [161.486037, 52.351524, -9996.966374], [161.339375, 52.354102, -10781.583026], [161.401979, 52.260582, -9988.957854]]]}, "properties": {"slip": 6.074946064948825}}, {"type": "Feature", "geometry": {"type": "Polygon", "coordinates": [[[159.944282, 51.010697, -10405.880787], [159.839988, 51.127809, -11707.293417], [159.78944, 51.011423, -11263.487968], [159.944282, 51.010697, -10405.880787]]]}, "properties": {"slip": 8.437596717964327}}, {"type": "Feature", "geometry": {"type": "Polygon", "coordinates": [[[159.381467, 52.878429, -53489.705819], [159.256822, 52.754533, -53703.03792], [159.487635, 52.771676, -47097.604927], [159.381467, 52.878429, -53489.705819]]]}, "properties": {"slip": 0.0}}, {"type": "Feature", "geometry": {"type": "Polygon", "coordinates": [[[161.568151, 52.438083, -10002.142468], [161.486037, 52.351524, -9996.966374], [161.600441, 52.357657, -9482.321606], [161.568151, 52.438083, -10002.142468]]]}, "properties": {"slip": 6.0133844150913625}}, {"type": "Feature", "geometry": {"type": "Polygon", "coordinates": [[[160.609389, 53.511638, -35608.303791], [160.512629, 53.396207, -35330.249628], [160.713358, 53.396797, -30415.606675], [160.609389, 53.511638, -35608.303791]]]}, "properties": {"slip": 0.1080027862250366}}, {"type": "Feature", "geometry": {"type": "Polygon", "coordinates": [[[159.524206, 50.500206, -9615.856657], [159.447828, 50.606243, -10580.521623], [159.329502, 50.505682, -10538.123118], [159.524206, 50.500206, -9615.856657]]]}, "properties": {"slip": 8.977265987994384}}, {"type": "Feature", "geometry": {"type": "Polygon", "coordinates": [[[156.350698, 48.410405, -10373.610217], [156.520064, 48.412041, -9665.722669], [156.448918, 48.488769, -10524.25805], [156.350698, 48.410405, -10373.610217]]]}, "properties": {"slip": 0.09272488760571324}}, {"type": "Feature", "geometry": {"type": "Polygon", "coordinates": [[[155.511208, 49.650963, -57894.04105], [155.675033, 49.628154, -50877.313834], [155.62981, 49.754778, -57940.112816], [155.511208, 49.650963, -57894.04105]]]}, "properties": {"slip": 0.40995005578238997}}, {"type": "Feature", "geometry": {"type": "Polygon", "coordinates": [[[161.746143, 52.86808, -11319.713958], [161.827347, 52.921027, -11134.64053], [161.680815, 52.93457, -12112.490626], [161.746143, 52.86808, -11319.713958]]]}, "properties": {"slip": 2.326108554930642}}, {"type": "Feature", "geometry": {"type": "Polygon", "coordinates": [[[161.680815, 52.93457, -12112.490626], [161.827347, 52.921027, -11134.64053], [161.807185, 52.987185, -11617.384249], [161.680815, 52.93457, -12112.490626]]]}, "properties": {"slip": 1.0132968517422296}}, {"type": "Feature", "geometry": {"type": "Polygon", "coordinates": [[[160.703616, 52.234162, -14222.33969], [160.916318, 52.22246, -12603.34923], [160.889063, 52.348962, -13673.133285], [160.703616, 52.234162, -14222.33969]]]}, "properties": {"slip": 4.687172049850668}}, {"type": "Feature", "geometry": {"type": "Polygon", "coordinates": [[[157.695616, 49.523455, -11996.004977], [157.658205, 49.63347, -13237.521972], [157.514347, 49.552297, -13426.918174], [157.695616, 49.523455, -11996.004977]]]}, "properties": {"slip": 16.98526449910311}}, {"type": "Feature", "geometry": {"type": "Polygon", "coordinates": [[[161.473983, 52.150231, -9174.225913], [161.586736, 52.250174, -9089.062629], [161.401979, 52.260582, -9988.957854], [161.473983, 52.150231, -9174.225913]]]}, "properties": {"slip": 9.077539662665775}}, {"type": "Feature", "geometry": {"type": "Polygon", "coordinates": [[[157.963901, 50.344015, -18921.420896], [158.162134, 50.303257, -16447.367587], [158.115462, 50.422408, -18455.067518], [157.963901, 50.344015, -18921.420896]]]}, "properties": {"slip": 10.870739275843194}}, {"type": "Feature", "geometry": {"type": "Polygon", "coordinates": [[[156.65, 48.4, -9098.498344], [156.792285, 48.495142, -9131.102553], [156.59957, 48.513119, -10031.129213], [156.65, 48.4, -9098.498344]]]}, "properties": {"slip": 0.39158297528594466}}, {"type": "Feature", "geometry": {"type": "Polygon", "coordinates": [[[161.625366, 52.750182, -11356.590746], [161.50691, 52.698263, -11761.040008], [161.640021, 52.667681, -10808.040545], [161.625366, 52.750182, -11356.590746]]]}, "properties": {"slip": 7.682128530718423}}, {"type": "Feature", "geometry": {"type": "Polygon", "coordinates": [[[159.582603, 53.196508, -56777.853098], [159.658097, 53.0728, -50725.611914], [159.796916, 53.167262, -49258.321811], [159.582603, 53.196508, -56777.853098]]]}, "properties": {"slip": 0.06654404572412914}}, {"type": "Feature", "geometry": {"type": "Polygon", "coordinates": [[[157.192196, 50.631783, -40651.809367], [157.337389, 50.713157, -39286.309161], [157.147654, 50.751553, -46187.236628], [157.192196, 50.631783, -40651.809367]]]}, "properties": {"slip": 1.8051432450211897}}, {"type": "Feature", "geometry": {"type": "Polygon", "coordinates": [[[159.447828, 50.606243, -10580.521623], [159.257603, 50.614921, -11653.270379], [159.329502, 50.505682, -10538.123118], [159.447828, 50.606243, -10580.521623]]]}, "properties": {"slip": 7.91530687848343}}, {"type": "Feature", "geometry": {"type": "Polygon", "coordinates": [[[155.995831, 49.665021, -41491.903268], [156.134077, 49.747747, -40231.878936], [155.939368, 49.795433, -48308.682277], [155.995831, 49.665021, -41491.903268]]]}, "properties": {"slip": 1.8945379683715353}}, {"type": "Feature", "geometry": {"type": "Polygon", "coordinates": [[[161.867523, 52.756348, -10075.537386], [161.74711, 52.717995, -10500.312562], [161.849667, 52.679979, -9798.882014], [161.867523, 52.756348, -10075.537386]]]}, "properties": {"slip": 7.381721953524446}}, {"type": "Feature", "geometry": {"type": "Polygon", "coordinates": [[[162.103467, 52.851207, -9368.864439], [162.047992, 52.91827, -9921.134749], [161.98961, 52.853143, -9922.376426], [162.103467, 52.851207, -9368.864439]]]}, "properties": {"slip": 2.557575950332985}}, {"type": "Feature", "geometry": {"type": "Polygon", "coordinates": [[[158.143359, 51.56428, -48240.438206], [157.950016, 51.610736, -55211.132806], [157.995174, 51.476381, -48781.940873], [158.143359, 51.56428, -48240.438206]]]}, "properties": {"slip": 2.2594336066218905}}, {"type": "Feature", "geometry": {"type": "Polygon", "coordinates": [[[161.473983, 52.150231, -9174.225913], [161.401979, 52.260582, -9988.957854], [161.28686, 52.173267, -10156.606699], [161.473983, 52.150231, -9174.225913]]]}, "properties": {"slip": 9.428437931337857}}, {"type": "Feature", "geometry": {"type": "Polygon", "coordinates": [[[161.364924, 52.737661, -12954.170333], [161.388044, 52.641743, -12159.508915], [161.50691, 52.698263, -11761.040008], [161.364924, 52.737661, -12954.170333]]]}, "properties": {"slip": 5.715303333435867}}, {"type": "Feature", "geometry": {"type": "Polygon", "coordinates": [[[157.089861, 50.877351, -52825.665213], [156.937207, 50.787895, -54399.021825], [157.147654, 50.751553, -46187.236628], [157.089861, 50.877351, -52825.665213]]]}, "properties": {"slip": 0.7726671741414337}}, {"type": "Feature", "geometry": {"type": "Polygon", "coordinates": [[[160.309146, 51.528048, -11513.824227], [160.526724, 51.526689, -10376.807722], [160.439363, 51.614859, -11367.982684], [160.309146, 51.528048, -11513.824227]]]}, "properties": {"slip": 4.170238992723822}}, {"type": "Feature", "geometry": {"type": "Polygon", "coordinates": [[[159.723447, 53.29764, -55375.081839], [159.582603, 53.196508, -56777.853098], [159.796916, 53.167262, -49258.321811], [159.723447, 53.29764, -55375.081839]]]}, "properties": {"slip": 0.0}}, {"type": "Feature", "geometry": {"type": "Polygon", "coordinates": [[[158.263587, 50.499804, -18055.308521], [158.447653, 50.456365, -15847.726994], [158.411665, 50.576708, -17665.473821], [158.263587, 50.499804, -18055.308521]]]}, "properties": {"slip": 9.773288043082356}}, {"type": "Feature", "geometry": {"type": "Polygon", "coordinates": [[[159.691198, 52.795234, -41815.336736], [159.735581, 52.931417, -44336.234016], [159.56196, 52.870784, -47737.737513], [159.691198, 52.795234, -41815.336736]]]}, "properties": {"slip": 0.4288577605539297}}, {"type": "Feature", "geometry": {"type": "Polygon", "coordinates": [[[161.561315, 53.102748, -14076.935368], [161.58173, 53.215495, -14718.371285], [161.402333, 53.170062, -16017.062447], [161.561315, 53.102748, -14076.935368]]]}, "properties": {"slip": 0.0}}, {"type": "Feature", "geometry": {"type": "Polygon", "coordinates": [[[157.299929, 50.837636, -44668.762156], [157.089861, 50.877351, -52825.665213], [157.147654, 50.751553, -46187.236628], [157.299929, 50.837636, -44668.762156]]]}, "properties": {"slip": 1.5266921698263907}}, {"type": "Feature", "geometry": {"type": "Polygon", "coordinates": [[[157.895499, 50.026748, -15515.564387], [157.858872, 50.146995, -17296.484909], [157.706126, 50.06637, -17787.266629], [157.895499, 50.026748, -15515.564387]]]}, "properties": {"slip": 13.147287578680347}}, {"type": "Feature", "geometry": {"type": "Polygon", "coordinates": [[[161.625366, 52.750182, -11356.590746], [161.640021, 52.667681, -10808.040545], [161.74711, 52.717995, -10500.312562], [161.625366, 52.750182, -11356.590746]]]}, "properties": {"slip": 7.927480837220577}}, {"type": "Feature", "geometry": {"type": "Polygon", "coordinates": [[[160.473044, 52.423691, -18277.170609], [160.505909, 52.298697, -16548.152468], [160.665709, 52.378416, -15781.552113], [160.473044, 52.423691, -18277.170609]]]}, "properties": {"slip": 5.260061174332103}}, {"type": "Feature", "geometry": {"type": "Polygon", "coordinates": [[[157.615621, 49.190308, -9870.544656], [157.749912, 49.280174, -9874.646932], [157.576329, 49.312724, -10931.847377], [157.615621, 49.190308, -9870.544656]]]}, "properties": {"slip": 10.313882852580935}}, {"type": "Feature", "geometry": {"type": "Polygon", "coordinates": [[[156.093666, 49.871057, -46002.793587], [155.896214, 49.92209, -54873.876539], [155.939368, 49.795433, -48308.682277], [156.093666, 49.871057, -46002.793587]]]}, "properties": {"slip": 2.2707127207413977}}, {"type": "Feature", "geometry": {"type": "Polygon", "coordinates": [[[158.263587, 50.499804, -18055.308521], [158.115462, 50.422408, -18455.067518], [158.307234, 50.379344, -16117.61415], [158.263587, 50.499804, -18055.308521]]]}, "properties": {"slip": 8.651536326879176}}, {"type": "Feature", "geometry": {"type": "Polygon", "coordinates": [[[160.916318, 52.22246, -12603.34923], [161.05128, 52.295316, -12180.180647], [160.889063, 52.348962, -13673.133285], [160.916318, 52.22246, -12603.34923]]]}, "properties": {"slip": 4.909082616088447}}, {"type": "Feature", "geometry": {"type": "Polygon", "coordinates": [[[157.95, 49.25, -8898.145676], [158.049848, 49.325043, -8939.262139], [157.878786, 49.346787, -9749.492622], [157.95, 49.25, -8898.145676]]]}, "properties": {"slip": 11.470189279139525}}, {"type": "Feature", "geometry": {"type": "Polygon", "coordinates": [[[158.384567, 50.020993, -12056.937037], [158.244852, 49.944893, -12251.745777], [158.400283, 49.903211, -11056.297239], [158.384567, 50.020993, -12056.937037]]]}, "properties": {"slip": 15.178705363127175}}, {"type": "Feature", "geometry": {"type": "Polygon", "coordinates": [[[161.409411, 52.546561, -11444.620585], [161.435759, 52.45365, -10773.656742], [161.540869, 52.52446, -10576.594912], [161.409411, 52.546561, -11444.620585]]]}, "properties": {"slip": 6.028164741539363}}, {"type": "Feature", "geometry": {"type": "Polygon", "coordinates": [[[160.703616, 52.234162, -14222.33969], [160.515663, 52.168563, -15202.435752], [160.644331, 52.115831, -13737.639142], [160.703616, 52.234162, -14222.33969]]]}, "properties": {"slip": 7.7524651714977315}}, {"type": "Feature", "geometry": {"type": "Polygon", "coordinates": [[[159.5881, 52.328542, -32241.828336], [159.789077, 52.246407, -25959.481191], [159.776003, 52.361794, -28692.164534], [159.5881, 52.328542, -32241.828336]]]}, "properties": {"slip": 6.718683200620562}}, {"type": "Feature", "geometry": {"type": "Polygon", "coordinates": [[[156.480058, 50.585577, -61670.573798], [156.689678, 50.545794, -52959.275807], [156.637163, 50.687464, -60569.581587], [156.480058, 50.585577, -61670.573798]]]}, "properties": {"slip": 0.17578546734182374}}, {"type": "Feature", "geometry": {"type": "Polygon", "coordinates": [[[161.358842, 53.047897, -15388.919527], [161.561315, 53.102748, -14076.935368], [161.402333, 53.170062, -16017.062447], [161.358842, 53.047897, -15388.919527]]]}, "properties": {"slip": 0.0}}, {"type": "Feature", "geometry": {"type": "Polygon", "coordinates": [[[157.334902, 49.58618, -15183.719598], [157.48151, 49.668822, -14931.350417], [157.303424, 49.707545, -17051.691246], [157.334902, 49.58618, -15183.719598]]]}, "properties": {"slip": 14.424592195410732}}, {"type": "Feature", "geometry": {"type": "Polygon", "coordinates": [[[158.162134, 50.303257, -16447.367587], [157.963901, 50.344015, -18921.420896], [158.011941, 50.227074, -16855.38568], [158.162134, 50.303257, -16447.367587]]]}, "properties": {"slip": 12.031513090912766}}, {"type": "Feature", "geometry": {"type": "Polygon", "coordinates": [[[161.388044, 52.641743, -12159.508915], [161.409411, 52.546561, -11444.620585], [161.524969, 52.61059, -11135.98571], [161.388044, 52.641743, -12159.508915]]]}, "properties": {"slip": 5.900548603146628}}, {"type": "Feature", "geometry": {"type": "Polygon", "coordinates": [[[161.364924, 52.737661, -12954.170333], [161.237315, 52.679213, -13461.867879], [161.388044, 52.641743, -12159.508915], [161.364924, 52.737661, -12954.170333]]]}, "properties": {"slip": 5.457927467693071}}, {"type": "Feature", "geometry": {"type": "Polygon", "coordinates": [[[158.115462, 50.422408, -18455.067518], [158.162134, 50.303257, -16447.367587], [158.307234, 50.379344, -16117.61415], [158.115462, 50.422408, -18455.067518]]]}, "properties": {"slip": 10.51247189601345}}, {"type": "Feature", "geometry": {"type": "Polygon", "coordinates": [[[158.049848, 49.325043, -8939.262139], [158.000382, 49.419137, -9689.658516], [157.878786, 49.346787, -9749.492622], [158.049848, 49.325043, -8939.262139]]]}, "properties": {"slip": 12.168591922918273}}, {"type": "Feature", "geometry": {"type": "Polygon", "coordinates": [[[160.233694, 52.721585, -26689.162676], [160.26251, 52.593647, -23787.176895], [160.427628, 52.662593, -22155.147871], [160.233694, 52.721585, -26689.162676]]]}, "properties": {"slip": 4.355611147319575}}, {"type": "Feature", "geometry": {"type": "Polygon", "coordinates": [[[158.447653, 50.456365, -15847.726994], [158.595945, 50.531577, -15482.509962], [158.411665, 50.576708, -17665.473821], [158.447653, 50.456365, -15847.726994]]]}, "properties": {"slip": 9.931015992832489}}, {"type": "Feature", "geometry": {"type": "Polygon", "coordinates": [[[158.447653, 50.456365, -15847.726994], [158.263587, 50.499804, -18055.308521], [158.307234, 50.379344, -16117.61415], [158.447653, 50.456365, -15847.726994]]]}, "properties": {"slip": 9.198894824730834}}, {"type": "Feature", "geometry": {"type": "Polygon", "coordinates": [[[160.425002, 53.650128, -44245.521508], [160.25, 53.65, -49418.083191], [160.316943, 53.577085, -45422.396139], [160.425002, 53.650128, -44245.521508]]]}, "properties": {"slip": 0.0}}, {"type": "Feature", "geometry": {"type": "Polygon", "coordinates": [[[160.939039, 52.651008, -15714.557345], [160.787435, 52.577545, -16492.37194], [160.967527, 52.548616, -14582.888142], [160.939039, 52.651008, -15714.557345]]]}, "properties": {"slip": 5.122774142507741}}, {"type": "Feature", "geometry": {"type": "Polygon", "coordinates": [[[161.74711, 52.717995, -10500.312562], [161.640021, 52.667681, -10808.040545], [161.74807, 52.643608, -10117.691645], [161.74711, 52.717995, -10500.312562]]]}, "properties": {"slip": 8.433168583708715}}, {"type": "Feature", "geometry": {"type": "Polygon", "coordinates": [[[158.78416, 50.055525, -10238.272326], [158.694847, 50.160529, -11424.132893], [158.647773, 50.051748, -10868.239902], [158.78416, 50.055525, -10238.272326]]]}, "properties": {"slip": 13.942537839114012}}, {"type": "Feature", "geometry": {"type": "Polygon", "coordinates": [[[156.044077, 48.988042, -20379.352944], [155.874361, 49.026715, -24016.869524], [155.905548, 48.915992, -20876.303939], [156.044077, 48.988042, -20379.352944]]]}, "properties": {"slip": 0.2758257643174829}}, {"type": "Feature", "geometry": {"type": "Polygon", "coordinates": [[[158.087771, 49.864585, -12532.03582], [157.905044, 49.903615, -14135.202657], [157.936578, 49.78679, -12812.156771], [158.087771, 49.864585, -12532.03582]]]}, "properties": {"slip": 15.955190888816377}}, {"type": "Feature", "geometry": {"type": "Polygon", "coordinates": [[[155.57427, 48.985259, -28933.726287], [155.70442, 49.064004, -28513.030033], [155.527693, 49.103521, -34202.390006], [155.57427, 48.985259, -28933.726287]]]}, "properties": {"slip": 0.8021447084143242}}, {"type": "Feature", "geometry": {"type": "Polygon", "coordinates": [[[158.384567, 50.020993, -12056.937037], [158.400283, 49.903211, -11056.297239], [158.528161, 49.981209, -10966.45034], [158.384567, 50.020993, -12056.937037]]]}, "properties": {"slip": 14.672343984981367}}, {"type": "Feature", "geometry": {"type": "Polygon", "coordinates": [[[161.101077, 52.194884, -11282.512184], [161.220909, 52.276378, -11036.924804], [161.05128, 52.295316, -12180.180647], [161.101077, 52.194884, -11282.512184]]]}, "properties": {"slip": 6.957757542495166}}, {"type": "Feature", "geometry": {"type": "Polygon", "coordinates": [[[156.935103, 48.590113, -9135.280022], [156.894157, 48.70996, -10064.906785], [156.745832, 48.611361, -10071.955058], [156.935103, 48.590113, -9135.280022]]]}, "properties": {"slip": 3.387355210397651}}, {"type": "Feature", "geometry": {"type": "Polygon", "coordinates": [[[161.409411, 52.546561, -11444.620585], [161.540869, 52.52446, -10576.594912], [161.524969, 52.61059, -11135.98571], [161.409411, 52.546561, -11444.620585]]]}, "properties": {"slip": 6.166760720809501}}, {"type": "Feature", "geometry": {"type": "Polygon", "coordinates": [[[158.225498, 50.068278, -13465.225717], [158.193756, 50.185689, -14860.439718], [158.040771, 50.108541, -15225.916113], [158.225498, 50.068278, -13465.225717]]]}, "properties": {"slip": 15.025084953323704}}, {"type": "Feature", "geometry": {"type": "Polygon", "coordinates": [[[158.105791, 49.741681, -11425.221937], [158.260668, 49.820097, -11178.25093], [158.087771, 49.864585, -12532.03582], [158.105791, 49.741681, -11425.221937]]]}, "properties": {"slip": 13.750526182723133}}, {"type": "Feature", "geometry": {"type": "Polygon", "coordinates": [[[157.963901, 50.344015, -18921.420896], [157.818785, 50.26586, -19392.223971], [158.011941, 50.227074, -16855.38568], [157.963901, 50.344015, -18921.420896]]]}, "properties": {"slip": 11.82357672574754}}, {"type": "Feature", "geometry": {"type": "Polygon", "coordinates": [[[158.260668, 49.820097, -11178.25093], [158.289417, 49.688762, -10119.098386], [158.434054, 49.786656, -10087.884243], [158.260668, 49.820097, -11178.25093]]]}, "properties": {"slip": 12.568615371024908}}, {"type": "Feature", "geometry": {"type": "Polygon", "coordinates": [[[160.515663, 52.168563, -15202.435752], [160.505909, 52.298697, -16548.152468], [160.336748, 52.220937, -17459.678515], [160.515663, 52.168563, -15202.435752]]]}, "properties": {"slip": 8.622144209023938}}, {"type": "Feature", "geometry": {"type": "Polygon", "coordinates": [[[155.351911, 49.139159, -40642.946705], [155.310342, 49.249708, -46819.482178], [155.188922, 49.175456, -47414.134044], [155.351911, 49.139159, -40642.946705]]]}, "properties": {"slip": 0.4392397306499267}}, {"type": "Feature", "geometry": {"type": "Polygon", "coordinates": [[[158.595945, 50.531577, -15482.509962], [158.561823, 50.652321, -17227.088455], [158.411665, 50.576708, -17665.473821], [158.595945, 50.531577, -15482.509962]]]}, "properties": {"slip": 9.730515916854396}}, {"type": "Feature", "geometry": {"type": "Polygon", "coordinates": [[[158.561823, 50.652321, -17227.088455], [158.374993, 50.698733, -19836.754821], [158.411665, 50.576708, -17665.473821], [158.561823, 50.652321, -17227.088455]]]}, "properties": {"slip": 11.239614452401238}}, {"type": "Feature", "geometry": {"type": "Polygon", "coordinates": [[[155.675033, 49.628154, -50877.313834], [155.795296, 49.717942, -50285.798561], [155.62981, 49.754778, -57940.112816], [155.675033, 49.628154, -50877.313834]]]}, "properties": {"slip": 0.22421599323404034}}, {"type": "Feature", "geometry": {"type": "Polygon", "coordinates": [[[161.213652, 52.778788, -14409.326387], [161.237315, 52.679213, -13461.867879], [161.364924, 52.737661, -12954.170333], [161.213652, 52.778788, -14409.326387]]]}, "properties": {"slip": 4.658338786781528}}, {"type": "Feature", "geometry": {"type": "Polygon", "coordinates": [[[158.374993, 50.698733, -19836.754821], [158.561823, 50.652321, -17227.088455], [158.530685, 50.773597, -19254.834689], [158.374993, 50.698733, -19836.754821]]]}, "properties": {"slip": 11.227621426749893}}, {"type": "Feature", "geometry": {"type": "Polygon", "coordinates": [[[161.894434, 53.07203, -11538.428774], [161.738344, 53.143863, -12998.816546], [161.704253, 53.040591, -12603.150178], [161.894434, 53.07203, -11538.428774]]]}, "properties": {"slip": 0.0}}, {"type": "Feature", "geometry": {"type": "Polygon", "coordinates": [[[161.060108, 52.929245, -17241.635817], [161.21354, 52.8773, -15234.483454], [161.242039, 52.960614, -15711.20678], [161.060108, 52.929245, -17241.635817]]]}, "properties": {"slip": 1.530114796052959}}, {"type": "Feature", "geometry": {"type": "Polygon", "coordinates": [[[156.075664, 48.868093, -17709.958639], [156.044077, 48.988042, -20379.352944], [155.905548, 48.915992, -20876.303939], [156.075664, 48.868093, -17709.958639]]]}, "properties": {"slip": 0.49878149612324363}}, {"type": "Feature", "geometry": {"type": "Polygon", "coordinates": [[[160.665709, 52.378416, -15781.552113], [160.703616, 52.234162, -14222.33969], [160.889063, 52.348962, -13673.133285], [160.665709, 52.378416, -15781.552113]]]}, "properties": {"slip": 4.295518261194219}}, {"type": "Feature", "geometry": {"type": "Polygon", "coordinates": [[[157.657292, 49.062356, -8923.167775], [157.80337, 49.156269, -8907.440471], [157.615621, 49.190308, -9870.544656], [157.657292, 49.062356, -8923.167775]]]}, "properties": {"slip": 9.367711939496504}}, {"type": "Feature", "geometry": {"type": "Polygon", "coordinates": [[[161.155201, 53.03123, -17272.182999], [160.965363, 53.017241, -19393.72], [161.060108, 52.929245, -17241.635817], [161.155201, 53.03123, -17272.182999]]]}, "properties": {"slip": 0.8017388429889303}}, {"type": "Feature", "geometry": {"type": "Polygon", "coordinates": [[[160.593687, 52.979847, -24624.403663], [160.389301, 52.962648, -28336.793145], [160.507705, 52.876524, -24344.260905], [160.593687, 52.979847, -24624.403663]]]}, "properties": {"slip": 1.9237086717706555}}, {"type": "Feature", "geometry": {"type": "Polygon", "coordinates": [[[160.974964, 52.107945, -11522.23297], [161.101077, 52.194884, -11282.512184], [160.916318, 52.22246, -12603.34923], [160.974964, 52.107945, -11522.23297]]]}, "properties": {"slip": 8.381292770866942}}, {"type": "Feature", "geometry": {"type": "Polygon", "coordinates": [[[159.896232, 52.463452, -28348.329897], [160.093849, 52.528265, -25682.579639], [159.938317, 52.59772, -30406.280574], [159.896232, 52.463452, -28348.329897]]]}, "properties": {"slip": 5.823718306604171}}, {"type": "Feature", "geometry": {"type": "Polygon", "coordinates": [[[160.465687, 53.07539, -29067.341836], [160.389301, 52.962648, -28336.793145], [160.593687, 52.979847, -24624.403663], [160.465687, 53.07539, -29067.341836]]]}, "properties": {"slip": 2.3110499902583523}}, {"type": "Feature", "geometry": {"type": "Polygon", "coordinates": [[[161.704253, 53.040591, -12603.150178], [161.561315, 53.102748, -14076.935368], [161.53724, 52.997662, -13524.697953], [161.704253, 53.040591, -12603.150178]]]}, "properties": {"slip": 0.5469533302151248}}, {"type": "Feature", "geometry": {"type": "Polygon", "coordinates": [[[161.25, 51.95, -9325.042725], [161.168927, 52.075813, -10284.978095], [161.015649, 51.968424, -10518.261024], [161.25, 51.95, -9325.042725]]]}, "properties": {"slip": 6.9340677283166565}}, {"type": "Feature", "geometry": {"type": "Polygon", "coordinates": [[[161.122938, 51.844247, -9402.320041], [161.25, 51.95, -9325.042725], [161.015649, 51.968424, -10518.261024], [161.122938, 51.844247, -9402.320041]]]}, "properties": {"slip": 6.261676425367599}}, {"type": "Feature", "geometry": {"type": "Polygon", "coordinates": [[[157.858872, 50.146995, -17296.484909], [157.895499, 50.026748, -15515.564387], [158.040771, 50.108541, -15225.916113], [157.858872, 50.146995, -17296.484909]]]}, "properties": {"slip": 12.644680024822277}}, {"type": "Feature", "geometry": {"type": "Polygon", "coordinates": [[[160.912208, 52.754623, -16991.653966], [160.939039, 52.651008, -15714.557345], [161.07785, 52.716498, -15040.237837], [160.912208, 52.754623, -16991.653966]]]}, "properties": {"slip": 4.4788436134217795}}, {"type": "Feature", "geometry": {"type": "Polygon", "coordinates": [[[155.527693, 49.103521, -34202.390006], [155.70442, 49.064004, -28513.030033], [155.661734, 49.181122, -33487.442119], [155.527693, 49.103521, -34202.390006]]]}, "properties": {"slip": 0.7475787545435938}}, {"type": "Feature", "geometry": {"type": "Polygon", "coordinates": [[[161.737206, 52.795683, -10969.814111], [161.74711, 52.717995, -10500.312562], [161.867523, 52.756348, -10075.537386], [161.737206, 52.795683, -10969.814111]]]}, "properties": {"slip": 6.787660954011524}}, {"type": "Feature", "geometry": {"type": "Polygon", "coordinates": [[[161.704253, 53.040591, -12603.150178], [161.738344, 53.143863, -12998.816546], [161.561315, 53.102748, -14076.935368], [161.704253, 53.040591, -12603.150178]]]}, "properties": {"slip": 0.0}}, {"type": "Feature", "geometry": {"type": "Polygon", "coordinates": [[[159.944754, 51.476293, -13538.626783], [159.922933, 51.604296, -14850.941768], [159.757902, 51.524267, -15576.925975], [159.944754, 51.476293, -13538.626783]]]}, "properties": {"slip": 6.7657641090367004}}, {"type": "Feature", "geometry": {"type": "Polygon", "coordinates": [[[157.330824, 49.012777, -9994.335921], [157.511765, 48.968262, -8953.764359], [157.474297, 49.101024, -9913.907281], [157.330824, 49.012777, -9994.335921]]]}, "properties": {"slip": 8.018882216317671}}, {"type": "Feature", "geometry": {"type": "Polygon", "coordinates": [[[158.244852, 49.944893, -12251.745777], [158.260668, 49.820097, -11178.25093], [158.400283, 49.903211, -11056.297239], [158.244852, 49.944893, -12251.745777]]]}, "properties": {"slip": 14.562954514942705}}, {"type": "Feature", "geometry": {"type": "Polygon", "coordinates": [[[158.103734, 51.694962, -54283.499736], [158.064776, 51.834052, -60731.424001], [157.893555, 51.736379, -61788.150454], [158.103734, 51.694962, -54283.499736]]]}, "properties": {"slip": 0.30000842393994115}}, {"type": "Feature", "geometry": {"type": "Polygon", "coordinates": [[[161.358842, 53.047897, -15388.919527], [161.402333, 53.170062, -16017.062447], [161.218079, 53.135151, -17648.654847], [161.358842, 53.047897, -15388.919527]]]}, "properties": {"slip": 0.0}}, {"type": "Feature", "geometry": {"type": "Polygon", "coordinates": [[[155.57427, 48.985259, -28933.726287], [155.527693, 49.103521, -34202.390006], [155.409168, 49.034149, -34759.743496], [155.57427, 48.985259, -28933.726287]]]}, "properties": {"slip": 0.9213885412174238}}, {"type": "Feature", "geometry": {"type": "Polygon", "coordinates": [[[156.498599, 49.668084, -28404.329515], [156.671621, 49.628701, -24104.543968], [156.639538, 49.749702, -27663.388723], [156.498599, 49.668084, -28404.329515]]]}, "properties": {"slip": 7.830418955964491}}, {"type": "Feature", "geometry": {"type": "Polygon", "coordinates": [[[157.514347, 49.552297, -13426.918174], [157.334902, 49.58618, -15183.719598], [157.369968, 49.469818, -13605.283897], [157.514347, 49.552297, -13426.918174]]]}, "properties": {"slip": 14.23755522363383}}, {"type": "Feature", "geometry": {"type": "Polygon", "coordinates": [[[159.706933, 51.778911, -19218.495295], [159.729094, 51.649661, -17262.248856], [159.900513, 51.732561, -16383.340207], [159.706933, 51.778911, -19218.495295]]]}, "properties": {"slip": 7.525242004186764}}, {"type": "Feature", "geometry": {"type": "Polygon", "coordinates": [[[157.330824, 49.012777, -9994.335921], [157.298142, 49.151855, -11162.08852], [157.158945, 49.075561, -11342.48831], [157.330824, 49.012777, -9994.335921]]]}, "properties": {"slip": 7.832033091193691}}, {"type": "Feature", "geometry": {"type": "Polygon", "coordinates": [[[161.213652, 52.778788, -14409.326387], [161.07785, 52.716498, -15040.237837], [161.237315, 52.679213, -13461.867879], [161.213652, 52.778788, -14409.326387]]]}, "properties": {"slip": 4.5104089502398805}}, {"type": "Feature", "geometry": {"type": "Polygon", "coordinates": [[[156.044077, 48.988042, -20379.352944], [156.075664, 48.868093, -17709.958639], [156.216288, 48.94952, -17482.964704], [156.044077, 48.988042, -20379.352944]]]}, "properties": {"slip": 0.5011247166083774}}, {"type": "Feature", "geometry": {"type": "Polygon", "coordinates": [[[157.125678, 49.746852, -19691.88186], [157.160309, 49.626806, -17380.791794], [157.303424, 49.707545, -17051.691246], [157.125678, 49.746852, -19691.88186]]]}, "properties": {"slip": 15.822731592950017}}, {"type": "Feature", "geometry": {"type": "Polygon", "coordinates": [[[161.661316, 52.398382, -9385.966616], [161.568151, 52.438083, -10002.142468], [161.600441, 52.357657, -9482.321606], [161.661316, 52.398382, -9385.966616]]]}, "properties": {"slip": 6.500580056150651}}, {"type": "Feature", "geometry": {"type": "Polygon", "coordinates": [[[160.76152, 52.687362, -17928.041385], [160.787435, 52.577545, -16492.37194], [160.939039, 52.651008, -15714.557345], [160.76152, 52.687362, -17928.041385]]]}, "properties": {"slip": 5.144996749231462}}, {"type": "Feature", "geometry": {"type": "Polygon", "coordinates": [[[160.916318, 52.22246, -12603.34923], [161.101077, 52.194884, -11282.512184], [161.05128, 52.295316, -12180.180647], [160.916318, 52.22246, -12603.34923]]]}, "properties": {"slip": 7.346091352556754}}, {"type": "Feature", "geometry": {"type": "Polygon", "coordinates": [[[158.040771, 50.108541, -15225.916113], [158.193756, 50.185689, -14860.439718], [158.011941, 50.227074, -16855.38568], [158.040771, 50.108541, -15225.916113]]]}, "properties": {"slip": 13.815364850653305}}, {"type": "Feature", "geometry": {"type": "Polygon", "coordinates": [[[158.497903, 50.896696, -21711.295518], [158.345407, 50.81922, -22295.616308], [158.530685, 50.773597, -19254.834689], [158.497903, 50.896696, -21711.295518]]]}, "properties": {"slip": 11.084615066731713}}, {"type": "Feature", "geometry": {"type": "Polygon", "coordinates": [[[160.104932, 52.831265, -31875.820655], [160.233694, 52.721585, -26689.162676], [160.307013, 52.851122, -27777.277081], [160.104932, 52.831265, -31875.820655]]]}, "properties": {"slip": 2.102913481674349}}, {"type": "Feature", "geometry": {"type": "Polygon", "coordinates": [[[157.548057, 49.435485, -12104.762282], [157.514347, 49.552297, -13426.918174], [157.369968, 49.469818, -13605.283897], [157.548057, 49.435485, -12104.762282]]]}, "properties": {"slip": 12.544613140153189}}, {"type": "Feature", "geometry": {"type": "Polygon", "coordinates": [[[155.836412, 49.143734, -28036.783807], [155.797638, 49.261101, -32743.176921], [155.661734, 49.181122, -33487.442119], [155.836412, 49.143734, -28036.783807]]]}, "properties": {"slip": 0.8835071619140114}}, {"type": "Feature", "geometry": {"type": "Polygon", "coordinates": [[[161.497307, 52.791159, -12409.74408], [161.50691, 52.698263, -11761.040008], [161.625366, 52.750182, -11356.590746], [161.497307, 52.791159, -12409.74408]]]}, "properties": {"slip": 6.4081906244973545}}, {"type": "Feature", "geometry": {"type": "Polygon", "coordinates": [[[158.105791, 49.741681, -11425.221937], [158.087771, 49.864585, -12532.03582], [157.936578, 49.78679, -12812.156771], [158.105791, 49.741681, -11425.221937]]]}, "properties": {"slip": 13.931091094642117}}, {"type": "Feature", "geometry": {"type": "Polygon", "coordinates": [[[155.034632, 49.20432, -54017.443119], [154.963097, 49.304148, -61492.607235], [154.888354, 49.208267, -59405.250529], [155.034632, 49.20432, -54017.443119]]]}, "properties": {"slip": 0.0}}, {"type": "Feature", "geometry": {"type": "Polygon", "coordinates": [[[159.414247, 52.654426, -45914.431106], [159.256822, 52.754533, -53703.03792], [159.244418, 52.625891, -50297.62994], [159.414247, 52.654426, -45914.431106]]]}, "properties": {"slip": 0.0}}, {"type": "Feature", "geometry": {"type": "Polygon", "coordinates": [[[155.874361, 49.026715, -24016.869524], [155.741956, 48.951601, -24476.227039], [155.905548, 48.915992, -20876.303939], [155.874361, 49.026715, -24016.869524]]]}, "properties": {"slip": 0.23807070684424508}}, {"type": "Feature", "geometry": {"type": "Polygon", "coordinates": [[[156.075664, 48.868093, -17709.958639], [156.249601, 48.830164, -15359.122373], [156.216288, 48.94952, -17482.964704], [156.075664, 48.868093, -17709.958639]]]}, "properties": {"slip": 0.5028215646511005}}, {"type": "Feature", "geometry": {"type": "Polygon", "coordinates": [[[160.450242, 51.713505, -11983.349509], [160.632667, 51.649142, -10593.285705], [160.59485, 51.794168, -11713.179874], [160.450242, 51.713505, -11983.349509]]]}, "properties": {"slip": 6.849077258335883}}, {"type": "Feature", "geometry": {"type": "Polygon", "coordinates": [[[160.051474, 51.117836, -10437.083101], [160.25, 51.1, -9396.460533], [160.175365, 51.217432, -10345.028282], [160.051474, 51.117836, -10437.083101]]]}, "properties": {"slip": 9.76905983921438}}, {"type": "Feature", "geometry": {"type": "Polygon", "coordinates": [[[160.25, 51.1, -9396.460533], [160.372968, 51.206737, -9370.424921], [160.175365, 51.217432, -10345.028282], [160.25, 51.1, -9396.460533]]]}, "properties": {"slip": 8.938623698993263}}, {"type": "Feature", "geometry": {"type": "Polygon", "coordinates": [[[156.701859, 50.074718, -35703.259252], [156.83555, 50.151262, -34770.007505], [156.652626, 50.202247, -41258.685642], [156.701859, 50.074718, -35703.259252]]]}, "properties": {"slip": 8.461753946240922}}, {"type": "Feature", "geometry": {"type": "Polygon", "coordinates": [[[159.221212, 50.718875, -12665.062581], [159.389238, 50.78869, -12141.768548], [159.201328, 50.83764, -13814.849642], [159.221212, 50.718875, -12665.062581]]]}, "properties": {"slip": 8.182745598249339}}, {"type": "Feature", "geometry": {"type": "Polygon", "coordinates": [[[156.584548, 48.747313, -11985.25708], [156.588732, 48.626267, -10929.674468], [156.736589, 48.717921, -10895.164777], [156.584548, 48.747313, -11985.25708]]]}, "properties": {"slip": 2.683388159354432}}, {"type": "Feature", "geometry": {"type": "Polygon", "coordinates": [[[160.82382, 52.467032, -15136.615856], [160.665709, 52.378416, -15781.552113], [160.889063, 52.348962, -13673.133285], [160.82382, 52.467032, -15136.615856]]]}, "properties": {"slip": 4.9583747780891905}}, {"type": "Feature", "geometry": {"type": "Polygon", "coordinates": [[[160.309502, 52.349385, -19365.948711], [160.147495, 52.2706, -20434.998605], [160.336748, 52.220937, -17459.678515], [160.309502, 52.349385, -19365.948711]]]}, "properties": {"slip": 8.497663588060115}}, {"type": "Feature", "geometry": {"type": "Polygon", "coordinates": [[[160.184138, 52.945585, -32641.725298], [160.104932, 52.831265, -31875.820655], [160.307013, 52.851122, -27777.277081], [160.184138, 52.945585, -32641.725298]]]}, "properties": {"slip": 0.9411400270814868}}, {"type": "Feature", "geometry": {"type": "Polygon", "coordinates": [[[158.080388, 49.989979, -13718.396562], [158.225498, 50.068278, -13465.225717], [158.040771, 50.108541, -15225.916113], [158.080388, 49.989979, -13718.396562]]]}, "properties": {"slip": 13.652403206165262}}, {"type": "Feature", "geometry": {"type": "Polygon", "coordinates": [[[159.114266, 52.519826, -51310.957599], [159.076937, 52.661542, -56690.745263], [158.938248, 52.585054, -58961.26824], [159.114266, 52.519826, -51310.957599]]]}, "properties": {"slip": 0.0}}, {"type": "Feature", "geometry": {"type": "Polygon", "coordinates": [[[155.579028, 49.417056, -45268.355847], [155.547672, 49.532762, -51341.929205], [155.383794, 49.453338, -53626.850168], [155.579028, 49.417056, -45268.355847]]]}, "properties": {"slip": 0.3446023844642821}}, {"type": "Feature", "geometry": {"type": "Polygon", "coordinates": [[[155.483614, 49.216057, -39877.175073], [155.310342, 49.249708, -46819.482178], [155.351911, 49.139159, -40642.946705], [155.483614, 49.216057, -39877.175073]]]}, "properties": {"slip": 0.36102696654926475}}, {"type": "Feature", "geometry": {"type": "Polygon", "coordinates": [[[160.603692, 52.619092, -19034.414648], [160.630517, 52.500171, -17345.870588], [160.787435, 52.577545, -16492.37194], [160.603692, 52.619092, -19034.414648]]]}, "properties": {"slip": 5.280070598750897}}, {"type": "Feature", "geometry": {"type": "Polygon", "coordinates": [[[155.351911, 49.139159, -40642.946705], [155.188922, 49.175456, -47414.134044], [155.224462, 49.065123, -41338.338122], [155.351911, 49.139159, -40642.946705]]]}, "properties": {"slip": 0.151463821226215}}, {"type": "Feature", "geometry": {"type": "Polygon", "coordinates": [[[155.611697, 48.872727, -24782.1642], [155.57427, 48.985259, -28933.726287], [155.461223, 48.881276, -28120.58153], [155.611697, 48.872727, -24782.1642]]]}, "properties": {"slip": 0.3461830226748815}}, {"type": "Feature", "geometry": {"type": "Polygon", "coordinates": [[[158.345407, 50.81922, -22295.616308], [158.374993, 50.698733, -19836.754821], [158.530685, 50.773597, -19254.834689], [158.345407, 50.81922, -22295.616308]]]}, "properties": {"slip": 10.73375752395974}}, {"type": "Feature", "geometry": {"type": "Polygon", "coordinates": [[[155.188922, 49.175456, -47414.134044], [155.142253, 49.276421, -53771.597061], [155.034632, 49.20432, -54017.443119], [155.188922, 49.175456, -47414.134044]]]}, "properties": {"slip": 0.16419411804336456}}, {"type": "Feature", "geometry": {"type": "Polygon", "coordinates": [[[160.787435, 52.577545, -16492.37194], [160.630517, 52.500171, -17345.870588], [160.82382, 52.467032, -15136.615856], [160.787435, 52.577545, -16492.37194]]]}, "properties": {"slip": 5.1642813456352155}}, {"type": "Feature", "geometry": {"type": "Polygon", "coordinates": [[[157.160309, 49.626806, -17380.791794], [157.334902, 49.58618, -15183.719598], [157.303424, 49.707545, -17051.691246], [157.160309, 49.626806, -17380.791794]]]}, "properties": {"slip": 14.12007104792787}}, {"type": "Feature", "geometry": {"type": "Polygon", "coordinates": [[[157.827854, 49.598013, -11852.298819], [157.695616, 49.523455, -11996.004977], [157.861102, 49.48583, -10791.032085], [157.827854, 49.598013, -11852.298819]]]}, "properties": {"slip": 17.01028860609731}}, {"type": "Feature", "geometry": {"type": "Polygon", "coordinates": [[[160.775311, 53.575126, -32811.563457], [160.6, 53.65, -39251.38092], [160.609389, 53.511638, -35608.303791], [160.775311, 53.575126, -32811.563457]]]}, "properties": {"slip": 0.0}}, {"type": "Feature", "geometry": {"type": "Polygon", "coordinates": [[[155.483614, 49.216057, -39877.175073], [155.440797, 49.332688, -46218.752474], [155.310342, 49.249708, -46819.482178], [155.483614, 49.216057, -39877.175073]]]}, "properties": {"slip": 0.5469655364082623}}, {"type": "Feature", "geometry": {"type": "Polygon", "coordinates": [[[161.054735, 52.820017, -16196.557477], [161.07785, 52.716498, -15040.237837], [161.213652, 52.778788, -14409.326387], [161.054735, 52.820017, -16196.557477]]]}, "properties": {"slip": 3.6107655311421927}}, {"type": "Feature", "geometry": {"type": "Polygon", "coordinates": [[[155.896214, 49.92209, -54873.876539], [155.708651, 49.964084, -63804.43387], [155.750345, 49.840972, -57007.310324], [155.896214, 49.92209, -54873.876539]]]}, "properties": {"slip": 0.3462604260335736}}, {"type": "Feature", "geometry": {"type": "Polygon", "coordinates": [[[157.147654, 50.751553, -46187.236628], [156.937207, 50.787895, -54399.021825], [156.998066, 50.673705, -47996.039374], [157.147654, 50.751553, -46187.236628]]]}, "properties": {"slip": 0.6423745200305947}}, {"type": "Feature", "geometry": {"type": "Polygon", "coordinates": [[[157.615621, 49.190308, -9870.544656], [157.437748, 49.229278, -11011.993192], [157.474297, 49.101024, -9913.907281], [157.615621, 49.190308, -9870.544656]]]}, "properties": {"slip": 9.615175184230418}}, {"type": "Feature", "geometry": {"type": "Polygon", "coordinates": [[[160.996473, 51.738349, -9445.866601], [160.910783, 51.849467, -10400.640424], [160.791254, 51.752388, -10435.506771], [160.996473, 51.738349, -9445.866601]]]}, "properties": {"slip": 7.2696548690390514}}, {"type": "Feature", "geometry": {"type": "Polygon", "coordinates": [[[155.156868, 49.456452, -61982.738519], [154.919219, 49.456285, -70740.030053], [155.08856, 49.363996, -59936.927875], [155.156868, 49.456452, -61982.738519]]]}, "properties": {"slip": 0.0}}, {"type": "Feature", "geometry": {"type": "Polygon", "coordinates": [[[157.796245, 49.711072, -13044.430031], [157.658205, 49.63347, -13237.521972], [157.827854, 49.598013, -11852.298819], [157.796245, 49.711072, -13044.430031]]]}, "properties": {"slip": 18.387980972930883}}, {"type": "Feature", "geometry": {"type": "Polygon", "coordinates": [[[159.944754, 51.476293, -13538.626783], [160.109179, 51.556392, -12981.093035], [159.922933, 51.604296, -14850.941768], [159.944754, 51.476293, -13538.626783]]]}, "properties": {"slip": 6.72552055179286}}, {"type": "Feature", "geometry": {"type": "Polygon", "coordinates": [[[157.678291, 51.763705, -69355.866207], [157.754413, 51.640416, -62111.069651], [157.893555, 51.736379, -61788.150454], [157.678291, 51.763705, -69355.866207]]]}, "properties": {"slip": 0.10318181168278769}}, {"type": "Feature", "geometry": {"type": "Polygon", "coordinates": [[[159.147213, 51.085631, -16887.016703], [159.175008, 50.96102, -15220.846142], [159.332054, 51.038568, -14661.718694], [159.147213, 51.085631, -16887.016703]]]}, "properties": {"slip": 7.966341545723009}}, {"type": "Feature", "geometry": {"type": "Polygon", "coordinates": [[[160.780995, 53.00379, -21850.052413], [160.720806, 52.895073, -21142.538256], [160.891335, 52.945025, -19443.878935], [160.780995, 53.00379, -21850.052413]]]}, "properties": {"slip": 1.39627370215285}}, {"type": "Feature", "geometry": {"type": "Polygon", "coordinates": [[[160.275764, 51.639607, -12508.439268], [160.090794, 51.684936, -14199.579551], [160.109179, 51.556392, -12981.093035], [160.275764, 51.639607, -12508.439268]]]}, "properties": {"slip": 5.721195887751839}}, {"type": "Feature", "geometry": {"type": "Polygon", "coordinates": [[[160.922164, 53.386915, -25699.811938], [160.713358, 53.396797, -30415.606675], [160.812007, 53.296487, -26265.140599], [160.922164, 53.386915, -25699.811938]]]}, "properties": {"slip": 0.2365997358378829}}, {"type": "Feature", "geometry": {"type": "Polygon", "coordinates": [[[157.992535, 49.560177, -10672.490175], [157.827854, 49.598013, -11852.298819], [157.861102, 49.48583, -10791.032085], [157.992535, 49.560177, -10672.490175]]]}, "properties": {"slip": 16.8604063157445}}, {"type": "Feature", "geometry": {"type": "Polygon", "coordinates": [[[157.950016, 51.610736, -55211.132806], [157.808103, 51.518279, -55602.404407], [157.995174, 51.476381, -48781.940873], [157.950016, 51.610736, -55211.132806]]]}, "properties": {"slip": 1.5311399350278578}}, {"type": "Feature", "geometry": {"type": "Polygon", "coordinates": [[[161.849667, 52.679979, -9798.882014], [161.74711, 52.717995, -10500.312562], [161.74807, 52.643608, -10117.691645], [161.849667, 52.679979, -9798.882014]]]}, "properties": {"slip": 8.00599868741254}}, {"type": "Feature", "geometry": {"type": "Polygon", "coordinates": [[[158.497903, 50.896696, -21711.295518], [158.530685, 50.773597, -19254.834689], [158.682236, 50.851664, -18736.121525], [158.497903, 50.896696, -21711.295518]]]}, "properties": {"slip": 11.058240545509545}}, {"type": "Feature", "geometry": {"type": "Polygon", "coordinates": [[[155.797638, 49.261101, -32743.176921], [155.620604, 49.297872, -39058.034777], [155.661734, 49.181122, -33487.442119], [155.797638, 49.261101, -32743.176921]]]}, "properties": {"slip": 0.90180234134225}}, {"type": "Feature", "geometry": {"type": "Polygon", "coordinates": [[[161.661316, 52.398382, -9385.966616], [161.704225, 52.451411, -9425.858176], [161.568151, 52.438083, -10002.142468], [161.661316, 52.398382, -9385.966616]]]}, "properties": {"slip": 7.169420633836076}}, {"type": "Feature", "geometry": {"type": "Polygon", "coordinates": [[[159.513514, 50.99068, -12869.400512], [159.359219, 50.913059, -13323.505253], [159.532509, 50.862362, -11799.544635], [159.513514, 50.99068, -12869.400512]]]}, "properties": {"slip": 8.89081875544484}}, {"type": "Feature", "geometry": {"type": "Polygon", "coordinates": [[[160.512629, 53.396207, -35330.249628], [160.609389, 53.511638, -35608.303791], [160.397833, 53.482638, -40594.642656], [160.512629, 53.396207, -35330.249628]]]}, "properties": {"slip": 0.0}}, {"type": "Feature", "geometry": {"type": "Polygon", "coordinates": [[[156.183276, 49.069061, -20045.553159], [156.323692, 49.149034, -19646.8723], [156.149164, 49.186874, -23096.368136], [156.183276, 49.069061, -20045.553159]]]}, "properties": {"slip": 1.7156791174180095}}, {"type": "Feature", "geometry": {"type": "Polygon", "coordinates": [[[155.70442, 49.064004, -28513.030033], [155.836412, 49.143734, -28036.783807], [155.661734, 49.181122, -33487.442119], [155.70442, 49.064004, -28513.030033]]]}, "properties": {"slip": 0.6684443707169794}}, {"type": "Feature", "geometry": {"type": "Polygon", "coordinates": [[[160.791254, 51.752388, -10435.506771], [160.910783, 51.849467, -10400.640424], [160.713768, 51.871952, -11562.03968], [160.791254, 51.752388, -10435.506771]]]}, "properties": {"slip": 6.750211495087234}}, {"type": "Feature", "geometry": {"type": "Polygon", "coordinates": [[[160.446089, 52.54746, -20197.140058], [160.473044, 52.423691, -18277.170609], [160.630517, 52.500171, -17345.870588], [160.446089, 52.54746, -20197.140058]]]}, "properties": {"slip": 4.585310874032071}}, {"type": "Feature", "geometry": {"type": "Polygon", "coordinates": [[[155.038949, 49.562459, -71528.363396], [155.156868, 49.456452, -61982.738519], [155.243422, 49.551126, -63341.386442], [155.038949, 49.562459, -71528.363396]]]}, "properties": {"slip": 0.0}}, {"type": "Feature", "geometry": {"type": "Polygon", "coordinates": [[[160.505909, 52.298697, -16548.152468], [160.309502, 52.349385, -19365.948711], [160.336748, 52.220937, -17459.678515], [160.505909, 52.298697, -16548.152468]]]}, "properties": {"slip": 8.159797217391258}}, {"type": "Feature", "geometry": {"type": "Polygon", "coordinates": [[[159.971601, 52.938027, -37896.782319], [160.056614, 53.044288, -38375.875517], [159.865504, 53.047765, -43821.757597], [159.971601, 52.938027, -37896.782319]]]}, "properties": {"slip": 0.8972493467960352}}, {"type": "Feature", "geometry": {"type": "Polygon", "coordinates": [[[159.389238, 50.78869, -12141.768548], [159.359219, 50.913059, -13323.505253], [159.201328, 50.83764, -13814.849642], [159.389238, 50.78869, -12141.768548]]]}, "properties": {"slip": 8.634092975590567}}, {"type": "Feature", "geometry": {"type": "Polygon", "coordinates": [[[160.742359, 53.198963, -25830.149593], [160.66735, 53.090496, -25262.927016], [160.861934, 53.103745, -22100.232913], [160.742359, 53.198963, -25830.149593]]]}, "properties": {"slip": 3.107510350790811}}, {"type": "Feature", "geometry": {"type": "Polygon", "coordinates": [[[158.922953, 50.563047, -13340.354979], [158.939889, 50.447868, -12260.333269], [159.118689, 50.513356, -11707.916457], [158.922953, 50.563047, -13340.354979]]]}, "properties": {"slip": 9.576677610151174}}, {"type": "Feature", "geometry": {"type": "Polygon", "coordinates": [[[160.780995, 53.00379, -21850.052413], [160.593687, 52.979847, -24624.403663], [160.720806, 52.895073, -21142.538256], [160.780995, 53.00379, -21850.052413]]]}, "properties": {"slip": 1.6049368254704126}}, {"type": "Feature", "geometry": {"type": "Polygon", "coordinates": [[[157.269778, 49.827324, -19234.914145], [157.125678, 49.746852, -19691.88186], [157.303424, 49.707545, -17051.691246], [157.269778, 49.827324, -19234.914145]]]}, "properties": {"slip": 15.55128529194476}}, {"type": "Feature", "geometry": {"type": "Polygon", "coordinates": [[[160.147495, 52.2706, -20434.998605], [160.175004, 52.143553, -18341.83212], [160.336748, 52.220937, -17459.678515], [160.147495, 52.2706, -20434.998605]]]}, "properties": {"slip": 9.02421639396551}}, {"type": "Feature", "geometry": {"type": "Polygon", "coordinates": [[[157.81027, 51.867046, -69327.775747], [157.678291, 51.763705, -69355.866207], [157.893555, 51.736379, -61788.150454], [157.81027, 51.867046, -69327.775747]]]}, "properties": {"slip": 0.0}}, {"type": "Feature", "geometry": {"type": "Polygon", "coordinates": [[[160.282092, 52.474014, -21521.744613], [160.309502, 52.349385, -19365.948711], [160.473044, 52.423691, -18277.170609], [160.282092, 52.474014, -21521.744613]]]}, "properties": {"slip": 6.650885545157791}}, {"type": "Feature", "geometry": {"type": "Polygon", "coordinates": [[[161.042621, 53.111976, -19564.640662], [160.965363, 53.017241, -19393.72], [161.155201, 53.03123, -17272.182999], [161.042621, 53.111976, -19564.640662]]]}, "properties": {"slip": 1.110756043656742}}, {"type": "Feature", "geometry": {"type": "Polygon", "coordinates": [[[158.628173, 50.412568, -14001.751752], [158.656477, 50.294994, -12736.212666], [158.796266, 50.371645, -12518.191208], [158.628173, 50.412568, -14001.751752]]]}, "properties": {"slip": 10.830324674080478}}, {"type": "Feature", "geometry": {"type": "Polygon", "coordinates": [[[161.388044, 52.641743, -12159.508915], [161.262509, 52.582627, -12608.554894], [161.409411, 52.546561, -11444.620585], [161.388044, 52.641743, -12159.508915]]]}, "properties": {"slip": 5.229372729039001}}, {"type": "Feature", "geometry": {"type": "Polygon", "coordinates": [[[159.513514, 50.99068, -12869.400512], [159.332054, 51.038568, -14661.718694], [159.359219, 50.913059, -13323.505253], [159.513514, 50.99068, -12869.400512]]]}, "properties": {"slip": 8.784554177943669}}, {"type": "Feature", "geometry": {"type": "Polygon", "coordinates": [[[155.762885, 48.755814, -19522.351642], [155.917274, 48.805147, -18472.881492], [155.76356, 48.848832, -21539.358524], [155.762885, 48.755814, -19522.351642]]]}, "properties": {"slip": 0.06482527149794738}}, {"type": "Feature", "geometry": {"type": "Polygon", "coordinates": [[[156.266468, 48.702315, -13610.78512], [156.249601, 48.830164, -15359.122373], [156.087872, 48.753313, -15759.673224], [156.266468, 48.702315, -13610.78512]]]}, "properties": {"slip": 0.11966463545440248}}, {"type": "Feature", "geometry": {"type": "Polygon", "coordinates": [[[161.07785, 52.716498, -15040.237837], [160.939039, 52.651008, -15714.557345], [161.109077, 52.617328, -13978.654175], [161.07785, 52.716498, -15040.237837]]]}, "properties": {"slip": 5.010978626176908}}, {"type": "Feature", "geometry": {"type": "Polygon", "coordinates": [[[156.323692, 49.149034, -19646.8723], [156.183276, 49.069061, -20045.553159], [156.355602, 49.030456, -17234.857123], [156.323692, 49.149034, -19646.8723]]]}, "properties": {"slip": 1.0448603180432874}}, {"type": "Feature", "geometry": {"type": "Polygon", "coordinates": [[[157.556318, 49.986078, -18295.585562], [157.734763, 49.945173, -15972.403067], [157.706126, 50.06637, -17787.266629], [157.556318, 49.986078, -18295.585562]]]}, "properties": {"slip": 15.986545929768424}}, {"type": "Feature", "geometry": {"type": "Polygon", "coordinates": [[[160.545187, 53.18786, -29734.449476], [160.465687, 53.07539, -29067.341836], [160.66735, 53.090496, -25262.927016], [160.545187, 53.18786, -29734.449476]]]}, "properties": {"slip": 2.4225251170896027}}, {"type": "Feature", "geometry": {"type": "Polygon", "coordinates": [[[156.8075, 50.713569, -55794.879585], [156.851458, 50.606532, -50118.054641], [156.998066, 50.673705, -47996.039374], [156.8075, 50.713569, -55794.879585]]]}, "properties": {"slip": 0.19644487811791966}}, {"type": "Feature", "geometry": {"type": "Polygon", "coordinates": [[[159.839988, 51.127809, -11707.293417], [159.659855, 51.065996, -12442.897195], [159.78944, 51.011423, -11263.487968], [159.839988, 51.127809, -11707.293417]]]}, "properties": {"slip": 8.32102657562219}}, {"type": "Feature", "geometry": {"type": "Polygon", "coordinates": [[[159.332054, 51.038568, -14661.718694], [159.175008, 50.96102, -15220.846142], [159.359219, 50.913059, -13323.505253], [159.332054, 51.038568, -14661.718694]]]}, "properties": {"slip": 8.863616730439732}}, {"type": "Feature", "geometry": {"type": "Polygon", "coordinates": [[[157.895499, 50.026748, -15515.564387], [158.080388, 49.989979, -13718.396562], [158.040771, 50.108541, -15225.916113], [157.895499, 50.026748, -15515.564387]]]}, "properties": {"slip": 13.489378602248664}}, {"type": "Feature", "geometry": {"type": "Polygon", "coordinates": [[[156.671621, 49.628701, -24104.543968], [156.811195, 49.708155, -23520.196638], [156.639538, 49.749702, -27663.388723], [156.671621, 49.628701, -24104.543968]]]}, "properties": {"slip": 9.682658594680793}}, {"type": "Feature", "geometry": {"type": "Polygon", "coordinates": [[[156.423436, 48.789814, -13463.84165], [156.249601, 48.830164, -15359.122373], [156.266468, 48.702315, -13610.78512], [156.423436, 48.789814, -13463.84165]]]}, "properties": {"slip": 0.11156916493151285}}, {"type": "Feature", "geometry": {"type": "Polygon", "coordinates": [[[162.150116, 52.950041, -9549.177153], [162.05, 53.0, -10276.861191], [162.047992, 52.91827, -9921.134749], [162.150116, 52.950041, -9549.177153]]]}, "properties": {"slip": 0.0}}, {"type": "Feature", "geometry": {"type": "Polygon", "coordinates": [[[162.150116, 52.950041, -9549.177153], [162.047992, 52.91827, -9921.134749], [162.156397, 52.895807, -9303.343901], [162.150116, 52.950041, -9549.177153]]]}, "properties": {"slip": 0.8187631977755168}}, {"type": "Feature", "geometry": {"type": "Polygon", "coordinates": [[[160.996473, 51.738349, -9445.866601], [161.122938, 51.844247, -9402.320041], [160.910783, 51.849467, -10400.640424], [160.996473, 51.738349, -9445.866601]]]}, "properties": {"slip": 6.710319208226842}}, {"type": "Feature", "geometry": {"type": "Polygon", "coordinates": [[[160.424529, 53.287995, -34935.506455], [160.341526, 53.173959, -34237.727693], [160.545187, 53.18786, -29734.449476], [160.424529, 53.287995, -34935.506455]]]}, "properties": {"slip": 1.3687774661350547}}, {"type": "Feature", "geometry": {"type": "Polygon", "coordinates": [[[160.545187, 53.18786, -29734.449476], [160.742359, 53.198963, -25830.149593], [160.62496, 53.297687, -30315.775014], [160.545187, 53.18786, -29734.449476]]]}, "properties": {"slip": 2.1362103070160083}}, {"type": "Feature", "geometry": {"type": "Polygon", "coordinates": [[[155.97417, 49.224242, -27418.256413], [156.0105, 49.107089, -23598.76864], [156.149164, 49.186874, -23096.368136], [155.97417, 49.224242, -27418.256413]]]}, "properties": {"slip": 1.5665099632710775}}, {"type": "Feature", "geometry": {"type": "Polygon", "coordinates": [[[160.632667, 51.649142, -10593.285705], [160.450242, 51.713505, -11983.349509], [160.439363, 51.614859, -11367.982684], [160.632667, 51.649142, -10593.285705]]]}, "properties": {"slip": 5.924836484728761}}, {"type": "Feature", "geometry": {"type": "Polygon", "coordinates": [[[160.306774, 53.386107, -40569.06435], [160.216224, 53.274466, -40097.028064], [160.424529, 53.287995, -34935.506455], [160.306774, 53.386107, -40569.06435]]]}, "properties": {"slip": 0.6360339987181517}}, {"type": "Feature", "geometry": {"type": "Polygon", "coordinates": [[[160.912208, 52.754623, -16991.653966], [161.07785, 52.716498, -15040.237837], [161.054735, 52.820017, -16196.557477], [160.912208, 52.754623, -16991.653966]]]}, "properties": {"slip": 3.4012312402432254}}, {"type": "Feature", "geometry": {"type": "Polygon", "coordinates": [[[160.919282, 53.203438, -22701.435753], [160.861934, 53.103745, -22100.232913], [161.042621, 53.111976, -19564.640662], [160.919282, 53.203438, -22701.435753]]]}, "properties": {"slip": 2.138278746328306}}, {"type": "Feature", "geometry": {"type": "Polygon", "coordinates": [[[160.306774, 53.386107, -40569.06435], [160.094594, 53.38493, -46593.232091], [160.216224, 53.274466, -40097.028064], [160.306774, 53.386107, -40569.06435]]]}, "properties": {"slip": 0.0}}, {"type": "Feature", "geometry": {"type": "Polygon", "coordinates": [[[158.61491, 49.767139, -9203.172876], [158.557137, 49.874776, -10097.572465], [158.434054, 49.786656, -10087.884243], [158.61491, 49.767139, -9203.172876]]]}, "properties": {"slip": 13.390125479402773}}, {"type": "Feature", "geometry": {"type": "Polygon", "coordinates": [[[157.764118, 49.827146, -14418.107858], [157.625575, 49.750208, -14679.807086], [157.796245, 49.711072, -13044.430031], [157.764118, 49.827146, -14418.107858]]]}, "properties": {"slip": 15.989588363784504}}, {"type": "Feature", "geometry": {"type": "Polygon", "coordinates": [[[158.732234, 49.858629, -9259.891955], [158.85, 49.95, -9319.036484], [158.672943, 49.964591, -10153.629627], [158.732234, 49.858629, -9259.891955]]]}, "properties": {"slip": 13.766066195011026}}, {"type": "Feature", "geometry": {"type": "Polygon", "coordinates": [[[160.175004, 52.143553, -18341.83212], [160.366905, 52.094294, -15803.112895], [160.336748, 52.220937, -17459.678515], [160.175004, 52.143553, -18341.83212]]]}, "properties": {"slip": 9.494734475865785}}, {"type": "Feature", "geometry": {"type": "Polygon", "coordinates": [[[157.960528, 49.672198, -11695.618459], [157.827854, 49.598013, -11852.298819], [157.992535, 49.560177, -10672.490175], [157.960528, 49.672198, -11695.618459]]]}, "properties": {"slip": 18.003761697099343}}, {"type": "Feature", "geometry": {"type": "Polygon", "coordinates": [[[159.147213, 51.085631, -16887.016703], [159.332054, 51.038568, -14661.718694], [159.305511, 51.163839, -16203.9839], [159.147213, 51.085631, -16887.016703]]]}, "properties": {"slip": 8.490413624731856}}, {"type": "Feature", "geometry": {"type": "Polygon", "coordinates": [[[161.364924, 52.737661, -12954.170333], [161.497307, 52.791159, -12409.74408], [161.362882, 52.836087, -13675.979379], [161.364924, 52.737661, -12954.170333]]]}, "properties": {"slip": 4.307658316272944}}, {"type": "Feature", "geometry": {"type": "Polygon", "coordinates": [[[158.530685, 50.773597, -19254.834689], [158.713557, 50.728171, -16753.080979], [158.682236, 50.851664, -18736.121525], [158.530685, 50.773597, -19254.834689]]]}, "properties": {"slip": 12.057469975813614}}, {"type": "Feature", "geometry": {"type": "Polygon", "coordinates": [[[161.42459, 53.286927, -16833.368496], [161.251945, 53.243102, -18390.777913], [161.402333, 53.170062, -16017.062447], [161.42459, 53.286927, -16833.368496]]]}, "properties": {"slip": 0.0}}, {"type": "Feature", "geometry": {"type": "Polygon", "coordinates": [[[155.891692, 50.302425, -70991.367942], [155.974796, 50.191982, -63011.484392], [156.093687, 50.295278, -62916.008241], [155.891692, 50.302425, -70991.367942]]]}, "properties": {"slip": 0.23470685943655947}}, {"type": "Feature", "geometry": {"type": "Polygon", "coordinates": [[[156.140154, 50.512756, -70719.535058], [156.217976, 50.391013, -62483.366326], [156.344485, 50.490841, -62309.116973], [156.140154, 50.512756, -70719.535058]]]}, "properties": {"slip": 0.2336515813043371}}, {"type": "Feature", "geometry": {"type": "Polygon", "coordinates": [[[159.658097, 53.0728, -50725.611914], [159.513955, 52.976793, -52314.718561], [159.735581, 52.931417, -44336.234016], [159.658097, 53.0728, -50725.611914]]]}, "properties": {"slip": 0.2942193914145144}}, {"type": "Feature", "geometry": {"type": "Polygon", "coordinates": [[[159.493673, 51.117, -14066.466381], [159.464933, 51.242037, -15504.883642], [159.305511, 51.163839, -16203.9839], [159.493673, 51.117, -14066.466381]]]}, "properties": {"slip": 6.852732357180503}}, {"type": "Feature", "geometry": {"type": "Polygon", "coordinates": [[[160.545187, 53.18786, -29734.449476], [160.66735, 53.090496, -25262.927016], [160.742359, 53.198963, -25830.149593], [160.545187, 53.18786, -29734.449476]]]}, "properties": {"slip": 2.9278433615304205}}, {"type": "Feature", "geometry": {"type": "Polygon", "coordinates": [[[160.66735, 53.090496, -25262.927016], [160.465687, 53.07539, -29067.341836], [160.593687, 52.979847, -24624.403663], [160.66735, 53.090496, -25262.927016]]]}, "properties": {"slip": 2.257296144226847}}, {"type": "Feature", "geometry": {"type": "Polygon", "coordinates": [[[155.462457, 49.76906, -65030.113555], [155.279957, 49.774465, -72409.141035], [155.359049, 49.653108, -63757.443275], [155.462457, 49.76906, -65030.113555]]]}, "properties": {"slip": 0.0}}, {"type": "Feature", "geometry": {"type": "Polygon", "coordinates": [[[161.213652, 52.778788, -14409.326387], [161.364924, 52.737661, -12954.170333], [161.362882, 52.836087, -13675.979379], [161.213652, 52.778788, -14409.326387]]]}, "properties": {"slip": 3.7536152089343338}}, {"type": "Feature", "geometry": {"type": "Polygon", "coordinates": [[[160.111057, 52.401879, -23079.492591], [160.147495, 52.2706, -20434.998605], [160.309502, 52.349385, -19365.948711], [160.111057, 52.401879, -23079.492591]]]}, "properties": {"slip": 8.303226326016423}}, {"type": "Feature", "geometry": {"type": "Polygon", "coordinates": [[[156.087872, 48.753313, -15759.673224], [156.075664, 48.868093, -17709.958639], [155.917274, 48.805147, -18472.881492], [156.087872, 48.753313, -15759.673224]]]}, "properties": {"slip": 0.5118964119849229}}, {"type": "Feature", "geometry": {"type": "Polygon", "coordinates": [[[159.073034, 50.638066, -12973.94817], [158.922953, 50.563047, -13340.354979], [159.118689, 50.513356, -11707.916457], [159.073034, 50.638066, -12973.94817]]]}, "properties": {"slip": 10.19147708869363}}, {"type": "Feature", "geometry": {"type": "Polygon", "coordinates": [[[161.409411, 52.546561, -11444.620585], [161.290889, 52.491682, -11845.718215], [161.435759, 52.45365, -10773.656742], [161.409411, 52.546561, -11444.620585]]]}, "properties": {"slip": 5.040357220214986}}, {"type": "Feature", "geometry": {"type": "Polygon", "coordinates": [[[157.556318, 49.986078, -18295.585562], [157.412679, 49.90702, -18772.694406], [157.590187, 49.866736, -16347.741625], [157.556318, 49.986078, -18295.585562]]]}, "properties": {"slip": 15.544423152758407}}, {"type": "Feature", "geometry": {"type": "Polygon", "coordinates": [[[161.042621, 53.111976, -19564.640662], [160.861934, 53.103745, -22100.232913], [160.965363, 53.017241, -19393.72], [161.042621, 53.111976, -19564.640662]]]}, "properties": {"slip": 1.7717635322788732}}, {"type": "Feature", "geometry": {"type": "Polygon", "coordinates": [[[160.76152, 52.687362, -17928.041385], [160.939039, 52.651008, -15714.557345], [160.912208, 52.754623, -16991.653966], [160.76152, 52.687362, -17928.041385]]]}, "properties": {"slip": 4.217808536596441}}, {"type": "Feature", "geometry": {"type": "Polygon", "coordinates": [[[159.729094, 51.649661, -17262.248856], [159.922933, 51.604296, -14850.941768], [159.900513, 51.732561, -16383.340207], [159.729094, 51.649661, -17262.248856]]]}, "properties": {"slip": 7.908579600334013}}, {"type": "Feature", "geometry": {"type": "Polygon", "coordinates": [[[160.512629, 53.396207, -35330.249628], [160.62496, 53.297687, -30315.775014], [160.713358, 53.396797, -30415.606675], [160.512629, 53.396207, -35330.249628]]]}, "properties": {"slip": 0.7747919016979343}}, {"type": "Feature", "geometry": {"type": "Polygon", "coordinates": [[[155.645399, 50.091601, -71806.49476], [155.708651, 49.964084, -63804.43387], [155.872917, 50.065727, -61638.90861], [155.645399, 50.091601, -71806.49476]]]}, "properties": {"slip": 0.0}}, {"type": "Feature", "geometry": {"type": "Polygon", "coordinates": [[[160.603692, 52.619092, -19034.414648], [160.787435, 52.577545, -16492.37194], [160.76152, 52.687362, -17928.041385], [160.603692, 52.619092, -19034.414648]]]}, "properties": {"slip": 5.46222858484589}}, {"type": "Feature", "geometry": {"type": "Polygon", "coordinates": [[[157.334902, 49.58618, -15183.719598], [157.193353, 49.507112, -15440.71586], [157.369968, 49.469818, -13605.283897], [157.334902, 49.58618, -15183.719598]]]}, "properties": {"slip": 13.520181020855215}}, {"type": "Feature", "geometry": {"type": "Polygon", "coordinates": [[[159.648939, 50.600276, -9608.339889], [159.555903, 50.726823, -10777.543868], [159.447828, 50.606243, -10580.521623], [159.648939, 50.600276, -9608.339889]]]}, "properties": {"slip": 5.993016718141412}}, {"type": "Feature", "geometry": {"type": "Polygon", "coordinates": [[[157.861102, 49.48583, -10791.032085], [157.695616, 49.523455, -11996.004977], [157.726554, 49.406048, -10875.365955], [157.861102, 49.48583, -10791.032085]]]}, "properties": {"slip": 13.534219360401222}}, {"type": "Feature", "geometry": {"type": "Polygon", "coordinates": [[[160.910783, 51.849467, -10400.640424], [161.122938, 51.844247, -9402.320041], [161.015649, 51.968424, -10518.261024], [160.910783, 51.849467, -10400.640424]]]}, "properties": {"slip": 6.333557541295549}}, {"type": "Feature", "geometry": {"type": "Polygon", "coordinates": [[[160.366905, 52.094294, -15803.112895], [160.515663, 52.168563, -15202.435752], [160.336748, 52.220937, -17459.678515], [160.366905, 52.094294, -15803.112895]]]}, "properties": {"slip": 9.724582667544334}}, {"type": "Feature", "geometry": {"type": "Polygon", "coordinates": [[[158.103734, 51.694962, -54283.499736], [157.893555, 51.736379, -61788.150454], [157.950016, 51.610736, -55211.132806], [158.103734, 51.694962, -54283.499736]]]}, "properties": {"slip": 0.4630694837453925}}, {"type": "Feature", "geometry": {"type": "Polygon", "coordinates": [[[155.461223, 48.881276, -28120.58153], [155.57427, 48.985259, -28933.726287], [155.445645, 48.962374, -31194.457598], [155.461223, 48.881276, -28120.58153]]]}, "properties": {"slip": 0.45548031207881096}}, {"type": "Feature", "geometry": {"type": "Polygon", "coordinates": [[[156.249601, 48.830164, -15359.122373], [156.389539, 48.910861, -15189.063698], [156.216288, 48.94952, -17482.964704], [156.249601, 48.830164, -15359.122373]]]}, "properties": {"slip": 0.0}}, {"type": "Feature", "geometry": {"type": "Polygon", "coordinates": [[[161.42459, 53.286927, -16833.368496], [161.266923, 53.358156, -19495.47258], [161.251945, 53.243102, -18390.777913], [161.42459, 53.286927, -16833.368496]]]}, "properties": {"slip": 0.0}}, {"type": "Feature", "geometry": {"type": "Polygon", "coordinates": [[[158.289417, 49.688762, -10119.098386], [158.498028, 49.675529, -9151.27687], [158.434054, 49.786656, -10087.884243], [158.289417, 49.688762, -10119.098386]]]}, "properties": {"slip": 11.640402454127955}}, {"type": "Feature", "geometry": {"type": "Polygon", "coordinates": [[[156.526003, 50.119284, -41899.670467], [156.701859, 50.074718, -35703.259252], [156.652626, 50.202247, -41258.685642], [156.526003, 50.119284, -41899.670467]]]}, "properties": {"slip": 7.038950132023202}}, {"type": "Feature", "geometry": {"type": "Polygon", "coordinates": [[[157.556318, 49.986078, -18295.585562], [157.590187, 49.866736, -16347.741625], [157.734763, 49.945173, -15972.403067], [157.556318, 49.986078, -18295.585562]]]}, "properties": {"slip": 15.748439447101422}}, {"type": "Feature", "geometry": {"type": "Polygon", "coordinates": [[[158.85, 49.95, -9319.036484], [158.78416, 50.055525, -10238.272326], [158.672943, 49.964591, -10153.629627], [158.85, 49.95, -9319.036484]]]}, "properties": {"slip": 13.3559286487174}}, {"type": "Feature", "geometry": {"type": "Polygon", "coordinates": [[[159.045363, 50.760156, -14271.553091], [158.894072, 50.683332, -14694.643455], [159.073034, 50.638066, -12973.94817], [159.045363, 50.760156, -14271.553091]]]}, "properties": {"slip": 9.770841051225805}}, {"type": "Feature", "geometry": {"type": "Polygon", "coordinates": [[[157.522663, 50.106664, -20577.43487], [157.556318, 49.986078, -18295.585562], [157.706126, 50.06637, -17787.266629], [157.522663, 50.106664, -20577.43487]]]}, "properties": {"slip": 17.185326120773244}}, {"type": "Feature", "geometry": {"type": "Polygon", "coordinates": [[[155.741956, 48.951601, -24476.227039], [155.57427, 48.985259, -28933.726287], [155.611697, 48.872727, -24782.1642], [155.741956, 48.951601, -24476.227039]]]}, "properties": {"slip": 0.48916790854837905}}, {"type": "Feature", "geometry": {"type": "Polygon", "coordinates": [[[159.757902, 51.524267, -15576.925975], [159.922933, 51.604296, -14850.941768], [159.729094, 51.649661, -17262.248856], [159.757902, 51.524267, -15576.925975]]]}, "properties": {"slip": 7.286075536888499}}, {"type": "Feature", "geometry": {"type": "Polygon", "coordinates": [[[156.529882, 48.991506, -14984.638391], [156.496202, 49.110225, -16926.640299], [156.355602, 49.030456, -17234.857123], [156.529882, 48.991506, -14984.638391]]]}, "properties": {"slip": 1.9583749107206498}}, {"type": "Feature", "geometry": {"type": "Polygon", "coordinates": [[[155.188922, 49.175456, -47414.134044], [155.310342, 49.249708, -46819.482178], [155.142253, 49.276421, -53771.597061], [155.188922, 49.175456, -47414.134044]]]}, "properties": {"slip": 0.4449321751561857}}, {"type": "Feature", "geometry": {"type": "Polygon", "coordinates": [[[161.364924, 52.737661, -12954.170333], [161.50691, 52.698263, -11761.040008], [161.497307, 52.791159, -12409.74408], [161.364924, 52.737661, -12954.170333]]]}, "properties": {"slip": 5.519884115881682}}, {"type": "Feature", "geometry": {"type": "Polygon", "coordinates": [[[160.372968, 51.206737, -9370.424921], [160.287315, 51.327091, -10391.712029], [160.175365, 51.217432, -10345.028282], [160.372968, 51.206737, -9370.424921]]]}, "properties": {"slip": 8.790248702243256}}, {"type": "Feature", "geometry": {"type": "Polygon", "coordinates": [[[156.851458, 50.606532, -50118.054641], [156.897196, 50.483466, -44147.411964], [157.052219, 50.550356, -41920.636267], [156.851458, 50.606532, -50118.054641]]]}, "properties": {"slip": 0.8418104138705516}}, {"type": "Feature", "geometry": {"type": "Polygon", "coordinates": [[[157.796245, 49.711072, -13044.430031], [157.827854, 49.598013, -11852.298819], [157.960528, 49.672198, -11695.618459], [157.796245, 49.711072, -13044.430031]]]}, "properties": {"slip": 17.332577814765447}}, {"type": "Feature", "geometry": {"type": "Polygon", "coordinates": [[[155.440797, 49.332688, -46218.752474], [155.579028, 49.417056, -45268.355847], [155.383794, 49.453338, -53626.850168], [155.440797, 49.332688, -46218.752474]]]}, "properties": {"slip": 0.6168750180584196}}, {"type": "Feature", "geometry": {"type": "Polygon", "coordinates": [[[155.038949, 49.562459, -71528.363396], [154.919219, 49.456285, -70740.030053], [155.156868, 49.456452, -61982.738519], [155.038949, 49.562459, -71528.363396]]]}, "properties": {"slip": 0.0}}, {"type": "Feature", "geometry": {"type": "Polygon", "coordinates": [[[158.922953, 50.563047, -13340.354979], [158.775067, 50.487814, -13681.779132], [158.939889, 50.447868, -12260.333269], [158.922953, 50.563047, -13340.354979]]]}, "properties": {"slip": 10.406657400517489}}, {"type": "Feature", "geometry": {"type": "Polygon", "coordinates": [[[154.75, 49.1, -59073.097229], [154.85691, 49.124055, -56360.227853], [154.779929, 49.167361, -61329.005222], [154.75, 49.1, -59073.097229]]]}, "properties": {"slip": 0.0}}, {"type": "Feature", "geometry": {"type": "Polygon", "coordinates": [[[155.074662, 49.032376, -44573.613141], [155.224462, 49.065123, -41338.338122], [155.079803, 49.116355, -48272.255649], [155.074662, 49.032376, -44573.613141]]]}, "properties": {"slip": 0.0}}, {"type": "Feature", "geometry": {"type": "Polygon", "coordinates": [[[156.0105, 49.107089, -23598.76864], [156.183276, 49.069061, -20045.553159], [156.149164, 49.186874, -23096.368136], [156.0105, 49.107089, -23598.76864]]]}, "properties": {"slip": 1.535300502803151}}, {"type": "Feature", "geometry": {"type": "Polygon", "coordinates": [[[156.496202, 49.110225, -16926.640299], [156.323692, 49.149034, -19646.8723], [156.355602, 49.030456, -17234.857123], [156.496202, 49.110225, -16926.640299]]]}, "properties": {"slip": 1.3171099428196549}}, {"type": "Feature", "geometry": {"type": "Polygon", "coordinates": [[[160.424529, 53.287995, -34935.506455], [160.545187, 53.18786, -29734.449476], [160.62496, 53.297687, -30315.775014], [160.424529, 53.287995, -34935.506455]]]}, "properties": {"slip": 1.4215407151555877}}, {"type": "Feature", "geometry": {"type": "Polygon", "coordinates": [[[156.087872, 48.753313, -15759.673224], [156.249601, 48.830164, -15359.122373], [156.075664, 48.868093, -17709.958639], [156.087872, 48.753313, -15759.673224]]]}, "properties": {"slip": 0.5113212550151355}}, {"type": "Feature", "geometry": {"type": "Polygon", "coordinates": [[[156.894157, 48.70996, -10064.906785], [157.078457, 48.684913, -9106.421882], [157.025679, 48.813204, -10133.368289], [156.894157, 48.70996, -10064.906785]]]}, "properties": {"slip": 5.382083405969099}}, {"type": "Feature", "geometry": {"type": "Polygon", "coordinates": [[[159.658097, 53.0728, -50725.611914], [159.442421, 53.095208, -58123.32995], [159.513955, 52.976793, -52314.718561], [159.658097, 53.0728, -50725.611914]]]}, "properties": {"slip": 0.03822794138297389}}, {"type": "Feature", "geometry": {"type": "Polygon", "coordinates": [[[160.799119, 52.117743, -12677.89326], [160.703616, 52.234162, -14222.33969], [160.644331, 52.115831, -13737.639142], [160.799119, 52.117743, -12677.89326]]]}, "properties": {"slip": 5.996621733603709}}, {"type": "Feature", "geometry": {"type": "Polygon", "coordinates": [[[157.734763, 49.945173, -15972.403067], [157.590187, 49.866736, -16347.741625], [157.764118, 49.827146, -14418.107858], [157.734763, 49.945173, -15972.403067]]]}, "properties": {"slip": 16.166284338471574}}, {"type": "Feature", "geometry": {"type": "Polygon", "coordinates": [[[160.111057, 52.401879, -23079.492591], [160.309502, 52.349385, -19365.948711], [160.282092, 52.474014, -21521.744613], [160.111057, 52.401879, -23079.492591]]]}, "properties": {"slip": 7.011215417557068}}, {"type": "Feature", "geometry": {"type": "Polygon", "coordinates": [[[160.870603, 51.632308, -9443.312466], [160.791254, 51.752388, -10435.506771], [160.632667, 51.649142, -10593.285705], [160.870603, 51.632308, -9443.312466]]]}, "properties": {"slip": 6.260640753704088}}, {"type": "Feature", "geometry": {"type": "Polygon", "coordinates": [[[156.444015, 48.676501, -12167.506869], [156.423436, 48.789814, -13463.84165], [156.266468, 48.702315, -13610.78512], [156.444015, 48.676501, -12167.506869]]]}, "properties": {"slip": 0.2726841545329547}}, {"type": "Feature", "geometry": {"type": "Polygon", "coordinates": [[[159.045363, 50.760156, -14271.553091], [158.863422, 50.805533, -16290.431866], [158.894072, 50.683332, -14694.643455], [159.045363, 50.760156, -14271.553091]]]}, "properties": {"slip": 9.776343220887828}}, {"type": "Feature", "geometry": {"type": "Polygon", "coordinates": [[[157.437748, 49.229278, -11011.993192], [157.298142, 49.151855, -11162.08852], [157.474297, 49.101024, -9913.907281], [157.437748, 49.229278, -11011.993192]]]}, "properties": {"slip": 8.646276201159388}}, {"type": "Feature", "geometry": {"type": "Polygon", "coordinates": [[[160.545187, 53.18786, -29734.449476], [160.341526, 53.173959, -34237.727693], [160.465687, 53.07539, -29067.341836], [160.545187, 53.18786, -29734.449476]]]}, "properties": {"slip": 1.9530410837605534}}, {"type": "Feature", "geometry": {"type": "Polygon", "coordinates": [[[160.424529, 53.287995, -34935.506455], [160.216224, 53.274466, -40097.028064], [160.341526, 53.173959, -34237.727693], [160.424529, 53.287995, -34935.506455]]]}, "properties": {"slip": 1.1150570710009216}}, {"type": "Feature", "geometry": {"type": "Polygon", "coordinates": [[[158.694847, 50.160529, -11424.132893], [158.513107, 50.21957, -12976.605753], [158.522252, 50.094815, -11865.248202], [158.694847, 50.160529, -11424.132893]]]}, "properties": {"slip": 12.859656256225291}}, {"type": "Feature", "geometry": {"type": "Polygon", "coordinates": [[[161.108727, 53.429181, -22898.224071], [160.922164, 53.386915, -25699.811938], [161.099567, 53.319787, -21471.871366], [161.108727, 53.429181, -22898.224071]]]}, "properties": {"slip": 0.0}}, {"type": "Feature", "geometry": {"type": "Polygon", "coordinates": [[[160.742359, 53.198963, -25830.149593], [160.861934, 53.103745, -22100.232913], [160.919282, 53.203438, -22701.435753], [160.742359, 53.198963, -25830.149593]]]}, "properties": {"slip": 3.1158065439041422}}, {"type": "Feature", "geometry": {"type": "Polygon", "coordinates": [[[156.423436, 48.789814, -13463.84165], [156.389539, 48.910861, -15189.063698], [156.249601, 48.830164, -15359.122373], [156.423436, 48.789814, -13463.84165]]]}, "properties": {"slip": 0.0}}, {"type": "Feature", "geometry": {"type": "Polygon", "coordinates": [[[158.650142, 50.975122, -21110.640556], [158.497903, 50.896696, -21711.295518], [158.682236, 50.851664, -18736.121525], [158.650142, 50.975122, -21110.640556]]]}, "properties": {"slip": 10.549987485512412}}, {"type": "Feature", "geometry": {"type": "Polygon", "coordinates": [[[155.874361, 49.026715, -24016.869524], [155.70442, 49.064004, -28513.030033], [155.741956, 48.951601, -24476.227039], [155.874361, 49.026715, -24016.869524]]]}, "properties": {"slip": 0.42011195520235994}}, {"type": "Feature", "geometry": {"type": "Polygon", "coordinates": [[[160.372968, 51.206737, -9370.424921], [160.496508, 51.313337, -9366.59229], [160.287315, 51.327091, -10391.712029], [160.372968, 51.206737, -9370.424921]]]}, "properties": {"slip": 7.40877953521537}}, {"type": "Feature", "geometry": {"type": "Polygon", "coordinates": [[[159.073034, 50.638066, -12973.94817], [158.894072, 50.683332, -14694.643455], [158.922953, 50.563047, -13340.354979], [159.073034, 50.638066, -12973.94817]]]}, "properties": {"slip": 9.483403220847244}}, {"type": "Feature", "geometry": {"type": "Polygon", "coordinates": [[[158.939889, 50.447868, -12260.333269], [158.775067, 50.487814, -13681.779132], [158.796266, 50.371645, -12518.191208], [158.939889, 50.447868, -12260.333269]]]}, "properties": {"slip": 11.911885378717987}}, {"type": "Feature", "geometry": {"type": "Polygon", "coordinates": [[[156.853396, 50.912856, -62489.760095], [156.723237, 50.810089, -62781.984395], [156.937207, 50.787895, -54399.021825], [156.853396, 50.912856, -62489.760095]]]}, "properties": {"slip": 0.0}}, {"type": "Feature", "geometry": {"type": "Polygon", "coordinates": [[[155.620604, 49.297872, -39058.034777], [155.440797, 49.332688, -46218.752474], [155.483614, 49.216057, -39877.175073], [155.620604, 49.297872, -39058.034777]]]}, "properties": {"slip": 0.408469025501737}}, {"type": "Feature", "geometry": {"type": "Polygon", "coordinates": [[[160.512629, 53.396207, -35330.249628], [160.424529, 53.287995, -34935.506455], [160.62496, 53.297687, -30315.775014], [160.512629, 53.396207, -35330.249628]]]}, "properties": {"slip": 0.9304201238902104}}, {"type": "Feature", "geometry": {"type": "Polygon", "coordinates": [[[159.332054, 51.038568, -14661.718694], [159.493673, 51.117, -14066.466381], [159.305511, 51.163839, -16203.9839], [159.332054, 51.038568, -14661.718694]]]}, "properties": {"slip": 7.837627910453093}}, {"type": "Feature", "geometry": {"type": "Polygon", "coordinates": [[[157.929614, 50.464561, -21251.680861], [157.963901, 50.344015, -18921.420896], [158.115462, 50.422408, -18455.067518], [157.929614, 50.464561, -21251.680861]]]}, "properties": {"slip": 9.253855789540047}}, {"type": "Feature", "geometry": {"type": "Polygon", "coordinates": [[[159.257603, 50.614921, -11653.270379], [159.073034, 50.638066, -12973.94817], [159.118689, 50.513356, -11707.916457], [159.257603, 50.614921, -11653.270379]]]}, "properties": {"slip": 9.693416198529846}}, {"type": "Feature", "geometry": {"type": "Polygon", "coordinates": [[[160.366905, 52.094294, -15803.112895], [160.53089, 52.046822, -14020.526835], [160.515663, 52.168563, -15202.435752], [160.366905, 52.094294, -15803.112895]]]}, "properties": {"slip": 9.481706621912737}}, {"type": "Feature", "geometry": {"type": "Polygon", "coordinates": [[[159.839988, 51.127809, -11707.293417], [160.051474, 51.117836, -10437.083101], [159.986032, 51.227606, -11457.242502], [159.839988, 51.127809, -11707.293417]]]}, "properties": {"slip": 8.246801008632165}}, {"type": "Feature", "geometry": {"type": "Polygon", "coordinates": [[[160.473044, 52.423691, -18277.170609], [160.309502, 52.349385, -19365.948711], [160.505909, 52.298697, -16548.152468], [160.473044, 52.423691, -18277.170609]]]}, "properties": {"slip": 7.058576387108567}}, {"type": "Feature", "geometry": {"type": "Polygon", "coordinates": [[[155.741956, 48.951601, -24476.227039], [155.70442, 49.064004, -28513.030033], [155.57427, 48.985259, -28933.726287], [155.741956, 48.951601, -24476.227039]]]}, "properties": {"slip": 0.6215539984183474}}, {"type": "Feature", "geometry": {"type": "Polygon", "coordinates": [[[160.609389, 53.511638, -35608.303791], [160.713358, 53.396797, -30415.606675], [160.797821, 53.48053, -30210.938462], [160.609389, 53.511638, -35608.303791]]]}, "properties": {"slip": 0.0}}, {"type": "Feature", "geometry": {"type": "Polygon", "coordinates": [[[160.446089, 52.54746, -20197.140058], [160.630517, 52.500171, -17345.870588], [160.603692, 52.619092, -19034.414648], [160.446089, 52.54746, -20197.140058]]]}, "properties": {"slip": 4.4415776057877006}}, {"type": "Feature", "geometry": {"type": "Polygon", "coordinates": [[[160.389301, 52.962648, -28336.793145], [160.184138, 52.945585, -32641.725298], [160.307013, 52.851122, -27777.277081], [160.389301, 52.962648, -28336.793145]]]}, "properties": {"slip": 1.1553783121546282}}, {"type": "Feature", "geometry": {"type": "Polygon", "coordinates": [[[157.657292, 49.062356, -8923.167775], [157.615621, 49.190308, -9870.544656], [157.474297, 49.101024, -9913.907281], [157.657292, 49.062356, -8923.167775]]]}, "properties": {"slip": 8.668748237308185}}, {"type": "Feature", "geometry": {"type": "Polygon", "coordinates": [[[157.796245, 49.711072, -13044.430031], [157.625575, 49.750208, -14679.807086], [157.658205, 49.63347, -13237.521972], [157.796245, 49.711072, -13044.430031]]]}, "properties": {"slip": 16.392191215602978}}, {"type": "Feature", "geometry": {"type": "Polygon", "coordinates": [[[161.251945, 53.243102, -18390.777913], [161.266923, 53.358156, -19495.47258], [161.099567, 53.319787, -21471.871366], [161.251945, 53.243102, -18390.777913]]]}, "properties": {"slip": 0.0}}, {"type": "Feature", "geometry": {"type": "Polygon", "coordinates": [[[156.935103, 48.590113, -9135.280022], [157.078457, 48.684913, -9106.421882], [156.894157, 48.70996, -10064.906785], [156.935103, 48.590113, -9135.280022]]]}, "properties": {"slip": 4.531144310352287}}, {"type": "Feature", "geometry": {"type": "Polygon", "coordinates": [[[161.53724, 52.997662, -13524.697953], [161.358842, 53.047897, -15388.919527], [161.373885, 52.941665, -14394.38894], [161.53724, 52.997662, -13524.697953]]]}, "properties": {"slip": 0.3312480979592885}}, {"type": "Feature", "geometry": {"type": "Polygon", "coordinates": [[[157.625575, 49.750208, -14679.807086], [157.590187, 49.866736, -16347.741625], [157.4484, 49.788818, -16708.466932], [157.625575, 49.750208, -14679.807086]]]}, "properties": {"slip": 15.31159599126491}}, {"type": "Feature", "geometry": {"type": "Polygon", "coordinates": [[[157.827854, 49.598013, -11852.298819], [157.658205, 49.63347, -13237.521972], [157.695616, 49.523455, -11996.004977], [157.827854, 49.598013, -11852.298819]]]}, "properties": {"slip": 17.776229600628284}}, {"type": "Feature", "geometry": {"type": "Polygon", "coordinates": [[[160.282092, 52.474014, -21521.744613], [160.473044, 52.423691, -18277.170609], [160.446089, 52.54746, -20197.140058], [160.282092, 52.474014, -21521.744613]]]}, "properties": {"slip": 5.263625555266337}}, {"type": "Feature", "geometry": {"type": "Polygon", "coordinates": [[[160.620625, 51.4198, -9383.602603], [160.526724, 51.526689, -10376.807722], [160.403194, 51.426947, -10390.274253], [160.620625, 51.4198, -9383.602603]]]}, "properties": {"slip": 3.3655663586711313}}, {"type": "Feature", "geometry": {"type": "Polygon", "coordinates": [[[158.775067, 50.487814, -13681.779132], [158.628173, 50.412568, -14001.751752], [158.796266, 50.371645, -12518.191208], [158.775067, 50.487814, -13681.779132]]]}, "properties": {"slip": 11.157260223227645}}, {"type": "Feature", "geometry": {"type": "Polygon", "coordinates": [[[155.97417, 49.224242, -27418.256413], [155.797638, 49.261101, -32743.176921], [155.836412, 49.143734, -28036.783807], [155.97417, 49.224242, -27418.256413]]]}, "properties": {"slip": 1.1612645177691496}}, {"type": "Feature", "geometry": {"type": "Polygon", "coordinates": [[[160.26251, 52.593647, -23787.176895], [160.233694, 52.721585, -26689.162676], [160.106001, 52.629177, -27441.552466], [160.26251, 52.593647, -23787.176895]]]}, "properties": {"slip": 5.115752629135673}}, {"type": "Feature", "geometry": {"type": "Polygon", "coordinates": [[[156.643712, 50.931891, -70968.8282], [156.723237, 50.810089, -62781.984395], [156.853396, 50.912856, -62489.760095], [156.643712, 50.931891, -70968.8282]]]}, "properties": {"slip": 0.0}}, {"type": "Feature", "geometry": {"type": "Polygon", "coordinates": [[[161.738344, 53.143863, -12998.816546], [161.58173, 53.215495, -14718.371285], [161.561315, 53.102748, -14076.935368], [161.738344, 53.143863, -12998.816546]]]}, "properties": {"slip": 0.0}}, {"type": "Feature", "geometry": {"type": "Polygon", "coordinates": [[[156.0105, 49.107089, -23598.76864], [155.836412, 49.143734, -28036.783807], [155.874361, 49.026715, -24016.869524], [156.0105, 49.107089, -23598.76864]]]}, "properties": {"slip": 0.6216763394588427}}, {"type": "Feature", "geometry": {"type": "Polygon", "coordinates": [[[157.754413, 51.640416, -62111.069651], [157.618828, 51.542068, -62363.002868], [157.808103, 51.518279, -55602.404407], [157.754413, 51.640416, -62111.069651]]]}, "properties": {"slip": 0.4817787060815176}}, {"type": "Feature", "geometry": {"type": "Polygon", "coordinates": [[[160.720806, 52.895073, -21142.538256], [160.892732, 52.852564, -18292.107921], [160.891335, 52.945025, -19443.878935], [160.720806, 52.895073, -21142.538256]]]}, "properties": {"slip": 1.3188335002696987}}, {"type": "Feature", "geometry": {"type": "Polygon", "coordinates": [[[159.017944, 50.883528, -15774.721143], [158.863422, 50.805533, -16290.431866], [159.045363, 50.760156, -14271.553091], [159.017944, 50.883528, -15774.721143]]]}, "properties": {"slip": 9.675489548200598}}, {"type": "Feature", "geometry": {"type": "Polygon", "coordinates": [[[157.025679, 48.813204, -10133.368289], [157.222351, 48.779538, -9055.528263], [157.178855, 48.910909, -10044.662252], [157.025679, 48.813204, -10133.368289]]]}, "properties": {"slip": 7.517836064682746}}, {"type": "Feature", "geometry": {"type": "Polygon", "coordinates": [[[158.225935, 50.620945, -20288.225084], [158.263587, 50.499804, -18055.308521], [158.411665, 50.576708, -17665.473821], [158.225935, 50.620945, -20288.225084]]]}, "properties": {"slip": 9.390616634177563}}, {"type": "Feature", "geometry": {"type": "Polygon", "coordinates": [[[159.524206, 50.500206, -9615.856657], [159.648939, 50.600276, -9608.339889], [159.447828, 50.606243, -10580.521623], [159.524206, 50.500206, -9615.856657]]]}, "properties": {"slip": 6.750505543721753}}, {"type": "Feature", "geometry": {"type": "Polygon", "coordinates": [[[156.466147, 49.792208, -32704.969177], [156.322515, 49.708363, -33683.072643], [156.498599, 49.668084, -28404.329515], [156.466147, 49.792208, -32704.969177]]]}, "properties": {"slip": 5.671268766359467}}, {"type": "Feature", "geometry": {"type": "Polygon", "coordinates": [[[155.159194, 49.668519, -72101.828846], [155.243422, 49.551126, -63341.386442], [155.359049, 49.653108, -63757.443275], [155.159194, 49.668519, -72101.828846]]]}, "properties": {"slip": 0.0}}, {"type": "Feature", "geometry": {"type": "Polygon", "coordinates": [[[161.015649, 51.968424, -10518.261024], [160.863983, 52.021633, -11652.055591], [160.829215, 51.935567, -11320.692003], [161.015649, 51.968424, -10518.261024]]]}, "properties": {"slip": 7.006445947148139}}, {"type": "Feature", "geometry": {"type": "Polygon", "coordinates": [[[161.625366, 52.750182, -11356.590746], [161.74711, 52.717995, -10500.312562], [161.737206, 52.795683, -10969.814111], [161.625366, 52.750182, -11356.590746]]]}, "properties": {"slip": 6.578566497783836}}, {"type": "Feature", "geometry": {"type": "Polygon", "coordinates": [[[155.159194, 49.668519, -72101.828846], [155.038949, 49.562459, -71528.363396], [155.243422, 49.551126, -63341.386442], [155.159194, 49.668519, -72101.828846]]]}, "properties": {"slip": 0.0}}, {"type": "Feature", "geometry": {"type": "Polygon", "coordinates": [[[155.620604, 49.297872, -39058.034777], [155.483614, 49.216057, -39877.175073], [155.661734, 49.181122, -33487.442119], [155.620604, 49.297872, -39058.034777]]]}, "properties": {"slip": 0.5086209181125169}}, {"type": "Feature", "geometry": {"type": "Polygon", "coordinates": [[[159.359219, 50.913059, -13323.505253], [159.175008, 50.96102, -15220.846142], [159.201328, 50.83764, -13814.849642], [159.359219, 50.913059, -13323.505253]]]}, "properties": {"slip": 8.571115704468681}}, {"type": "Feature", "geometry": {"type": "Polygon", "coordinates": [[[158.61491, 49.767139, -9203.172876], [158.732234, 49.858629, -9259.891955], [158.557137, 49.874776, -10097.572465], [158.61491, 49.767139, -9203.172876]]]}, "properties": {"slip": 14.095650465940592}}, {"type": "Feature", "geometry": {"type": "Polygon", "coordinates": [[[157.693548, 51.317684, -51038.073663], [157.876662, 51.27663, -44428.116336], [157.8468, 51.396316, -49728.171635], [157.693548, 51.317684, -51038.073663]]]}, "properties": {"slip": 1.8881449087852635}}, {"type": "Feature", "geometry": {"type": "Polygon", "coordinates": [[[160.889063, 52.348962, -13673.133285], [161.05128, 52.295316, -12180.180647], [161.059533, 52.37449, -12628.0074], [160.889063, 52.348962, -13673.133285]]]}, "properties": {"slip": 4.515176511310554}}, {"type": "Feature", "geometry": {"type": "Polygon", "coordinates": [[[155.874361, 49.026715, -24016.869524], [155.836412, 49.143734, -28036.783807], [155.70442, 49.064004, -28513.030033], [155.874361, 49.026715, -24016.869524]]]}, "properties": {"slip": 0.5018416764743983}}, {"type": "Feature", "geometry": {"type": "Polygon", "coordinates": [[[161.58173, 53.215495, -14718.371285], [161.42459, 53.286927, -16833.368496], [161.402333, 53.170062, -16017.062447], [161.58173, 53.215495, -14718.371285]]]}, "properties": {"slip": 0.0}}, {"type": "Feature", "geometry": {"type": "Polygon", "coordinates": [[[157.754413, 51.640416, -62111.069651], [157.546913, 51.660219, -69445.648612], [157.618828, 51.542068, -62363.002868], [157.754413, 51.640416, -62111.069651]]]}, "properties": {"slip": 0.1968270448027739}}, {"type": "Feature", "geometry": {"type": "Polygon", "coordinates": [[[160.287315, 51.327091, -10391.712029], [160.496508, 51.313337, -9366.59229], [160.403194, 51.426947, -10390.274253], [160.287315, 51.327091, -10391.712029]]]}, "properties": {"slip": 6.13808049202443}}, {"type": "Feature", "geometry": {"type": "Polygon", "coordinates": [[[160.007141, 53.499387, -52495.702258], [159.864958, 53.3986, -53945.560246], [160.094594, 53.38493, -46593.232091], [160.007141, 53.499387, -52495.702258]]]}, "properties": {"slip": 0.0}}, {"type": "Feature", "geometry": {"type": "Polygon", "coordinates": [[[156.809766, 49.151427, -14491.390533], [156.774203, 49.269758, -16298.782015], [156.635807, 49.190137, -16609.101989], [156.809766, 49.151427, -14491.390533]]]}, "properties": {"slip": 6.151620929221287}}, {"type": "Feature", "geometry": {"type": "Polygon", "coordinates": [[[158.713557, 50.728171, -16753.080979], [158.863422, 50.805533, -16290.431866], [158.682236, 50.851664, -18736.121525], [158.713557, 50.728171, -16753.080979]]]}, "properties": {"slip": 11.177361175414125}}, {"type": "Feature", "geometry": {"type": "Polygon", "coordinates": [[[156.217976, 50.391013, -62483.366326], [156.01565, 50.407653, -70791.652694], [156.093687, 50.295278, -62916.008241], [156.217976, 50.391013, -62483.366326]]]}, "properties": {"slip": 0.0}}, {"type": "Feature", "geometry": {"type": "Polygon", "coordinates": [[[156.480058, 50.585577, -61670.573798], [156.265208, 50.617733, -70788.836525], [156.344485, 50.490841, -62309.116973], [156.480058, 50.585577, -61670.573798]]]}, "properties": {"slip": 0.07747282554738988}}, {"type": "Feature", "geometry": {"type": "Polygon", "coordinates": [[[160.306774, 53.386107, -40569.06435], [160.424529, 53.287995, -34935.506455], [160.512629, 53.396207, -35330.249628], [160.306774, 53.386107, -40569.06435]]]}, "properties": {"slip": 0.6843495676595907}}, {"type": "Feature", "geometry": {"type": "Polygon", "coordinates": [[[157.303424, 49.707545, -17051.691246], [157.48151, 49.668822, -14931.350417], [157.4484, 49.788818, -16708.466932], [157.303424, 49.707545, -17051.691246]]]}, "properties": {"slip": 15.275518430130958}}, {"type": "Feature", "geometry": {"type": "Polygon", "coordinates": [[[158.193756, 50.185689, -14860.439718], [158.162134, 50.303257, -16447.367587], [158.011941, 50.227074, -16855.38568], [158.193756, 50.185689, -14860.439718]]]}, "properties": {"slip": 12.832451867128555}}, {"type": "Feature", "geometry": {"type": "Polygon", "coordinates": [[[159.532509, 50.862362, -11799.544635], [159.359219, 50.913059, -13323.505253], [159.389238, 50.78869, -12141.768548], [159.532509, 50.862362, -11799.544635]]]}, "properties": {"slip": 8.50968750518962}}, {"type": "Feature", "geometry": {"type": "Polygon", "coordinates": [[[156.112349, 49.304551, -26750.263912], [155.97417, 49.224242, -27418.256413], [156.149164, 49.186874, -23096.368136], [156.112349, 49.304551, -26750.263912]]]}, "properties": {"slip": 2.143617829469334}}, {"type": "Feature", "geometry": {"type": "Polygon", "coordinates": [[[160.104932, 52.831265, -31875.820655], [160.014366, 52.716503, -31368.029933], [160.233694, 52.721585, -26689.162676], [160.104932, 52.831265, -31875.820655]]]}, "properties": {"slip": 3.0004970750979756}}, {"type": "Feature", "geometry": {"type": "Polygon", "coordinates": [[[158.922953, 50.563047, -13340.354979], [158.745513, 50.606739, -15085.48752], [158.775067, 50.487814, -13681.779132], [158.922953, 50.563047, -13340.354979]]]}, "properties": {"slip": 10.317424890801798}}, {"type": "Feature", "geometry": {"type": "Polygon", "coordinates": [[[158.530685, 50.773597, -19254.834689], [158.561823, 50.652321, -17227.088455], [158.713557, 50.728171, -16753.080979], [158.530685, 50.773597, -19254.834689]]]}, "properties": {"slip": 11.732036317077128}}, {"type": "Feature", "geometry": {"type": "Polygon", "coordinates": [[[155.97417, 49.224242, -27418.256413], [155.836412, 49.143734, -28036.783807], [156.0105, 49.107089, -23598.76864], [155.97417, 49.224242, -27418.256413]]]}, "properties": {"slip": 1.351064947653746}}, {"type": "Feature", "geometry": {"type": "Polygon", "coordinates": [[[158.498028, 49.675529, -9151.27687], [158.61491, 49.767139, -9203.172876], [158.434054, 49.786656, -10087.884243], [158.498028, 49.675529, -9151.27687]]]}, "properties": {"slip": 12.046520075007427}}, {"type": "Feature", "geometry": {"type": "Polygon", "coordinates": [[[159.796916, 53.167262, -49258.321811], [159.658097, 53.0728, -50725.611914], [159.865504, 53.047765, -43821.757597], [159.796916, 53.167262, -49258.321811]]]}, "properties": {"slip": 0.2749753184855147}}, {"type": "Feature", "geometry": {"type": "Polygon", "coordinates": [[[155.974796, 50.191982, -63011.484392], [155.768276, 50.197074, -71382.66358], [155.872917, 50.065727, -61638.90861], [155.974796, 50.191982, -63011.484392]]]}, "properties": {"slip": 0.0}}, {"type": "Feature", "geometry": {"type": "Polygon", "coordinates": [[[159.381467, 52.878429, -53489.705819], [159.164027, 52.892106, -60760.075784], [159.256822, 52.754533, -53703.03792], [159.381467, 52.878429, -53489.705819]]]}, "properties": {"slip": 0.0}}, {"type": "Feature", "geometry": {"type": "Polygon", "coordinates": [[[157.668675, 50.186051, -19973.119624], [157.522663, 50.106664, -20577.43487], [157.706126, 50.06637, -17787.266629], [157.668675, 50.186051, -19973.119624]]]}, "properties": {"slip": 17.116920364685836}}, {"type": "Feature", "geometry": {"type": "Polygon", "coordinates": [[[160.870603, 51.632308, -9443.312466], [160.996473, 51.738349, -9445.866601], [160.791254, 51.752388, -10435.506771], [160.870603, 51.632308, -9443.312466]]]}, "properties": {"slip": 7.0584679841773115}}, {"type": "Feature", "geometry": {"type": "Polygon", "coordinates": [[[158.796266, 50.371645, -12518.191208], [158.656477, 50.294994, -12736.212666], [158.832579, 50.256979, -11403.518289], [158.796266, 50.371645, -12518.191208]]]}, "properties": {"slip": 10.801204135308934}}, {"type": "Feature", "geometry": {"type": "Polygon", "coordinates": [[[158.628173, 50.412568, -14001.751752], [158.482614, 50.337226, -14296.659837], [158.656477, 50.294994, -12736.212666], [158.628173, 50.412568, -14001.751752]]]}, "properties": {"slip": 10.350162900373158}}, {"type": "Feature", "geometry": {"type": "Polygon", "coordinates": [[[157.401625, 49.348893, -12220.519297], [157.576329, 49.312724, -10931.847377], [157.548057, 49.435485, -12104.762282], [157.401625, 49.348893, -12220.519297]]]}, "properties": {"slip": 12.057008047041892}}, {"type": "Feature", "geometry": {"type": "Polygon", "coordinates": [[[157.818785, 50.26586, -19392.223971], [157.668675, 50.186051, -19973.119624], [157.858872, 50.146995, -17296.484909], [157.818785, 50.26586, -19392.223971]]]}, "properties": {"slip": 13.924280641348108}}, {"type": "Feature", "geometry": {"type": "Polygon", "coordinates": [[[156.178321, 49.62594, -34822.087353], [156.214879, 49.504408, -30131.832532], [156.355323, 49.585304, -29243.877175], [156.178321, 49.62594, -34822.087353]]]}, "properties": {"slip": 4.551190484878015}}, {"type": "Feature", "geometry": {"type": "Polygon", "coordinates": [[[159.464933, 51.242037, -15504.883642], [159.277574, 51.288899, -18024.664569], [159.305511, 51.163839, -16203.9839], [159.464933, 51.242037, -15504.883642]]]}, "properties": {"slip": 7.599048605495669}}, {"type": "Feature", "geometry": {"type": "Polygon", "coordinates": [[[158.656477, 50.294994, -12736.212666], [158.513107, 50.21957, -12976.605753], [158.694847, 50.160529, -11424.132893], [158.656477, 50.294994, -12736.212666]]]}, "properties": {"slip": 10.714941286376263}}, {"type": "Feature", "geometry": {"type": "Polygon", "coordinates": [[[160.175004, 52.143553, -18341.83212], [160.202398, 52.016552, -16540.892662], [160.366905, 52.094294, -15803.112895], [160.175004, 52.143553, -18341.83212]]]}, "properties": {"slip": 8.98181305227294}}, {"type": "Feature", "geometry": {"type": "Polygon", "coordinates": [[[161.402333, 53.170062, -16017.062447], [161.251945, 53.243102, -18390.777913], [161.218079, 53.135151, -17648.654847], [161.402333, 53.170062, -16017.062447]]]}, "properties": {"slip": 0.029065085899425233}}, {"type": "Feature", "geometry": {"type": "Polygon", "coordinates": [[[156.284801, 49.831538, -38740.170832], [156.322515, 49.708363, -33683.072643], [156.466147, 49.792208, -32704.969177], [156.284801, 49.831538, -38740.170832]]]}, "properties": {"slip": 5.722647929838218}}, {"type": "Feature", "geometry": {"type": "Polygon", "coordinates": [[[158.225935, 50.620945, -20288.225084], [158.077353, 50.542892, -20747.474463], [158.263587, 50.499804, -18055.308521], [158.225935, 50.620945, -20288.225084]]]}, "properties": {"slip": 8.191785257443073}}, {"type": "Feature", "geometry": {"type": "Polygon", "coordinates": [[[156.498599, 49.668084, -28404.329515], [156.322515, 49.708363, -33683.072643], [156.355323, 49.585304, -29243.877175], [156.498599, 49.668084, -28404.329515]]]}, "properties": {"slip": 5.444012156960754}}, {"type": "Feature", "geometry": {"type": "Polygon", "coordinates": [[[157.269778, 49.827324, -19234.914145], [157.303424, 49.707545, -17051.691246], [157.4484, 49.788818, -16708.466932], [157.269778, 49.827324, -19234.914145]]]}, "properties": {"slip": 14.232905651092823}}, {"type": "Feature", "geometry": {"type": "Polygon", "coordinates": [[[155.891692, 50.302425, -70991.367942], [155.768276, 50.197074, -71382.66358], [155.974796, 50.191982, -63011.484392], [155.891692, 50.302425, -70991.367942]]]}, "properties": {"slip": 0.0}}, {"type": "Feature", "geometry": {"type": "Polygon", "coordinates": [[[156.140154, 50.512756, -70719.535058], [156.01565, 50.407653, -70791.652694], [156.217976, 50.391013, -62483.366326], [156.140154, 50.512756, -70719.535058]]]}, "properties": {"slip": 0.0}}, {"type": "Feature", "geometry": {"type": "Polygon", "coordinates": [[[156.390816, 50.722582, -70954.17442], [156.265208, 50.617733, -70788.836525], [156.480058, 50.585577, -61670.573798], [156.390816, 50.722582, -70954.17442]]]}, "properties": {"slip": 0.0}}, {"type": "Feature", "geometry": {"type": "Polygon", "coordinates": [[[160.861934, 53.103745, -22100.232913], [160.66735, 53.090496, -25262.927016], [160.780995, 53.00379, -21850.052413], [160.861934, 53.103745, -22100.232913]]]}, "properties": {"slip": 2.682316668957076}}, {"type": "Feature", "geometry": {"type": "Polygon", "coordinates": [[[157.858872, 50.146995, -17296.484909], [157.668675, 50.186051, -19973.119624], [157.706126, 50.06637, -17787.266629], [157.858872, 50.146995, -17296.484909]]]}, "properties": {"slip": 14.812530833808585}}, {"type": "Feature", "geometry": {"type": "Polygon", "coordinates": [[[156.112349, 49.304551, -26750.263912], [155.936226, 49.342266, -31911.065654], [155.97417, 49.224242, -27418.256413], [156.112349, 49.304551, -26750.263912]]]}, "properties": {"slip": 1.8718659367640265}}, {"type": "Feature", "geometry": {"type": "Polygon", "coordinates": [[[158.513107, 50.21957, -12976.605753], [158.370314, 50.144047, -13209.666227], [158.522252, 50.094815, -11865.248202], [158.513107, 50.21957, -12976.605753]]]}, "properties": {"slip": 14.02150424860378}}, {"type": "Feature", "geometry": {"type": "Polygon", "coordinates": [[[158.15, 49.4, -8981.719971], [158.265576, 49.491959, -9040.519171], [158.107029, 49.497467, -9720.388769], [158.15, 49.4, -8981.719971]]]}, "properties": {"slip": 16.36544221897448}}, {"type": "Feature", "geometry": {"type": "Polygon", "coordinates": [[[155.917274, 48.805147, -18472.881492], [156.075664, 48.868093, -17709.958639], [155.905548, 48.915992, -20876.303939], [155.917274, 48.805147, -18472.881492]]]}, "properties": {"slip": 0.5011084854810464}}, {"type": "Feature", "geometry": {"type": "Polygon", "coordinates": [[[158.381584, 49.583802, -9093.281697], [158.498028, 49.675529, -9151.27687], [158.289417, 49.688762, -10119.098386], [158.381584, 49.583802, -9093.281697]]]}, "properties": {"slip": 11.751981173645106}}, {"type": "Feature", "geometry": {"type": "Polygon", "coordinates": [[[160.366905, 52.094294, -15803.112895], [160.390082, 51.970652, -14437.92331], [160.53089, 52.046822, -14020.526835], [160.366905, 52.094294, -15803.112895]]]}, "properties": {"slip": 9.292245747308797}}, {"type": "Feature", "geometry": {"type": "Polygon", "coordinates": [[[159.555903, 50.726823, -10777.543868], [159.774202, 50.700207, -9580.723839], [159.713123, 50.818768, -10518.130075], [159.555903, 50.726823, -10777.543868]]]}, "properties": {"slip": 5.955465273891285}}, {"type": "Feature", "geometry": {"type": "Polygon", "coordinates": [[[156.322515, 49.708363, -33683.072643], [156.178321, 49.62594, -34822.087353], [156.355323, 49.585304, -29243.877175], [156.322515, 49.708363, -33683.072643]]]}, "properties": {"slip": 5.011084093956209}}, {"type": "Feature", "geometry": {"type": "Polygon", "coordinates": [[[158.077353, 50.542892, -20747.474463], [157.929614, 50.464561, -21251.680861], [158.115462, 50.422408, -18455.067518], [158.077353, 50.542892, -20747.474463]]]}, "properties": {"slip": 9.410926346004892}}, {"type": "Feature", "geometry": {"type": "Polygon", "coordinates": [[[159.302898, 52.99374, -59431.39528], [159.381467, 52.878429, -53489.705819], [159.513955, 52.976793, -52314.718561], [159.302898, 52.99374, -59431.39528]]]}, "properties": {"slip": 0.0}}, {"type": "Feature", "geometry": {"type": "Polygon", "coordinates": [[[155.645399, 50.091601, -71806.49476], [155.523056, 49.986007, -72177.838582], [155.708651, 49.964084, -63804.43387], [155.645399, 50.091601, -71806.49476]]]}, "properties": {"slip": 0.0}}, {"type": "Feature", "geometry": {"type": "Polygon", "coordinates": [[[158.370314, 50.144047, -13209.666227], [158.384567, 50.020993, -12056.937037], [158.522252, 50.094815, -11865.248202], [158.370314, 50.144047, -13209.666227]]]}, "properties": {"slip": 15.329335013537493}}, {"type": "Feature", "geometry": {"type": "Polygon", "coordinates": [[[159.582603, 53.196508, -56777.853098], [159.442421, 53.095208, -58123.32995], [159.658097, 53.0728, -50725.611914], [159.582603, 53.196508, -56777.853098]]]}, "properties": {"slip": 0.0}}, {"type": "Feature", "geometry": {"type": "Polygon", "coordinates": [[[155.483614, 49.216057, -39877.175073], [155.351911, 49.139159, -40642.946705], [155.527693, 49.103521, -34202.390006], [155.483614, 49.216057, -39877.175073]]]}, "properties": {"slip": 0.4543472067253792}}, {"type": "Feature", "geometry": {"type": "Polygon", "coordinates": [[[157.078457, 48.684913, -9106.421882], [157.222351, 48.779538, -9055.528263], [157.025679, 48.813204, -10133.368289], [157.078457, 48.684913, -9106.421882]]]}, "properties": {"slip": 6.898522564613724}}, {"type": "Feature", "geometry": {"type": "Polygon", "coordinates": [[[157.764118, 49.827146, -14418.107858], [157.590187, 49.866736, -16347.741625], [157.625575, 49.750208, -14679.807086], [157.764118, 49.827146, -14418.107858]]]}, "properties": {"slip": 15.762009501119048}}, {"type": "Feature", "geometry": {"type": "Polygon", "coordinates": [[[155.896214, 49.92209, -54873.876539], [155.750345, 49.840972, -57007.310324], [155.939368, 49.795433, -48308.682277], [155.896214, 49.92209, -54873.876539]]]}, "properties": {"slip": 1.301280600137557}}, {"type": "Feature", "geometry": {"type": "Polygon", "coordinates": [[[156.643712, 50.931891, -70968.8282], [156.516983, 50.827302, -71037.850579], [156.723237, 50.810089, -62781.984395], [156.643712, 50.931891, -70968.8282]]]}, "properties": {"slip": 0.0}}, {"type": "Feature", "geometry": {"type": "Polygon", "coordinates": [[[159.981394, 52.192489, -21643.661883], [160.009541, 52.065106, -19320.881906], [160.175004, 52.143553, -18341.83212], [159.981394, 52.192489, -21643.661883]]]}, "properties": {"slip": 8.68572590742954}}, {"type": "Feature", "geometry": {"type": "Polygon", "coordinates": [[[158.370314, 50.144047, -13209.666227], [158.225498, 50.068278, -13465.225717], [158.384567, 50.020993, -12056.937037], [158.370314, 50.144047, -13209.666227]]]}, "properties": {"slip": 16.024302878856624}}, {"type": "Feature", "geometry": {"type": "Polygon", "coordinates": [[[156.635807, 49.190137, -16609.101989], [156.774203, 49.269758, -16298.782015], [156.600138, 49.30813, -18844.668463], [156.635807, 49.190137, -16609.101989]]]}, "properties": {"slip": 5.213486087376232}}, {"type": "Feature", "geometry": {"type": "Polygon", "coordinates": [[[156.432785, 49.914511, -37449.90983], [156.284801, 49.831538, -38740.170832], [156.466147, 49.792208, -32704.969177], [156.432785, 49.914511, -37449.90983]]]}, "properties": {"slip": 5.411253677940344}}, {"type": "Feature", "geometry": {"type": "Polygon", "coordinates": [[[158.522252, 50.094815, -11865.248202], [158.384567, 50.020993, -12056.937037], [158.528161, 49.981209, -10966.45034], [158.522252, 50.094815, -11865.248202]]]}, "properties": {"slip": 14.406733364654675}}, {"type": "Feature", "geometry": {"type": "Polygon", "coordinates": [[[158.656477, 50.294994, -12736.212666], [158.482614, 50.337226, -14296.659837], [158.513107, 50.21957, -12976.605753], [158.656477, 50.294994, -12736.212666]]]}, "properties": {"slip": 9.790444105179066}}, {"type": "Feature", "geometry": {"type": "Polygon", "coordinates": [[[158.374993, 50.698733, -19836.754821], [158.225935, 50.620945, -20288.225084], [158.411665, 50.576708, -17665.473821], [158.374993, 50.698733, -19836.754821]]]}, "properties": {"slip": 9.826640805221656}}, {"type": "Feature", "geometry": {"type": "Polygon", "coordinates": [[[159.652476, 51.194876, -13489.107582], [159.659855, 51.065996, -12442.897195], [159.839988, 51.127809, -11707.293417], [159.652476, 51.194876, -13489.107582]]]}, "properties": {"slip": 7.468644437918126}}, {"type": "Feature", "geometry": {"type": "Polygon", "coordinates": [[[156.574704, 49.993766, -36328.869067], [156.432785, 49.914511, -37449.90983], [156.608176, 49.872332, -31756.44941], [156.574704, 49.993766, -36328.869067]]]}, "properties": {"slip": 6.935701811655826}}, {"type": "Feature", "geometry": {"type": "Polygon", "coordinates": [[[159.648939, 50.600276, -9608.339889], [159.774202, 50.700207, -9580.723839], [159.555903, 50.726823, -10777.543868], [159.648939, 50.600276, -9608.339889]]]}, "properties": {"slip": 6.212598476441617}}, {"type": "Feature", "geometry": {"type": "Polygon", "coordinates": [[[159.981394, 52.192489, -21643.661883], [160.175004, 52.143553, -18341.83212], [160.147495, 52.2706, -20434.998605], [159.981394, 52.192489, -21643.661883]]]}, "properties": {"slip": 8.986263256505573}}, {"type": "Feature", "geometry": {"type": "Polygon", "coordinates": [[[155.401243, 49.880295, -72421.704574], [155.279957, 49.774465, -72409.141035], [155.462457, 49.76906, -65030.113555], [155.401243, 49.880295, -72421.704574]]]}, "properties": {"slip": 0.0}}, {"type": "Feature", "geometry": {"type": "Polygon", "coordinates": [[[159.017944, 50.883528, -15774.721143], [158.834459, 50.929571, -18174.397975], [158.863422, 50.805533, -16290.431866], [159.017944, 50.883528, -15774.721143]]]}, "properties": {"slip": 9.84667648770153}}, {"type": "Feature", "geometry": {"type": "Polygon", "coordinates": [[[156.600138, 49.30813, -18844.668463], [156.774203, 49.269758, -16298.782015], [156.739119, 49.388331, -18454.36848], [156.600138, 49.30813, -18844.668463]]]}, "properties": {"slip": 5.1965740729887635}}, {"type": "Feature", "geometry": {"type": "Polygon", "coordinates": [[[161.737206, 52.795683, -10969.814111], [161.867523, 52.756348, -10075.537386], [161.864171, 52.84389, -10526.222681], [161.737206, 52.795683, -10969.814111]]]}, "properties": {"slip": 5.695280728691675}}, {"type": "Feature", "geometry": {"type": "Polygon", "coordinates": [[[155.97417, 49.224242, -27418.256413], [155.936226, 49.342266, -31911.065654], [155.797638, 49.261101, -32743.176921], [155.97417, 49.224242, -27418.256413]]]}, "properties": {"slip": 1.3055793552046504}}, {"type": "Feature", "geometry": {"type": "Polygon", "coordinates": [[[157.41613, 51.55659, -69613.164209], [157.483706, 51.441936, -62641.959837], [157.618828, 51.542068, -62363.002868], [157.41613, 51.55659, -69613.164209]]]}, "properties": {"slip": 0.0}}, {"type": "Feature", "geometry": {"type": "Polygon", "coordinates": [[[158.384567, 50.020993, -12056.937037], [158.225498, 50.068278, -13465.225717], [158.244852, 49.944893, -12251.745777], [158.384567, 50.020993, -12056.937037]]]}, "properties": {"slip": 15.067493754638065}}, {"type": "Feature", "geometry": {"type": "Polygon", "coordinates": [[[158.775067, 50.487814, -13681.779132], [158.595945, 50.531577, -15482.509962], [158.628173, 50.412568, -14001.751752], [158.775067, 50.487814, -13681.779132]]]}, "properties": {"slip": 10.196444856529828}}, {"type": "Feature", "geometry": {"type": "Polygon", "coordinates": [[[157.160309, 49.626806, -17380.791794], [157.193353, 49.507112, -15440.71586], [157.334902, 49.58618, -15183.719598], [157.160309, 49.626806, -17380.791794]]]}, "properties": {"slip": 12.796067188552303}}, {"type": "Feature", "geometry": {"type": "Polygon", "coordinates": [[[157.483706, 51.441936, -62641.959837], [157.28594, 51.452819, -69798.740904], [157.367151, 51.324199, -61649.374736], [157.483706, 51.441936, -62641.959837]]]}, "properties": {"slip": 0.0}}, {"type": "Feature", "geometry": {"type": "Polygon", "coordinates": [[[156.771008, 51.036347, -70781.192456], [156.643712, 50.931891, -70968.8282], [156.853396, 50.912856, -62489.760095], [156.771008, 51.036347, -70781.192456]]]}, "properties": {"slip": 0.0}}, {"type": "Feature", "geometry": {"type": "Polygon", "coordinates": [[[158.263587, 50.499804, -18055.308521], [158.077353, 50.542892, -20747.474463], [158.115462, 50.422408, -18455.067518], [158.263587, 50.499804, -18055.308521]]]}, "properties": {"slip": 9.24672658011581}}, {"type": "Feature", "geometry": {"type": "Polygon", "coordinates": [[[156.323692, 49.149034, -19646.8723], [156.287786, 49.266491, -22565.570726], [156.149164, 49.186874, -23096.368136], [156.323692, 49.149034, -19646.8723]]]}, "properties": {"slip": 1.8409386130781342}}, {"type": "Feature", "geometry": {"type": "Polygon", "coordinates": [[[159.076937, 52.661542, -56690.745263], [159.114266, 52.519826, -51310.957599], [159.244418, 52.625891, -50297.62994], [159.076937, 52.661542, -56690.745263]]]}, "properties": {"slip": 0.11195193320317819}}, {"type": "Feature", "geometry": {"type": "Polygon", "coordinates": [[[156.01565, 50.407653, -70791.652694], [155.891692, 50.302425, -70991.367942], [156.093687, 50.295278, -62916.008241], [156.01565, 50.407653, -70791.652694]]]}, "properties": {"slip": 0.0}}, {"type": "Feature", "geometry": {"type": "Polygon", "coordinates": [[[156.265208, 50.617733, -70788.836525], [156.140154, 50.512756, -70719.535058], [156.344485, 50.490841, -62309.116973], [156.265208, 50.617733, -70788.836525]]]}, "properties": {"slip": 0.0}}, {"type": "Feature", "geometry": {"type": "Polygon", "coordinates": [[[158.479318, 52.381516, -67827.73484], [158.556504, 52.258499, -61553.959015], [158.68897, 52.363894, -60594.244174], [158.479318, 52.381516, -67827.73484]]]}, "properties": {"slip": 0.0}}, {"type": "Feature", "geometry": {"type": "Polygon", "coordinates": [[[159.277574, 51.288899, -18024.664569], [159.089241, 51.335671, -21239.92833], [159.118459, 51.210582, -18868.708037], [159.277574, 51.288899, -18024.664569]]]}, "properties": {"slip": 9.39350086177917}}, {"type": "Feature", "geometry": {"type": "Polygon", "coordinates": [[[160.465687, 53.07539, -29067.341836], [160.261202, 53.059944, -33475.98688], [160.389301, 52.962648, -28336.793145], [160.465687, 53.07539, -29067.341836]]]}, "properties": {"slip": 1.7679006218699445}}, {"type": "Feature", "geometry": {"type": "Polygon", "coordinates": [[[160.526724, 51.526689, -10376.807722], [160.745321, 51.526124, -9419.470563], [160.632667, 51.649142, -10593.285705], [160.526724, 51.526689, -10376.807722]]]}, "properties": {"slip": 3.9860228270245415}}, {"type": "Feature", "geometry": {"type": "Polygon", "coordinates": [[[156.608176, 49.872332, -31756.44941], [156.432785, 49.914511, -37449.90983], [156.466147, 49.792208, -32704.969177], [156.608176, 49.872332, -31756.44941]]]}, "properties": {"slip": 6.870966669620247}}, {"type": "Feature", "geometry": {"type": "Polygon", "coordinates": [[[159.302898, 52.99374, -59431.39528], [159.164027, 52.892106, -60760.075784], [159.381467, 52.878429, -53489.705819], [159.302898, 52.99374, -59431.39528]]]}, "properties": {"slip": 0.0}}, {"type": "Feature", "geometry": {"type": "Polygon", "coordinates": [[[160.03719, 51.93777, -17334.179359], [159.84419, 51.985412, -20381.160785], [159.873202, 51.859215, -18212.881378], [160.03719, 51.93777, -17334.179359]]]}, "properties": {"slip": 7.578255090954599}}, {"type": "Feature", "geometry": {"type": "Polygon", "coordinates": [[[160.745321, 51.526124, -9419.470563], [160.870603, 51.632308, -9443.312466], [160.632667, 51.649142, -10593.285705], [160.745321, 51.526124, -9419.470563]]]}, "properties": {"slip": 5.374981489115282}}, {"type": "Feature", "geometry": {"type": "Polygon", "coordinates": [[[157.529947, 50.671405, -33094.338145], [157.714043, 50.6285, -28062.614367], [157.680834, 50.750658, -31953.720951], [157.529947, 50.671405, -33094.338145]]]}, "properties": {"slip": 5.606766546660949}}, {"type": "Feature", "geometry": {"type": "Polygon", "coordinates": [[[155.768276, 50.197074, -71382.66358], [155.645399, 50.091601, -71806.49476], [155.872917, 50.065727, -61638.90861], [155.768276, 50.197074, -71382.66358]]]}, "properties": {"slip": 0.0}}, {"type": "Feature", "geometry": {"type": "Polygon", "coordinates": [[[157.635119, 50.306538, -22501.50042], [157.668675, 50.186051, -19973.119624], [157.818785, 50.26586, -19392.223971], [157.635119, 50.306538, -22501.50042]]]}, "properties": {"slip": 14.738714395326218}}, {"type": "Feature", "geometry": {"type": "Polygon", "coordinates": [[[157.782254, 50.385752, -21831.415009], [157.818785, 50.26586, -19392.223971], [157.963901, 50.344015, -18921.420896], [157.782254, 50.385752, -21831.415009]]]}, "properties": {"slip": 11.913373687634506}}, {"type": "Feature", "geometry": {"type": "Polygon", "coordinates": [[[159.025806, 52.790309, -62147.244572], [159.076937, 52.661542, -56690.745263], [159.256822, 52.754533, -53703.03792], [159.025806, 52.790309, -62147.244572]]]}, "properties": {"slip": 0.0}}, {"type": "Feature", "geometry": {"type": "Polygon", "coordinates": [[[155.279957, 49.774465, -72409.141035], [155.159194, 49.668519, -72101.828846], [155.359049, 49.653108, -63757.443275], [155.279957, 49.774465, -72409.141035]]]}, "properties": {"slip": 0.0}}, {"type": "Feature", "geometry": {"type": "Polygon", "coordinates": [[[157.678291, 51.763705, -69355.866207], [157.546913, 51.660219, -69445.648612], [157.754413, 51.640416, -62111.069651], [157.678291, 51.763705, -69355.866207]]]}, "properties": {"slip": 0.06688865488548702}}, {"type": "Feature", "geometry": {"type": "Polygon", "coordinates": [[[157.41613, 51.55659, -69613.164209], [157.28594, 51.452819, -69798.740904], [157.483706, 51.441936, -62641.959837], [157.41613, 51.55659, -69613.164209]]]}, "properties": {"slip": 0.0}}, {"type": "Feature", "geometry": {"type": "Polygon", "coordinates": [[[157.027316, 51.244857, -70235.426836], [156.898875, 51.14067, -70512.465525], [157.090381, 51.133904, -63320.778408], [157.027316, 51.244857, -70235.426836]]]}, "properties": {"slip": 0.0}}, {"type": "Feature", "geometry": {"type": "Polygon", "coordinates": [[[158.045055, 50.663902, -23396.194717], [158.077353, 50.542892, -20747.474463], [158.225935, 50.620945, -20288.225084], [158.045055, 50.663902, -23396.194717]]]}, "properties": {"slip": 7.14672447323433}}, {"type": "Feature", "geometry": {"type": "Polygon", "coordinates": [[[159.652476, 51.194876, -13489.107582], [159.464933, 51.242037, -15504.883642], [159.493673, 51.117, -14066.466381], [159.652476, 51.194876, -13489.107582]]]}, "properties": {"slip": 7.773153585173805}}, {"type": "Feature", "geometry": {"type": "Polygon", "coordinates": [[[157.48151, 49.668822, -14931.350417], [157.625575, 49.750208, -14679.807086], [157.4484, 49.788818, -16708.466932], [157.48151, 49.668822, -14931.350417]]]}, "properties": {"slip": 15.631091907730932}}, {"type": "Feature", "geometry": {"type": "Polygon", "coordinates": [[[157.734763, 49.945173, -15972.403067], [157.764118, 49.827146, -14418.107858], [157.905044, 49.903615, -14135.202657], [157.734763, 49.945173, -15972.403067]]]}, "properties": {"slip": 16.110063487737975}}, {"type": "Feature", "geometry": {"type": "Polygon", "coordinates": [[[156.462046, 49.228545, -19247.362338], [156.287786, 49.266491, -22565.570726], [156.323692, 49.149034, -19646.8723], [156.462046, 49.228545, -19247.362338]]]}, "properties": {"slip": 2.115758634204938}}, {"type": "Feature", "geometry": {"type": "Polygon", "coordinates": [[[159.221212, 50.718875, -12665.062581], [159.073034, 50.638066, -12973.94817], [159.257603, 50.614921, -11653.270379], [159.221212, 50.718875, -12665.062581]]]}, "properties": {"slip": 8.240477385210909}}, {"type": "Feature", "geometry": {"type": "Polygon", "coordinates": [[[158.836464, 51.633573, -33036.633471], [158.675614, 51.552421, -34545.974633], [158.869616, 51.507462, -28863.041004], [158.836464, 51.633573, -33036.633471]]]}, "properties": {"slip": 4.304106568103367}}, {"type": "Feature", "geometry": {"type": "Polygon", "coordinates": [[[159.442421, 53.095208, -58123.32995], [159.302898, 52.99374, -59431.39528], [159.513955, 52.976793, -52314.718561], [159.442421, 53.095208, -58123.32995]]]}, "properties": {"slip": 0.0}}, {"type": "Feature", "geometry": {"type": "Polygon", "coordinates": [[[158.922953, 50.563047, -13340.354979], [158.894072, 50.683332, -14694.643455], [158.745513, 50.606739, -15085.48752], [158.922953, 50.563047, -13340.354979]]]}, "properties": {"slip": 10.167117297575137}}, {"type": "Feature", "geometry": {"type": "Polygon", "coordinates": [[[156.774203, 49.269758, -16298.782015], [156.913474, 49.349486, -15996.427726], [156.739119, 49.388331, -18454.36848], [156.774203, 49.269758, -16298.782015]]]}, "properties": {"slip": 6.220009484220213}}, {"type": "Feature", "geometry": {"type": "Polygon", "coordinates": [[[156.564804, 48.870419, -13320.531718], [156.389539, 48.910861, -15189.063698], [156.423436, 48.789814, -13463.84165], [156.564804, 48.870419, -13320.531718]]]}, "properties": {"slip": 1.4396672466978078}}, {"type": "Feature", "geometry": {"type": "Polygon", "coordinates": [[[161.05128, 52.295316, -12180.180647], [161.220909, 52.276378, -11036.924804], [161.161555, 52.345306, -11781.501712], [161.05128, 52.295316, -12180.180647]]]}, "properties": {"slip": 5.509252296014466}}, {"type": "Feature", "geometry": {"type": "Polygon", "coordinates": [[[157.193353, 49.507112, -15440.71586], [157.227582, 49.388476, -13790.634025], [157.369968, 49.469818, -13605.283897], [157.193353, 49.507112, -15440.71586]]]}, "properties": {"slip": 12.26349881777866}}, {"type": "Feature", "geometry": {"type": "Polygon", "coordinates": [[[158.628173, 50.412568, -14001.751752], [158.447653, 50.456365, -15847.726994], [158.482614, 50.337226, -14296.659837], [158.628173, 50.412568, -14001.751752]]]}, "properties": {"slip": 10.291041448513695}}, {"type": "Feature", "geometry": {"type": "Polygon", "coordinates": [[[159.815468, 52.113652, -22946.576699], [159.84419, 51.985412, -20381.160785], [160.009541, 52.065106, -19320.881906], [159.815468, 52.113652, -22946.576699]]]}, "properties": {"slip": 8.229182059452203}}, {"type": "Feature", "geometry": {"type": "Polygon", "coordinates": [[[159.624295, 51.320145, -14817.303336], [159.464933, 51.242037, -15504.883642], [159.652476, 51.194876, -13489.107582], [159.624295, 51.320145, -14817.303336]]]}, "properties": {"slip": 8.086259862812454}}, {"type": "Feature", "geometry": {"type": "Polygon", "coordinates": [[[159.808828, 51.272442, -12939.367377], [159.652476, 51.194876, -13489.107582], [159.839988, 51.127809, -11707.293417], [159.808828, 51.272442, -12939.367377]]]}, "properties": {"slip": 7.404637199886592}}, {"type": "Feature", "geometry": {"type": "Polygon", "coordinates": [[[161.53724, 52.997662, -13524.697953], [161.373885, 52.941665, -14394.38894], [161.509582, 52.891099, -12992.253859], [161.53724, 52.997662, -13524.697953]]]}, "properties": {"slip": 0.7730422063607737}}, {"type": "Feature", "geometry": {"type": "Polygon", "coordinates": [[[159.652476, 51.194876, -13489.107582], [159.493673, 51.117, -14066.466381], [159.659855, 51.065996, -12442.897195], [159.652476, 51.194876, -13489.107582]]]}, "properties": {"slip": 7.935074673350126}}, {"type": "Feature", "geometry": {"type": "Polygon", "coordinates": [[[159.815468, 52.113652, -22946.576699], [160.009541, 52.065106, -19320.881906], [159.981394, 52.192489, -21643.661883], [159.815468, 52.113652, -22946.576699]]]}, "properties": {"slip": 8.221665866518995}}, {"type": "Feature", "geometry": {"type": "Polygon", "coordinates": [[[156.564804, 48.870419, -13320.531718], [156.529882, 48.991506, -14984.638391], [156.389539, 48.910861, -15189.063698], [156.564804, 48.870419, -13320.531718]]]}, "properties": {"slip": 2.1449865541129323}}, {"type": "Feature", "geometry": {"type": "Polygon", "coordinates": [[[157.377386, 50.026872, -21206.896972], [157.412679, 49.90702, -18772.694406], [157.556318, 49.986078, -18295.585562], [157.377386, 50.026872, -21206.896972]]]}, "properties": {"slip": 16.73102139454895}}, {"type": "Feature", "geometry": {"type": "Polygon", "coordinates": [[[156.287786, 49.266491, -22565.570726], [156.112349, 49.304551, -26750.263912], [156.149164, 49.186874, -23096.368136], [156.287786, 49.266491, -22565.570726]]]}, "properties": {"slip": 2.229238214108349}}, {"type": "Feature", "geometry": {"type": "Polygon", "coordinates": [[[160.175004, 52.143553, -18341.83212], [160.009541, 52.065106, -19320.881906], [160.202398, 52.016552, -16540.892662], [160.175004, 52.143553, -18341.83212]]]}, "properties": {"slip": 8.696524181854627}}, {"type": "Feature", "geometry": {"type": "Polygon", "coordinates": [[[157.23346, 49.947106, -21827.493747], [157.269778, 49.827324, -19234.914145], [157.412679, 49.90702, -18772.694406], [157.23346, 49.947106, -21827.493747]]]}, "properties": {"slip": 14.995369612616916}}, {"type": "Feature", "geometry": {"type": "Polygon", "coordinates": [[[158.775067, 50.487814, -13681.779132], [158.745513, 50.606739, -15085.48752], [158.595945, 50.531577, -15482.509962], [158.775067, 50.487814, -13681.779132]]]}, "properties": {"slip": 10.474216666135854}}, {"type": "Feature", "geometry": {"type": "Polygon", "coordinates": [[[158.076045, 52.073286, -69373.845588], [157.942853, 51.97024, -69382.902446], [158.153795, 51.95053, -62677.442447], [158.076045, 52.073286, -69373.845588]]]}, "properties": {"slip": 0.0}}, {"type": "Feature", "geometry": {"type": "Polygon", "coordinates": [[[156.0105, 49.107089, -23598.76864], [155.874361, 49.026715, -24016.869524], [156.044077, 48.988042, -20379.352944], [156.0105, 49.107089, -23598.76864]]]}, "properties": {"slip": 0.5574148467437862}}, {"type": "Feature", "geometry": {"type": "Polygon", "coordinates": [[[157.896118, 50.585506, -24000.483824], [157.929614, 50.464561, -21251.680861], [158.077353, 50.542892, -20747.474463], [157.896118, 50.585506, -24000.483824]]]}, "properties": {"slip": 8.384190669462809}}, {"type": "Feature", "geometry": {"type": "Polygon", "coordinates": [[[159.954054, 52.319725, -24318.948148], [160.147495, 52.2706, -20434.998605], [160.111057, 52.401879, -23079.492591], [159.954054, 52.319725, -24318.948148]]]}, "properties": {"slip": 7.912586763236884}}, {"type": "Feature", "geometry": {"type": "Polygon", "coordinates": [[[156.389539, 48.910861, -15189.063698], [156.529882, 48.991506, -14984.638391], [156.355602, 49.030456, -17234.857123], [156.389539, 48.910861, -15189.063698]]]}, "properties": {"slip": 1.14703371691693}}, {"type": "Feature", "geometry": {"type": "Polygon", "coordinates": [[[157.488423, 50.227286, -23261.52854], [157.522663, 50.106664, -20577.43487], [157.668675, 50.186051, -19973.119624], [157.488423, 50.227286, -23261.52854]]]}, "properties": {"slip": 18.038678737445597}}, {"type": "Feature", "geometry": {"type": "Polygon", "coordinates": [[[160.507705, 52.876524, -24344.260905], [160.389301, 52.962648, -28336.793145], [160.307013, 52.851122, -27777.277081], [160.507705, 52.876524, -24344.260905]]]}, "properties": {"slip": 1.504636711692654}}, {"type": "Feature", "geometry": {"type": "Polygon", "coordinates": [[[159.739995, 52.577052, -34693.28711], [159.661187, 52.457788, -33665.373163], [159.896232, 52.463452, -28348.329897], [159.739995, 52.577052, -34693.28711]]]}, "properties": {"slip": 4.32199723573749}}, {"type": "Feature", "geometry": {"type": "Polygon", "coordinates": [[[157.494614, 50.795448, -37759.182837], [157.529947, 50.671405, -33094.338145], [157.680834, 50.750658, -31953.720951], [157.494614, 50.795448, -37759.182837]]]}, "properties": {"slip": 4.394575692717047}}, {"type": "Feature", "geometry": {"type": "Polygon", "coordinates": [[[159.305511, 51.163839, -16203.9839], [159.277574, 51.288899, -18024.664569], [159.118459, 51.210582, -18868.708037], [159.305511, 51.163839, -16203.9839]]]}, "properties": {"slip": 8.820209548598848}}, {"type": "Feature", "geometry": {"type": "Polygon", "coordinates": [[[160.366905, 52.094294, -15803.112895], [160.202398, 52.016552, -16540.892662], [160.390082, 51.970652, -14437.92331], [160.366905, 52.094294, -15803.112895]]]}, "properties": {"slip": 8.718244626636858}}, {"type": "Feature", "geometry": {"type": "Polygon", "coordinates": [[[159.025806, 52.790309, -62147.244572], [158.888229, 52.688349, -63625.987211], [159.076937, 52.661542, -56690.745263], [159.025806, 52.790309, -62147.244572]]]}, "properties": {"slip": 0.0}}, {"type": "Feature", "geometry": {"type": "Polygon", "coordinates": [[[159.164027, 52.892106, -60760.075784], [159.025806, 52.790309, -62147.244572], [159.256822, 52.754533, -53703.03792], [159.164027, 52.892106, -60760.075784]]]}, "properties": {"slip": 0.0}}, {"type": "Feature", "geometry": {"type": "Polygon", "coordinates": [[[158.860579, 52.468922, -58101.062475], [158.614989, 52.483951, -66592.778793], [158.68897, 52.363894, -60594.244174], [158.860579, 52.468922, -58101.062475]]]}, "properties": {"slip": 0.0}}, {"type": "Feature", "geometry": {"type": "Polygon", "coordinates": [[[157.546913, 51.660219, -69445.648612], [157.41613, 51.55659, -69613.164209], [157.618828, 51.542068, -62363.002868], [157.546913, 51.660219, -69445.648612]]]}, "properties": {"slip": 0.0}}, {"type": "Feature", "geometry": {"type": "Polygon", "coordinates": [[[159.017944, 50.883528, -15774.721143], [159.045363, 50.760156, -14271.553091], [159.201328, 50.83764, -13814.849642], [159.017944, 50.883528, -15774.721143]]]}, "properties": {"slip": 9.462644543409697}}, {"type": "Feature", "geometry": {"type": "Polygon", "coordinates": [[[157.590187, 49.866736, -16347.741625], [157.412679, 49.90702, -18772.694406], [157.4484, 49.788818, -16708.466932], [157.590187, 49.866736, -16347.741625]]]}, "properties": {"slip": 14.694213110638742}}, {"type": "Feature", "geometry": {"type": "Polygon", "coordinates": [[[157.28594, 51.452819, -69798.740904], [157.156336, 51.348907, -70011.887019], [157.367151, 51.324199, -61649.374736], [157.28594, 51.452819, -69798.740904]]]}, "properties": {"slip": 0.0}}, {"type": "Feature", "geometry": {"type": "Polygon", "coordinates": [[[161.21354, 52.8773, -15234.483454], [161.213652, 52.778788, -14409.326387], [161.362882, 52.836087, -13675.979379], [161.21354, 52.8773, -15234.483454]]]}, "properties": {"slip": 2.688275115677978}}, {"type": "Feature", "geometry": {"type": "Polygon", "coordinates": [[[158.194154, 50.741938, -22853.637408], [158.225935, 50.620945, -20288.225084], [158.374993, 50.698733, -19836.754821], [158.194154, 50.741938, -22853.637408]]]}, "properties": {"slip": 8.1226578991796}}, {"type": "Feature", "geometry": {"type": "Polygon", "coordinates": [[[156.529882, 48.991506, -14984.638391], [156.671096, 49.071367, -14734.274527], [156.496202, 49.110225, -16926.640299], [156.529882, 48.991506, -14984.638391]]]}, "properties": {"slip": 3.5866766365427045}}, {"type": "Feature", "geometry": {"type": "Polygon", "coordinates": [[[158.153795, 51.95053, -62677.442447], [158.366554, 51.956165, -56905.691854], [158.267747, 52.065775, -63676.421156], [158.153795, 51.95053, -62677.442447]]]}, "properties": {"slip": 0.12313633607718323}}, {"type": "Feature", "geometry": {"type": "Polygon", "coordinates": [[[156.395335, 50.038568, -42787.994393], [156.432785, 49.914511, -37449.90983], [156.574704, 49.993766, -36328.869067], [156.395335, 50.038568, -42787.994393]]]}, "properties": {"slip": 5.309623716417023}}, {"type": "Feature", "geometry": {"type": "Polygon", "coordinates": [[[158.751291, 52.586229, -65146.756005], [158.614989, 52.483951, -66592.778793], [158.860579, 52.468922, -58101.062475], [158.751291, 52.586229, -65146.756005]]]}, "properties": {"slip": 0.0}}, {"type": "Feature", "geometry": {"type": "Polygon", "coordinates": [[[157.460814, 50.920372, -42918.991223], [157.494614, 50.795448, -37759.182837], [157.648475, 50.874864, -36419.528254], [157.460814, 50.920372, -42918.991223]]]}, "properties": {"slip": 2.8368940967332525}}, {"type": "Feature", "geometry": {"type": "Polygon", "coordinates": [[[159.650323, 52.034249, -24368.380213], [159.84419, 51.985412, -20381.160785], [159.815468, 52.113652, -22946.576699], [159.650323, 52.034249, -24368.380213]]]}, "properties": {"slip": 7.363460236690396}}, {"type": "Feature", "geometry": {"type": "Polygon", "coordinates": [[[157.08947, 49.867059, -22438.387886], [157.125678, 49.746852, -19691.88186], [157.269778, 49.827324, -19234.914145], [157.08947, 49.867059, -22438.387886]]]}, "properties": {"slip": 17.01617814259396}}, {"type": "Feature", "geometry": {"type": "Polygon", "coordinates": [[[158.479318, 52.381516, -67827.73484], [158.344273, 52.278925, -68690.958688], [158.556504, 52.258499, -61553.959015], [158.479318, 52.381516, -67827.73484]]]}, "properties": {"slip": 0.0}}, {"type": "Feature", "geometry": {"type": "Polygon", "coordinates": [[[161.266923, 53.358156, -19495.47258], [161.108727, 53.429181, -22898.224071], [161.099567, 53.319787, -21471.871366], [161.266923, 53.358156, -19495.47258]]]}, "properties": {"slip": 0.0}}, {"type": "Feature", "geometry": {"type": "Polygon", "coordinates": [[[156.706332, 48.950977, -13139.699902], [156.671096, 49.071367, -14734.274527], [156.529882, 48.991506, -14984.638391], [156.706332, 48.950977, -13139.699902]]]}, "properties": {"slip": 3.9303258207329086}}, {"type": "Feature", "geometry": {"type": "Polygon", "coordinates": [[[160.496508, 51.313337, -9366.59229], [160.620625, 51.4198, -9383.602603], [160.403194, 51.426947, -10390.274253], [160.496508, 51.313337, -9366.59229]]]}, "properties": {"slip": 4.464989923036303}}, {"type": "Feature", "geometry": {"type": "Polygon", "coordinates": [[[156.635807, 49.190137, -16609.101989], [156.600138, 49.30813, -18844.668463], [156.462046, 49.228545, -19247.362338], [156.635807, 49.190137, -16609.101989]]]}, "properties": {"slip": 3.9912615512208496}}, {"type": "Feature", "geometry": {"type": "Polygon", "coordinates": [[[156.563842, 49.425762, -21516.657453], [156.600138, 49.30813, -18844.668463], [156.739119, 49.388331, -18454.36848], [156.563842, 49.425762, -21516.657453]]]}, "properties": {"slip": 4.311773823192711}}, {"type": "Feature", "geometry": {"type": "Polygon", "coordinates": [[[158.836464, 51.633573, -33036.633471], [158.643085, 51.679561, -39408.7213], [158.675614, 51.552421, -34545.974633], [158.836464, 51.633573, -33036.633471]]]}, "properties": {"slip": 3.740555751347331}}, {"type": "Feature", "geometry": {"type": "Polygon", "coordinates": [[[157.796245, 49.711072, -13044.430031], [157.960528, 49.672198, -11695.618459], [157.936578, 49.78679, -12812.156771], [157.796245, 49.711072, -13044.430031]]]}, "properties": {"slip": 15.847677986417798}}, {"type": "Feature", "geometry": {"type": "Polygon", "coordinates": [[[159.436589, 51.367474, -17186.66289], [159.277574, 51.288899, -18024.664569], [159.464933, 51.242037, -15504.883642], [159.436589, 51.367474, -17186.66289]]]}, "properties": {"slip": 7.838690227806149}}, {"type": "Feature", "geometry": {"type": "Polygon", "coordinates": [[[156.093687, 50.295278, -62916.008241], [155.974796, 50.191982, -63011.484392], [156.160777, 50.184318, -55881.748376], [156.093687, 50.295278, -62916.008241]]]}, "properties": {"slip": 0.7747284076783716}}, {"type": "Feature", "geometry": {"type": "Polygon", "coordinates": [[[159.624295, 51.320145, -14817.303336], [159.652476, 51.194876, -13489.107582], [159.808828, 51.272442, -12939.367377], [159.624295, 51.320145, -14817.303336]]]}, "properties": {"slip": 8.007714723305215}}, {"type": "Feature", "geometry": {"type": "Polygon", "coordinates": [[[161.054735, 52.820017, -16196.557477], [161.213652, 52.778788, -14409.326387], [161.21354, 52.8773, -15234.483454], [161.054735, 52.820017, -16196.557477]]]}, "properties": {"slip": 2.4737050221556034}}, {"type": "Feature", "geometry": {"type": "Polygon", "coordinates": [[[159.650323, 52.034249, -24368.380213], [159.678386, 51.906152, -21587.738359], [159.84419, 51.985412, -20381.160785], [159.650323, 52.034249, -24368.380213]]]}, "properties": {"slip": 6.793699738728794}}, {"type": "Feature", "geometry": {"type": "Polygon", "coordinates": [[[159.659855, 51.065996, -12442.897195], [159.493673, 51.117, -14066.466381], [159.513514, 50.99068, -12869.400512], [159.659855, 51.065996, -12442.897195]]]}, "properties": {"slip": 8.342359460668918}}, {"type": "Feature", "geometry": {"type": "Polygon", "coordinates": [[[156.355323, 49.585304, -29243.877175], [156.214879, 49.504408, -30131.832532], [156.389225, 49.46329, -25333.998194], [156.355323, 49.585304, -29243.877175]]]}, "properties": {"slip": 4.334733452139912}}, {"type": "Feature", "geometry": {"type": "Polygon", "coordinates": [[[156.246342, 49.955289, -44258.839312], [156.284801, 49.831538, -38740.170832], [156.432785, 49.914511, -37449.90983], [156.246342, 49.955289, -44258.839312]]]}, "properties": {"slip": 3.8500764876112714}}, {"type": "Feature", "geometry": {"type": "Polygon", "coordinates": [[[158.614989, 52.483951, -66592.778793], [158.479318, 52.381516, -67827.73484], [158.68897, 52.363894, -60594.244174], [158.614989, 52.483951, -66592.778793]]]}, "properties": {"slip": 0.0}}, {"type": "Feature", "geometry": {"type": "Polygon", "coordinates": [[[157.366786, 48.873989, -8999.681177], [157.511765, 48.968262, -8953.764359], [157.330824, 49.012777, -9994.335921], [157.366786, 48.873989, -8999.681177]]]}, "properties": {"slip": 8.37030444208427}}, {"type": "Feature", "geometry": {"type": "Polygon", "coordinates": [[[157.262494, 49.270193, -12379.376489], [157.401625, 49.348893, -12220.519297], [157.227582, 49.388476, -13790.634025], [157.262494, 49.270193, -12379.376489]]]}, "properties": {"slip": 10.822947606902837}}, {"type": "Feature", "geometry": {"type": "Polygon", "coordinates": [[[160.066151, 51.811163, -15628.431513], [160.03719, 51.93777, -17334.179359], [159.873202, 51.859215, -18212.881378], [160.066151, 51.811163, -15628.431513]]]}, "properties": {"slip": 6.636171320326488}}, {"type": "Feature", "geometry": {"type": "Polygon", "coordinates": [[[157.412679, 49.90702, -18772.694406], [157.269778, 49.827324, -19234.914145], [157.4484, 49.788818, -16708.466932], [157.412679, 49.90702, -18772.694406]]]}, "properties": {"slip": 14.523304919741078}}, {"type": "Feature", "geometry": {"type": "Polygon", "coordinates": [[[158.370314, 50.144047, -13209.666227], [158.193756, 50.185689, -14860.439718], [158.225498, 50.068278, -13465.225717], [158.370314, 50.144047, -13209.666227]]]}, "properties": {"slip": 15.880140448280248}}, {"type": "Feature", "geometry": {"type": "Polygon", "coordinates": [[[156.975828, 50.228878, -33679.879395], [156.83555, 50.151262, -34770.007505], [157.015402, 50.108385, -29398.793214], [156.975828, 50.228878, -33679.879395]]]}, "properties": {"slip": 11.130106784380352}}, {"type": "Feature", "geometry": {"type": "Polygon", "coordinates": [[[160.603692, 52.619092, -19034.414648], [160.597322, 52.724636, -20506.665433], [160.427628, 52.662593, -22155.147871], [160.603692, 52.619092, -19034.414648]]]}, "properties": {"slip": 3.915303061157693}}, {"type": "Feature", "geometry": {"type": "Polygon", "coordinates": [[[159.248181, 51.414572, -20213.663494], [159.089241, 51.335671, -21239.92833], [159.277574, 51.288899, -18024.664569], [159.248181, 51.414572, -20213.663494]]]}, "properties": {"slip": 8.898967192707824}}, {"type": "Feature", "geometry": {"type": "Polygon", "coordinates": [[[160.282092, 52.474014, -21521.744613], [160.446089, 52.54746, -20197.140058], [160.26251, 52.593647, -23787.176895], [160.282092, 52.474014, -21521.744613]]]}, "properties": {"slip": 5.688235841231526}}, {"type": "Feature", "geometry": {"type": "Polygon", "coordinates": [[[157.648475, 50.874864, -36419.528254], [157.494614, 50.795448, -37759.182837], [157.680834, 50.750658, -31953.720951], [157.648475, 50.874864, -36419.528254]]]}, "properties": {"slip": 4.080607443822863}}, {"type": "Feature", "geometry": {"type": "Polygon", "coordinates": [[[160.216224, 53.274466, -40097.028064], [160.094594, 53.38493, -46593.232091], [159.988384, 53.258254, -46142.940713], [160.216224, 53.274466, -40097.028064]]]}, "properties": {"slip": 0.2434766920184252}}, {"type": "Feature", "geometry": {"type": "Polygon", "coordinates": [[[159.045363, 50.760156, -14271.553091], [159.073034, 50.638066, -12973.94817], [159.221212, 50.718875, -12665.062581], [159.045363, 50.760156, -14271.553091]]]}, "properties": {"slip": 8.104632938742338}}, {"type": "Feature", "geometry": {"type": "Polygon", "coordinates": [[[155.05, 48.95, -41695.674896], [155.190659, 48.890359, -35132.866853], [155.171792, 48.977564, -39186.38018], [155.05, 48.95, -41695.674896]]]}, "properties": {"slip": 0.0}}, {"type": "Feature", "geometry": {"type": "Polygon", "coordinates": [[[158.464829, 51.019993, -24648.670514], [158.618369, 51.098999, -23941.931268], [158.432269, 51.143842, -28114.412422], [158.464829, 51.019993, -24648.670514]]]}, "properties": {"slip": 8.192057151391614}}, {"type": "Feature", "geometry": {"type": "Polygon", "coordinates": [[[161.53724, 52.997662, -13524.697953], [161.561315, 53.102748, -14076.935368], [161.358842, 53.047897, -15388.919527], [161.53724, 52.997662, -13524.697953]]]}, "properties": {"slip": 0.2775943607415125}}, {"type": "Feature", "geometry": {"type": "Polygon", "coordinates": [[[158.557137, 49.874776, -10097.572465], [158.732234, 49.858629, -9259.891955], [158.672943, 49.964591, -10153.629627], [158.557137, 49.874776, -10097.572465]]]}, "properties": {"slip": 14.897753493294282}}, {"type": "Feature", "geometry": {"type": "Polygon", "coordinates": [[[159.513514, 50.99068, -12869.400512], [159.493673, 51.117, -14066.466381], [159.332054, 51.038568, -14661.718694], [159.513514, 50.99068, -12869.400512]]]}, "properties": {"slip": 8.124291537809823}}, {"type": "Feature", "geometry": {"type": "Polygon", "coordinates": [[[159.436589, 51.367474, -17186.66289], [159.464933, 51.242037, -15504.883642], [159.624295, 51.320145, -14817.303336], [159.436589, 51.367474, -17186.66289]]]}, "properties": {"slip": 7.924515394799683}}, {"type": "Feature", "geometry": {"type": "Polygon", "coordinates": [[[159.066718, 52.175425, -42599.449978], [159.099467, 52.050115, -37939.01239], [159.26623, 52.134861, -35580.679664], [159.066718, 52.175425, -42599.449978]]]}, "properties": {"slip": 4.651774751268288}}, {"type": "Feature", "geometry": {"type": "Polygon", "coordinates": [[[158.513107, 50.21957, -12976.605753], [158.33976, 50.261472, -14561.717345], [158.370314, 50.144047, -13209.666227], [158.513107, 50.21957, -12976.605753]]]}, "properties": {"slip": 14.308250713164316}}, {"type": "Feature", "geometry": {"type": "Polygon", "coordinates": [[[159.981394, 52.192489, -21643.661883], [160.147495, 52.2706, -20434.998605], [159.954054, 52.319725, -24318.948148], [159.981394, 52.192489, -21643.661883]]]}, "properties": {"slip": 8.284018269712739}}, {"type": "Feature", "geometry": {"type": "Polygon", "coordinates": [[[159.045363, 50.760156, -14271.553091], [159.221212, 50.718875, -12665.062581], [159.201328, 50.83764, -13814.849642], [159.045363, 50.760156, -14271.553091]]]}, "properties": {"slip": 8.50707997414774}}, {"type": "Feature", "geometry": {"type": "Polygon", "coordinates": [[[159.4, 50.4, -9602.576256], [159.524206, 50.500206, -9615.856657], [159.329502, 50.505682, -10538.123118], [159.4, 50.4, -9602.576256]]]}, "properties": {"slip": 11.916963581209018}}, {"type": "Feature", "geometry": {"type": "Polygon", "coordinates": [[[159.570089, 51.571338, -18161.795135], [159.380115, 51.61949, -21546.439995], [159.407919, 51.493222, -19183.501675], [159.570089, 51.571338, -18161.795135]]]}, "properties": {"slip": 10.336740872816367}}, {"type": "Feature", "geometry": {"type": "Polygon", "coordinates": [[[157.635119, 50.306538, -22501.50042], [157.818785, 50.26586, -19392.223971], [157.782254, 50.385752, -21831.415009], [157.635119, 50.306538, -22501.50042]]]}, "properties": {"slip": 12.829671111897627}}, {"type": "Feature", "geometry": {"type": "Polygon", "coordinates": [[[159.981394, 52.192489, -21643.661883], [159.954054, 52.319725, -24318.948148], [159.789077, 52.246407, -25959.481191], [159.981394, 52.192489, -21643.661883]]]}, "properties": {"slip": 8.022814705856254}}, {"type": "Feature", "geometry": {"type": "Polygon", "coordinates": [[[156.134077, 49.747747, -40231.878936], [156.178321, 49.62594, -34822.087353], [156.322515, 49.708363, -33683.072643], [156.134077, 49.747747, -40231.878936]]]}, "properties": {"slip": 4.642370121435679}}, {"type": "Feature", "geometry": {"type": "Polygon", "coordinates": [[[161.388044, 52.641743, -12159.508915], [161.237315, 52.679213, -13461.867879], [161.262509, 52.582627, -12608.554894], [161.388044, 52.641743, -12159.508915]]]}, "properties": {"slip": 5.506987395300567}}, {"type": "Feature", "geometry": {"type": "Polygon", "coordinates": [[[156.792285, 48.495142, -9131.102553], [156.935103, 48.590113, -9135.280022], [156.745832, 48.611361, -10071.955058], [156.792285, 48.495142, -9131.102553]]]}, "properties": {"slip": 2.4576434324648737}}, {"type": "Feature", "geometry": {"type": "Polygon", "coordinates": [[[160.620625, 51.4198, -9383.602603], [160.745321, 51.526124, -9419.470563], [160.526724, 51.526689, -10376.807722], [160.620625, 51.4198, -9383.602603]]]}, "properties": {"slip": 3.2981946697068367}}, {"type": "Feature", "geometry": {"type": "Polygon", "coordinates": [[[157.262494, 49.270193, -12379.376489], [157.227582, 49.388476, -13790.634025], [157.088008, 49.310083, -14009.218369], [157.262494, 49.270193, -12379.376489]]]}, "properties": {"slip": 10.53780118057337}}, {"type": "Feature", "geometry": {"type": "Polygon", "coordinates": [[[159.815468, 52.113652, -22946.576699], [159.981394, 52.192489, -21643.661883], [159.789077, 52.246407, -25959.481191], [159.815468, 52.113652, -22946.576699]]]}, "properties": {"slip": 7.5680967303428694}}, {"type": "Feature", "geometry": {"type": "Polygon", "coordinates": [[[157.488423, 50.227286, -23261.52854], [157.668675, 50.186051, -19973.119624], [157.635119, 50.306538, -22501.50042], [157.488423, 50.227286, -23261.52854]]]}, "properties": {"slip": 15.902878187426069}}, {"type": "Feature", "geometry": {"type": "Polygon", "coordinates": [[[159.066718, 52.175425, -42599.449978], [159.26623, 52.134861, -35580.679664], [159.23511, 52.259761, -39955.16579], [159.066718, 52.175425, -42599.449978]]]}, "properties": {"slip": 4.817619365627309}}, {"type": "Feature", "geometry": {"type": "Polygon", "coordinates": [[[159.620308, 52.162515, -27612.451446], [159.815468, 52.113652, -22946.576699], [159.789077, 52.246407, -25959.481191], [159.620308, 52.162515, -27612.451446]]]}, "properties": {"slip": 7.991902767169506}}, {"type": "Feature", "geometry": {"type": "Polygon", "coordinates": [[[159.650323, 52.034249, -24368.380213], [159.815468, 52.113652, -22946.576699], [159.620308, 52.162515, -27612.451446], [159.650323, 52.034249, -24368.380213]]]}, "properties": {"slip": 7.755668002477798}}, {"type": "Feature", "geometry": {"type": "Polygon", "coordinates": [[[159.147213, 51.085631, -16887.016703], [159.305511, 51.163839, -16203.9839], [159.118459, 51.210582, -18868.708037], [159.147213, 51.085631, -16887.016703]]]}, "properties": {"slip": 9.310861810831538}}, {"type": "Feature", "geometry": {"type": "Polygon", "coordinates": [[[158.628173, 50.412568, -14001.751752], [158.595945, 50.531577, -15482.509962], [158.447653, 50.456365, -15847.726994], [158.628173, 50.412568, -14001.751752]]]}, "properties": {"slip": 9.782954221012124}}, {"type": "Feature", "geometry": {"type": "Polygon", "coordinates": [[[157.377386, 50.026872, -21206.896972], [157.556318, 49.986078, -18295.585562], [157.522663, 50.106664, -20577.43487], [157.377386, 50.026872, -21206.896972]]]}, "properties": {"slip": 17.74493285193516}}, {"type": "Feature", "geometry": {"type": "Polygon", "coordinates": [[[158.804129, 51.053577, -20430.010696], [158.650142, 50.975122, -21110.640556], [158.834459, 50.929571, -18174.397975], [158.804129, 51.053577, -20430.010696]]]}, "properties": {"slip": 10.046146790293484}}, {"type": "Feature", "geometry": {"type": "Polygon", "coordinates": [[[157.896118, 50.585506, -24000.483824], [158.077353, 50.542892, -20747.474463], [158.045055, 50.663902, -23396.194717], [157.896118, 50.585506, -24000.483824]]]}, "properties": {"slip": 7.822174276279504}}, {"type": "Feature", "geometry": {"type": "Polygon", "coordinates": [[[157.782254, 50.385752, -21831.415009], [157.963901, 50.344015, -18921.420896], [157.929614, 50.464561, -21251.680861], [157.782254, 50.385752, -21831.415009]]]}, "properties": {"slip": 10.33127711185945}}, {"type": "Feature", "geometry": {"type": "Polygon", "coordinates": [[[157.159912, 50.188272, -28419.161586], [156.975828, 50.228878, -33679.879395], [157.015402, 50.108385, -29398.793214], [157.159912, 50.188272, -28419.161586]]]}, "properties": {"slip": 12.176904396504648}}, {"type": "Feature", "geometry": {"type": "Polygon", "coordinates": [[[156.975828, 50.228878, -33679.879395], [156.791542, 50.272775, -39845.073897], [156.83555, 50.151262, -34770.007505], [156.975828, 50.228878, -33679.879395]]]}, "properties": {"slip": 8.105091285689053}}, {"type": "Feature", "geometry": {"type": "Polygon", "coordinates": [[[157.088008, 49.310083, -14009.218369], [157.053163, 49.42833, -15706.858545], [156.913474, 49.349486, -15996.427726], [157.088008, 49.310083, -14009.218369]]]}, "properties": {"slip": 8.563686520411329}}, {"type": "Feature", "geometry": {"type": "Polygon", "coordinates": [[[157.564667, 50.548396, -29012.290908], [157.379454, 50.589929, -34328.072845], [157.416353, 50.467883, -30077.09968], [157.564667, 50.548396, -29012.290908]]]}, "properties": {"slip": 4.6344353079044165}}, {"type": "Feature", "geometry": {"type": "Polygon", "coordinates": [[[158.989301, 51.007645, -17556.580409], [158.834459, 50.929571, -18174.397975], [159.017944, 50.883528, -15774.721143], [158.989301, 51.007645, -17556.580409]]]}, "properties": {"slip": 10.151784571119633}}, {"type": "Feature", "geometry": {"type": "Polygon", "coordinates": [[[159.248181, 51.414572, -20213.663494], [159.277574, 51.288899, -18024.664569], [159.436589, 51.367474, -17186.66289], [159.248181, 51.414572, -20213.663494]]]}, "properties": {"slip": 7.686398926615427}}, {"type": "Feature", "geometry": {"type": "Polygon", "coordinates": [[[158.935361, 51.969246, -40374.427596], [158.966359, 51.841229, -35660.77573], [159.129473, 51.921612, -33513.07043], [158.935361, 51.969246, -40374.427596]]]}, "properties": {"slip": 4.886844795560145}}, {"type": "Feature", "geometry": {"type": "Polygon", "coordinates": [[[158.045055, 50.663902, -23396.194717], [158.225935, 50.620945, -20288.225084], [158.194154, 50.741938, -22853.637408], [158.045055, 50.663902, -23396.194717]]]}, "properties": {"slip": 6.947907934105155}}, {"type": "Feature", "geometry": {"type": "Polygon", "coordinates": [[[159.542098, 51.698446, -20334.959746], [159.380115, 51.61949, -21546.439995], [159.570089, 51.571338, -18161.795135], [159.542098, 51.698446, -20334.959746]]]}, "properties": {"slip": 8.158004554334795}}, {"type": "Feature", "geometry": {"type": "Polygon", "coordinates": [[[158.989301, 51.007645, -17556.580409], [159.017944, 50.883528, -15774.721143], [159.175008, 50.96102, -15220.846142], [158.989301, 51.007645, -17556.580409]]]}, "properties": {"slip": 9.51001190475244}}, {"type": "Feature", "geometry": {"type": "Polygon", "coordinates": [[[159.099467, 52.050115, -37939.01239], [158.935361, 51.969246, -40374.427596], [159.129473, 51.921612, -33513.07043], [159.099467, 52.050115, -37939.01239]]]}, "properties": {"slip": 4.957867472443878}}, {"type": "Feature", "geometry": {"type": "Polygon", "coordinates": [[[156.948445, 49.231225, -14251.005382], [156.913474, 49.349486, -15996.427726], [156.774203, 49.269758, -16298.782015], [156.948445, 49.231225, -14251.005382]]]}, "properties": {"slip": 6.824634041333533}}, {"type": "Feature", "geometry": {"type": "Polygon", "coordinates": [[[158.900743, 51.381993, -25270.391976], [158.930743, 51.256841, -22227.494483], [159.089241, 51.335671, -21239.92833], [158.900743, 51.381993, -25270.391976]]]}, "properties": {"slip": 9.206529359730775}}, {"type": "Feature", "geometry": {"type": "Polygon", "coordinates": [[[158.903725, 52.097669, -45331.560901], [158.935361, 51.969246, -40374.427596], [159.099467, 52.050115, -37939.01239], [158.903725, 52.097669, -45331.560901]]]}, "properties": {"slip": 4.037476138965989}}, {"type": "Feature", "geometry": {"type": "Polygon", "coordinates": [[[161.108727, 53.429181, -22898.224071], [160.95, 53.5, -27168.867111], [160.922164, 53.386915, -25699.811938], [161.108727, 53.429181, -22898.224071]]]}, "properties": {"slip": 0.0}}, {"type": "Feature", "geometry": {"type": "Polygon", "coordinates": [[[157.23346, 49.947106, -21827.493747], [157.412679, 49.90702, -18772.694406], [157.377386, 50.026872, -21206.896972], [157.23346, 49.947106, -21827.493747]]]}, "properties": {"slip": 14.752779941110614}}, {"type": "Feature", "geometry": {"type": "Polygon", "coordinates": [[[157.08947, 49.867059, -22438.387886], [157.269778, 49.827324, -19234.914145], [157.23346, 49.947106, -21827.493747], [157.08947, 49.867059, -22438.387886]]]}, "properties": {"slip": 16.43445276444427}}, {"type": "Feature", "geometry": {"type": "Polygon", "coordinates": [[[158.743062, 51.302755, -26359.510073], [158.773855, 51.177916, -23133.558096], [158.930743, 51.256841, -22227.494483], [158.743062, 51.302755, -26359.510073]]]}, "properties": {"slip": 10.116674355716096}}, {"type": "Feature", "geometry": {"type": "Polygon", "coordinates": [[[158.244852, 49.944893, -12251.745777], [158.225498, 50.068278, -13465.225717], [158.080388, 49.989979, -13718.396562], [158.244852, 49.944893, -12251.745777]]]}, "properties": {"slip": 13.48783715498609}}, {"type": "Feature", "geometry": {"type": "Polygon", "coordinates": [[[159.089241, 51.335671, -21239.92833], [158.930743, 51.256841, -22227.494483], [159.118459, 51.210582, -18868.708037], [159.089241, 51.335671, -21239.92833]]]}, "properties": {"slip": 10.125519098635198}}, {"type": "Feature", "geometry": {"type": "Polygon", "coordinates": [[[156.462046, 49.228545, -19247.362338], [156.425652, 49.345968, -22035.078318], [156.287786, 49.266491, -22565.570726], [156.462046, 49.228545, -19247.362338]]]}, "properties": {"slip": 2.3984179205141176}}, {"type": "Feature", "geometry": {"type": "Polygon", "coordinates": [[[158.930743, 51.256841, -22227.494483], [158.960478, 51.132084, -19676.579317], [159.118459, 51.210582, -18868.708037], [158.930743, 51.256841, -22227.494483]]]}, "properties": {"slip": 10.500405035496833}}, {"type": "Feature", "geometry": {"type": "Polygon", "coordinates": [[[156.395335, 50.038568, -42787.994393], [156.574704, 49.993766, -36328.869067], [156.526003, 50.119284, -41899.670467], [156.395335, 50.038568, -42787.994393]]]}, "properties": {"slip": 5.126925937559976}}, {"type": "Feature", "geometry": {"type": "Polygon", "coordinates": [[[156.287786, 49.266491, -22565.570726], [156.250848, 49.384619, -26056.866981], [156.112349, 49.304551, -26750.263912], [156.287786, 49.266491, -22565.570726]]]}, "properties": {"slip": 2.0947065550677393}}, {"type": "Feature", "geometry": {"type": "Polygon", "coordinates": [[[159.175008, 50.96102, -15220.846142], [159.017944, 50.883528, -15774.721143], [159.201328, 50.83764, -13814.849642], [159.175008, 50.96102, -15220.846142]]]}, "properties": {"slip": 8.262334290428145}}, {"type": "Feature", "geometry": {"type": "Polygon", "coordinates": [[[158.643085, 51.679561, -39408.7213], [158.804138, 51.760591, -37672.636596], [158.610691, 51.807059, -44606.66204], [158.643085, 51.679561, -39408.7213]]]}, "properties": {"slip": 2.8323902413905397}}, {"type": "Feature", "geometry": {"type": "Polygon", "coordinates": [[[157.960528, 49.672198, -11695.618459], [157.992535, 49.560177, -10672.490175], [158.112762, 49.6233, -10522.488766], [157.960528, 49.672198, -11695.618459]]]}, "properties": {"slip": 17.054709675546334}}, {"type": "Feature", "geometry": {"type": "Polygon", "coordinates": [[[158.903725, 52.097669, -45331.560901], [159.099467, 52.050115, -37939.01239], [159.066718, 52.175425, -42599.449978], [158.903725, 52.097669, -45331.560901]]]}, "properties": {"slip": 3.8708489978407434}}, {"type": "Feature", "geometry": {"type": "Polygon", "coordinates": [[[158.804129, 51.053577, -20430.010696], [158.834459, 50.929571, -18174.397975], [158.989301, 51.007645, -17556.580409], [158.804129, 51.053577, -20430.010696]]]}, "properties": {"slip": 10.869507007361184}}, {"type": "Feature", "geometry": {"type": "Polygon", "coordinates": [[[158.834459, 50.929571, -18174.397975], [158.650142, 50.975122, -21110.640556], [158.682236, 50.851664, -18736.121525], [158.834459, 50.929571, -18174.397975]]]}, "properties": {"slip": 10.000893975839288}}, {"type": "Feature", "geometry": {"type": "Polygon", "coordinates": [[[157.159912, 50.188272, -28419.161586], [157.015402, 50.108385, -29398.793214], [157.197895, 50.067611, -24858.689237], [157.159912, 50.188272, -28419.161586]]]}, "properties": {"slip": 14.296185047792163}}, {"type": "Feature", "geometry": {"type": "Polygon", "coordinates": [[[158.930743, 51.256841, -22227.494483], [158.773855, 51.177916, -23133.558096], [158.960478, 51.132084, -19676.579317], [158.930743, 51.256841, -22227.494483]]]}, "properties": {"slip": 10.790623569658177}}, {"type": "Feature", "geometry": {"type": "Polygon", "coordinates": [[[160.25727, 51.762272, -13614.997491], [160.066151, 51.811163, -15628.431513], [160.090794, 51.684936, -14199.579551], [160.25727, 51.762272, -13614.997491]]]}, "properties": {"slip": 6.134615215128904}}, {"type": "Feature", "geometry": {"type": "Polygon", "coordinates": [[[158.960478, 51.132084, -19676.579317], [159.147213, 51.085631, -16887.016703], [159.118459, 51.210582, -18868.708037], [158.960478, 51.132084, -19676.579317]]]}, "properties": {"slip": 10.223852125350145}}, {"type": "Feature", "geometry": {"type": "Polygon", "coordinates": [[[156.246342, 49.955289, -44258.839312], [156.432785, 49.914511, -37449.90983], [156.395335, 50.038568, -42787.994393], [156.246342, 49.955289, -44258.839312]]]}, "properties": {"slip": 4.0977700599270594}}, {"type": "Feature", "geometry": {"type": "Polygon", "coordinates": [[[158.989301, 51.007645, -17556.580409], [159.175008, 50.96102, -15220.846142], [159.147213, 51.085631, -16887.016703], [158.989301, 51.007645, -17556.580409]]]}, "properties": {"slip": 9.630610910319211}}, {"type": "Feature", "geometry": {"type": "Polygon", "coordinates": [[[155.797638, 49.261101, -32743.176921], [155.759544, 49.379968, -38086.593915], [155.620604, 49.297872, -39058.034777], [155.797638, 49.261101, -32743.176921]]]}, "properties": {"slip": 1.277076618661445}}, {"type": "Feature", "geometry": {"type": "Polygon", "coordinates": [[[156.498599, 49.668084, -28404.329515], [156.355323, 49.585304, -29243.877175], [156.530214, 49.545104, -24675.721238], [156.498599, 49.668084, -28404.329515]]]}, "properties": {"slip": 5.594040309566504}}, {"type": "Feature", "geometry": {"type": "Polygon", "coordinates": [[[159.059216, 51.461264, -24079.570808], [159.089241, 51.335671, -21239.92833], [159.248181, 51.414572, -20213.663494], [159.059216, 51.461264, -24079.570808]]]}, "properties": {"slip": 9.55848993228762}}, {"type": "Feature", "geometry": {"type": "Polygon", "coordinates": [[[159.514084, 51.825962, -22910.70026], [159.678386, 51.906152, -21587.738359], [159.485634, 51.954095, -25939.230572], [159.514084, 51.825962, -22910.70026]]]}, "properties": {"slip": 6.683019813770779}}, {"type": "Feature", "geometry": {"type": "Polygon", "coordinates": [[[159.485634, 51.954095, -25939.230572], [159.678386, 51.906152, -21587.738359], [159.650323, 52.034249, -24368.380213], [159.485634, 51.954095, -25939.230572]]]}, "properties": {"slip": 6.587287723702772}}, {"type": "Feature", "geometry": {"type": "Polygon", "coordinates": [[[155.483614, 49.216057, -39877.175073], [155.527693, 49.103521, -34202.390006], [155.661734, 49.181122, -33487.442119], [155.483614, 49.216057, -39877.175073]]]}, "properties": {"slip": 0.4846366223224722}}, {"type": "Feature", "geometry": {"type": "Polygon", "coordinates": [[[160.109179, 51.556392, -12981.093035], [160.090794, 51.684936, -14199.579551], [159.922933, 51.604296, -14850.941768], [160.109179, 51.556392, -12981.093035]]]}, "properties": {"slip": 6.122123664087869}}, {"type": "Feature", "geometry": {"type": "Polygon", "coordinates": [[[158.194154, 50.741938, -22853.637408], [158.374993, 50.698733, -19836.754821], [158.345407, 50.81922, -22295.616308], [158.194154, 50.741938, -22853.637408]]]}, "properties": {"slip": 9.602514397025965}}, {"type": "Feature", "geometry": {"type": "Polygon", "coordinates": [[[160.132831, 51.000121, -9437.433487], [160.25, 51.1, -9396.460533], [160.051474, 51.117836, -10437.083101], [160.132831, 51.000121, -9437.433487]]]}, "properties": {"slip": 8.86110883788968}}, {"type": "Feature", "geometry": {"type": "Polygon", "coordinates": [[[157.564667, 50.548396, -29012.290908], [157.416353, 50.467883, -30077.09968], [157.60103, 50.427319, -25484.837876], [157.564667, 50.548396, -29012.290908]]]}, "properties": {"slip": 7.032488881356517}}, {"type": "Feature", "geometry": {"type": "Polygon", "coordinates": [[[158.900743, 51.381993, -25270.391976], [159.089241, 51.335671, -21239.92833], [159.059216, 51.461264, -24079.570808], [158.900743, 51.381993, -25270.391976]]]}, "properties": {"slip": 8.418392340108857}}, {"type": "Feature", "geometry": {"type": "Polygon", "coordinates": [[[158.771828, 51.888119, -42664.358463], [158.739322, 52.016254, -47866.504312], [158.577467, 51.934814, -50015.42434], [158.771828, 51.888119, -42664.358463]]]}, "properties": {"slip": 3.1495235094321723}}, {"type": "Feature", "geometry": {"type": "Polygon", "coordinates": [[[158.586316, 51.223365, -27315.483125], [158.554029, 51.347986, -31249.451262], [158.398402, 51.268322, -32174.232175], [158.586316, 51.223365, -27315.483125]]]}, "properties": {"slip": 5.6347717543445865}}, {"type": "Feature", "geometry": {"type": "Polygon", "coordinates": [[[160.009541, 52.065106, -19320.881906], [159.84419, 51.985412, -20381.160785], [160.03719, 51.93777, -17334.179359], [160.009541, 52.065106, -19320.881906]]]}, "properties": {"slip": 8.548132707238311}}, {"type": "Feature", "geometry": {"type": "Polygon", "coordinates": [[[158.804138, 51.760591, -37672.636596], [158.771828, 51.888119, -42664.358463], [158.610691, 51.807059, -44606.66204], [158.804138, 51.760591, -37672.636596]]]}, "properties": {"slip": 3.3756224228449945}}, {"type": "Feature", "geometry": {"type": "Polygon", "coordinates": [[[159.189068, 51.666836, -25901.708205], [159.218798, 51.540484, -22820.471901], [159.380115, 51.61949, -21546.439995], [159.189068, 51.666836, -25901.708205]]]}, "properties": {"slip": 8.75953365025641}}, {"type": "Feature", "geometry": {"type": "Polygon", "coordinates": [[[159.02844, 51.58727, -27436.607941], [158.997269, 51.713807, -31316.509385], [158.836464, 51.633573, -33036.633471], [159.02844, 51.58727, -27436.607941]]]}, "properties": {"slip": 6.955328804564979}}, {"type": "Feature", "geometry": {"type": "Polygon", "coordinates": [[[160.965363, 53.017241, -19393.72], [160.861934, 53.103745, -22100.232913], [160.780995, 53.00379, -21850.052413], [160.965363, 53.017241, -19393.72]]]}, "properties": {"slip": 1.9223772964785366}}, {"type": "Feature", "geometry": {"type": "Polygon", "coordinates": [[[158.618369, 51.098999, -23941.931268], [158.586316, 51.223365, -27315.483125], [158.432269, 51.143842, -28114.412422], [158.618369, 51.098999, -23941.931268]]]}, "properties": {"slip": 7.484421583033036}}, {"type": "Feature", "geometry": {"type": "Polygon", "coordinates": [[[158.836464, 51.633573, -33036.633471], [158.804138, 51.760591, -37672.636596], [158.643085, 51.679561, -39408.7213], [158.836464, 51.633573, -33036.633471]]]}, "properties": {"slip": 3.370190133226515}}, {"type": "Feature", "geometry": {"type": "Polygon", "coordinates": [[[158.903725, 52.097669, -45331.560901], [159.066718, 52.175425, -42599.449978], [158.882011, 52.220701, -49866.815314], [158.903725, 52.097669, -45331.560901]]]}, "properties": {"slip": 3.705418962923401}}, {"type": "Feature", "geometry": {"type": "Polygon", "coordinates": [[[159.661187, 52.457788, -33665.373163], [159.454951, 52.441674, -38718.530386], [159.5881, 52.328542, -32241.828336], [159.661187, 52.457788, -33665.373163]]]}, "properties": {"slip": 4.408889121401844}}, {"type": "Feature", "geometry": {"type": "Polygon", "coordinates": [[[160.184138, 52.945585, -32641.725298], [159.971601, 52.938027, -37896.782319], [160.104932, 52.831265, -31875.820655], [160.184138, 52.945585, -32641.725298]]]}, "properties": {"slip": 0.936707736240933}}, {"type": "Feature", "geometry": {"type": "Polygon", "coordinates": [[[158.743062, 51.302755, -26359.510073], [158.930743, 51.256841, -22227.494483], [158.900743, 51.381993, -25270.391976], [158.743062, 51.302755, -26359.510073]]]}, "properties": {"slip": 8.16224894708215}}, {"type": "Feature", "geometry": {"type": "Polygon", "coordinates": [[[159.739995, 52.577052, -34693.28711], [159.534419, 52.557674, -39682.789324], [159.661187, 52.457788, -33665.373163], [159.739995, 52.577052, -34693.28711]]]}, "properties": {"slip": 2.839665848742251}}, {"type": "Feature", "geometry": {"type": "Polygon", "coordinates": [[[159.814976, 52.697286, -35832.037085], [159.61382, 52.676575, -40727.154967], [159.739995, 52.577052, -34693.28711], [159.814976, 52.697286, -35832.037085]]]}, "properties": {"slip": 1.745528642233195}}, {"type": "Feature", "geometry": {"type": "Polygon", "coordinates": [[[160.111057, 52.401879, -23079.492591], [160.282092, 52.474014, -21521.744613], [160.093849, 52.528265, -25682.579639], [160.111057, 52.401879, -23079.492591]]]}, "properties": {"slip": 7.166727476846203}}, {"type": "Feature", "geometry": {"type": "Polygon", "coordinates": [[[158.577467, 51.934814, -50015.42434], [158.52103, 52.054229, -55855.550117], [158.366554, 51.956165, -56905.691854], [158.577467, 51.934814, -50015.42434]]]}, "properties": {"slip": 2.5110269214984178}}, {"type": "Feature", "geometry": {"type": "Polygon", "coordinates": [[[161.25, 51.95, -9325.042725], [161.361739, 52.050172, -9257.092546], [161.168927, 52.075813, -10284.978095], [161.25, 51.95, -9325.042725]]]}, "properties": {"slip": 9.279630395130043}}, {"type": "Feature", "geometry": {"type": "Polygon", "coordinates": [[[158.739322, 52.016254, -47866.504312], [158.935361, 51.969246, -40374.427596], [158.903725, 52.097669, -45331.560901], [158.739322, 52.016254, -47866.504312]]]}, "properties": {"slip": 3.562564491278362}}, {"type": "Feature", "geometry": {"type": "Polygon", "coordinates": [[[156.134077, 49.747747, -40231.878936], [156.322515, 49.708363, -33683.072643], [156.284801, 49.831538, -38740.170832], [156.134077, 49.747747, -40231.878936]]]}, "properties": {"slip": 4.4227762366089785}}, {"type": "Feature", "geometry": {"type": "Polygon", "coordinates": [[[156.809766, 49.151427, -14491.390533], [156.635807, 49.190137, -16609.101989], [156.671096, 49.071367, -14734.274527], [156.809766, 49.151427, -14491.390533]]]}, "properties": {"slip": 5.242324987013786}}, {"type": "Feature", "geometry": {"type": "Polygon", "coordinates": [[[160.780995, 53.00379, -21850.052413], [160.66735, 53.090496, -25262.927016], [160.593687, 52.979847, -24624.403663], [160.780995, 53.00379, -21850.052413]]]}, "properties": {"slip": 2.3051478591712047}}, {"type": "Feature", "geometry": {"type": "Polygon", "coordinates": [[[160.465687, 53.07539, -29067.341836], [160.341526, 53.173959, -34237.727693], [160.261202, 53.059944, -33475.98688], [160.465687, 53.07539, -29067.341836]]]}, "properties": {"slip": 1.6817090870297935}}, {"type": "Feature", "geometry": {"type": "Polygon", "coordinates": [[[158.513107, 50.21957, -12976.605753], [158.482614, 50.337226, -14296.659837], [158.33976, 50.261472, -14561.717345], [158.513107, 50.21957, -12976.605753]]]}, "properties": {"slip": 11.438102324810131}}, {"type": "Feature", "geometry": {"type": "Polygon", "coordinates": [[[158.804129, 51.053577, -20430.010696], [158.989301, 51.007645, -17556.580409], [158.960478, 51.132084, -19676.579317], [158.804129, 51.053577, -20430.010696]]]}, "properties": {"slip": 11.021912548989746}}, {"type": "Feature", "geometry": {"type": "Polygon", "coordinates": [[[156.635807, 49.190137, -16609.101989], [156.462046, 49.228545, -19247.362338], [156.496202, 49.110225, -16926.640299], [156.635807, 49.190137, -16609.101989]]]}, "properties": {"slip": 3.529697634670693}}, {"type": "Feature", "geometry": {"type": "Polygon", "coordinates": [[[156.584548, 48.747313, -11985.25708], [156.423436, 48.789814, -13463.84165], [156.444015, 48.676501, -12167.506869], [156.584548, 48.747313, -11985.25708]]]}, "properties": {"slip": 0.7650698619405711}}, {"type": "Feature", "geometry": {"type": "Polygon", "coordinates": [[[160.25727, 51.762272, -13614.997491], [160.090794, 51.684936, -14199.579551], [160.275764, 51.639607, -12508.439268], [160.25727, 51.762272, -13614.997491]]]}, "properties": {"slip": 6.135625657307623}}, {"type": "Feature", "geometry": {"type": "Polygon", "coordinates": [[[159.129473, 51.921612, -33513.07043], [158.966359, 51.841229, -35660.77573], [159.158996, 51.793768, -29482.157841], [159.129473, 51.921612, -33513.07043]]]}, "properties": {"slip": 5.744970572511114}}, {"type": "Feature", "geometry": {"type": "Polygon", "coordinates": [[[159.514084, 51.825962, -22910.70026], [159.706933, 51.778911, -19218.495295], [159.678386, 51.906152, -21587.738359], [159.514084, 51.825962, -22910.70026]]]}, "properties": {"slip": 5.851578775229153}}, {"type": "Feature", "geometry": {"type": "Polygon", "coordinates": [[[158.398402, 51.268322, -32174.232175], [158.364291, 51.393419, -36787.77986], [158.210189, 51.312699, -37628.665582], [158.398402, 51.268322, -32174.232175]]]}, "properties": {"slip": 4.092336719752067}}, {"type": "Feature", "geometry": {"type": "Polygon", "coordinates": [[[158.312891, 50.941538, -25284.644708], [158.345407, 50.81922, -22295.616308], [158.497903, 50.896696, -21711.295518], [158.312891, 50.941538, -25284.644708]]]}, "properties": {"slip": 10.109486119677829}}, {"type": "Feature", "geometry": {"type": "Polygon", "coordinates": [[[160.093849, 52.528265, -25682.579639], [160.282092, 52.474014, -21521.744613], [160.26251, 52.593647, -23787.176895], [160.093849, 52.528265, -25682.579639]]]}, "properties": {"slip": 6.800377160416117}}, {"type": "Feature", "geometry": {"type": "Polygon", "coordinates": [[[159.189068, 51.666836, -25901.708205], [159.380115, 51.61949, -21546.439995], [159.350949, 51.746303, -24367.618993], [159.189068, 51.666836, -25901.708205]]]}, "properties": {"slip": 8.741852908773799}}, {"type": "Feature", "geometry": {"type": "Polygon", "coordinates": [[[160.016165, 50.900121, -9484.093986], [160.132831, 51.000121, -9437.433487], [159.944282, 51.010697, -10405.880787], [160.016165, 50.900121, -9484.093986]]]}, "properties": {"slip": 5.837951804085972}}, {"type": "Feature", "geometry": {"type": "Polygon", "coordinates": [[[157.416353, 50.467883, -30077.09968], [157.379454, 50.589929, -34328.072845], [157.229749, 50.508338, -35665.783024], [157.416353, 50.467883, -30077.09968]]]}, "properties": {"slip": 4.571256209373059}}, {"type": "Feature", "geometry": {"type": "Polygon", "coordinates": [[[158.577467, 51.934814, -50015.42434], [158.739322, 52.016254, -47866.504312], [158.52103, 52.054229, -55855.550117], [158.577467, 51.934814, -50015.42434]]]}, "properties": {"slip": 3.1332832172586684}}, {"type": "Feature", "geometry": {"type": "Polygon", "coordinates": [[[159.246618, 52.422563, -44292.941992], [159.114266, 52.519826, -51310.957599], [159.03671, 52.398427, -50221.696903], [159.246618, 52.422563, -44292.941992]]]}, "properties": {"slip": 1.5697245522907581}}, {"type": "Feature", "geometry": {"type": "Polygon", "coordinates": [[[157.088008, 49.310083, -14009.218369], [157.227582, 49.388476, -13790.634025], [157.053163, 49.42833, -15706.858545], [157.088008, 49.310083, -14009.218369]]]}, "properties": {"slip": 10.917178605738371}}, {"type": "Feature", "geometry": {"type": "Polygon", "coordinates": [[[157.366786, 48.873989, -8999.681177], [157.330824, 49.012777, -9994.335921], [157.178855, 48.910909, -10044.662252], [157.366786, 48.873989, -8999.681177]]]}, "properties": {"slip": 8.556423343202567}}, {"type": "Feature", "geometry": {"type": "Polygon", "coordinates": [[[156.671096, 49.071367, -14734.274527], [156.635807, 49.190137, -16609.101989], [156.496202, 49.110225, -16926.640299], [156.671096, 49.071367, -14734.274527]]]}, "properties": {"slip": 3.9690792718394508}}, {"type": "Feature", "geometry": {"type": "Polygon", "coordinates": [[[160.446089, 52.54746, -20197.140058], [160.603692, 52.619092, -19034.414648], [160.427628, 52.662593, -22155.147871], [160.446089, 52.54746, -20197.140058]]]}, "properties": {"slip": 4.32744515326404}}, {"type": "Feature", "geometry": {"type": "Polygon", "coordinates": [[[158.771828, 51.888119, -42664.358463], [158.935361, 51.969246, -40374.427596], [158.739322, 52.016254, -47866.504312], [158.771828, 51.888119, -42664.358463]]]}, "properties": {"slip": 3.364916471283958}}, {"type": "Feature", "geometry": {"type": "Polygon", "coordinates": [[[158.370314, 50.144047, -13209.666227], [158.33976, 50.261472, -14561.717345], [158.193756, 50.185689, -14860.439718], [158.370314, 50.144047, -13209.666227]]]}, "properties": {"slip": 14.4003440818476}}, {"type": "Feature", "geometry": {"type": "Polygon", "coordinates": [[[158.989301, 51.007645, -17556.580409], [159.147213, 51.085631, -16887.016703], [158.960478, 51.132084, -19676.579317], [158.989301, 51.007645, -17556.580409]]]}, "properties": {"slip": 10.12102983792946}}, {"type": "Feature", "geometry": {"type": "Polygon", "coordinates": [[[158.103734, 51.694962, -54283.499736], [158.298697, 51.646632, -47294.973692], [158.269307, 51.769867, -52687.057715], [158.103734, 51.694962, -54283.499736]]]}, "properties": {"slip": 1.422909784403523}}, {"type": "Feature", "geometry": {"type": "Polygon", "coordinates": [[[158.836464, 51.633573, -33036.633471], [158.997269, 51.713807, -31316.509385], [158.804138, 51.760591, -37672.636596], [158.836464, 51.633573, -33036.633471]]]}, "properties": {"slip": 5.69288545761293}}, {"type": "Feature", "geometry": {"type": "Polygon", "coordinates": [[[156.462046, 49.228545, -19247.362338], [156.323692, 49.149034, -19646.8723], [156.496202, 49.110225, -16926.640299], [156.462046, 49.228545, -19247.362338]]]}, "properties": {"slip": 2.068729955173797}}, {"type": "Feature", "geometry": {"type": "Polygon", "coordinates": [[[158.771828, 51.888119, -42664.358463], [158.966359, 51.841229, -35660.77573], [158.935361, 51.969246, -40374.427596], [158.771828, 51.888119, -42664.358463]]]}, "properties": {"slip": 4.314899922933001}}, {"type": "Feature", "geometry": {"type": "Polygon", "coordinates": [[[159.059216, 51.461264, -24079.570808], [159.248181, 51.414572, -20213.663494], [159.218798, 51.540484, -22820.471901], [159.059216, 51.461264, -24079.570808]]]}, "properties": {"slip": 9.694899871932193}}, {"type": "Feature", "geometry": {"type": "Polygon", "coordinates": [[[159.661187, 52.457788, -33665.373163], [159.534419, 52.557674, -39682.789324], [159.454951, 52.441674, -38718.530386], [159.661187, 52.457788, -33665.373163]]]}, "properties": {"slip": 2.911266227862823}}, {"type": "Feature", "geometry": {"type": "Polygon", "coordinates": [[[157.227582, 49.388476, -13790.634025], [157.401625, 49.348893, -12220.519297], [157.369968, 49.469818, -13605.283897], [157.227582, 49.388476, -13790.634025]]]}, "properties": {"slip": 11.89527296203251}}, {"type": "Feature", "geometry": {"type": "Polygon", "coordinates": [[[158.869616, 51.507462, -28863.041004], [158.675614, 51.552421, -34545.974633], [158.711554, 51.427724, -30142.522779], [158.869616, 51.507462, -28863.041004]]]}, "properties": {"slip": 5.261514429842497}}, {"type": "Feature", "geometry": {"type": "Polygon", "coordinates": [[[160.25727, 51.762272, -13614.997491], [160.229324, 51.890104, -14988.253271], [160.066151, 51.811163, -15628.431513], [160.25727, 51.762272, -13614.997491]]]}, "properties": {"slip": 6.6815077325377805}}, {"type": "Feature", "geometry": {"type": "Polygon", "coordinates": [[[157.017877, 49.547063, -17729.184915], [157.193353, 49.507112, -15440.71586], [157.160309, 49.626806, -17380.791794], [157.017877, 49.547063, -17729.184915]]]}, "properties": {"slip": 11.728746001717854}}, {"type": "Feature", "geometry": {"type": "Polygon", "coordinates": [[[159.02844, 51.58727, -27436.607941], [159.189068, 51.666836, -25901.708205], [158.997269, 51.713807, -31316.509385], [159.02844, 51.58727, -27436.607941]]]}, "properties": {"slip": 7.334031895168073}}, {"type": "Feature", "geometry": {"type": "Polygon", "coordinates": [[[156.948445, 49.231225, -14251.005382], [156.774203, 49.269758, -16298.782015], [156.809766, 49.151427, -14491.390533], [156.948445, 49.231225, -14251.005382]]]}, "properties": {"slip": 7.377127400478527}}, {"type": "Feature", "geometry": {"type": "Polygon", "coordinates": [[[159.678386, 51.906152, -21587.738359], [159.706933, 51.778911, -19218.495295], [159.873202, 51.859215, -18212.881378], [159.678386, 51.906152, -21587.738359]]]}, "properties": {"slip": 6.428420418531523}}, {"type": "Feature", "geometry": {"type": "Polygon", "coordinates": [[[158.773855, 51.177916, -23133.558096], [158.804129, 51.053577, -20430.010696], [158.960478, 51.132084, -19676.579317], [158.773855, 51.177916, -23133.558096]]]}, "properties": {"slip": 10.655771114906402}}, {"type": "Feature", "geometry": {"type": "Polygon", "coordinates": [[[157.053163, 49.42833, -15706.858545], [157.227582, 49.388476, -13790.634025], [157.193353, 49.507112, -15440.71586], [157.053163, 49.42833, -15706.858545]]]}, "properties": {"slip": 12.055191945307058}}, {"type": "Feature", "geometry": {"type": "Polygon", "coordinates": [[[159.02844, 51.58727, -27436.607941], [159.218798, 51.540484, -22820.471901], [159.189068, 51.666836, -25901.708205], [159.02844, 51.58727, -27436.607941]]]}, "properties": {"slip": 8.438394849390987}}, {"type": "Feature", "geometry": {"type": "Polygon", "coordinates": [[[159.248181, 51.414572, -20213.663494], [159.436589, 51.367474, -17186.66289], [159.407919, 51.493222, -19183.501675], [159.248181, 51.414572, -20213.663494]]]}, "properties": {"slip": 9.106635804016122}}, {"type": "Feature", "geometry": {"type": "Polygon", "coordinates": [[[158.210189, 51.312699, -37628.665582], [158.176474, 51.436769, -42711.59349], [158.028026, 51.354799, -43418.940252], [158.210189, 51.312699, -37628.665582]]]}, "properties": {"slip": 3.9362684932758536}}, {"type": "Feature", "geometry": {"type": "Polygon", "coordinates": [[[160.104932, 52.831265, -31875.820655], [159.890933, 52.820516, -37005.042643], [160.014366, 52.716503, -31368.029933], [160.104932, 52.831265, -31875.820655]]]}, "properties": {"slip": 1.2997314478728577}}, {"type": "Feature", "geometry": {"type": "Polygon", "coordinates": [[[159.293452, 52.003044, -31409.629256], [159.485634, 51.954095, -25939.230572], [159.45937, 52.087089, -29462.968709], [159.293452, 52.003044, -31409.629256]]]}, "properties": {"slip": 7.819375519094871}}, {"type": "Feature", "geometry": {"type": "Polygon", "coordinates": [[[159.350949, 51.746303, -24367.618993], [159.380115, 51.61949, -21546.439995], [159.542098, 51.698446, -20334.959746], [159.350949, 51.746303, -24367.618993]]]}, "properties": {"slip": 7.886549272371075}}, {"type": "Feature", "geometry": {"type": "Polygon", "coordinates": [[[157.401625, 49.348893, -12220.519297], [157.548057, 49.435485, -12104.762282], [157.369968, 49.469818, -13605.283897], [157.401625, 49.348893, -12220.519297]]]}, "properties": {"slip": 11.948448041911405}}, {"type": "Feature", "geometry": {"type": "Polygon", "coordinates": [[[159.84419, 51.985412, -20381.160785], [159.678386, 51.906152, -21587.738359], [159.873202, 51.859215, -18212.881378], [159.84419, 51.985412, -20381.160785]]]}, "properties": {"slip": 7.258713244217516}}, {"type": "Feature", "geometry": {"type": "Polygon", "coordinates": [[[159.624295, 51.320145, -14817.303336], [159.808828, 51.272442, -12939.367377], [159.783858, 51.397932, -14154.212274], [159.624295, 51.320145, -14817.303336]]]}, "properties": {"slip": 7.972012124324974}}, {"type": "Feature", "geometry": {"type": "Polygon", "coordinates": [[[157.342157, 50.147703, -24068.214236], [157.522663, 50.106664, -20577.43487], [157.488423, 50.227286, -23261.52854], [157.342157, 50.147703, -24068.214236]]]}, "properties": {"slip": 17.972248745045103}}, {"type": "Feature", "geometry": {"type": "Polygon", "coordinates": [[[158.143359, 51.56428, -48240.438206], [158.331664, 51.519413, -41849.362232], [158.298697, 51.646632, -47294.973692], [158.143359, 51.56428, -48240.438206]]]}, "properties": {"slip": 2.4723071134421395}}, {"type": "Feature", "geometry": {"type": "Polygon", "coordinates": [[[158.804138, 51.760591, -37672.636596], [158.966359, 51.841229, -35660.77573], [158.771828, 51.888119, -42664.358463], [158.804138, 51.760591, -37672.636596]]]}, "properties": {"slip": 4.354903785150209}}, {"type": "Feature", "geometry": {"type": "Polygon", "coordinates": [[[155.57427, 48.985259, -28933.726287], [155.409168, 49.034149, -34759.743496], [155.445645, 48.962374, -31194.457598], [155.57427, 48.985259, -28933.726287]]]}, "properties": {"slip": 0.87503689990082}}, {"type": "Feature", "geometry": {"type": "Polygon", "coordinates": [[[158.804138, 51.760591, -37672.636596], [158.997269, 51.713807, -31316.509385], [158.966359, 51.841229, -35660.77573], [158.804138, 51.760591, -37672.636596]]]}, "properties": {"slip": 5.133339644147678}}, {"type": "Feature", "geometry": {"type": "Polygon", "coordinates": [[[159.350949, 51.746303, -24367.618993], [159.542098, 51.698446, -20334.959746], [159.514084, 51.825962, -22910.70026], [159.350949, 51.746303, -24367.618993]]]}, "properties": {"slip": 6.910005017712866}}, {"type": "Feature", "geometry": {"type": "Polygon", "coordinates": [[[158.85, 49.95, -9319.036484], [158.959176, 50.040211, -9384.052207], [158.78416, 50.055525, -10238.272326], [158.85, 49.95, -9319.036484]]]}, "properties": {"slip": 13.347882963201194}}, {"type": "Feature", "geometry": {"type": "Polygon", "coordinates": [[[158.618369, 51.098999, -23941.931268], [158.650142, 50.975122, -21110.640556], [158.804129, 51.053577, -20430.010696], [158.618369, 51.098999, -23941.931268]]]}, "properties": {"slip": 9.932243009850334}}, {"type": "Feature", "geometry": {"type": "Polygon", "coordinates": [[[158.959176, 50.040211, -9384.052207], [159.068761, 50.130317, -9459.461882], [158.889436, 50.145796, -10340.082846], [158.959176, 50.040211, -9384.052207]]]}, "properties": {"slip": 14.334004179706161}}, {"type": "Feature", "geometry": {"type": "Polygon", "coordinates": [[[159.068761, 50.130317, -9459.461882], [159.178759, 50.220318, -9518.955799], [159.005052, 50.235007, -10376.522995], [159.068761, 50.130317, -9459.461882]]]}, "properties": {"slip": 17.281843746061764}}, {"type": "Feature", "geometry": {"type": "Polygon", "coordinates": [[[159.178759, 50.220318, -9518.955799], [159.289171, 50.310213, -9565.067932], [159.11919, 50.323047, -10400.394762], [159.178759, 50.220318, -9518.955799]]]}, "properties": {"slip": 17.462367249285247}}, {"type": "Feature", "geometry": {"type": "Polygon", "coordinates": [[[159.289171, 50.310213, -9565.067932], [159.4, 50.4, -9602.576256], [159.222837, 50.416463, -10495.630431], [159.289171, 50.310213, -9565.067932]]]}, "properties": {"slip": 14.371597252137565}}, {"type": "Feature", "geometry": {"type": "Polygon", "coordinates": [[[156.981913, 49.666536, -20150.627531], [157.160309, 49.626806, -17380.791794], [157.125678, 49.746852, -19691.88186], [156.981913, 49.666536, -20150.627531]]]}, "properties": {"slip": 16.190669437964694}}, {"type": "Feature", "geometry": {"type": "Polygon", "coordinates": [[[156.112349, 49.304551, -26750.263912], [156.074745, 49.423288, -31042.357354], [155.936226, 49.342266, -31911.065654], [156.112349, 49.304551, -26750.263912]]]}, "properties": {"slip": 2.287773567613918}}, {"type": "Feature", "geometry": {"type": "Polygon", "coordinates": [[[159.514084, 51.825962, -22910.70026], [159.542098, 51.698446, -20334.959746], [159.706933, 51.778911, -19218.495295], [159.514084, 51.825962, -22910.70026]]]}, "properties": {"slip": 5.453472914352226}}, {"type": "Feature", "geometry": {"type": "Polygon", "coordinates": [[[158.903725, 52.097669, -45331.560901], [158.882011, 52.220701, -49866.815314], [158.676438, 52.153, -54349.297214], [158.903725, 52.097669, -45331.560901]]]}, "properties": {"slip": 3.4959684564117226}}, {"type": "Feature", "geometry": {"type": "Polygon", "coordinates": [[[158.398402, 51.268322, -32174.232175], [158.554029, 51.347986, -31249.451262], [158.364291, 51.393419, -36787.77986], [158.398402, 51.268322, -32174.232175]]]}, "properties": {"slip": 3.815262599139262}}, {"type": "Feature", "geometry": {"type": "Polygon", "coordinates": [[[158.656477, 50.294994, -12736.212666], [158.694847, 50.160529, -11424.132893], [158.832579, 50.256979, -11403.518289], [158.656477, 50.294994, -12736.212666]]]}, "properties": {"slip": 10.657679625443793}}, {"type": "Feature", "geometry": {"type": "Polygon", "coordinates": [[[158.618369, 51.098999, -23941.931268], [158.804129, 51.053577, -20430.010696], [158.773855, 51.177916, -23133.558096], [158.618369, 51.098999, -23941.931268]]]}, "properties": {"slip": 10.588831616542377}}, {"type": "Feature", "geometry": {"type": "Polygon", "coordinates": [[[159.059216, 51.461264, -24079.570808], [159.218798, 51.540484, -22820.471901], [159.02844, 51.58727, -27436.607941], [159.059216, 51.461264, -24079.570808]]]}, "properties": {"slip": 8.74386218618359}}, {"type": "Feature", "geometry": {"type": "Polygon", "coordinates": [[[158.739322, 52.016254, -47866.504312], [158.903725, 52.097669, -45331.560901], [158.676438, 52.153, -54349.297214], [158.739322, 52.016254, -47866.504312]]]}, "properties": {"slip": 3.2129853819473424}}, {"type": "Feature", "geometry": {"type": "Polygon", "coordinates": [[[156.948028, 49.787052, -23002.21123], [157.125678, 49.746852, -19691.88186], [157.08947, 49.867059, -22438.387886], [156.948028, 49.787052, -23002.21123]]]}, "properties": {"slip": 16.805660182354018}}, {"type": "Feature", "geometry": {"type": "Polygon", "coordinates": [[[159.555903, 50.726823, -10777.543868], [159.389238, 50.78869, -12141.768548], [159.370019, 50.695035, -11579.581825], [159.555903, 50.726823, -10777.543868]]]}, "properties": {"slip": 8.26161113533737}}, {"type": "Feature", "geometry": {"type": "Polygon", "coordinates": [[[159.783858, 51.397932, -14154.212274], [159.808828, 51.272442, -12939.367377], [159.963063, 51.352947, -12454.393378], [159.783858, 51.397932, -14154.212274]]]}, "properties": {"slip": 7.444508574662758}}, {"type": "Feature", "geometry": {"type": "Polygon", "coordinates": [[[159.26623, 52.134861, -35580.679664], [159.293452, 52.003044, -31409.629256], [159.45937, 52.087089, -29462.968709], [159.26623, 52.134861, -35580.679664]]]}, "properties": {"slip": 6.707608732651023}}, {"type": "Feature", "geometry": {"type": "Polygon", "coordinates": [[[158.176474, 51.436769, -42711.59349], [158.364291, 51.393419, -36787.77986], [158.331664, 51.519413, -41849.362232], [158.176474, 51.436769, -42711.59349]]]}, "properties": {"slip": 3.5870706293710213}}, {"type": "Feature", "geometry": {"type": "Polygon", "coordinates": [[[158.586316, 51.223365, -27315.483125], [158.398402, 51.268322, -32174.232175], [158.432269, 51.143842, -28114.412422], [158.586316, 51.223365, -27315.483125]]]}, "properties": {"slip": 5.713383150748298}}, {"type": "Feature", "geometry": {"type": "Polygon", "coordinates": [[[158.586316, 51.223365, -27315.483125], [158.773855, 51.177916, -23133.558096], [158.743062, 51.302755, -26359.510073], [158.586316, 51.223365, -27315.483125]]]}, "properties": {"slip": 8.78331102686653}}, {"type": "Feature", "geometry": {"type": "Polygon", "coordinates": [[[156.746861, 50.400481, -45625.527464], [156.938249, 50.351533, -38466.730671], [156.897196, 50.483466, -44147.411964], [156.746861, 50.400481, -45625.527464]]]}, "properties": {"slip": 3.2068069218260122}}, {"type": "Feature", "geometry": {"type": "Polygon", "coordinates": [[[160.799119, 52.117743, -12677.89326], [160.916318, 52.22246, -12603.34923], [160.703616, 52.234162, -14222.33969], [160.799119, 52.117743, -12677.89326]]]}, "properties": {"slip": 5.977123407700803}}, {"type": "Feature", "geometry": {"type": "Polygon", "coordinates": [[[155.620604, 49.297872, -39058.034777], [155.579028, 49.417056, -45268.355847], [155.440797, 49.332688, -46218.752474], [155.620604, 49.297872, -39058.034777]]]}, "properties": {"slip": 0.39683632730882945}}, {"type": "Feature", "geometry": {"type": "Polygon", "coordinates": [[[160.390082, 51.970652, -14437.92331], [160.229324, 51.890104, -14988.253271], [160.418633, 51.841386, -13142.053289], [160.390082, 51.970652, -14437.92331]]]}, "properties": {"slip": 6.9872228843578945}}, {"type": "Feature", "geometry": {"type": "Polygon", "coordinates": [[[159.944754, 51.476293, -13538.626783], [159.963063, 51.352947, -12454.393378], [160.160435, 51.425871, -11699.126816], [159.944754, 51.476293, -13538.626783]]]}, "properties": {"slip": 6.80325675177307}}, {"type": "Feature", "geometry": {"type": "Polygon", "coordinates": [[[158.863422, 50.805533, -16290.431866], [158.834459, 50.929571, -18174.397975], [158.682236, 50.851664, -18736.121525], [158.863422, 50.805533, -16290.431866]]]}, "properties": {"slip": 10.041990851391175}}, {"type": "Feature", "geometry": {"type": "Polygon", "coordinates": [[[159.739995, 52.577052, -34693.28711], [159.61382, 52.676575, -40727.154967], [159.534419, 52.557674, -39682.789324], [159.739995, 52.577052, -34693.28711]]]}, "properties": {"slip": 1.4394187565961385}}, {"type": "Feature", "geometry": {"type": "Polygon", "coordinates": [[[159.9, 50.8, -9525.533676], [160.016165, 50.900121, -9484.093986], [159.836517, 50.912394, -10417.61061], [159.9, 50.8, -9525.533676]]]}, "properties": {"slip": 4.441752942649816}}, {"type": "Feature", "geometry": {"type": "Polygon", "coordinates": [[[156.703172, 49.505801, -21019.54836], [156.739119, 49.388331, -18454.36848], [156.87834, 49.467693, -18076.71261], [156.703172, 49.505801, -21019.54836]]]}, "properties": {"slip": 6.241873149995428}}, {"type": "Feature", "geometry": {"type": "Polygon", "coordinates": [[[157.748006, 50.506647, -24692.650409], [157.929614, 50.464561, -21251.680861], [157.896118, 50.585506, -24000.483824], [157.748006, 50.506647, -24692.650409]]]}, "properties": {"slip": 9.822272882233584}}, {"type": "Feature", "geometry": {"type": "Polygon", "coordinates": [[[159.189068, 51.666836, -25901.708205], [159.350949, 51.746303, -24367.618993], [159.158996, 51.793768, -29482.157841], [159.189068, 51.666836, -25901.708205]]]}, "properties": {"slip": 7.127998131608836}}, {"type": "Feature", "geometry": {"type": "Polygon", "coordinates": [[[159.944754, 51.476293, -13538.626783], [160.160435, 51.425871, -11699.126816], [160.109179, 51.556392, -12981.093035], [159.944754, 51.476293, -13538.626783]]]}, "properties": {"slip": 5.370103999454723}}, {"type": "Feature", "geometry": {"type": "Polygon", "coordinates": [[[158.103734, 51.694962, -54283.499736], [158.269307, 51.769867, -52687.057715], [158.064776, 51.834052, -60731.424001], [158.103734, 51.694962, -54283.499736]]]}, "properties": {"slip": 0.6767887601334107}}, {"type": "Feature", "geometry": {"type": "Polygon", "coordinates": [[[160.216224, 53.274466, -40097.028064], [159.988384, 53.258254, -46142.940713], [160.139693, 53.15728, -39087.871243], [160.216224, 53.274466, -40097.028064]]]}, "properties": {"slip": 0.6335806623136391}}, {"type": "Feature", "geometry": {"type": "Polygon", "coordinates": [[[156.0105, 49.107089, -23598.76864], [156.044077, 48.988042, -20379.352944], [156.183276, 49.069061, -20045.553159], [156.0105, 49.107089, -23598.76864]]]}, "properties": {"slip": 1.0549509434680535}}, {"type": "Feature", "geometry": {"type": "Polygon", "coordinates": [[[158.771828, 51.888119, -42664.358463], [158.577467, 51.934814, -50015.42434], [158.610691, 51.807059, -44606.66204], [158.771828, 51.888119, -42664.358463]]]}, "properties": {"slip": 3.1585714632934594}}, {"type": "Feature", "geometry": {"type": "Polygon", "coordinates": [[[158.894072, 50.683332, -14694.643455], [158.863422, 50.805533, -16290.431866], [158.713557, 50.728171, -16753.080979], [158.894072, 50.683332, -14694.643455]]]}, "properties": {"slip": 10.767469311159674}}, {"type": "Feature", "geometry": {"type": "Polygon", "coordinates": [[[158.900743, 51.381993, -25270.391976], [159.059216, 51.461264, -24079.570808], [158.869616, 51.507462, -28863.041004], [158.900743, 51.381993, -25270.391976]]]}, "properties": {"slip": 7.033154831575329}}, {"type": "Feature", "geometry": {"type": "Polygon", "coordinates": [[[156.355602, 49.030456, -17234.857123], [156.183276, 49.069061, -20045.553159], [156.216288, 48.94952, -17482.964704], [156.355602, 49.030456, -17234.857123]]]}, "properties": {"slip": 0.2827427905292455}}, {"type": "Feature", "geometry": {"type": "Polygon", "coordinates": [[[160.390082, 51.970652, -14437.92331], [160.202398, 52.016552, -16540.892662], [160.229324, 51.890104, -14988.253271], [160.390082, 51.970652, -14437.92331]]]}, "properties": {"slip": 8.149509647041109}}, {"type": "Feature", "geometry": {"type": "Polygon", "coordinates": [[[157.299929, 50.837636, -44668.762156], [157.494614, 50.795448, -37759.182837], [157.460814, 50.920372, -42918.991223], [157.299929, 50.837636, -44668.762156]]]}, "properties": {"slip": 2.5552526459975438}}, {"type": "Feature", "geometry": {"type": "Polygon", "coordinates": [[[158.586316, 51.223365, -27315.483125], [158.743062, 51.302755, -26359.510073], [158.554029, 51.347986, -31249.451262], [158.586316, 51.223365, -27315.483125]]]}, "properties": {"slip": 6.587101278630684}}, {"type": "Feature", "geometry": {"type": "Polygon", "coordinates": [[[158.618369, 51.098999, -23941.931268], [158.773855, 51.177916, -23133.558096], [158.586316, 51.223365, -27315.483125], [158.618369, 51.098999, -23941.931268]]]}, "properties": {"slip": 8.545738301748152}}, {"type": "Feature", "geometry": {"type": "Polygon", "coordinates": [[[158.997269, 51.713807, -31316.509385], [159.189068, 51.666836, -25901.708205], [159.158996, 51.793768, -29482.157841], [158.997269, 51.713807, -31316.509385]]]}, "properties": {"slip": 6.07033774862009}}, {"type": "Feature", "geometry": {"type": "Polygon", "coordinates": [[[158.162018, 50.863177, -25893.302365], [158.345407, 50.81922, -22295.616308], [158.312891, 50.941538, -25284.644708], [158.162018, 50.863177, -25893.302365]]]}, "properties": {"slip": 8.042989530282515}}, {"type": "Feature", "geometry": {"type": "Polygon", "coordinates": [[[160.974964, 52.107945, -11522.23297], [160.916318, 52.22246, -12603.34923], [160.799119, 52.117743, -12677.89326], [160.974964, 52.107945, -11522.23297]]]}, "properties": {"slip": 7.665175629540675}}, {"type": "Feature", "geometry": {"type": "Polygon", "coordinates": [[[160.389301, 52.962648, -28336.793145], [160.261202, 53.059944, -33475.98688], [160.184138, 52.945585, -32641.725298], [160.389301, 52.962648, -28336.793145]]]}, "properties": {"slip": 0.7171088812784548}}, {"type": "Feature", "geometry": {"type": "Polygon", "coordinates": [[[157.337389, 50.713157, -39286.309161], [157.529947, 50.671405, -33094.338145], [157.494614, 50.795448, -37759.182837], [157.337389, 50.713157, -39286.309161]]]}, "properties": {"slip": 2.8365666743615363}}, {"type": "Feature", "geometry": {"type": "Polygon", "coordinates": [[[160.132831, 51.000121, -9437.433487], [160.051474, 51.117836, -10437.083101], [159.944282, 51.010697, -10405.880787], [160.132831, 51.000121, -9437.433487]]]}, "properties": {"slip": 7.506968768847329}}, {"type": "Feature", "geometry": {"type": "Polygon", "coordinates": [[[156.913474, 49.349486, -15996.427726], [157.053163, 49.42833, -15706.858545], [156.87834, 49.467693, -18076.71261], [156.913474, 49.349486, -15996.427726]]]}, "properties": {"slip": 8.793893864393048}}, {"type": "Feature", "geometry": {"type": "Polygon", "coordinates": [[[159.454951, 52.441674, -38718.530386], [159.534419, 52.557674, -39682.789324], [159.333943, 52.537124, -44951.157951], [159.454951, 52.441674, -38718.530386]]]}, "properties": {"slip": 2.266430046597711}}, {"type": "Feature", "geometry": {"type": "Polygon", "coordinates": [[[157.053163, 49.42833, -15706.858545], [157.193353, 49.507112, -15440.71586], [157.017877, 49.547063, -17729.184915], [157.053163, 49.42833, -15706.858545]]]}, "properties": {"slip": 10.823659613692405}}, {"type": "Feature", "geometry": {"type": "Polygon", "coordinates": [[[161.486037, 52.351524, -9996.966374], [161.586736, 52.250174, -9089.062629], [161.600441, 52.357657, -9482.321606], [161.486037, 52.351524, -9996.966374]]]}, "properties": {"slip": 5.847859744670803}}, {"type": "Feature", "geometry": {"type": "Polygon", "coordinates": [[[158.143359, 51.56428, -48240.438206], [158.298697, 51.646632, -47294.973692], [158.103734, 51.694962, -54283.499736], [158.143359, 51.56428, -48240.438206]]]}, "properties": {"slip": 1.9882755848318652}}, {"type": "Feature", "geometry": {"type": "Polygon", "coordinates": [[[157.528418, 51.241667, -53026.753978], [157.719897, 51.196979, -45690.74611], [157.693548, 51.317684, -51038.073663], [157.528418, 51.241667, -53026.753978]]]}, "properties": {"slip": 2.2099055604345343}}, {"type": "Feature", "geometry": {"type": "Polygon", "coordinates": [[[158.176474, 51.436769, -42711.59349], [158.331664, 51.519413, -41849.362232], [158.143359, 51.56428, -48240.438206], [158.176474, 51.436769, -42711.59349]]]}, "properties": {"slip": 3.296280722233589}}, {"type": "Feature", "geometry": {"type": "Polygon", "coordinates": [[[158.33976, 50.261472, -14561.717345], [158.482614, 50.337226, -14296.659837], [158.307234, 50.379344, -16117.61415], [158.33976, 50.261472, -14561.717345]]]}, "properties": {"slip": 10.413951636019124}}, {"type": "Feature", "geometry": {"type": "Polygon", "coordinates": [[[158.52103, 52.054229, -55855.550117], [158.739322, 52.016254, -47866.504312], [158.676438, 52.153, -54349.297214], [158.52103, 52.054229, -55855.550117]]]}, "properties": {"slip": 2.9538854232561897}}, {"type": "Feature", "geometry": {"type": "Polygon", "coordinates": [[[159.454951, 52.441674, -38718.530386], [159.333943, 52.537124, -44951.157951], [159.246618, 52.422563, -44292.941992], [159.454951, 52.441674, -38718.530386]]]}, "properties": {"slip": 2.150907195201459}}, {"type": "Feature", "geometry": {"type": "Polygon", "coordinates": [[[158.210189, 51.312699, -37628.665582], [158.364291, 51.393419, -36787.77986], [158.176474, 51.436769, -42711.59349], [158.210189, 51.312699, -37628.665582]]]}, "properties": {"slip": 4.013946481537325}}, {"type": "Feature", "geometry": {"type": "Polygon", "coordinates": [[[159.246618, 52.422563, -44292.941992], [159.333943, 52.537124, -44951.157951], [159.114266, 52.519826, -51310.957599], [159.246618, 52.422563, -44292.941992]]]}, "properties": {"slip": 1.1562509527006097}}, {"type": "Feature", "geometry": {"type": "Polygon", "coordinates": [[[159.02844, 51.58727, -27436.607941], [158.836464, 51.633573, -33036.633471], [158.869616, 51.507462, -28863.041004], [159.02844, 51.58727, -27436.607941]]]}, "properties": {"slip": 6.667793995584933}}, {"type": "Feature", "geometry": {"type": "Polygon", "coordinates": [[[158.595945, 50.531577, -15482.509962], [158.745513, 50.606739, -15085.48752], [158.561823, 50.652321, -17227.088455], [158.595945, 50.531577, -15482.509962]]]}, "properties": {"slip": 10.569493428542454}}, {"type": "Feature", "geometry": {"type": "Polygon", "coordinates": [[[159.783858, 51.397932, -14154.212274], [159.963063, 51.352947, -12454.393378], [159.944754, 51.476293, -13538.626783], [159.783858, 51.397932, -14154.212274]]]}, "properties": {"slip": 7.311349504257453}}, {"type": "Feature", "geometry": {"type": "Polygon", "coordinates": [[[156.706332, 48.950977, -13139.699902], [156.529882, 48.991506, -14984.638391], [156.564804, 48.870419, -13320.531718], [156.706332, 48.950977, -13139.699902]]]}, "properties": {"slip": 3.2445092951884247}}, {"type": "Feature", "geometry": {"type": "Polygon", "coordinates": [[[159.380115, 51.61949, -21546.439995], [159.218798, 51.540484, -22820.471901], [159.407919, 51.493222, -19183.501675], [159.380115, 51.61949, -21546.439995]]]}, "properties": {"slip": 10.178167949153696}}, {"type": "Feature", "geometry": {"type": "Polygon", "coordinates": [[[159.436589, 51.367474, -17186.66289], [159.624295, 51.320145, -14817.303336], [159.59671, 51.445544, -16356.901326], [159.436589, 51.367474, -17186.66289]]]}, "properties": {"slip": 8.46720797751175}}, {"type": "Feature", "geometry": {"type": "Polygon", "coordinates": [[[157.377386, 50.026872, -21206.896972], [157.522663, 50.106664, -20577.43487], [157.342157, 50.147703, -24068.214236], [157.377386, 50.026872, -21206.896972]]]}, "properties": {"slip": 17.13649968497726}}, {"type": "Feature", "geometry": {"type": "Polygon", "coordinates": [[[156.093666, 49.871057, -46002.793587], [156.284801, 49.831538, -38740.170832], [156.246342, 49.955289, -44258.839312], [156.093666, 49.871057, -46002.793587]]]}, "properties": {"slip": 3.69300982210028}}, {"type": "Feature", "geometry": {"type": "Polygon", "coordinates": [[[156.395335, 50.038568, -42787.994393], [156.526003, 50.119284, -41899.670467], [156.350245, 50.161724, -48710.323083], [156.395335, 50.038568, -42787.994393]]]}, "properties": {"slip": 3.8793266465141696}}, {"type": "Feature", "geometry": {"type": "Polygon", "coordinates": [[[157.342157, 50.147703, -24068.214236], [157.306592, 50.268316, -27399.516928], [157.159912, 50.188272, -28419.161586], [157.342157, 50.147703, -24068.214236]]]}, "properties": {"slip": 15.37621241045377}}, {"type": "Feature", "geometry": {"type": "Polygon", "coordinates": [[[157.159912, 50.188272, -28419.161586], [157.123664, 50.310474, -32488.65125], [156.975828, 50.228878, -33679.879395], [157.159912, 50.188272, -28419.161586]]]}, "properties": {"slip": 10.824261609929437}}, {"type": "Feature", "geometry": {"type": "Polygon", "coordinates": [[[159.218798, 51.540484, -22820.471901], [159.248181, 51.414572, -20213.663494], [159.407919, 51.493222, -19183.501675], [159.218798, 51.540484, -22820.471901]]]}, "properties": {"slip": 10.026224666193727}}, {"type": "Feature", "geometry": {"type": "Polygon", "coordinates": [[[156.981913, 49.666536, -20150.627531], [156.948028, 49.787052, -23002.21123], [156.811195, 49.708155, -23520.196638], [156.981913, 49.666536, -20150.627531]]]}, "properties": {"slip": 13.901150909321958}}, {"type": "Feature", "geometry": {"type": "Polygon", "coordinates": [[[156.975828, 50.228878, -33679.879395], [156.938249, 50.351533, -38466.730671], [156.791542, 50.272775, -39845.073897], [156.975828, 50.228878, -33679.879395]]]}, "properties": {"slip": 6.399571827046555}}, {"type": "Feature", "geometry": {"type": "Polygon", "coordinates": [[[156.739119, 49.388331, -18454.36848], [156.913474, 49.349486, -15996.427726], [156.87834, 49.467693, -18076.71261], [156.739119, 49.388331, -18454.36848]]]}, "properties": {"slip": 6.76980024143374}}, {"type": "Feature", "geometry": {"type": "Polygon", "coordinates": [[[156.791542, 50.272775, -39845.073897], [156.746861, 50.400481, -45625.527464], [156.602682, 50.310361, -46602.644342], [156.791542, 50.272775, -39845.073897]]]}, "properties": {"slip": 3.304834437737042}}, {"type": "Feature", "geometry": {"type": "Polygon", "coordinates": [[[156.602682, 50.310361, -46602.644342], [156.545147, 50.450152, -53814.959209], [156.413363, 50.351086, -54105.902997], [156.602682, 50.310361, -46602.644342]]]}, "properties": {"slip": 1.905603992483002}}, {"type": "Feature", "geometry": {"type": "Polygon", "coordinates": [[[158.482614, 50.337226, -14296.659837], [158.447653, 50.456365, -15847.726994], [158.307234, 50.379344, -16117.61415], [158.482614, 50.337226, -14296.659837]]]}, "properties": {"slip": 9.88467021670555}}, {"type": "Feature", "geometry": {"type": "Polygon", "coordinates": [[[158.464829, 51.019993, -24648.670514], [158.497903, 50.896696, -21711.295518], [158.650142, 50.975122, -21110.640556], [158.464829, 51.019993, -24648.670514]]]}, "properties": {"slip": 10.53866219690922}}, {"type": "Feature", "geometry": {"type": "Polygon", "coordinates": [[[159.534419, 52.557674, -39682.789324], [159.61382, 52.676575, -40727.154967], [159.414247, 52.654426, -45914.431106], [159.534419, 52.557674, -39682.789324]]]}, "properties": {"slip": 0.7560141273549903}}, {"type": "Feature", "geometry": {"type": "Polygon", "coordinates": [[[158.743062, 51.302755, -26359.510073], [158.900743, 51.381993, -25270.391976], [158.711554, 51.427724, -30142.522779], [158.743062, 51.302755, -26359.510073]]]}, "properties": {"slip": 6.7134245764704765}}, {"type": "Feature", "geometry": {"type": "Polygon", "coordinates": [[[157.299929, 50.837636, -44668.762156], [157.261843, 50.958038, -50345.647626], [157.089861, 50.877351, -52825.665213], [157.299929, 50.837636, -44668.762156]]]}, "properties": {"slip": 1.2979570796994817}}, {"type": "Feature", "geometry": {"type": "Polygon", "coordinates": [[[157.379454, 50.589929, -34328.072845], [157.192196, 50.631783, -40651.809367], [157.229749, 50.508338, -35665.783024], [157.379454, 50.589929, -34328.072845]]]}, "properties": {"slip": 2.943480826658836}}, {"type": "Feature", "geometry": {"type": "Polygon", "coordinates": [[[155.797638, 49.261101, -32743.176921], [155.936226, 49.342266, -31911.065654], [155.759544, 49.379968, -38086.593915], [155.797638, 49.261101, -32743.176921]]]}, "properties": {"slip": 1.3818868632545038}}, {"type": "Feature", "geometry": {"type": "Polygon", "coordinates": [[[159.570089, 51.571338, -18161.795135], [159.407919, 51.493222, -19183.501675], [159.59671, 51.445544, -16356.901326], [159.570089, 51.571338, -18161.795135]]]}, "properties": {"slip": 9.6825689697382}}, {"type": "Feature", "geometry": {"type": "Polygon", "coordinates": [[[160.066151, 51.811163, -15628.431513], [160.229324, 51.890104, -14988.253271], [160.03719, 51.93777, -17334.179359], [160.066151, 51.811163, -15628.431513]]]}, "properties": {"slip": 6.847136596528668}}, {"type": "Feature", "geometry": {"type": "Polygon", "coordinates": [[[160.014366, 52.716503, -31368.029933], [159.890933, 52.820516, -37005.042643], [159.814976, 52.697286, -35832.037085], [160.014366, 52.716503, -31368.029933]]]}, "properties": {"slip": 2.167431870212942}}, {"type": "Feature", "geometry": {"type": "Polygon", "coordinates": [[[157.017877, 49.547063, -17729.184915], [157.160309, 49.626806, -17380.791794], [156.981913, 49.666536, -20150.627531], [157.017877, 49.547063, -17729.184915]]]}, "properties": {"slip": 13.695958772598065}}, {"type": "Feature", "geometry": {"type": "Polygon", "coordinates": [[[157.379454, 50.589929, -34328.072845], [157.337389, 50.713157, -39286.309161], [157.192196, 50.631783, -40651.809367], [157.379454, 50.589929, -34328.072845]]]}, "properties": {"slip": 1.9083797782327034}}, {"type": "Feature", "geometry": {"type": "Polygon", "coordinates": [[[159.26623, 52.134861, -35580.679664], [159.099467, 52.050115, -37939.01239], [159.293452, 52.003044, -31409.629256], [159.26623, 52.134861, -35580.679664]]]}, "properties": {"slip": 6.055207675620802}}, {"type": "Feature", "geometry": {"type": "Polygon", "coordinates": [[[157.896118, 50.585506, -24000.483824], [158.045055, 50.663902, -23396.194717], [157.863991, 50.706667, -27208.164732], [157.896118, 50.585506, -24000.483824]]]}, "properties": {"slip": 6.460289181274417}}, {"type": "Feature", "geometry": {"type": "Polygon", "coordinates": [[[157.758366, 51.073327, -40244.373264], [157.719897, 51.196979, -45690.74611], [157.568247, 51.117116, -47008.704768], [157.758366, 51.073327, -40244.373264]]]}, "properties": {"slip": 2.2574149206890737}}, {"type": "Feature", "geometry": {"type": "Polygon", "coordinates": [[[156.389539, 48.910861, -15189.063698], [156.355602, 49.030456, -17234.857123], [156.216288, 48.94952, -17482.964704], [156.389539, 48.910861, -15189.063698]]]}, "properties": {"slip": 0.13694667477896033}}, {"type": "Feature", "geometry": {"type": "Polygon", "coordinates": [[[157.944985, 51.029396, -34428.287423], [157.909586, 51.153183, -39240.582777], [157.758366, 51.073327, -40244.373264], [157.944985, 51.029396, -34428.287423]]]}, "properties": {"slip": 2.6325221334685636}}, {"type": "Feature", "geometry": {"type": "Polygon", "coordinates": [[[156.948028, 49.787052, -23002.21123], [157.08947, 49.867059, -22438.387886], [156.90998, 49.907398, -26399.833592], [156.948028, 49.787052, -23002.21123]]]}, "properties": {"slip": 15.291304741076589}}, {"type": "Feature", "geometry": {"type": "Polygon", "coordinates": [[[158.194154, 50.741938, -22853.637408], [158.345407, 50.81922, -22295.616308], [158.162018, 50.863177, -25893.302365], [158.194154, 50.741938, -22853.637408]]]}, "properties": {"slip": 7.7515026855291405}}, {"type": "Feature", "geometry": {"type": "Polygon", "coordinates": [[[156.981913, 49.666536, -20150.627531], [157.125678, 49.746852, -19691.88186], [156.948028, 49.787052, -23002.21123], [156.981913, 49.666536, -20150.627531]]]}, "properties": {"slip": 15.823005560568932}}, {"type": "Feature", "geometry": {"type": "Polygon", "coordinates": [[[158.162018, 50.863177, -25893.302365], [158.129031, 50.985478, -29484.878552], [157.978582, 50.906143, -30178.309067], [158.162018, 50.863177, -25893.302365]]]}, "properties": {"slip": 6.455028386878519}}, {"type": "Feature", "geometry": {"type": "Polygon", "coordinates": [[[157.782254, 50.385752, -21831.415009], [157.929614, 50.464561, -21251.680861], [157.748006, 50.506647, -24692.650409], [157.782254, 50.385752, -21831.415009]]]}, "properties": {"slip": 10.834399914812757}}, {"type": "Feature", "geometry": {"type": "Polygon", "coordinates": [[[157.944985, 51.029396, -34428.287423], [158.129031, 50.985478, -29484.878552], [158.096761, 51.108789, -33623.560987], [157.944985, 51.029396, -34428.287423]]]}, "properties": {"slip": 4.0102133789517875}}, {"type": "Feature", "geometry": {"type": "Polygon", "coordinates": [[[157.342157, 50.147703, -24068.214236], [157.488423, 50.227286, -23261.52854], [157.306592, 50.268316, -27399.516928], [157.342157, 50.147703, -24068.214236]]]}, "properties": {"slip": 16.02474375214418}}, {"type": "Feature", "geometry": {"type": "Polygon", "coordinates": [[[162.25, 52.9, -8899.891853], [162.150116, 52.950041, -9549.177153], [162.156397, 52.895807, -9303.343901], [162.25, 52.9, -8899.891853]]]}, "properties": {"slip": 0.8270488058998868}}, {"type": "Feature", "geometry": {"type": "Polygon", "coordinates": [[[158.966359, 51.841229, -35660.77573], [158.997269, 51.713807, -31316.509385], [159.158996, 51.793768, -29482.157841], [158.966359, 51.841229, -35660.77573]]]}, "properties": {"slip": 6.0740393558681385}}, {"type": "Feature", "geometry": {"type": "Polygon", "coordinates": [[[157.568247, 51.117116, -47008.704768], [157.528418, 51.241667, -53026.753978], [157.37953, 51.163668, -54645.840856], [157.568247, 51.117116, -47008.704768]]]}, "properties": {"slip": 1.5109664167810208}}, {"type": "Feature", "geometry": {"type": "Polygon", "coordinates": [[[157.748006, 50.506647, -24692.650409], [157.714043, 50.6285, -28062.614367], [157.564667, 50.548396, -29012.290908], [157.748006, 50.506647, -24692.650409]]]}, "properties": {"slip": 7.628230047712725}}, {"type": "Feature", "geometry": {"type": "Polygon", "coordinates": [[[158.554029, 51.347986, -31249.451262], [158.743062, 51.302755, -26359.510073], [158.711554, 51.427724, -30142.522779], [158.554029, 51.347986, -31249.451262]]]}, "properties": {"slip": 6.180706529843173}}, {"type": "Feature", "geometry": {"type": "Polygon", "coordinates": [[[159.059216, 51.461264, -24079.570808], [159.02844, 51.58727, -27436.607941], [158.869616, 51.507462, -28863.041004], [159.059216, 51.461264, -24079.570808]]]}, "properties": {"slip": 8.104219603945195}}, {"type": "Feature", "geometry": {"type": "Polygon", "coordinates": [[[157.564667, 50.548396, -29012.290908], [157.529947, 50.671405, -33094.338145], [157.379454, 50.589929, -34328.072845], [157.564667, 50.548396, -29012.290908]]]}, "properties": {"slip": 3.909869492512415}}, {"type": "Feature", "geometry": {"type": "Polygon", "coordinates": [[[158.210189, 51.312699, -37628.665582], [158.028026, 51.354799, -43418.940252], [158.060785, 51.2319, -38342.496736], [158.210189, 51.312699, -37628.665582]]]}, "properties": {"slip": 4.002484740784528}}, {"type": "Feature", "geometry": {"type": "Polygon", "coordinates": [[[160.418633, 51.841386, -13142.053289], [160.25727, 51.762272, -13614.997491], [160.450242, 51.713505, -11983.349509], [160.418633, 51.841386, -13142.053289]]]}, "properties": {"slip": 6.23090666719349}}, {"type": "Feature", "geometry": {"type": "Polygon", "coordinates": [[[158.464829, 51.019993, -24648.670514], [158.650142, 50.975122, -21110.640556], [158.618369, 51.098999, -23941.931268], [158.464829, 51.019993, -24648.670514]]]}, "properties": {"slip": 10.204639714364564}}, {"type": "Feature", "geometry": {"type": "Polygon", "coordinates": [[[158.312891, 50.941538, -25284.644708], [158.497903, 50.896696, -21711.295518], [158.464829, 51.019993, -24648.670514], [158.312891, 50.941538, -25284.644708]]]}, "properties": {"slip": 10.49785039048615}}, {"type": "Feature", "geometry": {"type": "Polygon", "coordinates": [[[160.202398, 52.016552, -16540.892662], [160.009541, 52.065106, -19320.881906], [160.03719, 51.93777, -17334.179359], [160.202398, 52.016552, -16540.892662]]]}, "properties": {"slip": 8.016595338552666}}, {"type": "Feature", "geometry": {"type": "Polygon", "coordinates": [[[157.680834, 50.750658, -31953.720951], [157.714043, 50.6285, -28062.614367], [157.863991, 50.706667, -27208.164732], [157.680834, 50.750658, -31953.720951]]]}, "properties": {"slip": 6.103162673041455}}, {"type": "Feature", "geometry": {"type": "Polygon", "coordinates": [[[155.995831, 49.665021, -41491.903268], [156.178321, 49.62594, -34822.087353], [156.134077, 49.747747, -40231.878936], [155.995831, 49.665021, -41491.903268]]]}, "properties": {"slip": 3.14168964301849}}, {"type": "Feature", "geometry": {"type": "Polygon", "coordinates": [[[159.407919, 51.493222, -19183.501675], [159.436589, 51.367474, -17186.66289], [159.59671, 51.445544, -16356.901326], [159.407919, 51.493222, -19183.501675]]]}, "properties": {"slip": 9.093766791590259}}, {"type": "Feature", "geometry": {"type": "Polygon", "coordinates": [[[159.814976, 52.697286, -35832.037085], [159.691198, 52.795234, -41815.336736], [159.61382, 52.676575, -40727.154967], [159.814976, 52.697286, -35832.037085]]]}, "properties": {"slip": 0.5215272089000802}}, {"type": "Feature", "geometry": {"type": "Polygon", "coordinates": [[[156.462046, 49.228545, -19247.362338], [156.600138, 49.30813, -18844.668463], [156.425652, 49.345968, -22035.078318], [156.462046, 49.228545, -19247.362338]]]}, "properties": {"slip": 3.363692407571883}}, {"type": "Feature", "geometry": {"type": "Polygon", "coordinates": [[[156.975828, 50.228878, -33679.879395], [157.123664, 50.310474, -32488.65125], [156.938249, 50.351533, -38466.730671], [156.975828, 50.228878, -33679.879395]]]}, "properties": {"slip": 7.6228471705911165}}, {"type": "Feature", "geometry": {"type": "Polygon", "coordinates": [[[156.791542, 50.272775, -39845.073897], [156.938249, 50.351533, -38466.730671], [156.746861, 50.400481, -45625.527464], [156.791542, 50.272775, -39845.073897]]]}, "properties": {"slip": 4.194986802402269}}, {"type": "Feature", "geometry": {"type": "Polygon", "coordinates": [[[156.602682, 50.310361, -46602.644342], [156.746861, 50.400481, -45625.527464], [156.545147, 50.450152, -53814.959209], [156.602682, 50.310361, -46602.644342]]]}, "properties": {"slip": 2.379553567815494}}, {"type": "Feature", "geometry": {"type": "Polygon", "coordinates": [[[157.437748, 49.229278, -11011.993192], [157.401625, 49.348893, -12220.519297], [157.262494, 49.270193, -12379.376489], [157.437748, 49.229278, -11011.993192]]]}, "properties": {"slip": 10.334652529791484}}, {"type": "Feature", "geometry": {"type": "Polygon", "coordinates": [[[157.159912, 50.188272, -28419.161586], [157.306592, 50.268316, -27399.516928], [157.123664, 50.310474, -32488.65125], [157.159912, 50.188272, -28419.161586]]]}, "properties": {"slip": 13.058897870681244}}, {"type": "Feature", "geometry": {"type": "Polygon", "coordinates": [[[159.624295, 51.320145, -14817.303336], [159.783858, 51.397932, -14154.212274], [159.59671, 51.445544, -16356.901326], [159.624295, 51.320145, -14817.303336]]]}, "properties": {"slip": 8.380221192813828}}, {"type": "Feature", "geometry": {"type": "Polygon", "coordinates": [[[156.093666, 49.871057, -46002.793587], [156.061161, 49.996082, -51894.121771], [155.896214, 49.92209, -54873.876539], [156.093666, 49.871057, -46002.793587]]]}, "properties": {"slip": 2.2018631755903746}}, {"type": "Feature", "geometry": {"type": "Polygon", "coordinates": [[[158.162018, 50.863177, -25893.302365], [158.312891, 50.941538, -25284.644708], [158.129031, 50.985478, -29484.878552], [158.162018, 50.863177, -25893.302365]]]}, "properties": {"slip": 7.828109918766431}}, {"type": "Feature", "geometry": {"type": "Polygon", "coordinates": [[[157.748006, 50.506647, -24692.650409], [157.896118, 50.585506, -24000.483824], [157.714043, 50.6285, -28062.614367], [157.748006, 50.506647, -24692.650409]]]}, "properties": {"slip": 8.77875592950255}}, {"type": "Feature", "geometry": {"type": "Polygon", "coordinates": [[[158.193756, 50.185689, -14860.439718], [158.33976, 50.261472, -14561.717345], [158.162134, 50.303257, -16447.367587], [158.193756, 50.185689, -14860.439718]]]}, "properties": {"slip": 12.577038353878642}}, {"type": "Feature", "geometry": {"type": "Polygon", "coordinates": [[[159.514084, 51.825962, -22910.70026], [159.485634, 51.954095, -25939.230572], [159.321863, 51.874004, -27660.29472], [159.514084, 51.825962, -22910.70026]]]}, "properties": {"slip": 6.791591622869847}}, {"type": "Feature", "geometry": {"type": "Polygon", "coordinates": [[[160.418633, 51.841386, -13142.053289], [160.229324, 51.890104, -14988.253271], [160.25727, 51.762272, -13614.997491], [160.418633, 51.841386, -13142.053289]]]}, "properties": {"slip": 6.329357766696082}}, {"type": "Feature", "geometry": {"type": "Polygon", "coordinates": [[[157.337389, 50.713157, -39286.309161], [157.494614, 50.795448, -37759.182837], [157.299929, 50.837636, -44668.762156], [157.337389, 50.713157, -39286.309161]]]}, "properties": {"slip": 2.4809375601712516}}, {"type": "Feature", "geometry": {"type": "Polygon", "coordinates": [[[157.299929, 50.837636, -44668.762156], [157.460814, 50.920372, -42918.991223], [157.261843, 50.958038, -50345.647626], [157.299929, 50.837636, -44668.762156]]]}, "properties": {"slip": 2.1054973909847603}}, {"type": "Feature", "geometry": {"type": "Polygon", "coordinates": [[[157.437748, 49.229278, -11011.993192], [157.576329, 49.312724, -10931.847377], [157.401625, 49.348893, -12220.519297], [157.437748, 49.229278, -11011.993192]]]}, "properties": {"slip": 11.242320137480851}}, {"type": "Feature", "geometry": {"type": "Polygon", "coordinates": [[[156.093666, 49.871057, -46002.793587], [156.246342, 49.955289, -44258.839312], [156.061161, 49.996082, -51894.121771], [156.093666, 49.871057, -46002.793587]]]}, "properties": {"slip": 2.8167671238131784}}, {"type": "Feature", "geometry": {"type": "Polygon", "coordinates": [[[160.104932, 52.831265, -31875.820655], [159.971601, 52.938027, -37896.782319], [159.890933, 52.820516, -37005.042643], [160.104932, 52.831265, -31875.820655]]]}, "properties": {"slip": 1.2370989175800788}}, {"type": "Feature", "geometry": {"type": "Polygon", "coordinates": [[[159.321863, 51.874004, -27660.29472], [159.485634, 51.954095, -25939.230572], [159.293452, 52.003044, -31409.629256], [159.321863, 51.874004, -27660.29472]]]}, "properties": {"slip": 7.050068424171675}}, {"type": "Feature", "geometry": {"type": "Polygon", "coordinates": [[[156.134077, 49.747747, -40231.878936], [156.284801, 49.831538, -38740.170832], [156.093666, 49.871057, -46002.793587], [156.134077, 49.747747, -40231.878936]]]}, "properties": {"slip": 3.407210568746991}}, {"type": "Feature", "geometry": {"type": "Polygon", "coordinates": [[[157.568247, 51.117116, -47008.704768], [157.719897, 51.196979, -45690.74611], [157.528418, 51.241667, -53026.753978], [157.568247, 51.117116, -47008.704768]]]}, "properties": {"slip": 2.297616864037161}}, {"type": "Feature", "geometry": {"type": "Polygon", "coordinates": [[[159.836517, 50.912394, -10417.61061], [160.016165, 50.900121, -9484.093986], [159.944282, 51.010697, -10405.880787], [159.836517, 50.912394, -10417.61061]]]}, "properties": {"slip": 5.314113139335727}}, {"type": "Feature", "geometry": {"type": "Polygon", "coordinates": [[[160.229324, 51.890104, -14988.253271], [160.202398, 52.016552, -16540.892662], [160.03719, 51.93777, -17334.179359], [160.229324, 51.890104, -14988.253271]]]}, "properties": {"slip": 7.486132109267846}}, {"type": "Feature", "geometry": {"type": "Polygon", "coordinates": [[[158.049848, 49.325043, -8939.262139], [158.15, 49.4, -8981.719971], [158.000382, 49.419137, -9689.658516], [158.049848, 49.325043, -8939.262139]]]}, "properties": {"slip": 14.359983843109838}}, {"type": "Feature", "geometry": {"type": "Polygon", "coordinates": [[[154.888354, 49.208267, -59405.250529], [154.963097, 49.304148, -61492.607235], [154.836922, 49.270732, -64429.721879], [154.888354, 49.208267, -59405.250529]]]}, "properties": {"slip": 0.09322167027012412}}, {"type": "Feature", "geometry": {"type": "Polygon", "coordinates": [[[156.563842, 49.425762, -21516.657453], [156.739119, 49.388331, -18454.36848], [156.703172, 49.505801, -21019.54836], [156.563842, 49.425762, -21516.657453]]]}, "properties": {"slip": 5.20513837495843}}, {"type": "Feature", "geometry": {"type": "Polygon", "coordinates": [[[158.900743, 51.381993, -25270.391976], [158.869616, 51.507462, -28863.041004], [158.711554, 51.427724, -30142.522779], [158.900743, 51.381993, -25270.391976]]]}, "properties": {"slip": 6.176664170925236}}, {"type": "Feature", "geometry": {"type": "Polygon", "coordinates": [[[159.485634, 51.954095, -25939.230572], [159.650323, 52.034249, -24368.380213], [159.45937, 52.087089, -29462.968709], [159.485634, 51.954095, -25939.230572]]]}, "properties": {"slip": 7.328567123866097}}, {"type": "Feature", "geometry": {"type": "Polygon", "coordinates": [[[159.814976, 52.697286, -35832.037085], [159.890933, 52.820516, -37005.042643], [159.691198, 52.795234, -41815.336736], [159.814976, 52.697286, -35832.037085]]]}, "properties": {"slip": 0.5674230096635747}}, {"type": "Feature", "geometry": {"type": "Polygon", "coordinates": [[[157.379454, 50.589929, -34328.072845], [157.529947, 50.671405, -33094.338145], [157.337389, 50.713157, -39286.309161], [157.379454, 50.589929, -34328.072845]]]}, "properties": {"slip": 2.5602132139973555}}, {"type": "Feature", "geometry": {"type": "Polygon", "coordinates": [[[157.564667, 50.548396, -29012.290908], [157.714043, 50.6285, -28062.614367], [157.529947, 50.671405, -33094.338145], [157.564667, 50.548396, -29012.290908]]]}, "properties": {"slip": 5.416822942608254}}, {"type": "Feature", "geometry": {"type": "Polygon", "coordinates": [[[157.978582, 50.906143, -30178.309067], [158.129031, 50.985478, -29484.878552], [157.944985, 51.029396, -34428.287423], [157.978582, 50.906143, -30178.309067]]]}, "properties": {"slip": 4.866868919463475}}, {"type": "Feature", "geometry": {"type": "Polygon", "coordinates": [[[157.758366, 51.073327, -40244.373264], [157.909586, 51.153183, -39240.582777], [157.719897, 51.196979, -45690.74611], [157.758366, 51.073327, -40244.373264]]]}, "properties": {"slip": 2.5738980826557434}}, {"type": "Feature", "geometry": {"type": "Polygon", "coordinates": [[[158.162134, 50.303257, -16447.367587], [158.33976, 50.261472, -14561.717345], [158.307234, 50.379344, -16117.61415], [158.162134, 50.303257, -16447.367587]]]}, "properties": {"slip": 11.025227153221984}}, {"type": "Feature", "geometry": {"type": "Polygon", "coordinates": [[[160.25727, 51.762272, -13614.997491], [160.275764, 51.639607, -12508.439268], [160.450242, 51.713505, -11983.349509], [160.25727, 51.762272, -13614.997491]]]}, "properties": {"slip": 6.437842121041854}}, {"type": "Feature", "geometry": {"type": "Polygon", "coordinates": [[[158.78416, 50.055525, -10238.272326], [158.959176, 50.040211, -9384.052207], [158.889436, 50.145796, -10340.082846], [158.78416, 50.055525, -10238.272326]]]}, "properties": {"slip": 12.956869709355889}}, {"type": "Feature", "geometry": {"type": "Polygon", "coordinates": [[[159.068761, 50.130317, -9459.461882], [159.005052, 50.235007, -10376.522995], [158.889436, 50.145796, -10340.082846], [159.068761, 50.130317, -9459.461882]]]}, "properties": {"slip": 15.385058529282915}}, {"type": "Feature", "geometry": {"type": "Polygon", "coordinates": [[[159.005052, 50.235007, -10376.522995], [159.178759, 50.220318, -9518.955799], [159.11919, 50.323047, -10400.394762], [159.005052, 50.235007, -10376.522995]]]}, "properties": {"slip": 16.60300289677851}}, {"type": "Feature", "geometry": {"type": "Polygon", "coordinates": [[[159.289171, 50.310213, -9565.067932], [159.222837, 50.416463, -10495.630431], [159.11919, 50.323047, -10400.394762], [159.289171, 50.310213, -9565.067932]]]}, "properties": {"slip": 15.4943514671409}}, {"type": "Feature", "geometry": {"type": "Polygon", "coordinates": [[[156.246342, 49.955289, -44258.839312], [156.395335, 50.038568, -42787.994393], [156.216169, 50.073317, -49638.415489], [156.246342, 49.955289, -44258.839312]]]}, "properties": {"slip": 3.13449954955233}}, {"type": "Feature", "geometry": {"type": "Polygon", "coordinates": [[[157.944985, 51.029396, -34428.287423], [158.096761, 51.108789, -33623.560987], [157.909586, 51.153183, -39240.582777], [157.944985, 51.029396, -34428.287423]]]}, "properties": {"slip": 2.9298244417255472}}, {"type": "Feature", "geometry": {"type": "Polygon", "coordinates": [[[159.333943, 52.537124, -44951.157951], [159.534419, 52.557674, -39682.789324], [159.414247, 52.654426, -45914.431106], [159.333943, 52.537124, -44951.157951]]]}, "properties": {"slip": 1.3422885294309272}}, {"type": "Feature", "geometry": {"type": "Polygon", "coordinates": [[[156.287786, 49.266491, -22565.570726], [156.425652, 49.345968, -22035.078318], [156.250848, 49.384619, -26056.866981], [156.287786, 49.266491, -22565.570726]]]}, "properties": {"slip": 1.9998150866671724}}, {"type": "Feature", "geometry": {"type": "Polygon", "coordinates": [[[156.703172, 49.505801, -21019.54836], [156.87834, 49.467693, -18076.71261], [156.843934, 49.586271, -20551.064133], [156.703172, 49.505801, -21019.54836]]]}, "properties": {"slip": 8.742552761031758}}, {"type": "Feature", "geometry": {"type": "Polygon", "coordinates": [[[157.23346, 49.947106, -21827.493747], [157.377386, 50.026872, -21206.896972], [157.197895, 50.067611, -24858.689237], [157.23346, 49.947106, -21827.493747]]]}, "properties": {"slip": 15.731609254237489}}, {"type": "Feature", "geometry": {"type": "Polygon", "coordinates": [[[156.90998, 49.907398, -26399.833592], [157.052553, 49.987471, -25664.760428], [156.878637, 50.028223, -30176.743908], [156.90998, 49.907398, -26399.833592]]]}, "properties": {"slip": 14.57672718275504}}, {"type": "Feature", "geometry": {"type": "Polygon", "coordinates": [[[156.183276, 49.069061, -20045.553159], [156.044077, 48.988042, -20379.352944], [156.216288, 48.94952, -17482.964704], [156.183276, 49.069061, -20045.553159]]]}, "properties": {"slip": 0.5193150949636604}}, {"type": "Feature", "geometry": {"type": "Polygon", "coordinates": [[[157.714043, 50.6285, -28062.614367], [157.896118, 50.585506, -24000.483824], [157.863991, 50.706667, -27208.164732], [157.714043, 50.6285, -28062.614367]]]}, "properties": {"slip": 7.140333666947864}}, {"type": "Feature", "geometry": {"type": "Polygon", "coordinates": [[[157.648475, 50.874864, -36419.528254], [157.680834, 50.750658, -31953.720951], [157.830939, 50.828908, -30981.224291], [157.648475, 50.874864, -36419.528254]]]}, "properties": {"slip": 5.199111972442468}}, {"type": "Feature", "geometry": {"type": "Polygon", "coordinates": [[[157.960528, 49.672198, -11695.618459], [158.105791, 49.741681, -11425.221937], [157.936578, 49.78679, -12812.156771], [157.960528, 49.672198, -11695.618459]]]}, "properties": {"slip": 14.642132759399825}}, {"type": "Feature", "geometry": {"type": "Polygon", "coordinates": [[[157.088008, 49.310083, -14009.218369], [156.913474, 49.349486, -15996.427726], [156.948445, 49.231225, -14251.005382], [157.088008, 49.310083, -14009.218369]]]}, "properties": {"slip": 7.3322831956355845}}, {"type": "Feature", "geometry": {"type": "Polygon", "coordinates": [[[158.745513, 50.606739, -15085.48752], [158.894072, 50.683332, -14694.643455], [158.713557, 50.728171, -16753.080979], [158.745513, 50.606739, -15085.48752]]]}, "properties": {"slip": 11.698658315101515}}, {"type": "Feature", "geometry": {"type": "Polygon", "coordinates": [[[157.615621, 49.190308, -9870.544656], [157.576329, 49.312724, -10931.847377], [157.437748, 49.229278, -11011.993192], [157.615621, 49.190308, -9870.544656]]]}, "properties": {"slip": 10.39231324263446}}, {"type": "Feature", "geometry": {"type": "Polygon", "coordinates": [[[160.603692, 52.619092, -19034.414648], [160.76152, 52.687362, -17928.041385], [160.597322, 52.724636, -20506.665433], [160.603692, 52.619092, -19034.414648]]]}, "properties": {"slip": 4.625077812639762}}, {"type": "Feature", "geometry": {"type": "Polygon", "coordinates": [[[156.112349, 49.304551, -26750.263912], [156.250848, 49.384619, -26056.866981], [156.074745, 49.423288, -31042.357354], [156.112349, 49.304551, -26750.263912]]]}, "properties": {"slip": 2.5312299273900245}}, {"type": "Feature", "geometry": {"type": "Polygon", "coordinates": [[[156.425652, 49.345968, -22035.078318], [156.600138, 49.30813, -18844.668463], [156.563842, 49.425762, -21516.657453], [156.425652, 49.345968, -22035.078318]]]}, "properties": {"slip": 3.6263084561126817}}, {"type": "Feature", "geometry": {"type": "Polygon", "coordinates": [[[156.061161, 49.996082, -51894.121771], [156.246342, 49.955289, -44258.839312], [156.216169, 50.073317, -49638.415489], [156.061161, 49.996082, -51894.121771]]]}, "properties": {"slip": 2.556634498606912}}, {"type": "Feature", "geometry": {"type": "Polygon", "coordinates": [[[157.053163, 49.42833, -15706.858545], [157.017877, 49.547063, -17729.184915], [156.87834, 49.467693, -18076.71261], [157.053163, 49.42833, -15706.858545]]]}, "properties": {"slip": 9.600346288869869}}, {"type": "Feature", "geometry": {"type": "Polygon", "coordinates": [[[156.564804, 48.870419, -13320.531718], [156.423436, 48.789814, -13463.84165], [156.584548, 48.747313, -11985.25708], [156.564804, 48.870419, -13320.531718]]]}, "properties": {"slip": 2.0287537998735914}}, {"type": "Feature", "geometry": {"type": "Polygon", "coordinates": [[[159.158996, 51.793768, -29482.157841], [159.350949, 51.746303, -24367.618993], [159.321863, 51.874004, -27660.29472], [159.158996, 51.793768, -29482.157841]]]}, "properties": {"slip": 6.694665517511206}}, {"type": "Feature", "geometry": {"type": "Polygon", "coordinates": [[[156.036696, 49.543711, -35962.689608], [156.214879, 49.504408, -30131.832532], [156.178321, 49.62594, -34822.087353], [156.036696, 49.543711, -35962.689608]]]}, "properties": {"slip": 2.9730323646133496}}, {"type": "Feature", "geometry": {"type": "Polygon", "coordinates": [[[157.635119, 50.306538, -22501.50042], [157.782254, 50.385752, -21831.415009], [157.60103, 50.427319, -25484.837876], [157.635119, 50.306538, -22501.50042]]]}, "properties": {"slip": 11.734686924243196}}, {"type": "Feature", "geometry": {"type": "Polygon", "coordinates": [[[158.561823, 50.652321, -17227.088455], [158.745513, 50.606739, -15085.48752], [158.713557, 50.728171, -16753.080979], [158.561823, 50.652321, -17227.088455]]]}, "properties": {"slip": 11.824577715834748}}, {"type": "Feature", "geometry": {"type": "Polygon", "coordinates": [[[159.129473, 51.921612, -33513.07043], [159.158996, 51.793768, -29482.157841], [159.321863, 51.874004, -27660.29472], [159.129473, 51.921612, -33513.07043]]]}, "properties": {"slip": 5.958384067327092}}, {"type": "Feature", "geometry": {"type": "Polygon", "coordinates": [[[155.190659, 48.890359, -35132.866853], [155.330988, 48.830537, -29479.493893], [155.319117, 48.949744, -33948.882794], [155.190659, 48.890359, -35132.866853]]]}, "properties": {"slip": 0.0}}, {"type": "Feature", "geometry": {"type": "Polygon", "coordinates": [[[160.184138, 52.945585, -32641.725298], [160.056614, 53.044288, -38375.875517], [159.971601, 52.938027, -37896.782319], [160.184138, 52.945585, -32641.725298]]]}, "properties": {"slip": 0.7505803405150392}}, {"type": "Feature", "geometry": {"type": "Polygon", "coordinates": [[[160.209658, 53.48826, -46109.978941], [160.306774, 53.386107, -40569.06435], [160.397833, 53.482638, -40594.642656], [160.209658, 53.48826, -46109.978941]]]}, "properties": {"slip": 0.10041709339717317}}, {"type": "Feature", "geometry": {"type": "Polygon", "coordinates": [[[157.764118, 49.827146, -14418.107858], [157.796245, 49.711072, -13044.430031], [157.936578, 49.78679, -12812.156771], [157.764118, 49.827146, -14418.107858]]]}, "properties": {"slip": 15.85811158043353}}, {"type": "Feature", "geometry": {"type": "Polygon", "coordinates": [[[156.981913, 49.666536, -20150.627531], [156.811195, 49.708155, -23520.196638], [156.843934, 49.586271, -20551.064133], [156.981913, 49.666536, -20150.627531]]]}, "properties": {"slip": 12.793608958690879}}, {"type": "Feature", "geometry": {"type": "Polygon", "coordinates": [[[160.26251, 52.593647, -23787.176895], [160.446089, 52.54746, -20197.140058], [160.427628, 52.662593, -22155.147871], [160.26251, 52.593647, -23787.176895]]]}, "properties": {"slip": 4.6017119112771825}}, {"type": "Feature", "geometry": {"type": "Polygon", "coordinates": [[[159.350949, 51.746303, -24367.618993], [159.514084, 51.825962, -22910.70026], [159.321863, 51.874004, -27660.29472], [159.350949, 51.746303, -24367.618993]]]}, "properties": {"slip": 6.791694313631744}}, {"type": "Feature", "geometry": {"type": "Polygon", "coordinates": [[[161.509582, 52.891099, -12992.253859], [161.497307, 52.791159, -12409.74408], [161.622337, 52.831101, -11856.014513], [161.509582, 52.891099, -12992.253859]]]}, "properties": {"slip": 3.8875903220238777}}, {"type": "Feature", "geometry": {"type": "Polygon", "coordinates": [[[157.342157, 50.147703, -24068.214236], [157.159912, 50.188272, -28419.161586], [157.197895, 50.067611, -24858.689237], [157.342157, 50.147703, -24068.214236]]]}, "properties": {"slip": 16.313658258896186}}, {"type": "Feature", "geometry": {"type": "Polygon", "coordinates": [[[156.395335, 50.038568, -42787.994393], [156.350245, 50.161724, -48710.323083], [156.216169, 50.073317, -49638.415489], [156.395335, 50.038568, -42787.994393]]]}, "properties": {"slip": 2.879180632049487}}, {"type": "Feature", "geometry": {"type": "Polygon", "coordinates": [[[156.036696, 49.543711, -35962.689608], [156.178321, 49.62594, -34822.087353], [155.995831, 49.665021, -41491.903268], [156.036696, 49.543711, -35962.689608]]]}, "properties": {"slip": 2.5190832295442855}}, {"type": "Feature", "geometry": {"type": "Polygon", "coordinates": [[[157.377386, 50.026872, -21206.896972], [157.342157, 50.147703, -24068.214236], [157.197895, 50.067611, -24858.689237], [157.377386, 50.026872, -21206.896972]]]}, "properties": {"slip": 17.074491981971747}}, {"type": "Feature", "geometry": {"type": "Polygon", "coordinates": [[[158.312891, 50.941538, -25284.644708], [158.464829, 51.019993, -24648.670514], [158.280588, 51.064677, -28810.323762], [158.312891, 50.941538, -25284.644708]]]}, "properties": {"slip": 9.06256514176405}}, {"type": "Feature", "geometry": {"type": "Polygon", "coordinates": [[[155.190659, 48.890359, -35132.866853], [155.319117, 48.949744, -33948.882794], [155.171792, 48.977564, -39186.38018], [155.190659, 48.890359, -35132.866853]]]}, "properties": {"slip": 0.0}}, {"type": "Feature", "geometry": {"type": "Polygon", "coordinates": [[[158.045055, 50.663902, -23396.194717], [158.194154, 50.741938, -22853.637408], [158.013267, 50.784755, -26498.458284], [158.045055, 50.663902, -23396.194717]]]}, "properties": {"slip": 6.66378029434612}}, {"type": "Feature", "geometry": {"type": "Polygon", "coordinates": [[[158.464829, 51.019993, -24648.670514], [158.432269, 51.143842, -28114.412422], [158.280588, 51.064677, -28810.323762], [158.464829, 51.019993, -24648.670514]]]}, "properties": {"slip": 7.543362634208678}}, {"type": "Feature", "geometry": {"type": "Polygon", "coordinates": [[[156.498599, 49.668084, -28404.329515], [156.530214, 49.545104, -24675.721238], [156.671621, 49.628701, -24104.543968], [156.498599, 49.668084, -28404.329515]]]}, "properties": {"slip": 6.403728829687268}}, {"type": "Feature", "geometry": {"type": "Polygon", "coordinates": [[[158.129031, 50.985478, -29484.878552], [158.312891, 50.941538, -25284.644708], [158.280588, 51.064677, -28810.323762], [158.129031, 50.985478, -29484.878552]]]}, "properties": {"slip": 6.914363492686277}}, {"type": "Feature", "geometry": {"type": "Polygon", "coordinates": [[[157.658205, 49.63347, -13237.521972], [157.625575, 49.750208, -14679.807086], [157.48151, 49.668822, -14931.350417], [157.658205, 49.63347, -13237.521972]]]}, "properties": {"slip": 15.811790943000137}}, {"type": "Feature", "geometry": {"type": "Polygon", "coordinates": [[[156.074745, 49.423288, -31042.357354], [156.250848, 49.384619, -26056.866981], [156.214879, 49.504408, -30131.832532], [156.074745, 49.423288, -31042.357354]]]}, "properties": {"slip": 2.945173788532956}}, {"type": "Feature", "geometry": {"type": "Polygon", "coordinates": [[[157.905044, 49.903615, -14135.202657], [157.764118, 49.827146, -14418.107858], [157.936578, 49.78679, -12812.156771], [157.905044, 49.903615, -14135.202657]]]}, "properties": {"slip": 15.366216967916941}}, {"type": "Feature", "geometry": {"type": "Polygon", "coordinates": [[[156.051047, 48.53061, -13198.359363], [156.201047, 48.470609, -11636.703313], [156.205404, 48.585753, -12742.524948], [156.051047, 48.53061, -13198.359363]]]}, "properties": {"slip": 0.0}}, {"type": "Feature", "geometry": {"type": "Polygon", "coordinates": [[[160.713358, 53.396797, -30415.606675], [160.62496, 53.297687, -30315.775014], [160.812007, 53.296487, -26265.140599], [160.713358, 53.396797, -30415.606675]]]}, "properties": {"slip": 0.9122298661432218}}, {"type": "Feature", "geometry": {"type": "Polygon", "coordinates": [[[156.074745, 49.423288, -31042.357354], [156.214879, 49.504408, -30131.832532], [156.036696, 49.543711, -35962.689608], [156.074745, 49.423288, -31042.357354]]]}, "properties": {"slip": 2.6296318826287703}}, {"type": "Feature", "geometry": {"type": "Polygon", "coordinates": [[[157.511765, 48.968262, -8953.764359], [157.657292, 49.062356, -8923.167775], [157.474297, 49.101024, -9913.907281], [157.511765, 48.968262, -8953.764359]]]}, "properties": {"slip": 7.567420455894045}}, {"type": "Feature", "geometry": {"type": "Polygon", "coordinates": [[[159.129473, 51.921612, -33513.07043], [159.321863, 51.874004, -27660.29472], [159.293452, 52.003044, -31409.629256], [159.129473, 51.921612, -33513.07043]]]}, "properties": {"slip": 6.539849487766414}}, {"type": "Feature", "geometry": {"type": "Polygon", "coordinates": [[[157.197895, 50.067611, -24858.689237], [157.015402, 50.108385, -29398.793214], [157.052553, 49.987471, -25664.760428], [157.197895, 50.067611, -24858.689237]]]}, "properties": {"slip": 14.381923573228644}}, {"type": "Feature", "geometry": {"type": "Polygon", "coordinates": [[[157.782254, 50.385752, -21831.415009], [157.748006, 50.506647, -24692.650409], [157.60103, 50.427319, -25484.837876], [157.782254, 50.385752, -21831.415009]]]}, "properties": {"slip": 11.748971508195378}}, {"type": "Feature", "geometry": {"type": "Polygon", "coordinates": [[[158.889436, 50.145796, -10340.082846], [159.005052, 50.235007, -10376.522995], [158.832579, 50.256979, -11403.518289], [158.889436, 50.145796, -10340.082846]]]}, "properties": {"slip": 13.698736964673445}}, {"type": "Feature", "geometry": {"type": "Polygon", "coordinates": [[[157.748006, 50.506647, -24692.650409], [157.564667, 50.548396, -29012.290908], [157.60103, 50.427319, -25484.837876], [157.748006, 50.506647, -24692.650409]]]}, "properties": {"slip": 8.879812172975479}}, {"type": "Feature", "geometry": {"type": "Polygon", "coordinates": [[[156.90998, 49.907398, -26399.833592], [157.08947, 49.867059, -22438.387886], [157.052553, 49.987471, -25664.760428], [156.90998, 49.907398, -26399.833592]]]}, "properties": {"slip": 15.826941336324628}}, {"type": "Feature", "geometry": {"type": "Polygon", "coordinates": [[[159.873202, 51.859215, -18212.881378], [159.706933, 51.778911, -19218.495295], [159.900513, 51.732561, -16383.340207], [159.873202, 51.859215, -18212.881378]]]}, "properties": {"slip": 6.906556300351544}}, {"type": "Feature", "geometry": {"type": "Polygon", "coordinates": [[[158.398402, 51.268322, -32174.232175], [158.210189, 51.312699, -37628.665582], [158.247242, 51.188017, -32899.700115], [158.398402, 51.268322, -32174.232175]]]}, "properties": {"slip": 3.947758024114018}}, {"type": "Feature", "geometry": {"type": "Polygon", "coordinates": [[[157.863991, 50.706667, -27208.164732], [158.045055, 50.663902, -23396.194717], [158.013267, 50.784755, -26498.458284], [157.863991, 50.706667, -27208.164732]]]}, "properties": {"slip": 5.8881204348248115}}, {"type": "Feature", "geometry": {"type": "Polygon", "coordinates": [[[158.096761, 51.108789, -33623.560987], [158.129031, 50.985478, -29484.878552], [158.280588, 51.064677, -28810.323762], [158.096761, 51.108789, -33623.560987]]]}, "properties": {"slip": 4.699944173438548}}, {"type": "Feature", "geometry": {"type": "Polygon", "coordinates": [[[158.162018, 50.863177, -25893.302365], [157.978582, 50.906143, -30178.309067], [158.013267, 50.784755, -26498.458284], [158.162018, 50.863177, -25893.302365]]]}, "properties": {"slip": 6.542775928902061}}, {"type": "Feature", "geometry": {"type": "Polygon", "coordinates": [[[157.893555, 51.736379, -61788.150454], [157.754413, 51.640416, -62111.069651], [157.950016, 51.610736, -55211.132806], [157.893555, 51.736379, -61788.150454]]]}, "properties": {"slip": 0.40499437166649993}}, {"type": "Feature", "geometry": {"type": "Polygon", "coordinates": [[[158.194154, 50.741938, -22853.637408], [158.162018, 50.863177, -25893.302365], [158.013267, 50.784755, -26498.458284], [158.194154, 50.741938, -22853.637408]]]}, "properties": {"slip": 7.385558688565514}}, {"type": "Feature", "geometry": {"type": "Polygon", "coordinates": [[[156.8473, 49.031885, -12943.392434], [156.671096, 49.071367, -14734.274527], [156.706332, 48.950977, -13139.699902], [156.8473, 49.031885, -12943.392434]]]}, "properties": {"slip": 4.913031973704161}}, {"type": "Feature", "geometry": {"type": "Polygon", "coordinates": [[[157.017877, 49.547063, -17729.184915], [156.981913, 49.666536, -20150.627531], [156.843934, 49.586271, -20551.064133], [157.017877, 49.547063, -17729.184915]]]}, "properties": {"slip": 12.03989537132192}}, {"type": "Feature", "geometry": {"type": "Polygon", "coordinates": [[[160.184138, 52.945585, -32641.725298], [160.261202, 53.059944, -33475.98688], [160.056614, 53.044288, -38375.875517], [160.184138, 52.945585, -32641.725298]]]}, "properties": {"slip": 0.2216188987762971}}, {"type": "Feature", "geometry": {"type": "Polygon", "coordinates": [[[160.593687, 52.979847, -24624.403663], [160.507705, 52.876524, -24344.260905], [160.720806, 52.895073, -21142.538256], [160.593687, 52.979847, -24624.403663]]]}, "properties": {"slip": 1.9858104848568021}}, {"type": "Feature", "geometry": {"type": "Polygon", "coordinates": [[[155.620604, 49.297872, -39058.034777], [155.759544, 49.379968, -38086.593915], [155.579028, 49.417056, -45268.355847], [155.620604, 49.297872, -39058.034777]]]}, "properties": {"slip": 0.6816566262344342}}, {"type": "Feature", "geometry": {"type": "Polygon", "coordinates": [[[156.87834, 49.467693, -18076.71261], [157.017877, 49.547063, -17729.184915], [156.843934, 49.586271, -20551.064133], [156.87834, 49.467693, -18076.71261]]]}, "properties": {"slip": 9.802447045367515}}, {"type": "Feature", "geometry": {"type": "Polygon", "coordinates": [[[155.610658, 48.710357, -20752.008967], [155.75, 48.65, -17661.346436], [155.762885, 48.755814, -19522.351642], [155.610658, 48.710357, -20752.008967]]]}, "properties": {"slip": 0.0}}, {"type": "Feature", "geometry": {"type": "Polygon", "coordinates": [[[155.547672, 49.532762, -51341.929205], [155.720406, 49.500051, -44017.848139], [155.675033, 49.628154, -50877.313834], [155.547672, 49.532762, -51341.929205]]]}, "properties": {"slip": 0.23481033871676937}}, {"type": "Feature", "geometry": {"type": "Polygon", "coordinates": [[[155.310342, 49.249708, -46819.482178], [155.440797, 49.332688, -46218.752474], [155.25498, 49.354253, -53556.299336], [155.310342, 49.249708, -46819.482178]]]}, "properties": {"slip": 0.6824925928786815}}, {"type": "Feature", "geometry": {"type": "Polygon", "coordinates": [[[157.306592, 50.268316, -27399.516928], [157.453614, 50.347624, -26394.930035], [157.269385, 50.388596, -31251.637179], [157.306592, 50.268316, -27399.516928]]]}, "properties": {"slip": 11.792897094238128}}, {"type": "Feature", "geometry": {"type": "Polygon", "coordinates": [[[158.522252, 50.094815, -11865.248202], [158.528161, 49.981209, -10966.45034], [158.647773, 50.051748, -10868.239902], [158.522252, 50.094815, -11865.248202]]]}, "properties": {"slip": 13.933453192433833}}, {"type": "Feature", "geometry": {"type": "Polygon", "coordinates": [[[157.60103, 50.427319, -25484.837876], [157.416353, 50.467883, -30077.09968], [157.453614, 50.347624, -26394.930035], [157.60103, 50.427319, -25484.837876]]]}, "properties": {"slip": 9.332845119098252}}, {"type": "Feature", "geometry": {"type": "Polygon", "coordinates": [[[158.554029, 51.347986, -31249.451262], [158.711554, 51.427724, -30142.522779], [158.521077, 51.472369, -35719.105874], [158.554029, 51.347986, -31249.451262]]]}, "properties": {"slip": 4.564584973139563}}, {"type": "Feature", "geometry": {"type": "Polygon", "coordinates": [[[157.306592, 50.268316, -27399.516928], [157.488423, 50.227286, -23261.52854], [157.453614, 50.347624, -26394.930035], [157.306592, 50.268316, -27399.516928]]]}, "properties": {"slip": 14.73468224927062}}, {"type": "Feature", "geometry": {"type": "Polygon", "coordinates": [[[158.331664, 51.519413, -41849.362232], [158.364291, 51.393419, -36787.77986], [158.521077, 51.472369, -35719.105874], [158.331664, 51.519413, -41849.362232]]]}, "properties": {"slip": 3.2981284178227797}}, {"type": "Feature", "geometry": {"type": "Polygon", "coordinates": [[[159.59671, 51.445544, -16356.901326], [159.783858, 51.397932, -14154.212274], [159.757902, 51.524267, -15576.925975], [159.59671, 51.445544, -16356.901326]]]}, "properties": {"slip": 8.02555260570314}}, {"type": "Feature", "geometry": {"type": "Polygon", "coordinates": [[[157.08947, 49.867059, -22438.387886], [157.23346, 49.947106, -21827.493747], [157.052553, 49.987471, -25664.760428], [157.08947, 49.867059, -22438.387886]]]}, "properties": {"slip": 16.078117982206813}}, {"type": "Feature", "geometry": {"type": "Polygon", "coordinates": [[[160.341526, 53.173959, -34237.727693], [160.216224, 53.274466, -40097.028064], [160.139693, 53.15728, -39087.871243], [160.341526, 53.173959, -34237.727693]]]}, "properties": {"slip": 1.0407675122680746}}, {"type": "Feature", "geometry": {"type": "Polygon", "coordinates": [[[157.23346, 49.947106, -21827.493747], [157.197895, 50.067611, -24858.689237], [157.052553, 49.987471, -25664.760428], [157.23346, 49.947106, -21827.493747]]]}, "properties": {"slip": 14.81763119635138}}, {"type": "Feature", "geometry": {"type": "Polygon", "coordinates": [[[159.706933, 51.778911, -19218.495295], [159.542098, 51.698446, -20334.959746], [159.729094, 51.649661, -17262.248856], [159.706933, 51.778911, -19218.495295]]]}, "properties": {"slip": 6.519242578932481}}, {"type": "Feature", "geometry": {"type": "Polygon", "coordinates": [[[155.579028, 49.417056, -45268.355847], [155.759544, 49.379968, -38086.593915], [155.720406, 49.500051, -44017.848139], [155.579028, 49.417056, -45268.355847]]]}, "properties": {"slip": 0.6125807981880969}}, {"type": "Feature", "geometry": {"type": "Polygon", "coordinates": [[[155.759544, 49.379968, -38086.593915], [155.936226, 49.342266, -31911.065654], [155.897734, 49.461991, -37061.822768], [155.759544, 49.379968, -38086.593915]]]}, "properties": {"slip": 1.4435024719602858}}, {"type": "Feature", "geometry": {"type": "Polygon", "coordinates": [[[158.107029, 49.497467, -9720.388769], [158.265576, 49.491959, -9040.519171], [158.240604, 49.582184, -9666.69485], [158.107029, 49.497467, -9720.388769]]]}, "properties": {"slip": 15.697342785365317}}, {"type": "Feature", "geometry": {"type": "Polygon", "coordinates": [[[159.099467, 52.050115, -37939.01239], [159.129473, 51.921612, -33513.07043], [159.293452, 52.003044, -31409.629256], [159.099467, 52.050115, -37939.01239]]]}, "properties": {"slip": 6.429928206812772}}, {"type": "Feature", "geometry": {"type": "Polygon", "coordinates": [[[158.060785, 51.2319, -38342.496736], [158.028026, 51.354799, -43418.940252], [157.876662, 51.27663, -44428.116336], [158.060785, 51.2319, -38342.496736]]]}, "properties": {"slip": 3.1750971990753367}}, {"type": "Feature", "geometry": {"type": "Polygon", "coordinates": [[[155.579028, 49.417056, -45268.355847], [155.720406, 49.500051, -44017.848139], [155.547672, 49.532762, -51341.929205], [155.579028, 49.417056, -45268.355847]]]}, "properties": {"slip": 0.0}}, {"type": "Feature", "geometry": {"type": "Polygon", "coordinates": [[[158.556504, 52.258499, -61553.959015], [158.344273, 52.278925, -68690.958688], [158.416841, 52.16148, -62649.772742], [158.556504, 52.258499, -61553.959015]]]}, "properties": {"slip": 0.0}}, {"type": "Feature", "geometry": {"type": "Polygon", "coordinates": [[[157.052553, 49.987471, -25664.760428], [157.015402, 50.108385, -29398.793214], [156.878637, 50.028223, -30176.743908], [157.052553, 49.987471, -25664.760428]]]}, "properties": {"slip": 13.935965705501346}}, {"type": "Feature", "geometry": {"type": "Polygon", "coordinates": [[[158.331664, 51.519413, -41849.362232], [158.521077, 51.472369, -35719.105874], [158.488162, 51.599208, -40717.168757], [158.331664, 51.519413, -41849.362232]]]}, "properties": {"slip": 2.576290494731732}}, {"type": "Feature", "geometry": {"type": "Polygon", "coordinates": [[[159.650323, 52.034249, -24368.380213], [159.620308, 52.162515, -27612.451446], [159.45937, 52.087089, -29462.968709], [159.650323, 52.034249, -24368.380213]]]}, "properties": {"slip": 6.858426918437787}}, {"type": "Feature", "geometry": {"type": "Polygon", "coordinates": [[[155.917274, 48.805147, -18472.881492], [155.905548, 48.915992, -20876.303939], [155.76356, 48.848832, -21539.358524], [155.917274, 48.805147, -18472.881492]]]}, "properties": {"slip": 0.0}}, {"type": "Feature", "geometry": {"type": "Polygon", "coordinates": [[[157.262494, 49.270193, -12379.376489], [157.088008, 49.310083, -14009.218369], [157.122506, 49.192171, -12572.338187], [157.262494, 49.270193, -12379.376489]]]}, "properties": {"slip": 9.557653041039789}}, {"type": "Feature", "geometry": {"type": "Polygon", "coordinates": [[[155.936226, 49.342266, -31911.065654], [156.074745, 49.423288, -31042.357354], [155.897734, 49.461991, -37061.822768], [155.936226, 49.342266, -31911.065654]]]}, "properties": {"slip": 2.0085866522848805}}, {"type": "Feature", "geometry": {"type": "Polygon", "coordinates": [[[157.635119, 50.306538, -22501.50042], [157.60103, 50.427319, -25484.837876], [157.453614, 50.347624, -26394.930035], [157.635119, 50.306538, -22501.50042]]]}, "properties": {"slip": 11.863770880453108}}, {"type": "Feature", "geometry": {"type": "Polygon", "coordinates": [[[157.488423, 50.227286, -23261.52854], [157.635119, 50.306538, -22501.50042], [157.453614, 50.347624, -26394.930035], [157.488423, 50.227286, -23261.52854]]]}, "properties": {"slip": 14.52689192085775}}, {"type": "Feature", "geometry": {"type": "Polygon", "coordinates": [[[156.526003, 50.119284, -41899.670467], [156.652626, 50.202247, -41258.685642], [156.466666, 50.243765, -48215.322106], [156.526003, 50.119284, -41899.670467]]]}, "properties": {"slip": 4.199299496878694}}, {"type": "Feature", "geometry": {"type": "Polygon", "coordinates": [[[158.711554, 51.427724, -30142.522779], [158.675614, 51.552421, -34545.974633], [158.521077, 51.472369, -35719.105874], [158.711554, 51.427724, -30142.522779]]]}, "properties": {"slip": 4.0790780164017315}}, {"type": "Feature", "geometry": {"type": "Polygon", "coordinates": [[[157.648475, 50.874864, -36419.528254], [157.830939, 50.828908, -30981.224291], [157.796812, 50.950824, -35296.728642], [157.648475, 50.874864, -36419.528254]]]}, "properties": {"slip": 3.962350174866016}}, {"type": "Feature", "geometry": {"type": "Polygon", "coordinates": [[[159.739995, 52.577052, -34693.28711], [159.896232, 52.463452, -28348.329897], [159.938317, 52.59772, -30406.280574], [159.739995, 52.577052, -34693.28711]]]}, "properties": {"slip": 4.472140399479665}}, {"type": "Feature", "geometry": {"type": "Polygon", "coordinates": [[[161.042621, 53.111976, -19564.640662], [161.155201, 53.03123, -17272.182999], [161.218079, 53.135151, -17648.654847], [161.042621, 53.111976, -19564.640662]]]}, "properties": {"slip": 0.7021759070680887}}, {"type": "Feature", "geometry": {"type": "Polygon", "coordinates": [[[160.974964, 52.107945, -11522.23297], [160.799119, 52.117743, -12677.89326], [160.863983, 52.021633, -11652.055591], [160.974964, 52.107945, -11522.23297]]]}, "properties": {"slip": 7.905411617791788}}, {"type": "Feature", "geometry": {"type": "Polygon", "coordinates": [[[156.466147, 49.792208, -32704.969177], [156.498599, 49.668084, -28404.329515], [156.639538, 49.749702, -27663.388723], [156.466147, 49.792208, -32704.969177]]]}, "properties": {"slip": 7.27871879204081}}, {"type": "Feature", "geometry": {"type": "Polygon", "coordinates": [[[159.783858, 51.397932, -14154.212274], [159.944754, 51.476293, -13538.626783], [159.757902, 51.524267, -15576.925975], [159.783858, 51.397932, -14154.212274]]]}, "properties": {"slip": 6.953089537011196}}, {"type": "Feature", "geometry": {"type": "Polygon", "coordinates": [[[159.570089, 51.571338, -18161.795135], [159.59671, 51.445544, -16356.901326], [159.757902, 51.524267, -15576.925975], [159.570089, 51.571338, -18161.795135]]]}, "properties": {"slip": 8.664951698806483}}, {"type": "Feature", "geometry": {"type": "Polygon", "coordinates": [[[158.096761, 51.108789, -33623.560987], [158.280588, 51.064677, -28810.323762], [158.247242, 51.188017, -32899.700115], [158.096761, 51.108789, -33623.560987]]]}, "properties": {"slip": 4.204125947835449}}, {"type": "Feature", "geometry": {"type": "Polygon", "coordinates": [[[155.720406, 49.500051, -44017.848139], [155.759544, 49.379968, -38086.593915], [155.897734, 49.461991, -37061.822768], [155.720406, 49.500051, -44017.848139]]]}, "properties": {"slip": 0.9706524325417708}}, {"type": "Feature", "geometry": {"type": "Polygon", "coordinates": [[[155.25498, 49.354253, -53556.299336], [155.440797, 49.332688, -46218.752474], [155.383794, 49.453338, -53626.850168], [155.25498, 49.354253, -53556.299336]]]}, "properties": {"slip": 0.6181988465392189}}, {"type": "Feature", "geometry": {"type": "Polygon", "coordinates": [[[158.280588, 51.064677, -28810.323762], [158.432269, 51.143842, -28114.412422], [158.247242, 51.188017, -32899.700115], [158.280588, 51.064677, -28810.323762]]]}, "properties": {"slip": 5.67574201296594}}, {"type": "Feature", "geometry": {"type": "Polygon", "coordinates": [[[156.706332, 48.950977, -13139.699902], [156.564804, 48.870419, -13320.531718], [156.726521, 48.835, -11916.634836], [156.706332, 48.950977, -13139.699902]]]}, "properties": {"slip": 4.137397705582186}}, {"type": "Feature", "geometry": {"type": "Polygon", "coordinates": [[[156.809766, 49.151427, -14491.390533], [156.671096, 49.071367, -14734.274527], [156.8473, 49.031885, -12943.392434], [156.809766, 49.151427, -14491.390533]]]}, "properties": {"slip": 5.962314652358604}}, {"type": "Feature", "geometry": {"type": "Polygon", "coordinates": [[[160.261202, 53.059944, -33475.98688], [160.341526, 53.173959, -34237.727693], [160.139693, 53.15728, -39087.871243], [160.261202, 53.059944, -33475.98688]]]}, "properties": {"slip": 1.083239803989285}}, {"type": "Feature", "geometry": {"type": "Polygon", "coordinates": [[[158.298697, 51.646632, -47294.973692], [158.331664, 51.519413, -41849.362232], [158.488162, 51.599208, -40717.168757], [158.298697, 51.646632, -47294.973692]]]}, "properties": {"slip": 2.3944298540945637}}, {"type": "Feature", "geometry": {"type": "Polygon", "coordinates": [[[157.222351, 48.779538, -9055.528263], [157.366786, 48.873989, -8999.681177], [157.178855, 48.910909, -10044.662252], [157.222351, 48.779538, -9055.528263]]]}, "properties": {"slip": 8.469244165819308}}, {"type": "Feature", "geometry": {"type": "Polygon", "coordinates": [[[156.584548, 48.747313, -11985.25708], [156.444015, 48.676501, -12167.506869], [156.588732, 48.626267, -10929.674468], [156.584548, 48.747313, -11985.25708]]]}, "properties": {"slip": 1.2799831589398207}}, {"type": "Feature", "geometry": {"type": "Polygon", "coordinates": [[[158.364291, 51.393419, -36787.77986], [158.554029, 51.347986, -31249.451262], [158.521077, 51.472369, -35719.105874], [158.364291, 51.393419, -36787.77986]]]}, "properties": {"slip": 3.8010482907896948}}, {"type": "Feature", "geometry": {"type": "Polygon", "coordinates": [[[156.425652, 49.345968, -22035.078318], [156.563842, 49.425762, -21516.657453], [156.389225, 49.46329, -25333.998194], [156.425652, 49.345968, -22035.078318]]]}, "properties": {"slip": 3.6020705810886264}}, {"type": "Feature", "geometry": {"type": "Polygon", "coordinates": [[[161.53724, 52.997662, -13524.697953], [161.509582, 52.891099, -12992.253859], [161.680815, 52.93457, -12112.490626], [161.53724, 52.997662, -13524.697953]]]}, "properties": {"slip": 0.9761861390790489}}, {"type": "Feature", "geometry": {"type": "Polygon", "coordinates": [[[156.8473, 49.031885, -12943.392434], [156.706332, 48.950977, -13139.699902], [156.884489, 48.910513, -11613.583023], [156.8473, 49.031885, -12943.392434]]]}, "properties": {"slip": 5.244340451723946}}, {"type": "Feature", "geometry": {"type": "Polygon", "coordinates": [[[156.214879, 49.504408, -30131.832532], [156.250848, 49.384619, -26056.866981], [156.389225, 49.46329, -25333.998194], [156.214879, 49.504408, -30131.832532]]]}, "properties": {"slip": 2.930250617139627}}, {"type": "Feature", "geometry": {"type": "Polygon", "coordinates": [[[160.910783, 51.849467, -10400.640424], [161.015649, 51.968424, -10518.261024], [160.829215, 51.935567, -11320.692003], [160.910783, 51.849467, -10400.640424]]]}, "properties": {"slip": 6.073548084869427}}, {"type": "Feature", "geometry": {"type": "Polygon", "coordinates": [[[154.75, 49.1, -59073.097229], [154.85, 49.05, -52987.89978], [154.85691, 49.124055, -56360.227853], [154.75, 49.1, -59073.097229]]]}, "properties": {"slip": 0.0}}, {"type": "Feature", "geometry": {"type": "Polygon", "coordinates": [[[158.577467, 51.934814, -50015.42434], [158.366554, 51.956165, -56905.691854], [158.42407, 51.845114, -51231.28635], [158.577467, 51.934814, -50015.42434]]]}, "properties": {"slip": 2.1575056847027843}}, {"type": "Feature", "geometry": {"type": "Polygon", "coordinates": [[[156.897196, 50.483466, -44147.411964], [156.938249, 50.351533, -38466.730671], [157.085089, 50.43221, -37108.429589], [156.897196, 50.483466, -44147.411964]]]}, "properties": {"slip": 3.472176203719983}}, {"type": "Feature", "geometry": {"type": "Polygon", "coordinates": [[[159.570089, 51.571338, -18161.795135], [159.757902, 51.524267, -15576.925975], [159.729094, 51.649661, -17262.248856], [159.570089, 51.571338, -18161.795135]]]}, "properties": {"slip": 8.000558943827167}}, {"type": "Feature", "geometry": {"type": "Polygon", "coordinates": [[[160.912208, 52.754623, -16991.653966], [161.054735, 52.820017, -16196.557477], [160.892732, 52.852564, -18292.107921], [160.912208, 52.754623, -16991.653966]]]}, "properties": {"slip": 2.3898485331645305}}, {"type": "Feature", "geometry": {"type": "Polygon", "coordinates": [[[156.8473, 49.031885, -12943.392434], [156.884489, 48.910513, -11613.583023], [157.028343, 48.993125, -11439.752922], [156.8473, 49.031885, -12943.392434]]]}, "properties": {"slip": 6.186496417276356}}, {"type": "Feature", "geometry": {"type": "Polygon", "coordinates": [[[158.521077, 51.472369, -35719.105874], [158.675614, 51.552421, -34545.974633], [158.488162, 51.599208, -40717.168757], [158.521077, 51.472369, -35719.105874]]]}, "properties": {"slip": 2.957775921389217}}, {"type": "Feature", "geometry": {"type": "Polygon", "coordinates": [[[156.074745, 49.423288, -31042.357354], [156.036696, 49.543711, -35962.689608], [155.897734, 49.461991, -37061.822768], [156.074745, 49.423288, -31042.357354]]]}, "properties": {"slip": 1.8597761798651866}}, {"type": "Feature", "geometry": {"type": "Polygon", "coordinates": [[[157.453614, 50.347624, -26394.930035], [157.416353, 50.467883, -30077.09968], [157.269385, 50.388596, -31251.637179], [157.453614, 50.347624, -26394.930035]]]}, "properties": {"slip": 9.332299484852035}}, {"type": "Feature", "geometry": {"type": "Polygon", "coordinates": [[[160.056614, 53.044288, -38375.875517], [160.261202, 53.059944, -33475.98688], [160.139693, 53.15728, -39087.871243], [160.056614, 53.044288, -38375.875517]]]}, "properties": {"slip": 0.5927299185871755}}, {"type": "Feature", "geometry": {"type": "Polygon", "coordinates": [[[160.090794, 51.684936, -14199.579551], [160.066151, 51.811163, -15628.431513], [159.900513, 51.732561, -16383.340207], [160.090794, 51.684936, -14199.579551]]]}, "properties": {"slip": 6.651722564312972}}, {"type": "Feature", "geometry": {"type": "Polygon", "coordinates": [[[160.014366, 52.716503, -31368.029933], [159.814976, 52.697286, -35832.037085], [159.938317, 52.59772, -30406.280574], [160.014366, 52.716503, -31368.029933]]]}, "properties": {"slip": 3.5911709743848528}}, {"type": "Feature", "geometry": {"type": "Polygon", "coordinates": [[[161.409411, 52.546561, -11444.620585], [161.262509, 52.582627, -12608.554894], [161.290889, 52.491682, -11845.718215], [161.409411, 52.546561, -11444.620585]]]}, "properties": {"slip": 5.304608519713582}}, {"type": "Feature", "geometry": {"type": "Polygon", "coordinates": [[[159.922933, 51.604296, -14850.941768], [160.090794, 51.684936, -14199.579551], [159.900513, 51.732561, -16383.340207], [159.922933, 51.604296, -14850.941768]]]}, "properties": {"slip": 6.8847193186763915}}, {"type": "Feature", "geometry": {"type": "Polygon", "coordinates": [[[156.250848, 49.384619, -26056.866981], [156.425652, 49.345968, -22035.078318], [156.389225, 49.46329, -25333.998194], [156.250848, 49.384619, -26056.866981]]]}, "properties": {"slip": 2.2495937657040157}}, {"type": "Feature", "geometry": {"type": "Polygon", "coordinates": [[[155.034632, 49.20432, -54017.443119], [155.142253, 49.276421, -53771.597061], [154.963097, 49.304148, -61492.607235], [155.034632, 49.20432, -54017.443119]]]}, "properties": {"slip": 0.0}}, {"type": "Feature", "geometry": {"type": "Polygon", "coordinates": [[[158.269307, 51.769867, -52687.057715], [158.298697, 51.646632, -47294.973692], [158.456084, 51.725911, -46025.650051], [158.269307, 51.769867, -52687.057715]]]}, "properties": {"slip": 1.8833740031260522}}, {"type": "Feature", "geometry": {"type": "Polygon", "coordinates": [[[159.542098, 51.698446, -20334.959746], [159.570089, 51.571338, -18161.795135], [159.729094, 51.649661, -17262.248856], [159.542098, 51.698446, -20334.959746]]]}, "properties": {"slip": 7.675134380335042}}, {"type": "Feature", "geometry": {"type": "Polygon", "coordinates": [[[157.437748, 49.229278, -11011.993192], [157.262494, 49.270193, -12379.376489], [157.298142, 49.151855, -11162.08852], [157.437748, 49.229278, -11011.993192]]]}, "properties": {"slip": 8.455762488278097}}, {"type": "Feature", "geometry": {"type": "Polygon", "coordinates": [[[155.351911, 49.139159, -40642.946705], [155.224462, 49.065123, -41338.338122], [155.409168, 49.034149, -34759.743496], [155.351911, 49.139159, -40642.946705]]]}, "properties": {"slip": 0.29635813078751483}}, {"type": "Feature", "geometry": {"type": "Polygon", "coordinates": [[[157.367151, 51.324199, -61649.374736], [157.156336, 51.348907, -70011.887019], [157.218259, 51.229089, -62800.674268], [157.367151, 51.324199, -61649.374736]]]}, "properties": {"slip": 0.0}}, {"type": "Feature", "geometry": {"type": "Polygon", "coordinates": [[[157.015402, 50.108385, -29398.793214], [156.83555, 50.151262, -34770.007505], [156.878637, 50.028223, -30176.743908], [157.015402, 50.108385, -29398.793214]]]}, "properties": {"slip": 12.052299063062325}}, {"type": "Feature", "geometry": {"type": "Polygon", "coordinates": [[[160.713358, 53.396797, -30415.606675], [160.922164, 53.386915, -25699.811938], [160.797821, 53.48053, -30210.938462], [160.713358, 53.396797, -30415.606675]]]}, "properties": {"slip": 0.0}}, {"type": "Feature", "geometry": {"type": "Polygon", "coordinates": [[[158.675614, 51.552421, -34545.974633], [158.643085, 51.679561, -39408.7213], [158.488162, 51.599208, -40717.168757], [158.675614, 51.552421, -34545.974633]]]}, "properties": {"slip": 2.8792539526611645}}, {"type": "Feature", "geometry": {"type": "Polygon", "coordinates": [[[157.960528, 49.672198, -11695.618459], [158.112762, 49.6233, -10522.488766], [158.105791, 49.741681, -11425.221937], [157.960528, 49.672198, -11695.618459]]]}, "properties": {"slip": 14.872172358976176}}, {"type": "Feature", "geometry": {"type": "Polygon", "coordinates": [[[156.350245, 50.161724, -48710.323083], [156.526003, 50.119284, -41899.670467], [156.466666, 50.243765, -48215.322106], [156.350245, 50.161724, -48710.323083]]]}, "properties": {"slip": 3.519324529659026}}, {"type": "Feature", "geometry": {"type": "Polygon", "coordinates": [[[158.298697, 51.646632, -47294.973692], [158.488162, 51.599208, -40717.168757], [158.456084, 51.725911, -46025.650051], [158.298697, 51.646632, -47294.973692]]]}, "properties": {"slip": 2.665178098991513}}, {"type": "Feature", "geometry": {"type": "Polygon", "coordinates": [[[156.884489, 48.910513, -11613.583023], [156.706332, 48.950977, -13139.699902], [156.726521, 48.835, -11916.634836], [156.884489, 48.910513, -11613.583023]]]}, "properties": {"slip": 4.419176910454062}}, {"type": "Feature", "geometry": {"type": "Polygon", "coordinates": [[[156.564804, 48.870419, -13320.531718], [156.584548, 48.747313, -11985.25708], [156.726521, 48.835, -11916.634836], [156.564804, 48.870419, -13320.531718]]]}, "properties": {"slip": 3.3303380112201757}}, {"type": "Feature", "geometry": {"type": "Polygon", "coordinates": [[[157.027316, 51.244857, -70235.426836], [157.090381, 51.133904, -63320.778408], [157.218259, 51.229089, -62800.674268], [157.027316, 51.244857, -70235.426836]]]}, "properties": {"slip": 0.0}}, {"type": "Feature", "geometry": {"type": "Polygon", "coordinates": [[[155.917274, 48.805147, -18472.881492], [155.762885, 48.755814, -19522.351642], [155.896563, 48.694433, -16772.607159], [155.917274, 48.805147, -18472.881492]]]}, "properties": {"slip": 0.0}}, {"type": "Feature", "geometry": {"type": "Polygon", "coordinates": [[[157.416353, 50.467883, -30077.09968], [157.229749, 50.508338, -35665.783024], [157.269385, 50.388596, -31251.637179], [157.416353, 50.467883, -30077.09968]]]}, "properties": {"slip": 6.010409213620078}}, {"type": "Feature", "geometry": {"type": "Polygon", "coordinates": [[[157.693548, 51.317684, -51038.073663], [157.719897, 51.196979, -45690.74611], [157.876662, 51.27663, -44428.116336], [157.693548, 51.317684, -51038.073663]]]}, "properties": {"slip": 2.2502675918376283}}, {"type": "Feature", "geometry": {"type": "Polygon", "coordinates": [[[161.237315, 52.679213, -13461.867879], [161.07785, 52.716498, -15040.237837], [161.109077, 52.617328, -13978.654175], [161.237315, 52.679213, -13461.867879]]]}, "properties": {"slip": 4.937172726896884}}, {"type": "Feature", "geometry": {"type": "Polygon", "coordinates": [[[160.632667, 51.649142, -10593.285705], [160.791254, 51.752388, -10435.506771], [160.59485, 51.794168, -11713.179874], [160.632667, 51.649142, -10593.285705]]]}, "properties": {"slip": 6.250586674655187}}, {"type": "Feature", "geometry": {"type": "Polygon", "coordinates": [[[157.088008, 49.310083, -14009.218369], [156.948445, 49.231225, -14251.005382], [157.122506, 49.192171, -12572.338187], [157.088008, 49.310083, -14009.218369]]]}, "properties": {"slip": 8.441199845522398}}, {"type": "Feature", "geometry": {"type": "Polygon", "coordinates": [[[157.944985, 51.029396, -34428.287423], [157.758366, 51.073327, -40244.373264], [157.796812, 50.950824, -35296.728642], [157.944985, 51.029396, -34428.287423]]]}, "properties": {"slip": 2.7089554649398297}}, {"type": "Feature", "geometry": {"type": "Polygon", "coordinates": [[[158.432269, 51.143842, -28114.412422], [158.398402, 51.268322, -32174.232175], [158.247242, 51.188017, -32899.700115], [158.432269, 51.143842, -28114.412422]]]}, "properties": {"slip": 4.670437816091929}}, {"type": "Feature", "geometry": {"type": "Polygon", "coordinates": [[[161.262509, 52.582627, -12608.554894], [161.237315, 52.679213, -13461.867879], [161.109077, 52.617328, -13978.654175], [161.262509, 52.582627, -12608.554894]]]}, "properties": {"slip": 4.916714658945955}}, {"type": "Feature", "geometry": {"type": "Polygon", "coordinates": [[[155.897734, 49.461991, -37061.822768], [156.036696, 49.543711, -35962.689608], [155.848641, 49.587426, -43271.355359], [155.897734, 49.461991, -37061.822768]]]}, "properties": {"slip": 0.9263552531478828}}, {"type": "Feature", "geometry": {"type": "Polygon", "coordinates": [[[156.051047, 48.53061, -13198.359363], [156.205404, 48.585753, -12742.524948], [156.062509, 48.642961, -14460.794348], [156.051047, 48.53061, -13198.359363]]]}, "properties": {"slip": 0.0}}, {"type": "Feature", "geometry": {"type": "Polygon", "coordinates": [[[157.796812, 50.950824, -35296.728642], [157.758366, 51.073327, -40244.373264], [157.610721, 50.994088, -41357.130054], [157.796812, 50.950824, -35296.728642]]]}, "properties": {"slip": 2.4184219069383177}}, {"type": "Feature", "geometry": {"type": "Polygon", "coordinates": [[[155.720406, 49.500051, -44017.848139], [155.897734, 49.461991, -37061.822768], [155.848641, 49.587426, -43271.355359], [155.720406, 49.500051, -44017.848139]]]}, "properties": {"slip": 0.8071602420365164}}, {"type": "Feature", "geometry": {"type": "Polygon", "coordinates": [[[156.8473, 49.031885, -12943.392434], [157.028343, 48.993125, -11439.752922], [156.985886, 49.11264, -12751.617865], [156.8473, 49.031885, -12943.392434]]]}, "properties": {"slip": 7.487785773382825}}, {"type": "Feature", "geometry": {"type": "Polygon", "coordinates": [[[157.123664, 50.310474, -32488.65125], [157.306592, 50.268316, -27399.516928], [157.269385, 50.388596, -31251.637179], [157.123664, 50.310474, -32488.65125]]]}, "properties": {"slip": 10.99253939989896}}, {"type": "Feature", "geometry": {"type": "Polygon", "coordinates": [[[156.355323, 49.585304, -29243.877175], [156.389225, 49.46329, -25333.998194], [156.530214, 49.545104, -24675.721238], [156.355323, 49.585304, -29243.877175]]]}, "properties": {"slip": 4.5493029357132055}}, {"type": "Feature", "geometry": {"type": "Polygon", "coordinates": [[[155.900698, 48.590408, -15184.97468], [156.051047, 48.53061, -13198.359363], [156.062509, 48.642961, -14460.794348], [155.900698, 48.590408, -15184.97468]]]}, "properties": {"slip": 0.0}}, {"type": "Feature", "geometry": {"type": "Polygon", "coordinates": [[[158.269307, 51.769867, -52687.057715], [158.456084, 51.725911, -46025.650051], [158.42407, 51.845114, -51231.28635], [158.269307, 51.769867, -52687.057715]]]}, "properties": {"slip": 2.264096750632374}}, {"type": "Feature", "geometry": {"type": "Polygon", "coordinates": [[[160.233694, 52.721585, -26689.162676], [160.427628, 52.662593, -22155.147871], [160.449427, 52.775488, -23628.079614], [160.233694, 52.721585, -26689.162676]]]}, "properties": {"slip": 2.7704129613588115}}, {"type": "Feature", "geometry": {"type": "Polygon", "coordinates": [[[158.247242, 51.188017, -32899.700115], [158.210189, 51.312699, -37628.665582], [158.060785, 51.2319, -38342.496736], [158.247242, 51.188017, -32899.700115]]]}, "properties": {"slip": 3.7275629000075035}}, {"type": "Feature", "geometry": {"type": "Polygon", "coordinates": [[[157.298142, 49.151855, -11162.08852], [157.262494, 49.270193, -12379.376489], [157.122506, 49.192171, -12572.338187], [157.298142, 49.151855, -11162.08852]]]}, "properties": {"slip": 8.638200862471065}}, {"type": "Feature", "geometry": {"type": "Polygon", "coordinates": [[[158.488162, 51.599208, -40717.168757], [158.643085, 51.679561, -39408.7213], [158.456084, 51.725911, -46025.650051], [158.488162, 51.599208, -40717.168757]]]}, "properties": {"slip": 3.3041344213539667}}, {"type": "Feature", "geometry": {"type": "Polygon", "coordinates": [[[156.948445, 49.231225, -14251.005382], [156.809766, 49.151427, -14491.390533], [156.985886, 49.11264, -12751.617865], [156.948445, 49.231225, -14251.005382]]]}, "properties": {"slip": 8.691501948539418}}, {"type": "Feature", "geometry": {"type": "Polygon", "coordinates": [[[156.278751, 50.279154, -55667.429532], [156.350245, 50.161724, -48710.323083], [156.466666, 50.243765, -48215.322106], [156.278751, 50.279154, -55667.429532]]]}, "properties": {"slip": 1.651190649495797}}, {"type": "Feature", "geometry": {"type": "Polygon", "coordinates": [[[156.036696, 49.543711, -35962.689608], [155.995831, 49.665021, -41491.903268], [155.848641, 49.587426, -43271.355359], [156.036696, 49.543711, -35962.689608]]]}, "properties": {"slip": 1.3130792848300643}}, {"type": "Feature", "geometry": {"type": "Polygon", "coordinates": [[[158.643085, 51.679561, -39408.7213], [158.610691, 51.807059, -44606.66204], [158.456084, 51.725911, -46025.650051], [158.643085, 51.679561, -39408.7213]]]}, "properties": {"slip": 3.1636768235453414}}, {"type": "Feature", "geometry": {"type": "Polygon", "coordinates": [[[158.143359, 51.56428, -48240.438206], [158.103734, 51.694962, -54283.499736], [157.950016, 51.610736, -55211.132806], [158.143359, 51.56428, -48240.438206]]]}, "properties": {"slip": 1.885834220714669}}, {"type": "Feature", "geometry": {"type": "Polygon", "coordinates": [[[157.269385, 50.388596, -31251.637179], [157.229749, 50.508338, -35665.783024], [157.085089, 50.43221, -37108.429589], [157.269385, 50.388596, -31251.637179]]]}, "properties": {"slip": 5.120927491441549}}, {"type": "Feature", "geometry": {"type": "Polygon", "coordinates": [[[158.694847, 50.160529, -11424.132893], [158.522252, 50.094815, -11865.248202], [158.647773, 50.051748, -10868.239902], [158.694847, 50.160529, -11424.132893]]]}, "properties": {"slip": 13.460905595420348}}, {"type": "Feature", "geometry": {"type": "Polygon", "coordinates": [[[155.675033, 49.628154, -50877.313834], [155.720406, 49.500051, -44017.848139], [155.848641, 49.587426, -43271.355359], [155.675033, 49.628154, -50877.313834]]]}, "properties": {"slip": 0.7787344678367398}}, {"type": "Feature", "geometry": {"type": "Polygon", "coordinates": [[[156.809766, 49.151427, -14491.390533], [156.8473, 49.031885, -12943.392434], [156.985886, 49.11264, -12751.617865], [156.809766, 49.151427, -14491.390533]]]}, "properties": {"slip": 7.486107188067403}}, {"type": "Feature", "geometry": {"type": "Polygon", "coordinates": [[[160.742359, 53.198963, -25830.149593], [160.919282, 53.203438, -22701.435753], [160.812007, 53.296487, -26265.140599], [160.742359, 53.198963, -25830.149593]]]}, "properties": {"slip": 2.247947277441905}}, {"type": "Feature", "geometry": {"type": "Polygon", "coordinates": [[[159.963063, 51.352947, -12454.393378], [159.808828, 51.272442, -12939.367377], [159.986032, 51.227606, -11457.242502], [159.963063, 51.352947, -12454.393378]]]}, "properties": {"slip": 8.005933887162275}}, {"type": "Feature", "geometry": {"type": "Polygon", "coordinates": [[[159.256822, 52.754533, -53703.03792], [159.076937, 52.661542, -56690.745263], [159.244418, 52.625891, -50297.62994], [159.256822, 52.754533, -53703.03792]]]}, "properties": {"slip": 0.0}}, {"type": "Feature", "geometry": {"type": "Polygon", "coordinates": [[[160.233694, 52.721585, -26689.162676], [160.014366, 52.716503, -31368.029933], [160.106001, 52.629177, -27441.552466], [160.233694, 52.721585, -26689.162676]]]}, "properties": {"slip": 4.510137157865334}}, {"type": "Feature", "geometry": {"type": "Polygon", "coordinates": [[[161.9, 52.55, -9010.4599], [161.95, 52.6, -9008.448601], [161.849427, 52.610683, -9484.01047], [161.9, 52.55, -9010.4599]]]}, "properties": {"slip": 9.265616068959677}}, {"type": "Feature", "geometry": {"type": "Polygon", "coordinates": [[[155.750345, 49.840972, -57007.310324], [155.708651, 49.964084, -63804.43387], [155.577381, 49.877689, -65296.584005], [155.750345, 49.840972, -57007.310324]]]}, "properties": {"slip": 0.118639314835593}}, {"type": "Feature", "geometry": {"type": "Polygon", "coordinates": [[[159.896232, 52.463452, -28348.329897], [159.661187, 52.457788, -33665.373163], [159.776003, 52.361794, -28692.164534], [159.896232, 52.463452, -28348.329897]]]}, "properties": {"slip": 5.450718662256704}}, {"type": "Feature", "geometry": {"type": "Polygon", "coordinates": [[[159.774202, 50.700207, -9580.723839], [159.9, 50.8, -9525.533676], [159.713123, 50.818768, -10518.130075], [159.774202, 50.700207, -9580.723839]]]}, "properties": {"slip": 5.4802620314584205}}, {"type": "Feature", "geometry": {"type": "Polygon", "coordinates": [[[161.290889, 52.491682, -11845.718215], [161.138806, 52.521395, -13057.787027], [161.188769, 52.425671, -12093.89021], [161.290889, 52.491682, -11845.718215]]]}, "properties": {"slip": 5.183708058986626}}, {"type": "Feature", "geometry": {"type": "Polygon", "coordinates": [[[157.123664, 50.310474, -32488.65125], [157.269385, 50.388596, -31251.637179], [157.085089, 50.43221, -37108.429589], [157.123664, 50.310474, -32488.65125]]]}, "properties": {"slip": 7.544426175636}}, {"type": "Feature", "geometry": {"type": "Polygon", "coordinates": [[[156.588732, 48.626267, -10929.674468], [156.745832, 48.611361, -10071.955058], [156.736589, 48.717921, -10895.164777], [156.588732, 48.626267, -10929.674468]]]}, "properties": {"slip": 3.0241440676066325}}, {"type": "Feature", "geometry": {"type": "Polygon", "coordinates": [[[157.909586, 51.153183, -39240.582777], [158.096761, 51.108789, -33623.560987], [158.060785, 51.2319, -38342.496736], [157.909586, 51.153183, -39240.582777]]]}, "properties": {"slip": 2.9727475355325015}}, {"type": "Feature", "geometry": {"type": "Polygon", "coordinates": [[[158.556504, 52.258499, -61553.959015], [158.676438, 52.153, -54349.297214], [158.719506, 52.262443, -56465.394861], [158.556504, 52.258499, -61553.959015]]]}, "properties": {"slip": 1.650013639271233}}, {"type": "Feature", "geometry": {"type": "Polygon", "coordinates": [[[159.414247, 52.654426, -45914.431106], [159.61382, 52.676575, -40727.154967], [159.487635, 52.771676, -47097.604927], [159.414247, 52.654426, -45914.431106]]]}, "properties": {"slip": 0.20408955202029838}}, {"type": "Feature", "geometry": {"type": "Polygon", "coordinates": [[[159.076937, 52.661542, -56690.745263], [158.888229, 52.688349, -63625.987211], [158.938248, 52.585054, -58961.26824], [159.076937, 52.661542, -56690.745263]]]}, "properties": {"slip": 0.0}}, {"type": "Feature", "geometry": {"type": "Polygon", "coordinates": [[[156.938249, 50.351533, -38466.730671], [157.123664, 50.310474, -32488.65125], [157.085089, 50.43221, -37108.429589], [156.938249, 50.351533, -38466.730671]]]}, "properties": {"slip": 5.2274244728349695}}, {"type": "Feature", "geometry": {"type": "Polygon", "coordinates": [[[155.224462, 49.065123, -41338.338122], [155.188922, 49.175456, -47414.134044], [155.079803, 49.116355, -48272.255649], [155.224462, 49.065123, -41338.338122]]]}, "properties": {"slip": 0.18289658915482396}}, {"type": "Feature", "geometry": {"type": "Polygon", "coordinates": [[[158.751291, 52.586229, -65146.756005], [158.860579, 52.468922, -58101.062475], [158.938248, 52.585054, -58961.26824], [158.751291, 52.586229, -65146.756005]]]}, "properties": {"slip": 0.0}}, {"type": "Feature", "geometry": {"type": "Polygon", "coordinates": [[[157.680834, 50.750658, -31953.720951], [157.863991, 50.706667, -27208.164732], [157.830939, 50.828908, -30981.224291], [157.680834, 50.750658, -31953.720951]]]}, "properties": {"slip": 6.227467459081413}}, {"type": "Feature", "geometry": {"type": "Polygon", "coordinates": [[[161.138806, 52.521395, -13057.787027], [161.262509, 52.582627, -12608.554894], [161.109077, 52.617328, -13978.654175], [161.138806, 52.521395, -13057.787027]]]}, "properties": {"slip": 4.804699150034991}}, {"type": "Feature", "geometry": {"type": "Polygon", "coordinates": [[[158.456084, 51.725911, -46025.650051], [158.610691, 51.807059, -44606.66204], [158.42407, 51.845114, -51231.28635], [158.456084, 51.725911, -46025.650051]]]}, "properties": {"slip": 2.4972500568778564}}, {"type": "Feature", "geometry": {"type": "Polygon", "coordinates": [[[156.389225, 49.46329, -25333.998194], [156.563842, 49.425762, -21516.657453], [156.530214, 49.545104, -24675.721238], [156.389225, 49.46329, -25333.998194]]]}, "properties": {"slip": 4.148692230469073}}, {"type": "Feature", "geometry": {"type": "Polygon", "coordinates": [[[160.066151, 51.811163, -15628.431513], [159.873202, 51.859215, -18212.881378], [159.900513, 51.732561, -16383.340207], [160.066151, 51.811163, -15628.431513]]]}, "properties": {"slip": 7.027811568353426}}, {"type": "Feature", "geometry": {"type": "Polygon", "coordinates": [[[156.563842, 49.425762, -21516.657453], [156.703172, 49.505801, -21019.54836], [156.530214, 49.545104, -24675.721238], [156.563842, 49.425762, -21516.657453]]]}, "properties": {"slip": 5.302046436121326}}, {"type": "Feature", "geometry": {"type": "Polygon", "coordinates": [[[157.863991, 50.706667, -27208.164732], [158.013267, 50.784755, -26498.458284], [157.830939, 50.828908, -30981.224291], [157.863991, 50.706667, -27208.164732]]]}, "properties": {"slip": 6.080599806260351}}, {"type": "Feature", "geometry": {"type": "Polygon", "coordinates": [[[155.708651, 49.964084, -63804.43387], [155.523056, 49.986007, -72177.838582], [155.577381, 49.877689, -65296.584005], [155.708651, 49.964084, -63804.43387]]]}, "properties": {"slip": 0.0}}, {"type": "Feature", "geometry": {"type": "Polygon", "coordinates": [[[161.188769, 52.425671, -12093.89021], [161.138806, 52.521395, -13057.787027], [161.007095, 52.456942, -13569.07293], [161.188769, 52.425671, -12093.89021]]]}, "properties": {"slip": 5.11420547620868}}, {"type": "Feature", "geometry": {"type": "Polygon", "coordinates": [[[157.758366, 51.073327, -40244.373264], [157.568247, 51.117116, -47008.704768], [157.610721, 50.994088, -41357.130054], [157.758366, 51.073327, -40244.373264]]]}, "properties": {"slip": 2.4794141798729386}}, {"type": "Feature", "geometry": {"type": "Polygon", "coordinates": [[[157.830939, 50.828908, -30981.224291], [157.978582, 50.906143, -30178.309067], [157.796812, 50.950824, -35296.728642], [157.830939, 50.828908, -30981.224291]]]}, "properties": {"slip": 4.472739334693462}}, {"type": "Feature", "geometry": {"type": "Polygon", "coordinates": [[[158.013267, 50.784755, -26498.458284], [157.978582, 50.906143, -30178.309067], [157.830939, 50.828908, -30981.224291], [158.013267, 50.784755, -26498.458284]]]}, "properties": {"slip": 5.7067255941223936}}, {"type": "Feature", "geometry": {"type": "Polygon", "coordinates": [[[160.109179, 51.556392, -12981.093035], [160.160435, 51.425871, -11699.126816], [160.309146, 51.528048, -11513.824227], [160.109179, 51.556392, -12981.093035]]]}, "properties": {"slip": 4.320854308014801}}, {"type": "Feature", "geometry": {"type": "Polygon", "coordinates": [[[158.096761, 51.108789, -33623.560987], [158.247242, 51.188017, -32899.700115], [158.060785, 51.2319, -38342.496736], [158.096761, 51.108789, -33623.560987]]]}, "properties": {"slip": 3.230857728784202}}, {"type": "Feature", "geometry": {"type": "Polygon", "coordinates": [[[155.401243, 49.880295, -72421.704574], [155.462457, 49.76906, -65030.113555], [155.577381, 49.877689, -65296.584005], [155.401243, 49.880295, -72421.704574]]]}, "properties": {"slip": 0.0}}, {"type": "Feature", "geometry": {"type": "Polygon", "coordinates": [[[158.344273, 52.278925, -68690.958688], [158.20985, 52.176181, -69191.582593], [158.416841, 52.16148, -62649.772742], [158.344273, 52.278925, -68690.958688]]]}, "properties": {"slip": 0.0}}, {"type": "Feature", "geometry": {"type": "Polygon", "coordinates": [[[160.418633, 51.841386, -13142.053289], [160.450242, 51.713505, -11983.349509], [160.59485, 51.794168, -11713.179874], [160.418633, 51.841386, -13142.053289]]]}, "properties": {"slip": 7.303109635295637}}, {"type": "Feature", "geometry": {"type": "Polygon", "coordinates": [[[156.811195, 49.708155, -23520.196638], [156.948028, 49.787052, -23002.21123], [156.781501, 49.828288, -26885.127772], [156.811195, 49.708155, -23520.196638]]]}, "properties": {"slip": 11.81904432297299}}, {"type": "Feature", "geometry": {"type": "Polygon", "coordinates": [[[156.530214, 49.545104, -24675.721238], [156.703172, 49.505801, -21019.54836], [156.671621, 49.628701, -24104.543968], [156.530214, 49.545104, -24675.721238]]]}, "properties": {"slip": 6.901158099982046}}, {"type": "Feature", "geometry": {"type": "Polygon", "coordinates": [[[160.051474, 51.117836, -10437.083101], [160.175365, 51.217432, -10345.028282], [159.986032, 51.227606, -11457.242502], [160.051474, 51.117836, -10437.083101]]]}, "properties": {"slip": 9.31339129088973}}, {"type": "Feature", "geometry": {"type": "Polygon", "coordinates": [[[161.401979, 52.260582, -9988.957854], [161.339375, 52.354102, -10781.583026], [161.220909, 52.276378, -11036.924804], [161.401979, 52.260582, -9988.957854]]]}, "properties": {"slip": 5.808923769174904}}, {"type": "Feature", "geometry": {"type": "Polygon", "coordinates": [[[156.897196, 50.483466, -44147.411964], [157.085089, 50.43221, -37108.429589], [157.052219, 50.550356, -41920.636267], [156.897196, 50.483466, -44147.411964]]]}, "properties": {"slip": 1.641176201315064}}, {"type": "Feature", "geometry": {"type": "Polygon", "coordinates": [[[157.909586, 51.153183, -39240.582777], [158.060785, 51.2319, -38342.496736], [157.876662, 51.27663, -44428.116336], [157.909586, 51.153183, -39240.582777]]]}, "properties": {"slip": 3.0931949741617895}}, {"type": "Feature", "geometry": {"type": "Polygon", "coordinates": [[[156.160777, 50.184318, -55881.748376], [155.974796, 50.191982, -63011.484392], [156.056795, 50.100662, -56197.296551], [156.160777, 50.184318, -55881.748376]]]}, "properties": {"slip": 1.1961031326397507}}, {"type": "Feature", "geometry": {"type": "Polygon", "coordinates": [[[158.610691, 51.807059, -44606.66204], [158.577467, 51.934814, -50015.42434], [158.42407, 51.845114, -51231.28635], [158.610691, 51.807059, -44606.66204]]]}, "properties": {"slip": 2.356896893598644}}, {"type": "Feature", "geometry": {"type": "Polygon", "coordinates": [[[158.153795, 51.95053, -62677.442447], [158.064776, 51.834052, -60731.424001], [158.264386, 51.876385, -56825.087844], [158.153795, 51.95053, -62677.442447]]]}, "properties": {"slip": 0.10760783435590084}}, {"type": "Feature", "geometry": {"type": "Polygon", "coordinates": [[[159.659855, 51.065996, -12442.897195], [159.513514, 50.99068, -12869.400512], [159.666617, 50.939957, -11525.482624], [159.659855, 51.065996, -12442.897195]]]}, "properties": {"slip": 7.620987519740992}}, {"type": "Feature", "geometry": {"type": "Polygon", "coordinates": [[[156.843934, 49.586271, -20551.064133], [156.811195, 49.708155, -23520.196638], [156.671621, 49.628701, -24104.543968], [156.843934, 49.586271, -20551.064133]]]}, "properties": {"slip": 10.932385504993013}}, {"type": "Feature", "geometry": {"type": "Polygon", "coordinates": [[[157.122506, 49.192171, -12572.338187], [156.948445, 49.231225, -14251.005382], [156.985886, 49.11264, -12751.617865], [157.122506, 49.192171, -12572.338187]]]}, "properties": {"slip": 9.189922156337857}}, {"type": "Feature", "geometry": {"type": "Polygon", "coordinates": [[[159.658097, 53.0728, -50725.611914], [159.735581, 52.931417, -44336.234016], [159.865504, 53.047765, -43821.757597], [159.658097, 53.0728, -50725.611914]]]}, "properties": {"slip": 0.3060443170839294}}, {"type": "Feature", "geometry": {"type": "Polygon", "coordinates": [[[159.257603, 50.614921, -11653.270379], [159.447828, 50.606243, -10580.521623], [159.370019, 50.695035, -11579.581825], [159.257603, 50.614921, -11653.270379]]]}, "properties": {"slip": 7.6918325635052565}}, {"type": "Feature", "geometry": {"type": "Polygon", "coordinates": [[[161.218079, 53.135151, -17648.654847], [161.251945, 53.243102, -18390.777913], [161.080255, 53.218096, -20399.437306], [161.218079, 53.135151, -17648.654847]]]}, "properties": {"slip": 0.3560206282955658}}, {"type": "Feature", "geometry": {"type": "Polygon", "coordinates": [[[161.991415, 52.752663, -9467.805254], [162.048751, 52.801711, -9415.140547], [161.944825, 52.801868, -9908.397148], [161.991415, 52.752663, -9467.805254]]]}, "properties": {"slip": 5.343386943960484}}, {"type": "Feature", "geometry": {"type": "Polygon", "coordinates": [[[157.719897, 51.196979, -45690.74611], [157.909586, 51.153183, -39240.582777], [157.876662, 51.27663, -44428.116336], [157.719897, 51.196979, -45690.74611]]]}, "properties": {"slip": 2.716493161802924}}, {"type": "Feature", "geometry": {"type": "Polygon", "coordinates": [[[157.610721, 50.994088, -41357.130054], [157.568247, 51.117116, -47008.704768], [157.42312, 51.037546, -48336.682373], [157.610721, 50.994088, -41357.130054]]]}, "properties": {"slip": 2.659669861386988}}, {"type": "Feature", "geometry": {"type": "Polygon", "coordinates": [[[157.648475, 50.874864, -36419.528254], [157.796812, 50.950824, -35296.728642], [157.610721, 50.994088, -41357.130054], [157.648475, 50.874864, -36419.528254]]]}, "properties": {"slip": 2.71324045462104}}, {"type": "Feature", "geometry": {"type": "Polygon", "coordinates": [[[159.447828, 50.606243, -10580.521623], [159.555903, 50.726823, -10777.543868], [159.370019, 50.695035, -11579.581825], [159.447828, 50.606243, -10580.521623]]]}, "properties": {"slip": 7.210641298475434}}, {"type": "Feature", "geometry": {"type": "Polygon", "coordinates": [[[159.988384, 53.258254, -46142.940713], [159.796916, 53.167262, -49258.321811], [159.970776, 53.134245, -43187.634085], [159.988384, 53.258254, -46142.940713]]]}, "properties": {"slip": 0.7741157160872052}}, {"type": "Feature", "geometry": {"type": "Polygon", "coordinates": [[[157.978582, 50.906143, -30178.309067], [157.944985, 51.029396, -34428.287423], [157.796812, 50.950824, -35296.728642], [157.978582, 50.906143, -30178.309067]]]}, "properties": {"slip": 3.9308653914725387}}, {"type": "Feature", "geometry": {"type": "Polygon", "coordinates": [[[155.330988, 48.830537, -29479.493893], [155.470987, 48.770536, -24644.645928], [155.461223, 48.881276, -28120.58153], [155.330988, 48.830537, -29479.493893]]]}, "properties": {"slip": 0.0}}, {"type": "Feature", "geometry": {"type": "Polygon", "coordinates": [[[158.076045, 52.073286, -69373.845588], [158.153795, 51.95053, -62677.442447], [158.267747, 52.065775, -63676.421156], [158.076045, 52.073286, -69373.845588]]]}, "properties": {"slip": 0.0}}, {"type": "Feature", "geometry": {"type": "Polygon", "coordinates": [[[159.814976, 52.697286, -35832.037085], [159.739995, 52.577052, -34693.28711], [159.938317, 52.59772, -30406.280574], [159.814976, 52.697286, -35832.037085]]]}, "properties": {"slip": 3.4572414925977832}}, {"type": "Feature", "geometry": {"type": "Polygon", "coordinates": [[[157.568247, 51.117116, -47008.704768], [157.37953, 51.163668, -54645.840856], [157.42312, 51.037546, -48336.682373], [157.568247, 51.117116, -47008.704768]]]}, "properties": {"slip": 1.5032423563381738}}, {"type": "Feature", "geometry": {"type": "Polygon", "coordinates": [[[155.224462, 49.065123, -41338.338122], [155.074662, 49.032376, -44573.613141], [155.171792, 48.977564, -39186.38018], [155.224462, 49.065123, -41338.338122]]]}, "properties": {"slip": 0.0}}, {"type": "Feature", "geometry": {"type": "Polygon", "coordinates": [[[158.366554, 51.956165, -56905.691854], [158.153795, 51.95053, -62677.442447], [158.264386, 51.876385, -56825.087844], [158.366554, 51.956165, -56905.691854]]]}, "properties": {"slip": 0.30922434216991285}}, {"type": "Feature", "geometry": {"type": "Polygon", "coordinates": [[[162.0, 52.65, -9004.067421], [162.05, 52.7, -8995.855331], [161.945718, 52.697678, -9435.921743], [162.0, 52.65, -9004.067421]]]}, "properties": {"slip": 6.039194895794836}}, {"type": "Feature", "geometry": {"type": "Polygon", "coordinates": [[[161.497307, 52.791159, -12409.74408], [161.625366, 52.750182, -11356.590746], [161.622337, 52.831101, -11856.014513], [161.497307, 52.791159, -12409.74408]]]}, "properties": {"slip": 5.757181830787238}}, {"type": "Feature", "geometry": {"type": "Polygon", "coordinates": [[[157.229749, 50.508338, -35665.783024], [157.192196, 50.631783, -40651.809367], [157.052219, 50.550356, -41920.636267], [157.229749, 50.508338, -35665.783024]]]}, "properties": {"slip": 1.874547930294885}}, {"type": "Feature", "geometry": {"type": "Polygon", "coordinates": [[[158.381584, 49.583802, -9093.281697], [158.289417, 49.688762, -10119.098386], [158.240604, 49.582184, -9666.69485], [158.381584, 49.583802, -9093.281697]]]}, "properties": {"slip": 12.245769397118153}}, {"type": "Feature", "geometry": {"type": "Polygon", "coordinates": [[[160.526724, 51.526689, -10376.807722], [160.632667, 51.649142, -10593.285705], [160.439363, 51.614859, -11367.982684], [160.526724, 51.526689, -10376.807722]]]}, "properties": {"slip": 4.321018817408002}}, {"type": "Feature", "geometry": {"type": "Polygon", "coordinates": [[[159.440283, 52.233221, -33542.395076], [159.5881, 52.328542, -32241.828336], [159.354008, 52.337961, -38704.308714], [159.440283, 52.233221, -33542.395076]]]}, "properties": {"slip": 4.966817057145291}}, {"type": "Feature", "geometry": {"type": "Polygon", "coordinates": [[[161.894434, 53.07203, -11538.428774], [161.704253, 53.040591, -12603.150178], [161.807185, 52.987185, -11617.384249], [161.894434, 53.07203, -11538.428774]]]}, "properties": {"slip": 0.217709502037141}}, {"type": "Feature", "geometry": {"type": "Polygon", "coordinates": [[[161.290889, 52.491682, -11845.718215], [161.262509, 52.582627, -12608.554894], [161.138806, 52.521395, -13057.787027], [161.290889, 52.491682, -11845.718215]]]}, "properties": {"slip": 5.436098711383262}}, {"type": "Feature", "geometry": {"type": "Polygon", "coordinates": [[[158.260668, 49.820097, -11178.25093], [158.434054, 49.786656, -10087.884243], [158.400283, 49.903211, -11056.297239], [158.260668, 49.820097, -11178.25093]]]}, "properties": {"slip": 14.075681730269087}}, {"type": "Feature", "geometry": {"type": "Polygon", "coordinates": [[[157.754413, 51.640416, -62111.069651], [157.808103, 51.518279, -55602.404407], [157.950016, 51.610736, -55211.132806], [157.754413, 51.640416, -62111.069651]]]}, "properties": {"slip": 0.9322305421365168}}, {"type": "Feature", "geometry": {"type": "Polygon", "coordinates": [[[158.176474, 51.436769, -42711.59349], [158.143359, 51.56428, -48240.438206], [157.995174, 51.476381, -48781.940873], [158.176474, 51.436769, -42711.59349]]]}, "properties": {"slip": 3.050302521044344}}, {"type": "Feature", "geometry": {"type": "Polygon", "coordinates": [[[155.142253, 49.276421, -53771.597061], [155.310342, 49.249708, -46819.482178], [155.25498, 49.354253, -53556.299336], [155.142253, 49.276421, -53771.597061]]]}, "properties": {"slip": 0.26021087015294025}}, {"type": "Feature", "geometry": {"type": "Polygon", "coordinates": [[[160.307013, 52.851122, -27777.277081], [160.233694, 52.721585, -26689.162676], [160.449427, 52.775488, -23628.079614], [160.307013, 52.851122, -27777.277081]]]}, "properties": {"slip": 2.286339101703001}}, {"type": "Feature", "geometry": {"type": "Polygon", "coordinates": [[[162.15, 52.8, -8962.578773], [162.2, 52.85, -8935.307503], [162.103467, 52.851207, -9368.864439], [162.15, 52.8, -8962.578773]]]}, "properties": {"slip": 3.8380237062572973}}, {"type": "Feature", "geometry": {"type": "Polygon", "coordinates": [[[156.83555, 50.151262, -34770.007505], [156.791542, 50.272775, -39845.073897], [156.652626, 50.202247, -41258.685642], [156.83555, 50.151262, -34770.007505]]]}, "properties": {"slip": 7.483695388775069}}, {"type": "Feature", "geometry": {"type": "Polygon", "coordinates": [[[160.275764, 51.639607, -12508.439268], [160.109179, 51.556392, -12981.093035], [160.309146, 51.528048, -11513.824227], [160.275764, 51.639607, -12508.439268]]]}, "properties": {"slip": 5.25103245483959}}, {"type": "Feature", "geometry": {"type": "Polygon", "coordinates": [[[156.703172, 49.505801, -21019.54836], [156.843934, 49.586271, -20551.064133], [156.671621, 49.628701, -24104.543968], [156.703172, 49.505801, -21019.54836]]]}, "properties": {"slip": 8.547338652161873}}, {"type": "Feature", "geometry": {"type": "Polygon", "coordinates": [[[159.9, 50.8, -9525.533676], [159.836517, 50.912394, -10417.61061], [159.713123, 50.818768, -10518.130075], [159.9, 50.8, -9525.533676]]]}, "properties": {"slip": 4.6441537701018305}}, {"type": "Feature", "geometry": {"type": "Polygon", "coordinates": [[[154.85691, 49.124055, -56360.227853], [154.888354, 49.208267, -59405.250529], [154.779929, 49.167361, -61329.005222], [154.85691, 49.124055, -56360.227853]]]}, "properties": {"slip": 0.12413198331325564}}, {"type": "Feature", "geometry": {"type": "Polygon", "coordinates": [[[157.460814, 50.920372, -42918.991223], [157.648475, 50.874864, -36419.528254], [157.610721, 50.994088, -41357.130054], [157.460814, 50.920372, -42918.991223]]]}, "properties": {"slip": 2.8207406340854524}}, {"type": "Feature", "geometry": {"type": "Polygon", "coordinates": [[[161.746143, 52.86808, -11319.713958], [161.864171, 52.84389, -10526.222681], [161.827347, 52.921027, -11134.64053], [161.746143, 52.86808, -11319.713958]]]}, "properties": {"slip": 3.6610186019592326}}, {"type": "Feature", "geometry": {"type": "Polygon", "coordinates": [[[159.066718, 52.175425, -42599.449978], [159.23511, 52.259761, -39955.16579], [159.030734, 52.2889, -47136.747264], [159.066718, 52.175425, -42599.449978]]]}, "properties": {"slip": 3.457718284346816}}, {"type": "Feature", "geometry": {"type": "Polygon", "coordinates": [[[162.1, 52.75, -8982.431412], [162.15, 52.8, -8962.578773], [162.048751, 52.801711, -9415.140547], [162.1, 52.75, -8982.431412]]]}, "properties": {"slip": 4.296783837588981}}, {"type": "Feature", "geometry": {"type": "Polygon", "coordinates": [[[162.05, 52.7, -8995.855331], [162.1, 52.75, -8982.431412], [161.991415, 52.752663, -9467.805254], [162.05, 52.7, -8995.855331]]]}, "properties": {"slip": 5.398427143791663}}, {"type": "Feature", "geometry": {"type": "Polygon", "coordinates": [[[160.397833, 53.482638, -40594.642656], [160.609389, 53.511638, -35608.303791], [160.474036, 53.574323, -40854.241688], [160.397833, 53.482638, -40594.642656]]]}, "properties": {"slip": 0.0}}, {"type": "Feature", "geometry": {"type": "Polygon", "coordinates": [[[157.085089, 50.43221, -37108.429589], [157.229749, 50.508338, -35665.783024], [157.052219, 50.550356, -41920.636267], [157.085089, 50.43221, -37108.429589]]]}, "properties": {"slip": 2.297173644167444}}, {"type": "Feature", "geometry": {"type": "Polygon", "coordinates": [[[158.796266, 50.371645, -12518.191208], [158.832579, 50.256979, -11403.518289], [158.962571, 50.341508, -11320.584111], [158.796266, 50.371645, -12518.191208]]]}, "properties": {"slip": 12.453500357801813}}, {"type": "Feature", "geometry": {"type": "Polygon", "coordinates": [[[160.922164, 53.386915, -25699.811938], [160.95, 53.5, -27168.867111], [160.797821, 53.48053, -30210.938462], [160.922164, 53.386915, -25699.811938]]]}, "properties": {"slip": 0.0}}, {"type": "Feature", "geometry": {"type": "Polygon", "coordinates": [[[157.876662, 51.27663, -44428.116336], [158.028026, 51.354799, -43418.940252], [157.8468, 51.396316, -49728.171635], [157.876662, 51.27663, -44428.116336]]]}, "properties": {"slip": 2.67466897916477}}, {"type": "Feature", "geometry": {"type": "Polygon", "coordinates": [[[155.974796, 50.191982, -63011.484392], [155.872917, 50.065727, -61638.90861], [156.056795, 50.100662, -56197.296551], [155.974796, 50.191982, -63011.484392]]]}, "properties": {"slip": 0.9164813364933317}}, {"type": "Feature", "geometry": {"type": "Polygon", "coordinates": [[[160.390082, 51.970652, -14437.92331], [160.418633, 51.841386, -13142.053289], [160.556489, 51.919738, -12840.444825], [160.390082, 51.970652, -14437.92331]]]}, "properties": {"slip": 7.235628901299738}}, {"type": "Feature", "geometry": {"type": "Polygon", "coordinates": [[[159.5881, 52.328542, -32241.828336], [159.454951, 52.441674, -38718.530386], [159.354008, 52.337961, -38704.308714], [159.5881, 52.328542, -32241.828336]]]}, "properties": {"slip": 4.186938973212557}}, {"type": "Feature", "geometry": {"type": "Polygon", "coordinates": [[[155.188922, 49.175456, -47414.134044], [155.034632, 49.20432, -54017.443119], [155.079803, 49.116355, -48272.255649], [155.188922, 49.175456, -47414.134044]]]}, "properties": {"slip": 0.18626815553914464}}, {"type": "Feature", "geometry": {"type": "Polygon", "coordinates": [[[160.597322, 52.724636, -20506.665433], [160.76152, 52.687362, -17928.041385], [160.751309, 52.788429, -19265.188996], [160.597322, 52.724636, -20506.665433]]]}, "properties": {"slip": 3.945146480848718}}, {"type": "Feature", "geometry": {"type": "Polygon", "coordinates": [[[162.048751, 52.801711, -9415.140547], [161.98961, 52.853143, -9922.376426], [161.944825, 52.801868, -9908.397148], [162.048751, 52.801711, -9415.140547]]]}, "properties": {"slip": 4.095490827089427}}, {"type": "Feature", "geometry": {"type": "Polygon", "coordinates": [[[161.401979, 52.260582, -9988.957854], [161.220909, 52.276378, -11036.924804], [161.28686, 52.173267, -10156.606699], [161.401979, 52.260582, -9988.957854]]]}, "properties": {"slip": 7.815849581059765}}, {"type": "Feature", "geometry": {"type": "Polygon", "coordinates": [[[157.460814, 50.920372, -42918.991223], [157.610721, 50.994088, -41357.130054], [157.42312, 51.037546, -48336.682373], [157.460814, 50.920372, -42918.991223]]]}, "properties": {"slip": 3.009685383964308}}, {"type": "Feature", "geometry": {"type": "Polygon", "coordinates": [[[159.963063, 51.352947, -12454.393378], [159.986032, 51.227606, -11457.242502], [160.125964, 51.319288, -11210.634955], [159.963063, 51.352947, -12454.393378]]]}, "properties": {"slip": 8.62266364522177}}, {"type": "Feature", "geometry": {"type": "Polygon", "coordinates": [[[158.832579, 50.256979, -11403.518289], [159.005052, 50.235007, -10376.522995], [158.962571, 50.341508, -11320.584111], [158.832579, 50.256979, -11403.518289]]]}, "properties": {"slip": 14.603885572654738}}, {"type": "Feature", "geometry": {"type": "Polygon", "coordinates": [[[159.222837, 50.416463, -10495.630431], [159.118689, 50.513356, -11707.916457], [159.082552, 50.414132, -11193.711819], [159.222837, 50.416463, -10495.630431]]]}, "properties": {"slip": 13.739447181584092}}, {"type": "Feature", "geometry": {"type": "Polygon", "coordinates": [[[155.900698, 48.590408, -15184.97468], [156.062509, 48.642961, -14460.794348], [155.896563, 48.694433, -16772.607159], [155.900698, 48.590408, -15184.97468]]]}, "properties": {"slip": 0.0}}, {"type": "Feature", "geometry": {"type": "Polygon", "coordinates": [[[156.608176, 49.872332, -31756.44941], [156.466147, 49.792208, -32704.969177], [156.639538, 49.749702, -27663.388723], [156.608176, 49.872332, -31756.44941]]]}, "properties": {"slip": 7.7177382839906485}}, {"type": "Feature", "geometry": {"type": "Polygon", "coordinates": [[[156.726521, 48.835, -11916.634836], [156.736589, 48.717921, -10895.164777], [156.872145, 48.809313, -10882.337105], [156.726521, 48.835, -11916.634836]]]}, "properties": {"slip": 4.908969062729866}}, {"type": "Feature", "geometry": {"type": "Polygon", "coordinates": [[[161.109077, 52.617328, -13978.654175], [160.939039, 52.651008, -15714.557345], [160.967527, 52.548616, -14582.888142], [161.109077, 52.617328, -13978.654175]]]}, "properties": {"slip": 4.786690010480984}}, {"type": "Feature", "geometry": {"type": "Polygon", "coordinates": [[[161.220909, 52.276378, -11036.924804], [161.339375, 52.354102, -10781.583026], [161.161555, 52.345306, -11781.501712], [161.220909, 52.276378, -11036.924804]]]}, "properties": {"slip": 5.081619164802106}}, {"type": "Feature", "geometry": {"type": "Polygon", "coordinates": [[[160.892732, 52.852564, -18292.107921], [161.054735, 52.820017, -16196.557477], [161.060108, 52.929245, -17241.635817], [160.892732, 52.852564, -18292.107921]]]}, "properties": {"slip": 1.8115224595508803}}, {"type": "Feature", "geometry": {"type": "Polygon", "coordinates": [[[154.963097, 49.304148, -61492.607235], [154.8, 49.35, -69835.975647], [154.836922, 49.270732, -64429.721879], [154.963097, 49.304148, -61492.607235]]]}, "properties": {"slip": 0.027321318850729186}}, {"type": "Feature", "geometry": {"type": "Polygon", "coordinates": [[[157.122506, 49.192171, -12572.338187], [156.985886, 49.11264, -12751.617865], [157.158945, 49.075561, -11342.48831], [157.122506, 49.192171, -12572.338187]]]}, "properties": {"slip": 8.714476154435001}}, {"type": "Feature", "geometry": {"type": "Polygon", "coordinates": [[[159.03671, 52.398427, -50221.696903], [158.860579, 52.468922, -58101.062475], [158.870708, 52.350665, -54225.915098], [159.03671, 52.398427, -50221.696903]]]}, "properties": {"slip": 1.4620830890743401}}, {"type": "Feature", "geometry": {"type": "Polygon", "coordinates": [[[158.000382, 49.419137, -9689.658516], [158.15, 49.4, -8981.719971], [158.107029, 49.497467, -9720.388769], [158.000382, 49.419137, -9689.658516]]]}, "properties": {"slip": 15.946799511514511}}, {"type": "Feature", "geometry": {"type": "Polygon", "coordinates": [[[159.808828, 51.272442, -12939.367377], [159.839988, 51.127809, -11707.293417], [159.986032, 51.227606, -11457.242502], [159.808828, 51.272442, -12939.367377]]]}, "properties": {"slip": 7.9799404789778725}}, {"type": "Feature", "geometry": {"type": "Polygon", "coordinates": [[[160.316943, 53.577085, -45422.396139], [160.209658, 53.48826, -46109.978941], [160.397833, 53.482638, -40594.642656], [160.316943, 53.577085, -45422.396139]]]}, "properties": {"slip": 0.0}}, {"type": "Feature", "geometry": {"type": "Polygon", "coordinates": [[[156.985886, 49.11264, -12751.617865], [157.028343, 48.993125, -11439.752922], [157.158945, 49.075561, -11342.48831], [156.985886, 49.11264, -12751.617865]]]}, "properties": {"slip": 8.332291044407373}}, {"type": "Feature", "geometry": {"type": "Polygon", "coordinates": [[[161.85, 52.5, -9011.543274], [161.9, 52.55, -9010.4599], [161.794639, 52.545109, -9437.062553], [161.85, 52.5, -9011.543274]]]}, "properties": {"slip": 11.038708454929642}}, {"type": "Feature", "geometry": {"type": "Polygon", "coordinates": [[[160.507705, 52.876524, -24344.260905], [160.449427, 52.775488, -23628.079614], [160.623398, 52.815944, -21439.411035], [160.507705, 52.876524, -24344.260905]]]}, "properties": {"slip": 2.4315464842432135}}, {"type": "Feature", "geometry": {"type": "Polygon", "coordinates": [[[157.261843, 50.958038, -50345.647626], [157.460814, 50.920372, -42918.991223], [157.42312, 51.037546, -48336.682373], [157.261843, 50.958038, -50345.647626]]]}, "properties": {"slip": 2.2702007154713697}}, {"type": "Feature", "geometry": {"type": "Polygon", "coordinates": [[[161.28686, 52.173267, -10156.606699], [161.220909, 52.276378, -11036.924804], [161.101077, 52.194884, -11282.512184], [161.28686, 52.173267, -10156.606699]]]}, "properties": {"slip": 7.964430719265057}}, {"type": "Feature", "geometry": {"type": "Polygon", "coordinates": [[[154.85, 49.05, -52987.89978], [154.95, 49.0, -47171.886444], [154.961238, 49.078409, -50478.518501], [154.85, 49.05, -52987.89978]]]}, "properties": {"slip": 0.0}}, {"type": "Feature", "geometry": {"type": "Polygon", "coordinates": [[[155.762885, 48.755814, -19522.351642], [155.75, 48.65, -17661.346436], [155.896563, 48.694433, -16772.607159], [155.762885, 48.755814, -19522.351642]]]}, "properties": {"slip": 0.0}}, {"type": "Feature", "geometry": {"type": "Polygon", "coordinates": [[[156.723237, 50.810089, -62781.984395], [156.637163, 50.687464, -60569.581587], [156.8075, 50.713569, -55794.879585], [156.723237, 50.810089, -62781.984395]]]}, "properties": {"slip": 0.27416964543155625}}, {"type": "Feature", "geometry": {"type": "Polygon", "coordinates": [[[156.266468, 48.702315, -13610.78512], [156.205404, 48.585753, -12742.524948], [156.336863, 48.618837, -12253.755686], [156.266468, 48.702315, -13610.78512]]]}, "properties": {"slip": 0.7979883114762372}}, {"type": "Feature", "geometry": {"type": "Polygon", "coordinates": [[[154.95, 49.0, -47171.886444], [155.05, 48.95, -41695.674896], [155.074662, 49.032376, -44573.613141], [154.95, 49.0, -47171.886444]]]}, "properties": {"slip": 0.0}}, {"type": "Feature", "geometry": {"type": "Polygon", "coordinates": [[[162.047992, 52.91827, -9921.134749], [162.05, 53.0, -10276.861191], [161.929189, 52.967498, -10790.259006], [162.047992, 52.91827, -9921.134749]]]}, "properties": {"slip": 0.1089064746616566}}, {"type": "Feature", "geometry": {"type": "Polygon", "coordinates": [[[157.156336, 51.348907, -70011.887019], [157.027316, 51.244857, -70235.426836], [157.218259, 51.229089, -62800.674268], [157.156336, 51.348907, -70011.887019]]]}, "properties": {"slip": 0.0}}, {"type": "Feature", "geometry": {"type": "Polygon", "coordinates": [[[159.61382, 52.676575, -40727.154967], [159.691198, 52.795234, -41815.336736], [159.487635, 52.771676, -47097.604927], [159.61382, 52.676575, -40727.154967]]]}, "properties": {"slip": 0.0}}, {"type": "Feature", "geometry": {"type": "Polygon", "coordinates": [[[157.298142, 49.151855, -11162.08852], [157.122506, 49.192171, -12572.338187], [157.158945, 49.075561, -11342.48831], [157.298142, 49.151855, -11162.08852]]]}, "properties": {"slip": 8.271207072184746}}, {"type": "Feature", "geometry": {"type": "Polygon", "coordinates": [[[157.808103, 51.518279, -55602.404407], [157.618828, 51.542068, -62363.002868], [157.663739, 51.426014, -56225.300807], [157.808103, 51.518279, -55602.404407]]]}, "properties": {"slip": 0.6137537917926952}}, {"type": "Feature", "geometry": {"type": "Polygon", "coordinates": [[[155.547672, 49.532762, -51341.929205], [155.511208, 49.650963, -57894.04105], [155.39724, 49.556313, -57869.866651], [155.547672, 49.532762, -51341.929205]]]}, "properties": {"slip": 0.6677175355117235}}, {"type": "Feature", "geometry": {"type": "Polygon", "coordinates": [[[155.741956, 48.951601, -24476.227039], [155.611697, 48.872727, -24782.1642], [155.76356, 48.848832, -21539.358524], [155.741956, 48.951601, -24476.227039]]]}, "properties": {"slip": 0.24191732431650864}}, {"type": "Feature", "geometry": {"type": "Polygon", "coordinates": [[[156.201047, 48.470609, -11636.703313], [156.350698, 48.410405, -10373.610217], [156.320515, 48.527212, -11487.366214], [156.201047, 48.470609, -11636.703313]]]}, "properties": {"slip": 0.0}}, {"type": "Feature", "geometry": {"type": "Polygon", "coordinates": [[[160.62496, 53.297687, -30315.775014], [160.742359, 53.198963, -25830.149593], [160.812007, 53.296487, -26265.140599], [160.62496, 53.297687, -30315.775014]]]}, "properties": {"slip": 1.8055482085838366}}, {"type": "Feature", "geometry": {"type": "Polygon", "coordinates": [[[156.639538, 49.749702, -27663.388723], [156.811195, 49.708155, -23520.196638], [156.781501, 49.828288, -26885.127772], [156.639538, 49.749702, -27663.388723]]]}, "properties": {"slip": 10.612577192272381}}, {"type": "Feature", "geometry": {"type": "Polygon", "coordinates": [[[159.789077, 52.246407, -25959.481191], [159.954054, 52.319725, -24318.948148], [159.776003, 52.361794, -28692.164534], [159.789077, 52.246407, -25959.481191]]]}, "properties": {"slip": 7.542771600350351}}, {"type": "Feature", "geometry": {"type": "Polygon", "coordinates": [[[159.221212, 50.718875, -12665.062581], [159.257603, 50.614921, -11653.270379], [159.370019, 50.695035, -11579.581825], [159.221212, 50.718875, -12665.062581]]]}, "properties": {"slip": 8.773618753340712}}, {"type": "Feature", "geometry": {"type": "Polygon", "coordinates": [[[161.827347, 52.921027, -11134.64053], [161.864171, 52.84389, -10526.222681], [161.931658, 52.900793, -10447.033781], [161.827347, 52.921027, -11134.64053]]]}, "properties": {"slip": 3.1615149807705087}}, {"type": "Feature", "geometry": {"type": "Polygon", "coordinates": [[[156.745832, 48.611361, -10071.955058], [156.894157, 48.70996, -10064.906785], [156.736589, 48.717921, -10895.164777], [156.745832, 48.611361, -10071.955058]]]}, "properties": {"slip": 4.131236268155424}}, {"type": "Feature", "geometry": {"type": "Polygon", "coordinates": [[[156.574704, 49.993766, -36328.869067], [156.608176, 49.872332, -31756.44941], [156.744094, 49.949532, -30921.198723], [156.574704, 49.993766, -36328.869067]]]}, "properties": {"slip": 8.348240713262777}}, {"type": "Feature", "geometry": {"type": "Polygon", "coordinates": [[[160.892732, 52.852564, -18292.107921], [160.720806, 52.895073, -21142.538256], [160.751309, 52.788429, -19265.188996], [160.892732, 52.852564, -18292.107921]]]}, "properties": {"slip": 1.680721674576335}}, {"type": "Feature", "geometry": {"type": "Polygon", "coordinates": [[[158.416841, 52.16148, -62649.772742], [158.20985, 52.176181, -69191.582593], [158.267747, 52.065775, -63676.421156], [158.416841, 52.16148, -62649.772742]]]}, "properties": {"slip": 0.0}}, {"type": "Feature", "geometry": {"type": "Polygon", "coordinates": [[[161.737206, 52.795683, -10969.814111], [161.864171, 52.84389, -10526.222681], [161.746143, 52.86808, -11319.713958], [161.737206, 52.795683, -10969.814111]]]}, "properties": {"slip": 5.039100306819436}}, {"type": "Feature", "geometry": {"type": "Polygon", "coordinates": [[[155.470987, 48.770536, -24644.645928], [155.610658, 48.710357, -20752.008967], [155.642085, 48.791352, -22132.910209], [155.470987, 48.770536, -24644.645928]]]}, "properties": {"slip": 0.0}}, {"type": "Feature", "geometry": {"type": "Polygon", "coordinates": [[[160.287315, 51.327091, -10391.712029], [160.160435, 51.425871, -11699.126816], [160.125964, 51.319288, -11210.634955], [160.287315, 51.327091, -10391.712029]]]}, "properties": {"slip": 7.612540755021178}}, {"type": "Feature", "geometry": {"type": "Polygon", "coordinates": [[[159.114266, 52.519826, -51310.957599], [159.333943, 52.537124, -44951.157951], [159.244418, 52.625891, -50297.62994], [159.114266, 52.519826, -51310.957599]]]}, "properties": {"slip": 0.842070558252924}}, {"type": "Feature", "geometry": {"type": "Polygon", "coordinates": [[[159.222837, 50.416463, -10495.630431], [159.4, 50.4, -9602.576256], [159.329502, 50.505682, -10538.123118], [159.222837, 50.416463, -10495.630431]]]}, "properties": {"slip": 12.908062252159764}}, {"type": "Feature", "geometry": {"type": "Polygon", "coordinates": [[[161.042621, 53.111976, -19564.640662], [161.218079, 53.135151, -17648.654847], [161.080255, 53.218096, -20399.437306], [161.042621, 53.111976, -19564.640662]]]}, "properties": {"slip": 0.8109324387949366}}, {"type": "Feature", "geometry": {"type": "Polygon", "coordinates": [[[160.449427, 52.775488, -23628.079614], [160.597322, 52.724636, -20506.665433], [160.623398, 52.815944, -21439.411035], [160.449427, 52.775488, -23628.079614]]]}, "properties": {"slip": 2.889511052936785}}, {"type": "Feature", "geometry": {"type": "Polygon", "coordinates": [[[158.939889, 50.447868, -12260.333269], [158.796266, 50.371645, -12518.191208], [158.962571, 50.341508, -11320.584111], [158.939889, 50.447868, -12260.333269]]]}, "properties": {"slip": 13.248388577291385}}, {"type": "Feature", "geometry": {"type": "Polygon", "coordinates": [[[161.864171, 52.84389, -10526.222681], [161.867523, 52.756348, -10075.537386], [161.944825, 52.801868, -9908.397148], [161.864171, 52.84389, -10526.222681]]]}, "properties": {"slip": 5.931995421042798}}, {"type": "Feature", "geometry": {"type": "Polygon", "coordinates": [[[156.59957, 48.513119, -10031.129213], [156.792285, 48.495142, -9131.102553], [156.745832, 48.611361, -10071.955058], [156.59957, 48.513119, -10031.129213]]]}, "properties": {"slip": 1.7140513291515966}}, {"type": "Feature", "geometry": {"type": "Polygon", "coordinates": [[[158.434054, 49.786656, -10087.884243], [158.557137, 49.874776, -10097.572465], [158.400283, 49.903211, -11056.297239], [158.434054, 49.786656, -10087.884243]]]}, "properties": {"slip": 14.900099181362927}}, {"type": "Feature", "geometry": {"type": "Polygon", "coordinates": [[[156.526003, 50.119284, -41899.670467], [156.574704, 49.993766, -36328.869067], [156.701859, 50.074718, -35703.259252], [156.526003, 50.119284, -41899.670467]]]}, "properties": {"slip": 7.340590365294947}}, {"type": "Feature", "geometry": {"type": "Polygon", "coordinates": [[[155.75, 48.65, -17661.346436], [155.900698, 48.590408, -15184.97468], [155.896563, 48.694433, -16772.607159], [155.75, 48.65, -17661.346436]]]}, "properties": {"slip": 0.0}}, {"type": "Feature", "geometry": {"type": "Polygon", "coordinates": [[[156.948028, 49.787052, -23002.21123], [156.90998, 49.907398, -26399.833592], [156.781501, 49.828288, -26885.127772], [156.948028, 49.787052, -23002.21123]]]}, "properties": {"slip": 12.954013237038096}}, {"type": "Feature", "geometry": {"type": "Polygon", "coordinates": [[[160.912208, 52.754623, -16991.653966], [160.892732, 52.852564, -18292.107921], [160.751309, 52.788429, -19265.188996], [160.912208, 52.754623, -16991.653966]]]}, "properties": {"slip": 2.7224039768862256}}, {"type": "Feature", "geometry": {"type": "Polygon", "coordinates": [[[156.160777, 50.184318, -55881.748376], [156.350245, 50.161724, -48710.323083], [156.278751, 50.279154, -55667.429532], [156.160777, 50.184318, -55881.748376]]]}, "properties": {"slip": 1.5773607328819086}}, {"type": "Feature", "geometry": {"type": "Polygon", "coordinates": [[[159.735581, 52.931417, -44336.234016], [159.513955, 52.976793, -52314.718561], [159.56196, 52.870784, -47737.737513], [159.735581, 52.931417, -44336.234016]]]}, "properties": {"slip": 0.42465465204635516}}, {"type": "Feature", "geometry": {"type": "Polygon", "coordinates": [[[155.527693, 49.103521, -34202.390006], [155.351911, 49.139159, -40642.946705], [155.409168, 49.034149, -34759.743496], [155.527693, 49.103521, -34202.390006]]]}, "properties": {"slip": 0.6410139517141291}}, {"type": "Feature", "geometry": {"type": "Polygon", "coordinates": [[[158.064776, 51.834052, -60731.424001], [158.269307, 51.769867, -52687.057715], [158.264386, 51.876385, -56825.087844], [158.064776, 51.834052, -60731.424001]]]}, "properties": {"slip": 0.2904112892980431}}, {"type": "Feature", "geometry": {"type": "Polygon", "coordinates": [[[159.661187, 52.457788, -33665.373163], [159.5881, 52.328542, -32241.828336], [159.776003, 52.361794, -28692.164534], [159.661187, 52.457788, -33665.373163]]]}, "properties": {"slip": 5.184472055145769}}, {"type": "Feature", "geometry": {"type": "Polygon", "coordinates": [[[161.540869, 52.52446, -10576.594912], [161.435759, 52.45365, -10773.656742], [161.568151, 52.438083, -10002.142468], [161.540869, 52.52446, -10576.594912]]]}, "properties": {"slip": 6.649049376960875}}, {"type": "Feature", "geometry": {"type": "Polygon", "coordinates": [[[156.736589, 48.717921, -10895.164777], [156.894157, 48.70996, -10064.906785], [156.872145, 48.809313, -10882.337105], [156.736589, 48.717921, -10895.164777]]]}, "properties": {"slip": 4.9518912410635485}}, {"type": "Feature", "geometry": {"type": "Polygon", "coordinates": [[[161.080255, 53.218096, -20399.437306], [161.099567, 53.319787, -21471.871366], [160.95422, 53.292197, -23502.23257], [161.080255, 53.218096, -20399.437306]]]}, "properties": {"slip": 0.5113393046556264}}, {"type": "Feature", "geometry": {"type": "Polygon", "coordinates": [[[155.939368, 49.795433, -48308.682277], [155.750345, 49.840972, -57007.310324], [155.795296, 49.717942, -50285.798561], [155.939368, 49.795433, -48308.682277]]]}, "properties": {"slip": 0.5253136801226376}}, {"type": "Feature", "geometry": {"type": "Polygon", "coordinates": [[[161.849427, 52.610683, -9484.01047], [161.74807, 52.643608, -10117.691645], [161.749398, 52.590752, -9854.575208], [161.849427, 52.610683, -9484.01047]]]}, "properties": {"slip": 9.302817967511048}}, {"type": "Feature", "geometry": {"type": "Polygon", "coordinates": [[[158.882011, 52.220701, -49866.815314], [158.870708, 52.350665, -54225.915098], [158.719506, 52.262443, -56465.394861], [158.882011, 52.220701, -49866.815314]]]}, "properties": {"slip": 2.8187050586417963}}, {"type": "Feature", "geometry": {"type": "Polygon", "coordinates": [[[159.986032, 51.227606, -11457.242502], [160.175365, 51.217432, -10345.028282], [160.125964, 51.319288, -11210.634955], [159.986032, 51.227606, -11457.242502]]]}, "properties": {"slip": 9.310656408982727}}, {"type": "Feature", "geometry": {"type": "Polygon", "coordinates": [[[155.511208, 49.650963, -57894.04105], [155.359049, 49.653108, -63757.443275], [155.39724, 49.556313, -57869.866651], [155.511208, 49.650963, -57894.04105]]]}, "properties": {"slip": 0.5753064416739283}}, {"type": "Feature", "geometry": {"type": "Polygon", "coordinates": [[[160.775311, 53.575126, -32811.563457], [160.609389, 53.511638, -35608.303791], [160.797821, 53.48053, -30210.938462], [160.775311, 53.575126, -32811.563457]]]}, "properties": {"slip": 0.0}}, {"type": "Feature", "geometry": {"type": "Polygon", "coordinates": [[[154.888354, 49.208267, -59405.250529], [154.784355, 49.221706, -63903.704412], [154.779929, 49.167361, -61329.005222], [154.888354, 49.208267, -59405.250529]]]}, "properties": {"slip": 0.25144681286712417}}, {"type": "Feature", "geometry": {"type": "Polygon", "coordinates": [[[161.054735, 52.820017, -16196.557477], [161.21354, 52.8773, -15234.483454], [161.060108, 52.929245, -17241.635817], [161.054735, 52.820017, -16196.557477]]]}, "properties": {"slip": 1.8609133708728582}}, {"type": "Feature", "geometry": {"type": "Polygon", "coordinates": [[[160.139693, 53.15728, -39087.871243], [159.988384, 53.258254, -46142.940713], [159.970776, 53.134245, -43187.634085], [160.139693, 53.15728, -39087.871243]]]}, "properties": {"slip": 0.9733652896323959}}, {"type": "Feature", "geometry": {"type": "Polygon", "coordinates": [[[158.888229, 52.688349, -63625.987211], [158.751291, 52.586229, -65146.756005], [158.938248, 52.585054, -58961.26824], [158.888229, 52.688349, -63625.987211]]]}, "properties": {"slip": 0.0}}, {"type": "Feature", "geometry": {"type": "Polygon", "coordinates": [[[161.8, 52.45, -9013.016701], [161.85, 52.5, -9011.543274], [161.76264, 52.494815, -9357.759233], [161.8, 52.45, -9013.016701]]]}, "properties": {"slip": 10.978897819497627}}, {"type": "Feature", "geometry": {"type": "Polygon", "coordinates": [[[160.275764, 51.639607, -12508.439268], [160.309146, 51.528048, -11513.824227], [160.439363, 51.614859, -11367.982684], [160.275764, 51.639607, -12508.439268]]]}, "properties": {"slip": 5.47352517700547}}, {"type": "Feature", "geometry": {"type": "Polygon", "coordinates": [[[159.713123, 50.818768, -10518.130075], [159.836517, 50.912394, -10417.61061], [159.666617, 50.939957, -11525.482624], [159.713123, 50.818768, -10518.130075]]]}, "properties": {"slip": 6.65644044432283}}, {"type": "Feature", "geometry": {"type": "Polygon", "coordinates": [[[161.9, 52.55, -9010.4599], [161.849427, 52.610683, -9484.01047], [161.794639, 52.545109, -9437.062553], [161.9, 52.55, -9010.4599]]]}, "properties": {"slip": 9.99762421869699}}, {"type": "Feature", "geometry": {"type": "Polygon", "coordinates": [[[155.243422, 49.551126, -63341.386442], [155.383794, 49.453338, -53626.850168], [155.39724, 49.556313, -57869.866651], [155.243422, 49.551126, -63341.386442]]]}, "properties": {"slip": 0.6159982223289108}}, {"type": "Feature", "geometry": {"type": "Polygon", "coordinates": [[[160.791254, 51.752388, -10435.506771], [160.713768, 51.871952, -11562.03968], [160.59485, 51.794168, -11713.179874], [160.791254, 51.752388, -10435.506771]]]}, "properties": {"slip": 6.489088248624212}}, {"type": "Feature", "geometry": {"type": "Polygon", "coordinates": [[[161.704253, 53.040591, -12603.150178], [161.53724, 52.997662, -13524.697953], [161.680815, 52.93457, -12112.490626], [161.704253, 53.040591, -12603.150178]]]}, "properties": {"slip": 0.8466969034425182}}, {"type": "Feature", "geometry": {"type": "Polygon", "coordinates": [[[161.007095, 52.456942, -13569.07293], [161.138806, 52.521395, -13057.787027], [160.967527, 52.548616, -14582.888142], [161.007095, 52.456942, -13569.07293]]]}, "properties": {"slip": 5.576527912355872}}, {"type": "Feature", "geometry": {"type": "Polygon", "coordinates": [[[159.532509, 50.862362, -11799.544635], [159.713123, 50.818768, -10518.130075], [159.666617, 50.939957, -11525.482624], [159.532509, 50.862362, -11799.544635]]]}, "properties": {"slip": 7.6247030221676395}}, {"type": "Feature", "geometry": {"type": "Polygon", "coordinates": [[[162.05, 52.7, -8995.855331], [161.991415, 52.752663, -9467.805254], [161.945718, 52.697678, -9435.921743], [162.05, 52.7, -8995.855331]]]}, "properties": {"slip": 6.160358787364355}}, {"type": "Feature", "geometry": {"type": "Polygon", "coordinates": [[[161.290889, 52.491682, -11845.718215], [161.188769, 52.425671, -12093.89021], [161.313697, 52.43131, -11351.35985], [161.290889, 52.491682, -11845.718215]]]}, "properties": {"slip": 5.142899974741037}}, {"type": "Feature", "geometry": {"type": "Polygon", "coordinates": [[[156.608176, 49.872332, -31756.44941], [156.781501, 49.828288, -26885.127772], [156.744094, 49.949532, -30921.198723], [156.608176, 49.872332, -31756.44941]]]}, "properties": {"slip": 10.763637084482623}}, {"type": "Feature", "geometry": {"type": "Polygon", "coordinates": [[[160.919282, 53.203438, -22701.435753], [161.080255, 53.218096, -20399.437306], [160.95422, 53.292197, -23502.23257], [160.919282, 53.203438, -22701.435753]]]}, "properties": {"slip": 1.0179622381255018}}, {"type": "Feature", "geometry": {"type": "Polygon", "coordinates": [[[160.507705, 52.876524, -24344.260905], [160.307013, 52.851122, -27777.277081], [160.449427, 52.775488, -23628.079614], [160.507705, 52.876524, -24344.260905]]]}, "properties": {"slip": 1.9561522134701335}}, {"type": "Feature", "geometry": {"type": "Polygon", "coordinates": [[[156.781501, 49.828288, -26885.127772], [156.90998, 49.907398, -26399.833592], [156.744094, 49.949532, -30921.198723], [156.781501, 49.828288, -26885.127772]]]}, "properties": {"slip": 12.776225179919948}}, {"type": "Feature", "geometry": {"type": "Polygon", "coordinates": [[[161.625366, 52.750182, -11356.590746], [161.737206, 52.795683, -10969.814111], [161.622337, 52.831101, -11856.014513], [161.625366, 52.750182, -11356.590746]]]}, "properties": {"slip": 6.086185765728848}}, {"type": "Feature", "geometry": {"type": "Polygon", "coordinates": [[[162.15, 52.8, -8962.578773], [162.103467, 52.851207, -9368.864439], [162.048751, 52.801711, -9415.140547], [162.15, 52.8, -8962.578773]]]}, "properties": {"slip": 4.115901076209436}}, {"type": "Feature", "geometry": {"type": "Polygon", "coordinates": [[[155.319117, 48.949744, -33948.882794], [155.330988, 48.830537, -29479.493893], [155.461223, 48.881276, -28120.58153], [155.319117, 48.949744, -33948.882794]]]}, "properties": {"slip": 0.0}}, {"type": "Feature", "geometry": {"type": "Polygon", "coordinates": [[[159.23511, 52.259761, -39955.16579], [159.440283, 52.233221, -33542.395076], [159.354008, 52.337961, -38704.308714], [159.23511, 52.259761, -39955.16579]]]}, "properties": {"slip": 5.4116816685997255}}, {"type": "Feature", "geometry": {"type": "Polygon", "coordinates": [[[161.991415, 52.752663, -9467.805254], [162.1, 52.75, -8982.431412], [162.048751, 52.801711, -9415.140547], [161.991415, 52.752663, -9467.805254]]]}, "properties": {"slip": 4.927713666319824}}, {"type": "Feature", "geometry": {"type": "Polygon", "coordinates": [[[158.028026, 51.354799, -43418.940252], [158.176474, 51.436769, -42711.59349], [157.995174, 51.476381, -48781.940873], [158.028026, 51.354799, -43418.940252]]]}, "properties": {"slip": 3.2599508503899832}}, {"type": "Feature", "geometry": {"type": "Polygon", "coordinates": [[[156.574704, 49.993766, -36328.869067], [156.744094, 49.949532, -30921.198723], [156.701859, 50.074718, -35703.259252], [156.574704, 49.993766, -36328.869067]]]}, "properties": {"slip": 8.684718474595028}}, {"type": "Feature", "geometry": {"type": "Polygon", "coordinates": [[[161.251945, 53.243102, -18390.777913], [161.099567, 53.319787, -21471.871366], [161.080255, 53.218096, -20399.437306], [161.251945, 53.243102, -18390.777913]]]}, "properties": {"slip": 0.4631641379665097}}, {"type": "Feature", "geometry": {"type": "Polygon", "coordinates": [[[158.42407, 51.845114, -51231.28635], [158.366554, 51.956165, -56905.691854], [158.264386, 51.876385, -56825.087844], [158.42407, 51.845114, -51231.28635]]]}, "properties": {"slip": 1.446613711308497}}, {"type": "Feature", "geometry": {"type": "Polygon", "coordinates": [[[161.138806, 52.521395, -13057.787027], [161.109077, 52.617328, -13978.654175], [160.967527, 52.548616, -14582.888142], [161.138806, 52.521395, -13057.787027]]]}, "properties": {"slip": 4.885681480705017}}, {"type": "Feature", "geometry": {"type": "Polygon", "coordinates": [[[156.90998, 49.907398, -26399.833592], [156.878637, 50.028223, -30176.743908], [156.744094, 49.949532, -30921.198723], [156.90998, 49.907398, -26399.833592]]]}, "properties": {"slip": 13.299280670116882}}, {"type": "Feature", "geometry": {"type": "Polygon", "coordinates": [[[158.400283, 49.903211, -11056.297239], [158.557137, 49.874776, -10097.572465], [158.528161, 49.981209, -10966.45034], [158.400283, 49.903211, -11056.297239]]]}, "properties": {"slip": 15.10310536944934}}, {"type": "Feature", "geometry": {"type": "Polygon", "coordinates": [[[156.217976, 50.391013, -62483.366326], [156.093687, 50.295278, -62916.008241], [156.278751, 50.279154, -55667.429532], [156.217976, 50.391013, -62483.366326]]]}, "properties": {"slip": 1.216193935505968}}, {"type": "Feature", "geometry": {"type": "Polygon", "coordinates": [[[160.6, 53.65, -39251.38092], [160.425002, 53.650128, -44245.521508], [160.474036, 53.574323, -40854.241688], [160.6, 53.65, -39251.38092]]]}, "properties": {"slip": 0.0}}, {"type": "Feature", "geometry": {"type": "Polygon", "coordinates": [[[155.547672, 49.532762, -51341.929205], [155.675033, 49.628154, -50877.313834], [155.511208, 49.650963, -57894.04105], [155.547672, 49.532762, -51341.929205]]]}, "properties": {"slip": 0.42015756183407516}}, {"type": "Feature", "geometry": {"type": "Polygon", "coordinates": [[[155.462457, 49.76906, -65030.113555], [155.511208, 49.650963, -57894.04105], [155.62981, 49.754778, -57940.112816], [155.462457, 49.76906, -65030.113555]]]}, "properties": {"slip": 0.11286156200478585}}, {"type": "Feature", "geometry": {"type": "Polygon", "coordinates": [[[156.608176, 49.872332, -31756.44941], [156.639538, 49.749702, -27663.388723], [156.781501, 49.828288, -26885.127772], [156.608176, 49.872332, -31756.44941]]]}, "properties": {"slip": 9.541464575478182}}, {"type": "Feature", "geometry": {"type": "Polygon", "coordinates": [[[161.849427, 52.610683, -9484.01047], [161.95, 52.6, -9008.448601], [161.918961, 52.647683, -9338.062079], [161.849427, 52.610683, -9484.01047]]]}, "properties": {"slip": 8.681503419249111}}, {"type": "Feature", "geometry": {"type": "Polygon", "coordinates": [[[160.609389, 53.511638, -35608.303791], [160.6, 53.65, -39251.38092], [160.474036, 53.574323, -40854.241688], [160.609389, 53.511638, -35608.303791]]]}, "properties": {"slip": 0.0}}, {"type": "Feature", "geometry": {"type": "Polygon", "coordinates": [[[155.76356, 48.848832, -21539.358524], [155.611697, 48.872727, -24782.1642], [155.642085, 48.791352, -22132.910209], [155.76356, 48.848832, -21539.358524]]]}, "properties": {"slip": 0.07018855469687538}}, {"type": "Feature", "geometry": {"type": "Polygon", "coordinates": [[[159.005052, 50.235007, -10376.522995], [159.11919, 50.323047, -10400.394762], [158.962571, 50.341508, -11320.584111], [159.005052, 50.235007, -10376.522995]]]}, "properties": {"slip": 15.914810421344768}}, {"type": "Feature", "geometry": {"type": "Polygon", "coordinates": [[[158.882011, 52.220701, -49866.815314], [159.030734, 52.2889, -47136.747264], [158.870708, 52.350665, -54225.915098], [158.882011, 52.220701, -49866.815314]]]}, "properties": {"slip": 3.225950955983513}}, {"type": "Feature", "geometry": {"type": "Polygon", "coordinates": [[[155.074662, 49.032376, -44573.613141], [155.05, 48.95, -41695.674896], [155.171792, 48.977564, -39186.38018], [155.074662, 49.032376, -44573.613141]]]}, "properties": {"slip": 0.0}}, {"type": "Feature", "geometry": {"type": "Polygon", "coordinates": [[[155.523056, 49.986007, -72177.838582], [155.401243, 49.880295, -72421.704574], [155.577381, 49.877689, -65296.584005], [155.523056, 49.986007, -72177.838582]]]}, "properties": {"slip": 0.0}}, {"type": "Feature", "geometry": {"type": "Polygon", "coordinates": [[[157.618828, 51.542068, -62363.002868], [157.483706, 51.441936, -62641.959837], [157.663739, 51.426014, -56225.300807], [157.618828, 51.542068, -62363.002868]]]}, "properties": {"slip": 0.1746089723848549}}, {"type": "Feature", "geometry": {"type": "Polygon", "coordinates": [[[162.048751, 52.801711, -9415.140547], [162.103467, 52.851207, -9368.864439], [161.98961, 52.853143, -9922.376426], [162.048751, 52.801711, -9415.140547]]]}, "properties": {"slip": 3.435444139487575}}, {"type": "Feature", "geometry": {"type": "Polygon", "coordinates": [[[156.216169, 50.073317, -49638.415489], [156.350245, 50.161724, -48710.323083], [156.160777, 50.184318, -55881.748376], [156.216169, 50.073317, -49638.415489]]]}, "properties": {"slip": 1.8173299345381382}}, {"type": "Feature", "geometry": {"type": "Polygon", "coordinates": [[[156.350698, 48.410405, -10373.610217], [156.448918, 48.488769, -10524.25805], [156.320515, 48.527212, -11487.366214], [156.350698, 48.410405, -10373.610217]]]}, "properties": {"slip": 0.0}}, {"type": "Feature", "geometry": {"type": "Polygon", "coordinates": [[[159.118689, 50.513356, -11707.916457], [158.939889, 50.447868, -12260.333269], [159.082552, 50.414132, -11193.711819], [159.118689, 50.513356, -11707.916457]]]}, "properties": {"slip": 12.788711467013483}}, {"type": "Feature", "geometry": {"type": "Polygon", "coordinates": [[[158.20985, 52.176181, -69191.582593], [158.076045, 52.073286, -69373.845588], [158.267747, 52.065775, -63676.421156], [158.20985, 52.176181, -69191.582593]]]}, "properties": {"slip": 0.0}}, {"type": "Feature", "geometry": {"type": "Polygon", "coordinates": [[[160.53089, 52.046822, -14020.526835], [160.390082, 51.970652, -14437.92331], [160.556489, 51.919738, -12840.444825], [160.53089, 52.046822, -14020.526835]]]}, "properties": {"slip": 7.785976089685131}}, {"type": "Feature", "geometry": {"type": "Polygon", "coordinates": [[[159.659855, 51.065996, -12442.897195], [159.666617, 50.939957, -11525.482624], [159.78944, 51.011423, -11263.487968], [159.659855, 51.065996, -12442.897195]]]}, "properties": {"slip": 7.837893019829362}}, {"type": "Feature", "geometry": {"type": "Polygon", "coordinates": [[[156.937207, 50.787895, -54399.021825], [156.723237, 50.810089, -62781.984395], [156.8075, 50.713569, -55794.879585], [156.937207, 50.787895, -54399.021825]]]}, "properties": {"slip": 0.07306931656215444}}, {"type": "Feature", "geometry": {"type": "Polygon", "coordinates": [[[161.929189, 52.967498, -10790.259006], [161.894434, 53.07203, -11538.428774], [161.807185, 52.987185, -11617.384249], [161.929189, 52.967498, -10790.259006]]]}, "properties": {"slip": 0.1510993807041604}}, {"type": "Feature", "geometry": {"type": "Polygon", "coordinates": [[[160.316943, 53.577085, -45422.396139], [160.397833, 53.482638, -40594.642656], [160.474036, 53.574323, -40854.241688], [160.316943, 53.577085, -45422.396139]]]}, "properties": {"slip": 0.0}}, {"type": "Feature", "geometry": {"type": "Polygon", "coordinates": [[[161.75, 52.4, -9015.972137], [161.8, 52.45, -9013.016701], [161.704225, 52.451411, -9425.858176], [161.75, 52.4, -9015.972137]]]}, "properties": {"slip": 8.938458054483837}}, {"type": "Feature", "geometry": {"type": "Polygon", "coordinates": [[[156.413363, 50.351086, -54105.902997], [156.217976, 50.391013, -62483.366326], [156.278751, 50.279154, -55667.429532], [156.413363, 50.351086, -54105.902997]]]}, "properties": {"slip": 1.4789783250856545}}, {"type": "Feature", "geometry": {"type": "Polygon", "coordinates": [[[155.462457, 49.76906, -65030.113555], [155.359049, 49.653108, -63757.443275], [155.511208, 49.650963, -57894.04105], [155.462457, 49.76906, -65030.113555]]]}, "properties": {"slip": 0.2199972658777944}}, {"type": "Feature", "geometry": {"type": "Polygon", "coordinates": [[[156.791542, 50.272775, -39845.073897], [156.602682, 50.310361, -46602.644342], [156.652626, 50.202247, -41258.685642], [156.791542, 50.272775, -39845.073897]]]}, "properties": {"slip": 4.934514006363278}}, {"type": "Feature", "geometry": {"type": "Polygon", "coordinates": [[[160.306774, 53.386107, -40569.06435], [160.512629, 53.396207, -35330.249628], [160.397833, 53.482638, -40594.642656], [160.306774, 53.386107, -40569.06435]]]}, "properties": {"slip": 0.06720216875389372}}, {"type": "Feature", "geometry": {"type": "Polygon", "coordinates": [[[159.513955, 52.976793, -52314.718561], [159.381467, 52.878429, -53489.705819], [159.56196, 52.870784, -47737.737513], [159.513955, 52.976793, -52314.718561]]]}, "properties": {"slip": 0.11423240873151543}}, {"type": "Feature", "geometry": {"type": "Polygon", "coordinates": [[[162.0, 52.65, -9004.067421], [161.945718, 52.697678, -9435.921743], [161.918961, 52.647683, -9338.062079], [162.0, 52.65, -9004.067421]]]}, "properties": {"slip": 7.059873109854092}}, {"type": "Feature", "geometry": {"type": "Polygon", "coordinates": [[[158.939889, 50.447868, -12260.333269], [158.962571, 50.341508, -11320.584111], [159.082552, 50.414132, -11193.711819], [158.939889, 50.447868, -12260.333269]]]}, "properties": {"slip": 13.490440330899428}}, {"type": "Feature", "geometry": {"type": "Polygon", "coordinates": [[[160.76152, 52.687362, -17928.041385], [160.912208, 52.754623, -16991.653966], [160.751309, 52.788429, -19265.188996], [160.76152, 52.687362, -17928.041385]]]}, "properties": {"slip": 3.4118306240903196}}, {"type": "Feature", "geometry": {"type": "Polygon", "coordinates": [[[156.744094, 49.949532, -30921.198723], [156.878637, 50.028223, -30176.743908], [156.701859, 50.074718, -35703.259252], [156.744094, 49.949532, -30921.198723]]]}, "properties": {"slip": 10.965362869517362}}, {"type": "Feature", "geometry": {"type": "Polygon", "coordinates": [[[156.851458, 50.606532, -50118.054641], [157.052219, 50.550356, -41920.636267], [156.998066, 50.673705, -47996.039374], [156.851458, 50.606532, -50118.054641]]]}, "properties": {"slip": 0.1428855686716744}}, {"type": "Feature", "geometry": {"type": "Polygon", "coordinates": [[[156.652626, 50.202247, -41258.685642], [156.602682, 50.310361, -46602.644342], [156.466666, 50.243765, -48215.322106], [156.652626, 50.202247, -41258.685642]]]}, "properties": {"slip": 3.554321895509554}}, {"type": "Feature", "geometry": {"type": "Polygon", "coordinates": [[[161.704225, 52.451411, -9425.858176], [161.76264, 52.494815, -9357.759233], [161.68179, 52.519895, -9840.701719], [161.704225, 52.451411, -9425.858176]]]}, "properties": {"slip": 9.613299888682272}}, {"type": "Feature", "geometry": {"type": "Polygon", "coordinates": [[[157.8468, 51.396316, -49728.171635], [157.808103, 51.518279, -55602.404407], [157.663739, 51.426014, -56225.300807], [157.8468, 51.396316, -49728.171635]]]}, "properties": {"slip": 0.9884431783223572}}, {"type": "Feature", "geometry": {"type": "Polygon", "coordinates": [[[158.882011, 52.220701, -49866.815314], [159.066718, 52.175425, -42599.449978], [159.030734, 52.2889, -47136.747264], [158.882011, 52.220701, -49866.815314]]]}, "properties": {"slip": 3.409946789391727}}, {"type": "Feature", "geometry": {"type": "Polygon", "coordinates": [[[157.367151, 51.324199, -61649.374736], [157.528418, 51.241667, -53026.753978], [157.5357, 51.342209, -56836.911031], [157.367151, 51.324199, -61649.374736]]]}, "properties": {"slip": 0.788815371738967}}, {"type": "Feature", "geometry": {"type": "Polygon", "coordinates": [[[154.95, 49.0, -47171.886444], [155.074662, 49.032376, -44573.613141], [154.961238, 49.078409, -50478.518501], [154.95, 49.0, -47171.886444]]]}, "properties": {"slip": 0.0}}, {"type": "Feature", "geometry": {"type": "Polygon", "coordinates": [[[157.192196, 50.631783, -40651.809367], [157.147654, 50.751553, -46187.236628], [156.998066, 50.673705, -47996.039374], [157.192196, 50.631783, -40651.809367]]]}, "properties": {"slip": 1.1067348718898513}}, {"type": "Feature", "geometry": {"type": "Polygon", "coordinates": [[[156.413363, 50.351086, -54105.902997], [156.278751, 50.279154, -55667.429532], [156.466666, 50.243765, -48215.322106], [156.413363, 50.351086, -54105.902997]]]}, "properties": {"slip": 1.6816822225475074}}, {"type": "Feature", "geometry": {"type": "Polygon", "coordinates": [[[155.905548, 48.915992, -20876.303939], [155.741956, 48.951601, -24476.227039], [155.76356, 48.848832, -21539.358524], [155.905548, 48.915992, -20876.303939]]]}, "properties": {"slip": 0.20502543534306883}}, {"type": "Feature", "geometry": {"type": "Polygon", "coordinates": [[[159.454951, 52.441674, -38718.530386], [159.246618, 52.422563, -44292.941992], [159.354008, 52.337961, -38704.308714], [159.454951, 52.441674, -38718.530386]]]}, "properties": {"slip": 3.568354214445515}}, {"type": "Feature", "geometry": {"type": "Polygon", "coordinates": [[[156.602682, 50.310361, -46602.644342], [156.413363, 50.351086, -54105.902997], [156.466666, 50.243765, -48215.322106], [156.602682, 50.310361, -46602.644342]]]}, "properties": {"slip": 2.323119126919646}}, {"type": "Feature", "geometry": {"type": "Polygon", "coordinates": [[[156.448918, 48.488769, -10524.25805], [156.59957, 48.513119, -10031.129213], [156.453773, 48.580832, -11247.819574], [156.448918, 48.488769, -10524.25805]]]}, "properties": {"slip": 0.27062096109696576}}, {"type": "Feature", "geometry": {"type": "Polygon", "coordinates": [[[157.693548, 51.317684, -51038.073663], [157.8468, 51.396316, -49728.171635], [157.663739, 51.426014, -56225.300807], [157.693548, 51.317684, -51038.073663]]]}, "properties": {"slip": 1.4388607979953474}}, {"type": "Feature", "geometry": {"type": "Polygon", "coordinates": [[[156.878637, 50.028223, -30176.743908], [156.83555, 50.151262, -34770.007505], [156.701859, 50.074718, -35703.259252], [156.878637, 50.028223, -30176.743908]]]}, "properties": {"slip": 10.129557493951502}}, {"type": "Feature", "geometry": {"type": "Polygon", "coordinates": [[[161.704253, 53.040591, -12603.150178], [161.680815, 52.93457, -12112.490626], [161.807185, 52.987185, -11617.384249], [161.704253, 53.040591, -12603.150178]]]}, "properties": {"slip": 0.5935810991975042}}, {"type": "Feature", "geometry": {"type": "Polygon", "coordinates": [[[161.737206, 52.795683, -10969.814111], [161.746143, 52.86808, -11319.713958], [161.622337, 52.831101, -11856.014513], [161.737206, 52.795683, -10969.814111]]]}, "properties": {"slip": 5.11038412599801}}, {"type": "Feature", "geometry": {"type": "Polygon", "coordinates": [[[160.427628, 52.662593, -22155.147871], [160.597322, 52.724636, -20506.665433], [160.449427, 52.775488, -23628.079614], [160.427628, 52.662593, -22155.147871]]]}, "properties": {"slip": 3.127019083245135}}, {"type": "Feature", "geometry": {"type": "Polygon", "coordinates": [[[155.577381, 49.877689, -65296.584005], [155.462457, 49.76906, -65030.113555], [155.62981, 49.754778, -57940.112816], [155.577381, 49.877689, -65296.584005]]]}, "properties": {"slip": 0.0}}, {"type": "Feature", "geometry": {"type": "Polygon", "coordinates": [[[158.860579, 52.468922, -58101.062475], [158.68897, 52.363894, -60594.244174], [158.870708, 52.350665, -54225.915098], [158.860579, 52.468922, -58101.062475]]]}, "properties": {"slip": 0.8679614332547788}}, {"type": "Feature", "geometry": {"type": "Polygon", "coordinates": [[[157.663739, 51.426014, -56225.300807], [157.483706, 51.441936, -62641.959837], [157.5357, 51.342209, -56836.911031], [157.663739, 51.426014, -56225.300807]]]}, "properties": {"slip": 0.16260060559842437}}, {"type": "Feature", "geometry": {"type": "Polygon", "coordinates": [[[157.025679, 48.813204, -10133.368289], [156.884489, 48.910513, -11613.583023], [156.872145, 48.809313, -10882.337105], [157.025679, 48.813204, -10133.368289]]]}, "properties": {"slip": 5.376461121200016}}, {"type": "Feature", "geometry": {"type": "Polygon", "coordinates": [[[158.676438, 52.153, -54349.297214], [158.882011, 52.220701, -49866.815314], [158.719506, 52.262443, -56465.394861], [158.676438, 52.153, -54349.297214]]]}, "properties": {"slip": 3.006202108804198}}, {"type": "Feature", "geometry": {"type": "Polygon", "coordinates": [[[161.95, 52.6, -9008.448601], [162.0, 52.65, -9004.067421], [161.918961, 52.647683, -9338.062079], [161.95, 52.6, -9008.448601]]]}, "properties": {"slip": 7.520606071843103}}, {"type": "Feature", "geometry": {"type": "Polygon", "coordinates": [[[160.95, 53.5, -27168.867111], [160.775311, 53.575126, -32811.563457], [160.797821, 53.48053, -30210.938462], [160.95, 53.5, -27168.867111]]]}, "properties": {"slip": 0.0}}, {"type": "Feature", "geometry": {"type": "Polygon", "coordinates": [[[159.23511, 52.259761, -39955.16579], [159.354008, 52.337961, -38704.308714], [159.158958, 52.341425, -44638.224872], [159.23511, 52.259761, -39955.16579]]]}, "properties": {"slip": 4.6484524178169515}}, {"type": "Feature", "geometry": {"type": "Polygon", "coordinates": [[[159.389238, 50.78869, -12141.768548], [159.221212, 50.718875, -12665.062581], [159.370019, 50.695035, -11579.581825], [159.389238, 50.78869, -12141.768548]]]}, "properties": {"slip": 8.791320037400206}}, {"type": "Feature", "geometry": {"type": "Polygon", "coordinates": [[[159.796916, 53.167262, -49258.321811], [159.865504, 53.047765, -43821.757597], [159.970776, 53.134245, -43187.634085], [159.796916, 53.167262, -49258.321811]]]}, "properties": {"slip": 0.6924374225350789}}, {"type": "Feature", "geometry": {"type": "Polygon", "coordinates": [[[160.919282, 53.203438, -22701.435753], [161.042621, 53.111976, -19564.640662], [161.080255, 53.218096, -20399.437306], [160.919282, 53.203438, -22701.435753]]]}, "properties": {"slip": 1.4943165192876051}}, {"type": "Feature", "geometry": {"type": "Polygon", "coordinates": [[[155.383794, 49.453338, -53626.850168], [155.547672, 49.532762, -51341.929205], [155.39724, 49.556313, -57869.866651], [155.383794, 49.453338, -53626.850168]]]}, "properties": {"slip": 0.6748099664859548}}, {"type": "Feature", "geometry": {"type": "Polygon", "coordinates": [[[159.513514, 50.99068, -12869.400512], [159.532509, 50.862362, -11799.544635], [159.666617, 50.939957, -11525.482624], [159.513514, 50.99068, -12869.400512]]]}, "properties": {"slip": 8.052017300159271}}, {"type": "Feature", "geometry": {"type": "Polygon", "coordinates": [[[157.42312, 51.037546, -48336.682373], [157.37953, 51.163668, -54645.840856], [157.245632, 51.081077, -55741.033403], [157.42312, 51.037546, -48336.682373]]]}, "properties": {"slip": 0.580983013172528}}, {"type": "Feature", "geometry": {"type": "Polygon", "coordinates": [[[157.693548, 51.317684, -51038.073663], [157.663739, 51.426014, -56225.300807], [157.5357, 51.342209, -56836.911031], [157.693548, 51.317684, -51038.073663]]]}, "properties": {"slip": 0.9560811604303282}}, {"type": "Feature", "geometry": {"type": "Polygon", "coordinates": [[[156.216169, 50.073317, -49638.415489], [156.160777, 50.184318, -55881.748376], [156.056795, 50.100662, -56197.296551], [156.216169, 50.073317, -49638.415489]]]}, "properties": {"slip": 1.7728161146695536}}, {"type": "Feature", "geometry": {"type": "Polygon", "coordinates": [[[158.962571, 50.341508, -11320.584111], [159.11919, 50.323047, -10400.394762], [159.082552, 50.414132, -11193.711819], [158.962571, 50.341508, -11320.584111]]]}, "properties": {"slip": 14.231198245921371}}, {"type": "Feature", "geometry": {"type": "Polygon", "coordinates": [[[160.160435, 51.425871, -11699.126816], [159.963063, 51.352947, -12454.393378], [160.125964, 51.319288, -11210.634955], [160.160435, 51.425871, -11699.126816]]]}, "properties": {"slip": 7.606133232054537}}, {"type": "Feature", "geometry": {"type": "Polygon", "coordinates": [[[161.76264, 52.494815, -9357.759233], [161.85, 52.5, -9011.543274], [161.794639, 52.545109, -9437.062553], [161.76264, 52.494815, -9357.759233]]]}, "properties": {"slip": 11.166055884390623}}, {"type": "Feature", "geometry": {"type": "Polygon", "coordinates": [[[160.175365, 51.217432, -10345.028282], [160.287315, 51.327091, -10391.712029], [160.125964, 51.319288, -11210.634955], [160.175365, 51.217432, -10345.028282]]]}, "properties": {"slip": 8.99960237672124}}, {"type": "Feature", "geometry": {"type": "Polygon", "coordinates": [[[161.7, 52.35, -9021.188736], [161.75, 52.4, -9015.972137], [161.661316, 52.398382, -9385.966616], [161.7, 52.35, -9021.188736]]]}, "properties": {"slip": 7.504975857750616}}, {"type": "Feature", "geometry": {"type": "Polygon", "coordinates": [[[156.726521, 48.835, -11916.634836], [156.584548, 48.747313, -11985.25708], [156.736589, 48.717921, -10895.164777], [156.726521, 48.835, -11916.634836]]]}, "properties": {"slip": 3.6635650475204455}}, {"type": "Feature", "geometry": {"type": "Polygon", "coordinates": [[[158.557137, 49.874776, -10097.572465], [158.672943, 49.964591, -10153.629627], [158.528161, 49.981209, -10966.45034], [158.557137, 49.874776, -10097.572465]]]}, "properties": {"slip": 14.415831561543827}}, {"type": "Feature", "geometry": {"type": "Polygon", "coordinates": [[[155.359049, 49.653108, -63757.443275], [155.243422, 49.551126, -63341.386442], [155.39724, 49.556313, -57869.866651], [155.359049, 49.653108, -63757.443275]]]}, "properties": {"slip": 0.4392698543332545}}, {"type": "Feature", "geometry": {"type": "Polygon", "coordinates": [[[158.870708, 52.350665, -54225.915098], [158.68897, 52.363894, -60594.244174], [158.719506, 52.262443, -56465.394861], [158.870708, 52.350665, -54225.915098]]]}, "properties": {"slip": 1.5786337361924263}}, {"type": "Feature", "geometry": {"type": "Polygon", "coordinates": [[[157.052219, 50.550356, -41920.636267], [157.192196, 50.631783, -40651.809367], [156.998066, 50.673705, -47996.039374], [157.052219, 50.550356, -41920.636267]]]}, "properties": {"slip": 0.4104013757488092}}, {"type": "Feature", "geometry": {"type": "Polygon", "coordinates": [[[154.85691, 49.124055, -56360.227853], [154.85, 49.05, -52987.89978], [154.961238, 49.078409, -50478.518501], [154.85691, 49.124055, -56360.227853]]]}, "properties": {"slip": 0.0}}, {"type": "Feature", "geometry": {"type": "Polygon", "coordinates": [[[155.25498, 49.354253, -53556.299336], [155.156868, 49.456452, -61982.738519], [155.08856, 49.363996, -59936.927875], [155.25498, 49.354253, -53556.299336]]]}, "properties": {"slip": 0.04718655981775752}}, {"type": "Feature", "geometry": {"type": "Polygon", "coordinates": [[[159.354008, 52.337961, -38704.308714], [159.246618, 52.422563, -44292.941992], [159.158958, 52.341425, -44638.224872], [159.354008, 52.337961, -38704.308714]]]}, "properties": {"slip": 3.31412164437537}}, {"type": "Feature", "geometry": {"type": "Polygon", "coordinates": [[[160.014366, 52.716503, -31368.029933], [159.938317, 52.59772, -30406.280574], [160.106001, 52.629177, -27441.552466], [160.014366, 52.716503, -31368.029933]]]}, "properties": {"slip": 4.286554940685371}}, {"type": "Feature", "geometry": {"type": "Polygon", "coordinates": [[[156.59957, 48.513119, -10031.129213], [156.588732, 48.626267, -10929.674468], [156.453773, 48.580832, -11247.819574], [156.59957, 48.513119, -10031.129213]]]}, "properties": {"slip": 1.0415930780180687}}, {"type": "Feature", "geometry": {"type": "Polygon", "coordinates": [[[155.142253, 49.276421, -53771.597061], [155.25498, 49.354253, -53556.299336], [155.08856, 49.363996, -59936.927875], [155.142253, 49.276421, -53771.597061]]]}, "properties": {"slip": 0.0}}, {"type": "Feature", "geometry": {"type": "Polygon", "coordinates": [[[156.205404, 48.585753, -12742.524948], [156.201047, 48.470609, -11636.703313], [156.320515, 48.527212, -11487.366214], [156.205404, 48.585753, -12742.524948]]]}, "properties": {"slip": 0.16284918434318194}}, {"type": "Feature", "geometry": {"type": "Polygon", "coordinates": [[[162.2, 52.85, -8935.307503], [162.25, 52.9, -8899.891853], [162.156397, 52.895807, -9303.343901], [162.2, 52.85, -8935.307503]]]}, "properties": {"slip": 1.6773277918454372}}, {"type": "Feature", "geometry": {"type": "Polygon", "coordinates": [[[162.103467, 52.851207, -9368.864439], [162.2, 52.85, -8935.307503], [162.156397, 52.895807, -9303.343901], [162.103467, 52.851207, -9368.864439]]]}, "properties": {"slip": 2.612343495495765}}, {"type": "Feature", "geometry": {"type": "Polygon", "coordinates": [[[158.028026, 51.354799, -43418.940252], [157.995174, 51.476381, -48781.940873], [157.8468, 51.396316, -49728.171635], [158.028026, 51.354799, -43418.940252]]]}, "properties": {"slip": 2.838677070592223}}, {"type": "Feature", "geometry": {"type": "Polygon", "coordinates": [[[159.865504, 53.047765, -43821.757597], [160.056614, 53.044288, -38375.875517], [159.970776, 53.134245, -43187.634085], [159.865504, 53.047765, -43821.757597]]]}, "properties": {"slip": 0.9826473501927526}}, {"type": "Feature", "geometry": {"type": "Polygon", "coordinates": [[[156.444015, 48.676501, -12167.506869], [156.266468, 48.702315, -13610.78512], [156.336863, 48.618837, -12253.755686], [156.444015, 48.676501, -12167.506869]]]}, "properties": {"slip": 0.813521219275742}}, {"type": "Feature", "geometry": {"type": "Polygon", "coordinates": [[[161.099567, 53.319787, -21471.871366], [160.922164, 53.386915, -25699.811938], [160.95422, 53.292197, -23502.23257], [161.099567, 53.319787, -21471.871366]]]}, "properties": {"slip": 0.0}}, {"type": "Feature", "geometry": {"type": "Polygon", "coordinates": [[[157.995174, 51.476381, -48781.940873], [157.808103, 51.518279, -55602.404407], [157.8468, 51.396316, -49728.171635], [157.995174, 51.476381, -48781.940873]]]}, "properties": {"slip": 1.7609896512493157}}, {"type": "Feature", "geometry": {"type": "Polygon", "coordinates": [[[156.894157, 48.70996, -10064.906785], [157.025679, 48.813204, -10133.368289], [156.872145, 48.809313, -10882.337105], [156.894157, 48.70996, -10064.906785]]]}, "properties": {"slip": 5.307127591163166}}, {"type": "Feature", "geometry": {"type": "Polygon", "coordinates": [[[160.713768, 51.871952, -11562.03968], [160.910783, 51.849467, -10400.640424], [160.829215, 51.935567, -11320.692003], [160.713768, 51.871952, -11562.03968]]]}, "properties": {"slip": 6.142332272407612}}, {"type": "Feature", "geometry": {"type": "Polygon", "coordinates": [[[157.483706, 51.441936, -62641.959837], [157.367151, 51.324199, -61649.374736], [157.5357, 51.342209, -56836.911031], [157.483706, 51.441936, -62641.959837]]]}, "properties": {"slip": 0.16309910560669738}}, {"type": "Feature", "geometry": {"type": "Polygon", "coordinates": [[[158.265576, 49.491959, -9040.519171], [158.381584, 49.583802, -9093.281697], [158.240604, 49.582184, -9666.69485], [158.265576, 49.491959, -9040.519171]]]}, "properties": {"slip": 13.686233178466974}}, {"type": "Feature", "geometry": {"type": "Polygon", "coordinates": [[[155.079803, 49.116355, -48272.255649], [155.034632, 49.20432, -54017.443119], [154.964193, 49.146312, -53648.763822], [155.079803, 49.116355, -48272.255649]]]}, "properties": {"slip": 0.1901256302825991}}, {"type": "Feature", "geometry": {"type": "Polygon", "coordinates": [[[160.812007, 53.296487, -26265.140599], [160.919282, 53.203438, -22701.435753], [160.95422, 53.292197, -23502.23257], [160.812007, 53.296487, -26265.140599]]]}, "properties": {"slip": 1.1490009714137024}}, {"type": "Feature", "geometry": {"type": "Polygon", "coordinates": [[[161.794639, 52.545109, -9437.062553], [161.849427, 52.610683, -9484.01047], [161.749398, 52.590752, -9854.575208], [161.794639, 52.545109, -9437.062553]]]}, "properties": {"slip": 10.020342866886812}}, {"type": "Feature", "geometry": {"type": "Polygon", "coordinates": [[[160.093849, 52.528265, -25682.579639], [160.26251, 52.593647, -23787.176895], [160.106001, 52.629177, -27441.552466], [160.093849, 52.528265, -25682.579639]]]}, "properties": {"slip": 6.28402473245922}}, {"type": "Feature", "geometry": {"type": "Polygon", "coordinates": [[[158.68897, 52.363894, -60594.244174], [158.556504, 52.258499, -61553.959015], [158.719506, 52.262443, -56465.394861], [158.68897, 52.363894, -60594.244174]]]}, "properties": {"slip": 0.8603787776756555}}, {"type": "Feature", "geometry": {"type": "Polygon", "coordinates": [[[159.030734, 52.2889, -47136.747264], [159.23511, 52.259761, -39955.16579], [159.158958, 52.341425, -44638.224872], [159.030734, 52.2889, -47136.747264]]]}, "properties": {"slip": 3.339109899575902}}, {"type": "Feature", "geometry": {"type": "Polygon", "coordinates": [[[155.762885, 48.755814, -19522.351642], [155.76356, 48.848832, -21539.358524], [155.642085, 48.791352, -22132.910209], [155.762885, 48.755814, -19522.351642]]]}, "properties": {"slip": 0.139275953381015}}, {"type": "Feature", "geometry": {"type": "Polygon", "coordinates": [[[158.528161, 49.981209, -10966.45034], [158.672943, 49.964591, -10153.629627], [158.647773, 50.051748, -10868.239902], [158.528161, 49.981209, -10966.45034]]]}, "properties": {"slip": 13.063786448844088}}, {"type": "Feature", "geometry": {"type": "Polygon", "coordinates": [[[160.515663, 52.168563, -15202.435752], [160.53089, 52.046822, -14020.526835], [160.644331, 52.115831, -13737.639142], [160.515663, 52.168563, -15202.435752]]]}, "properties": {"slip": 9.394188697689371}}, {"type": "Feature", "geometry": {"type": "Polygon", "coordinates": [[[160.556489, 51.919738, -12840.444825], [160.713768, 51.871952, -11562.03968], [160.695433, 51.996803, -12510.599331], [160.556489, 51.919738, -12840.444825]]]}, "properties": {"slip": 5.972069108364935}}, {"type": "Feature", "geometry": {"type": "Polygon", "coordinates": [[[160.53089, 52.046822, -14020.526835], [160.695433, 51.996803, -12510.599331], [160.644331, 52.115831, -13737.639142], [160.53089, 52.046822, -14020.526835]]]}, "properties": {"slip": 7.061581616994707}}, {"type": "Feature", "geometry": {"type": "Polygon", "coordinates": [[[159.381467, 52.878429, -53489.705819], [159.487635, 52.771676, -47097.604927], [159.56196, 52.870784, -47737.737513], [159.381467, 52.878429, -53489.705819]]]}, "properties": {"slip": 0.12461874291514194}}, {"type": "Feature", "geometry": {"type": "Polygon", "coordinates": [[[156.59957, 48.513119, -10031.129213], [156.745832, 48.611361, -10071.955058], [156.588732, 48.626267, -10929.674468], [156.59957, 48.513119, -10031.129213]]]}, "properties": {"slip": 1.5630333251504784}}, {"type": "Feature", "geometry": {"type": "Polygon", "coordinates": [[[156.061161, 49.996082, -51894.121771], [156.216169, 50.073317, -49638.415489], [156.056795, 50.100662, -56197.296551], [156.061161, 49.996082, -51894.121771]]]}, "properties": {"slip": 1.8399777965753255}}, {"type": "Feature", "geometry": {"type": "Polygon", "coordinates": [[[160.056614, 53.044288, -38375.875517], [160.139693, 53.15728, -39087.871243], [159.970776, 53.134245, -43187.634085], [160.056614, 53.044288, -38375.875517]]]}, "properties": {"slip": 0.8974083267773061}}, {"type": "Feature", "geometry": {"type": "Polygon", "coordinates": [[[157.261843, 50.958038, -50345.647626], [157.42312, 51.037546, -48336.682373], [157.245632, 51.081077, -55741.033403], [157.261843, 50.958038, -50345.647626]]]}, "properties": {"slip": 1.137280616560281}}, {"type": "Feature", "geometry": {"type": "Polygon", "coordinates": [[[159.11919, 50.323047, -10400.394762], [159.222837, 50.416463, -10495.630431], [159.082552, 50.414132, -11193.711819], [159.11919, 50.323047, -10400.394762]]]}, "properties": {"slip": 14.637746092011282}}, {"type": "Feature", "geometry": {"type": "Polygon", "coordinates": [[[154.961238, 49.078409, -50478.518501], [155.074662, 49.032376, -44573.613141], [155.079803, 49.116355, -48272.255649], [154.961238, 49.078409, -50478.518501]]]}, "properties": {"slip": 0.10269285945564786}}, {"type": "Feature", "geometry": {"type": "Polygon", "coordinates": [[[158.672943, 49.964591, -10153.629627], [158.78416, 50.055525, -10238.272326], [158.647773, 50.051748, -10868.239902], [158.672943, 49.964591, -10153.629627]]]}, "properties": {"slip": 13.799445997447892}}, {"type": "Feature", "geometry": {"type": "Polygon", "coordinates": [[[161.945718, 52.697678, -9435.921743], [161.849667, 52.679979, -9798.882014], [161.918961, 52.647683, -9338.062079], [161.945718, 52.697678, -9435.921743]]]}, "properties": {"slip": 7.481722369636592}}, {"type": "Feature", "geometry": {"type": "Polygon", "coordinates": [[[156.093687, 50.295278, -62916.008241], [156.160777, 50.184318, -55881.748376], [156.278751, 50.279154, -55667.429532], [156.093687, 50.295278, -62916.008241]]]}, "properties": {"slip": 1.359203335119598}}, {"type": "Feature", "geometry": {"type": "Polygon", "coordinates": [[[157.528418, 51.241667, -53026.753978], [157.693548, 51.317684, -51038.073663], [157.5357, 51.342209, -56836.911031], [157.528418, 51.241667, -53026.753978]]]}, "properties": {"slip": 1.7714627534119627}}, {"type": "Feature", "geometry": {"type": "Polygon", "coordinates": [[[160.965363, 53.017241, -19393.72], [160.780995, 53.00379, -21850.052413], [160.891335, 52.945025, -19443.878935], [160.965363, 53.017241, -19393.72]]]}, "properties": {"slip": 1.567063342529191}}, {"type": "Feature", "geometry": {"type": "Polygon", "coordinates": [[[154.7, 49.2, -65987.434387], [154.7, 49.15, -63456.665039], [154.779929, 49.167361, -61329.005222], [154.7, 49.2, -65987.434387]]]}, "properties": {"slip": 0.0}}, {"type": "Feature", "geometry": {"type": "Polygon", "coordinates": [[[159.333943, 52.537124, -44951.157951], [159.414247, 52.654426, -45914.431106], [159.244418, 52.625891, -50297.62994], [159.333943, 52.537124, -44951.157951]]]}, "properties": {"slip": 0.87791455671468}}, {"type": "Feature", "geometry": {"type": "Polygon", "coordinates": [[[159.246618, 52.422563, -44292.941992], [159.03671, 52.398427, -50221.696903], [159.158958, 52.341425, -44638.224872], [159.246618, 52.422563, -44292.941992]]]}, "properties": {"slip": 2.393351761425781}}, {"type": "Feature", "geometry": {"type": "Polygon", "coordinates": [[[159.836517, 50.912394, -10417.61061], [159.944282, 51.010697, -10405.880787], [159.78944, 51.011423, -11263.487968], [159.836517, 50.912394, -10417.61061]]]}, "properties": {"slip": 7.259912919732958}}, {"type": "Feature", "geometry": {"type": "Polygon", "coordinates": [[[159.030734, 52.2889, -47136.747264], [159.03671, 52.398427, -50221.696903], [158.870708, 52.350665, -54225.915098], [159.030734, 52.2889, -47136.747264]]]}, "properties": {"slip": 2.7908107032580434}}, {"type": "Feature", "geometry": {"type": "Polygon", "coordinates": [[[160.450242, 51.713505, -11983.349509], [160.275764, 51.639607, -12508.439268], [160.439363, 51.614859, -11367.982684], [160.450242, 51.713505, -11983.349509]]]}, "properties": {"slip": 6.187462097695564}}, {"type": "Feature", "geometry": {"type": "Polygon", "coordinates": [[[159.938317, 52.59772, -30406.280574], [160.093849, 52.528265, -25682.579639], [160.106001, 52.629177, -27441.552466], [159.938317, 52.59772, -30406.280574]]]}, "properties": {"slip": 5.4594578445933095}}, {"type": "Feature", "geometry": {"type": "Polygon", "coordinates": [[[162.047992, 52.91827, -9921.134749], [161.929189, 52.967498, -10790.259006], [161.931658, 52.900793, -10447.033781], [162.047992, 52.91827, -9921.134749]]]}, "properties": {"slip": 1.3741820446650213}}, {"type": "Feature", "geometry": {"type": "Polygon", "coordinates": [[[159.487635, 52.771676, -47097.604927], [159.691198, 52.795234, -41815.336736], [159.56196, 52.870784, -47737.737513], [159.487635, 52.771676, -47097.604927]]]}, "properties": {"slip": 0.15248027992194085}}, {"type": "Feature", "geometry": {"type": "Polygon", "coordinates": [[[161.8, 52.45, -9013.016701], [161.76264, 52.494815, -9357.759233], [161.704225, 52.451411, -9425.858176], [161.8, 52.45, -9013.016701]]]}, "properties": {"slip": 9.809147184699357}}, {"type": "Feature", "geometry": {"type": "Polygon", "coordinates": [[[155.610658, 48.710357, -20752.008967], [155.762885, 48.755814, -19522.351642], [155.642085, 48.791352, -22132.910209], [155.610658, 48.710357, -20752.008967]]]}, "properties": {"slip": 0.0}}, {"type": "Feature", "geometry": {"type": "Polygon", "coordinates": [[[160.597322, 52.724636, -20506.665433], [160.751309, 52.788429, -19265.188996], [160.623398, 52.815944, -21439.411035], [160.597322, 52.724636, -20506.665433]]]}, "properties": {"slip": 3.053950877338406}}, {"type": "Feature", "geometry": {"type": "Polygon", "coordinates": [[[154.961238, 49.078409, -50478.518501], [155.079803, 49.116355, -48272.255649], [154.964193, 49.146312, -53648.763822], [154.961238, 49.078409, -50478.518501]]]}, "properties": {"slip": 0.23850475311923472}}, {"type": "Feature", "geometry": {"type": "Polygon", "coordinates": [[[154.784355, 49.221706, -63903.704412], [154.888354, 49.208267, -59405.250529], [154.836922, 49.270732, -64429.721879], [154.784355, 49.221706, -63903.704412]]]}, "properties": {"slip": 0.24700775240699}}, {"type": "Feature", "geometry": {"type": "Polygon", "coordinates": [[[161.435759, 52.45365, -10773.656742], [161.290889, 52.491682, -11845.718215], [161.313697, 52.43131, -11351.35985], [161.435759, 52.45365, -10773.656742]]]}, "properties": {"slip": 5.191856777357602}}, {"type": "Feature", "geometry": {"type": "Polygon", "coordinates": [[[160.695433, 51.996803, -12510.599331], [160.713768, 51.871952, -11562.03968], [160.829215, 51.935567, -11320.692003], [160.695433, 51.996803, -12510.599331]]]}, "properties": {"slip": 5.691087996013445}}, {"type": "Feature", "geometry": {"type": "Polygon", "coordinates": [[[160.892732, 52.852564, -18292.107921], [161.060108, 52.929245, -17241.635817], [160.891335, 52.945025, -19443.878935], [160.892732, 52.852564, -18292.107921]]]}, "properties": {"slip": 1.3000425770302857}}, {"type": "Feature", "geometry": {"type": "Polygon", "coordinates": [[[158.269307, 51.769867, -52687.057715], [158.42407, 51.845114, -51231.28635], [158.264386, 51.876385, -56825.087844], [158.269307, 51.769867, -52687.057715]]]}, "properties": {"slip": 1.1328280254787602}}, {"type": "Feature", "geometry": {"type": "Polygon", "coordinates": [[[156.884489, 48.910513, -11613.583023], [156.726521, 48.835, -11916.634836], [156.872145, 48.809313, -10882.337105], [156.884489, 48.910513, -11613.583023]]]}, "properties": {"slip": 4.853698790188382}}, {"type": "Feature", "geometry": {"type": "Polygon", "coordinates": [[[161.98961, 52.853143, -9922.376426], [162.047992, 52.91827, -9921.134749], [161.931658, 52.900793, -10447.033781], [161.98961, 52.853143, -9922.376426]]]}, "properties": {"slip": 2.230664709999204}}, {"type": "Feature", "geometry": {"type": "Polygon", "coordinates": [[[161.7, 52.35, -9021.188736], [161.661316, 52.398382, -9385.966616], [161.600441, 52.357657, -9482.321606], [161.7, 52.35, -9021.188736]]]}, "properties": {"slip": 6.843529849230771}}, {"type": "Feature", "geometry": {"type": "Polygon", "coordinates": [[[160.720806, 52.895073, -21142.538256], [160.507705, 52.876524, -24344.260905], [160.623398, 52.815944, -21439.411035], [160.720806, 52.895073, -21142.538256]]]}, "properties": {"slip": 1.9797444353839477}}, {"type": "Feature", "geometry": {"type": "Polygon", "coordinates": [[[161.188769, 52.425671, -12093.89021], [161.007095, 52.456942, -13569.07293], [161.059533, 52.37449, -12628.0074], [161.188769, 52.425671, -12093.89021]]]}, "properties": {"slip": 4.940037430874226}}, {"type": "Feature", "geometry": {"type": "Polygon", "coordinates": [[[155.750345, 49.840972, -57007.310324], [155.577381, 49.877689, -65296.584005], [155.62981, 49.754778, -57940.112816], [155.750345, 49.840972, -57007.310324]]]}, "properties": {"slip": 0.14848924153676724}}, {"type": "Feature", "geometry": {"type": "Polygon", "coordinates": [[[161.661316, 52.398382, -9385.966616], [161.75, 52.4, -9015.972137], [161.704225, 52.451411, -9425.858176], [161.661316, 52.398382, -9385.966616]]]}, "properties": {"slip": 8.080901601955805}}, {"type": "Feature", "geometry": {"type": "Polygon", "coordinates": [[[154.963097, 49.304148, -61492.607235], [155.142253, 49.276421, -53771.597061], [155.08856, 49.363996, -59936.927875], [154.963097, 49.304148, -61492.607235]]]}, "properties": {"slip": 0.0}}, {"type": "Feature", "geometry": {"type": "Polygon", "coordinates": [[[161.929189, 52.967498, -10790.259006], [161.827347, 52.921027, -11134.64053], [161.931658, 52.900793, -10447.033781], [161.929189, 52.967498, -10790.259006]]]}, "properties": {"slip": 2.012945108356799}}, {"type": "Feature", "geometry": {"type": "Polygon", "coordinates": [[[155.795296, 49.717942, -50285.798561], [155.750345, 49.840972, -57007.310324], [155.62981, 49.754778, -57940.112816], [155.795296, 49.717942, -50285.798561]]]}, "properties": {"slip": 0.14758594002747374}}, {"type": "Feature", "geometry": {"type": "Polygon", "coordinates": [[[154.7, 49.25, -68532.821655], [154.7, 49.2, -65987.434387], [154.784355, 49.221706, -63903.704412], [154.7, 49.25, -68532.821655]]]}, "properties": {"slip": 0.10378823567437945}}, {"type": "Feature", "geometry": {"type": "Polygon", "coordinates": [[[160.425002, 53.650128, -44245.521508], [160.316943, 53.577085, -45422.396139], [160.474036, 53.574323, -40854.241688], [160.425002, 53.650128, -44245.521508]]]}, "properties": {"slip": 0.0}}, {"type": "Feature", "geometry": {"type": "Polygon", "coordinates": [[[161.827347, 52.921027, -11134.64053], [161.929189, 52.967498, -10790.259006], [161.807185, 52.987185, -11617.384249], [161.827347, 52.921027, -11134.64053]]]}, "properties": {"slip": 1.0730183294149787}}, {"type": "Feature", "geometry": {"type": "Polygon", "coordinates": [[[161.060108, 52.929245, -17241.635817], [160.965363, 53.017241, -19393.72], [160.891335, 52.945025, -19443.878935], [161.060108, 52.929245, -17241.635817]]]}, "properties": {"slip": 1.0832315151692242}}, {"type": "Feature", "geometry": {"type": "Polygon", "coordinates": [[[155.409168, 49.034149, -34759.743496], [155.319117, 48.949744, -33948.882794], [155.445645, 48.962374, -31194.457598], [155.409168, 49.034149, -34759.743496]]]}, "properties": {"slip": 0.3924166643159656}}, {"type": "Feature", "geometry": {"type": "Polygon", "coordinates": [[[160.922164, 53.386915, -25699.811938], [160.812007, 53.296487, -26265.140599], [160.95422, 53.292197, -23502.23257], [160.922164, 53.386915, -25699.811938]]]}, "properties": {"slip": 0.2665310844545456}}, {"type": "Feature", "geometry": {"type": "Polygon", "coordinates": [[[160.53089, 52.046822, -14020.526835], [160.556489, 51.919738, -12840.444825], [160.695433, 51.996803, -12510.599331], [160.53089, 52.046822, -14020.526835]]]}, "properties": {"slip": 6.83350659958812}}, {"type": "Feature", "geometry": {"type": "Polygon", "coordinates": [[[159.666617, 50.939957, -11525.482624], [159.836517, 50.912394, -10417.61061], [159.78944, 51.011423, -11263.487968], [159.666617, 50.939957, -11525.482624]]]}, "properties": {"slip": 7.60541286212712}}, {"type": "Feature", "geometry": {"type": "Polygon", "coordinates": [[[156.320515, 48.527212, -11487.366214], [156.448918, 48.488769, -10524.25805], [156.453773, 48.580832, -11247.819574], [156.320515, 48.527212, -11487.366214]]]}, "properties": {"slip": 0.1985074157525885}}, {"type": "Feature", "geometry": {"type": "Polygon", "coordinates": [[[156.205404, 48.585753, -12742.524948], [156.320515, 48.527212, -11487.366214], [156.336863, 48.618837, -12253.755686], [156.205404, 48.585753, -12742.524948]]]}, "properties": {"slip": 0.6110154291205835}}, {"type": "Feature", "geometry": {"type": "Polygon", "coordinates": [[[155.319117, 48.949744, -33948.882794], [155.461223, 48.881276, -28120.58153], [155.445645, 48.962374, -31194.457598], [155.319117, 48.949744, -33948.882794]]]}, "properties": {"slip": 0.0}}, {"type": "Feature", "geometry": {"type": "Polygon", "coordinates": [[[156.336863, 48.618837, -12253.755686], [156.320515, 48.527212, -11487.366214], [156.453773, 48.580832, -11247.819574], [156.336863, 48.618837, -12253.755686]]]}, "properties": {"slip": 0.6229822814454343}}, {"type": "Feature", "geometry": {"type": "Polygon", "coordinates": [[[159.03671, 52.398427, -50221.696903], [159.030734, 52.2889, -47136.747264], [159.158958, 52.341425, -44638.224872], [159.03671, 52.398427, -50221.696903]]]}, "properties": {"slip": 3.0386437636072285}}, {"type": "Feature", "geometry": {"type": "Polygon", "coordinates": [[[154.85691, 49.124055, -56360.227853], [154.961238, 49.078409, -50478.518501], [154.964193, 49.146312, -53648.763822], [154.85691, 49.124055, -56360.227853]]]}, "properties": {"slip": 0.23207538882022258}}, {"type": "Feature", "geometry": {"type": "Polygon", "coordinates": [[[154.888354, 49.208267, -59405.250529], [154.85691, 49.124055, -56360.227853], [154.964193, 49.146312, -53648.763822], [154.888354, 49.208267, -59405.250529]]]}, "properties": {"slip": 0.2508079219555328}}, {"type": "Feature", "geometry": {"type": "Polygon", "coordinates": [[[160.863983, 52.021633, -11652.055591], [160.695433, 51.996803, -12510.599331], [160.829215, 51.935567, -11320.692003], [160.863983, 52.021633, -11652.055591]]]}, "properties": {"slip": 6.606647652616348}}, {"type": "Feature", "geometry": {"type": "Polygon", "coordinates": [[[160.751309, 52.788429, -19265.188996], [160.720806, 52.895073, -21142.538256], [160.623398, 52.815944, -21439.411035], [160.751309, 52.788429, -19265.188996]]]}, "properties": {"slip": 2.2177776697511407}}, {"type": "Feature", "geometry": {"type": "Polygon", "coordinates": [[[155.034632, 49.20432, -54017.443119], [154.888354, 49.208267, -59405.250529], [154.964193, 49.146312, -53648.763822], [155.034632, 49.20432, -54017.443119]]]}, "properties": {"slip": 0.19012751160186026}}, {"type": "Feature", "geometry": {"type": "Polygon", "coordinates": [[[154.784355, 49.221706, -63903.704412], [154.7, 49.2, -65987.434387], [154.779929, 49.167361, -61329.005222], [154.784355, 49.221706, -63903.704412]]]}, "properties": {"slip": 0.1448823844484394}}, {"type": "Feature", "geometry": {"type": "Polygon", "coordinates": [[[156.588732, 48.626267, -10929.674468], [156.444015, 48.676501, -12167.506869], [156.453773, 48.580832, -11247.819574], [156.588732, 48.626267, -10929.674468]]]}, "properties": {"slip": 1.0344503536207734}}, {"type": "Feature", "geometry": {"type": "Polygon", "coordinates": [[[156.444015, 48.676501, -12167.506869], [156.336863, 48.618837, -12253.755686], [156.453773, 48.580832, -11247.819574], [156.444015, 48.676501, -12167.506869]]]}, "properties": {"slip": 0.7272247521603851}}, {"type": "Feature", "geometry": {"type": "Polygon", "coordinates": [[[156.5, 48.35, -9338.177681], [156.55, 48.35, -9155.740738], [156.520064, 48.412041, -9665.722669], [156.5, 48.35, -9338.177681]]]}, "properties": {"slip": 0.3302258590649658}}, {"type": "Feature", "geometry": {"type": "Polygon", "coordinates": [[[161.161555, 52.345306, -11781.501712], [161.188769, 52.425671, -12093.89021], [161.059533, 52.37449, -12628.0074], [161.161555, 52.345306, -11781.501712]]]}, "properties": {"slip": 4.845679097664034}}, {"type": "Feature", "geometry": {"type": "Polygon", "coordinates": [[[161.05128, 52.295316, -12180.180647], [161.161555, 52.345306, -11781.501712], [161.059533, 52.37449, -12628.0074], [161.05128, 52.295316, -12180.180647]]]}, "properties": {"slip": 5.470357966508893}}, {"type": "Feature", "geometry": {"type": "Polygon", "coordinates": [[[161.586736, 52.250174, -9089.062629], [161.7, 52.35, -9021.188736], [161.600441, 52.357657, -9482.321606], [161.586736, 52.250174, -9089.062629]]]}, "properties": {"slip": 5.581143302977135}}, {"type": "Feature", "geometry": {"type": "Polygon", "coordinates": [[[156.350698, 48.410405, -10373.610217], [156.5, 48.35, -9338.177681], [156.520064, 48.412041, -9665.722669], [156.350698, 48.410405, -10373.610217]]]}, "properties": {"slip": 0.12282452179036984}}, {"type": "Feature", "geometry": {"type": "Point", "coordinates": [160.6, 53.65, -39251.38092]}, "properties": {"time": 61.5329216339299}}, {"type": "Feature", "geometry": {"type": "Point", "coordinates": [160.25, 53.65, -49418.083191]}, "properties": {"time": 61.69149829386873}}, {"type": "Feature", "geometry": {"type": "Point", "coordinates": [160.15, 53.6, -51035.785675]}, "properties": {"time": 59.22496186909168}}, {"type": "Feature", "geometry": {"type": "Point", "coordinates": [154.8, 49.35, -69835.975647]}, "properties": {"time": 257.6257934444499}}, {"type": "Feature", "geometry": {"type": "Point", "coordinates": [154.7, 49.25, -68532.821655]}, "properties": {"time": 264.0807192494884}}, {"type": "Feature", "geometry": {"type": "Point", "coordinates": [154.7, 49.2, -65987.434387]}, "properties": {"time": 266.03514276730283}}, {"type": "Feature", "geometry": {"type": "Point", "coordinates": [154.7, 49.15, -63456.665039]}, "properties": {"time": 268.0051798081812}}, {"type": "Feature", "geometry": {"type": "Point", "coordinates": [154.75, 49.1, -59073.097229]}, "properties": {"time": 268.737812276795}}, {"type": "Feature", "geometry": {"type": "Point", "coordinates": [154.85, 49.05, -52987.89978]}, "properties": {"time": 268.3284263288695}}, {"type": "Feature", "geometry": {"type": "Point", "coordinates": [154.95, 49.0, -47171.886444]}, "properties": {"time": 268.0696956963581}}, {"type": "Feature", "geometry": {"type": "Point", "coordinates": [155.05, 48.95, -41695.674896]}, "properties": {"time": 267.9215160087266}}, {"type": "Feature", "geometry": {"type": "Point", "coordinates": [155.75, 48.65, -17661.346436]}, "properties": {"time": 266.6163573746169}}, {"type": "Feature", "geometry": {"type": "Point", "coordinates": [156.5, 48.35, -9338.177681]}, "properties": {"time": 267.18467272037026}}, {"type": "Feature", "geometry": {"type": "Point", "coordinates": [156.55, 48.35, -9155.740738]}, "properties": {"time": 266.34934735862595}}, {"type": "Feature", "geometry": {"type": "Point", "coordinates": [156.65, 48.4, -9098.498344]}, "properties": {"time": 262.19861706113767}}, {"type": "Feature", "geometry": {"type": "Point", "coordinates": [157.95, 49.25, -8898.145676]}, "properties": {"time": 199.1003522140637}}, {"type": "Feature", "geometry": {"type": "Point", "coordinates": [158.15, 49.4, -8981.719971]}, "properties": {"time": 188.5931224521035}}, {"type": "Feature", "geometry": {"type": "Point", "coordinates": [158.85, 49.95, -9319.036484]}, "properties": {"time": 151.0420971601493}}, {"type": "Feature", "geometry": {"type": "Point", "coordinates": [159.4, 50.4, -9602.576256]}, "properties": {"time": 121.3065035491178}}, {"type": "Feature", "geometry": {"type": "Point", "coordinates": [159.9, 50.8, -9525.533676]}, "properties": {"time": 95.70717551794093}}, {"type": "Feature", "geometry": {"type": "Point", "coordinates": [160.25, 51.1, -9396.460533]}, "properties": {"time": 77.71410202344563}}, {"type": "Feature", "geometry": {"type": "Point", "coordinates": [161.25, 51.95, -9325.042725]}, "properties": {"time": 46.07958060546347}}, {"type": "Feature", "geometry": {"type": "Point", "coordinates": [161.7, 52.35, -9021.188736]}, "properties": {"time": 49.81922097559934}}, {"type": "Feature", "geometry": {"type": "Point", "coordinates": [161.75, 52.4, -9015.972137]}, "properties": {"time": 51.25429942706567}}, {"type": "Feature", "geometry": {"type": "Point", "coordinates": [161.8, 52.45, -9013.016701]}, "properties": {"time": 52.765621538551045}}, {"type": "Feature", "geometry": {"type": "Point", "coordinates": [161.85, 52.5, -9011.543274]}, "properties": {"time": 54.46011562827567}}, {"type": "Feature", "geometry": {"type": "Point", "coordinates": [161.9, 52.55, -9010.4599]}, "properties": {"time": 56.22363416854902}}, {"type": "Feature", "geometry": {"type": "Point", "coordinates": [161.95, 52.6, -9008.448601]}, "properties": {"time": 58.09014802388677}}, {"type": "Feature", "geometry": {"type": "Point", "coordinates": [162.0, 52.65, -9004.067421]}, "properties": {"time": 60.035970001597434}}, {"type": "Feature", "geometry": {"type": "Point", "coordinates": [162.05, 52.7, -8995.855331]}, "properties": {"time": 62.033697015476186}}, {"type": "Feature", "geometry": {"type": "Point", "coordinates": [162.1, 52.75, -8982.431412]}, "properties": {"time": 64.09678962063066}}, {"type": "Feature", "geometry": {"type": "Point", "coordinates": [162.15, 52.8, -8962.578773]}, "properties": {"time": 66.22457950684212}}, {"type": "Feature", "geometry": {"type": "Point", "coordinates": [162.2, 52.85, -8935.307503]}, "properties": {"time": 68.38658324855047}}, {"type": "Feature", "geometry": {"type": "Point", "coordinates": [162.25, 52.9, -8899.891853]}, "properties": {"time": 70.61990989146088}}, {"type": "Feature", "geometry": {"type": "Point", "coordinates": [162.05, 53.0, -10276.861191]}, "properties": {"time": 65.5064023079945}}, {"type": "Feature", "geometry": {"type": "Point", "coordinates": [160.95, 53.5, -27168.867111]}, "properties": {"time": 56.51015871120532}}, {"type": "Feature", "geometry": {"type": "Point", "coordinates": [160.425002, 53.650128, -44245.521508]}, "properties": {"time": 61.35736896954148}}, {"type": "Feature", "geometry": {"type": "Point", "coordinates": [160.007141, 53.499387, -52495.702258]}, "properties": {"time": 54.40790232285372}}, {"type": "Feature", "geometry": {"type": "Point", "coordinates": [159.864958, 53.3986, -53945.560246]}, "properties": {"time": 50.03650157871546}}, {"type": "Feature", "geometry": {"type": "Point", "coordinates": [159.723447, 53.29764, -55375.081839]}, "properties": {"time": 46.2351602149914}}, {"type": "Feature", "geometry": {"type": "Point", "coordinates": [159.582603, 53.196508, -56777.853098]}, "properties": {"time": 43.75894544703159}}, {"type": "Feature", "geometry": {"type": "Point", "coordinates": [159.442421, 53.095208, -58123.32995]}, "properties": {"time": 41.97962509648656}}, {"type": "Feature", "geometry": {"type": "Point", "coordinates": [159.302898, 52.99374, -59431.39528]}, "properties": {"time": 41.44652035424195}}, {"type": "Feature", "geometry": {"type": "Point", "coordinates": [159.164027, 52.892106, -60760.075784]}, "properties": {"time": 42.332800727988484}}, {"type": "Feature", "geometry": {"type": "Point", "coordinates": [159.025806, 52.790309, -62147.244572]}, "properties": {"time": 44.306127627041846}}, {"type": "Feature", "geometry": {"type": "Point", "coordinates": [158.888229, 52.688349, -63625.987211]}, "properties": {"time": 47.21563441676251}}, {"type": "Feature", "geometry": {"type": "Point", "coordinates": [158.751291, 52.586229, -65146.756005]}, "properties": {"time": 50.970776747272474}}, {"type": "Feature", "geometry": {"type": "Point", "coordinates": [158.614989, 52.483951, -66592.778793]}, "properties": {"time": 55.187882340998094}}, {"type": "Feature", "geometry": {"type": "Point", "coordinates": [158.479318, 52.381516, -67827.73484]}, "properties": {"time": 60.0992715671348}}, {"type": "Feature", "geometry": {"type": "Point", "coordinates": [158.344273, 52.278925, -68690.958688]}, "properties": {"time": 65.61618456915133}}, {"type": "Feature", "geometry": {"type": "Point", "coordinates": [158.20985, 52.176181, -69191.582593]}, "properties": {"time": 71.45563320586866}}, {"type": "Feature", "geometry": {"type": "Point", "coordinates": [158.076045, 52.073286, -69373.845588]}, "properties": {"time": 77.50882848519738}}, {"type": "Feature", "geometry": {"type": "Point", "coordinates": [157.942853, 51.97024, -69382.902446]}, "properties": {"time": 83.76736497833433}}, {"type": "Feature", "geometry": {"type": "Point", "coordinates": [157.81027, 51.867046, -69327.775747]}, "properties": {"time": 90.1600677869773}}, {"type": "Feature", "geometry": {"type": "Point", "coordinates": [157.678291, 51.763705, -69355.866207]}, "properties": {"time": 96.6418449323591}}, {"type": "Feature", "geometry": {"type": "Point", "coordinates": [157.546913, 51.660219, -69445.648612]}, "properties": {"time": 103.21141082672898}}, {"type": "Feature", "geometry": {"type": "Point", "coordinates": [157.41613, 51.55659, -69613.164209]}, "properties": {"time": 109.86405554531919}}, {"type": "Feature", "geometry": {"type": "Point", "coordinates": [157.28594, 51.452819, -69798.740904]}, "properties": {"time": 116.58138350171555}}, {"type": "Feature", "geometry": {"type": "Point", "coordinates": [157.156336, 51.348907, -70011.887019]}, "properties": {"time": 123.36740874055755}}, {"type": "Feature", "geometry": {"type": "Point", "coordinates": [157.027316, 51.244857, -70235.426836]}, "properties": {"time": 130.18685769494505}}, {"type": "Feature", "geometry": {"type": "Point", "coordinates": [156.898875, 51.14067, -70512.465525]}, "properties": {"time": 137.05030286406614}}, {"type": "Feature", "geometry": {"type": "Point", "coordinates": [156.771008, 51.036347, -70781.192456]}, "properties": {"time": 143.9614401067159}}, {"type": "Feature", "geometry": {"type": "Point", "coordinates": [156.643712, 50.931891, -70968.8282]}, "properties": {"time": 150.8855732612287}}, {"type": "Feature", "geometry": {"type": "Point", "coordinates": [156.516983, 50.827302, -71037.850579]}, "properties": {"time": 157.85137739821164}}, {"type": "Feature", "geometry": {"type": "Point", "coordinates": [156.390816, 50.722582, -70954.17442]}, "properties": {"time": 164.87417530770426}}, {"type": "Feature", "geometry": {"type": "Point", "coordinates": [156.265208, 50.617733, -70788.836525]}, "properties": {"time": 171.9031613646921}}, {"type": "Feature", "geometry": {"type": "Point", "coordinates": [156.140154, 50.512756, -70719.535058]}, "properties": {"time": 178.9552605442568}}, {"type": "Feature", "geometry": {"type": "Point", "coordinates": [156.01565, 50.407653, -70791.652694]}, "properties": {"time": 186.04006575398373}}, {"type": "Feature", "geometry": {"type": "Point", "coordinates": [155.891692, 50.302425, -70991.367942]}, "properties": {"time": 193.14893744917777}}, {"type": "Feature", "geometry": {"type": "Point", "coordinates": [155.768276, 50.197074, -71382.66358]}, "properties": {"time": 200.28922262625693}}, {"type": "Feature", "geometry": {"type": "Point", "coordinates": [155.645399, 50.091601, -71806.49476]}, "properties": {"time": 207.45722050080158}}, {"type": "Feature", "geometry": {"type": "Point", "coordinates": [155.523056, 49.986007, -72177.838582]}, "properties": {"time": 214.62164374885816}}, {"type": "Feature", "geometry": {"type": "Point", "coordinates": [155.401243, 49.880295, -72421.704574]}, "properties": {"time": 221.7785154882487}}, {"type": "Feature", "geometry": {"type": "Point", "coordinates": [155.279957, 49.774465, -72409.141035]}, "properties": {"time": 228.9382551245623}}, {"type": "Feature", "geometry": {"type": "Point", "coordinates": [155.159194, 49.668519, -72101.828846]}, "properties": {"time": 236.1037651108708}}, {"type": "Feature", "geometry": {"type": "Point", "coordinates": [155.038949, 49.562459, -71528.363396]}, "properties": {"time": 243.26892934872004}}, {"type": "Feature", "geometry": {"type": "Point", "coordinates": [154.919219, 49.456285, -70740.030053]}, "properties": {"time": 250.44211809932443}}, {"type": "Feature", "geometry": {"type": "Point", "coordinates": [155.190659, 48.890359, -35132.866853]}, "properties": {"time": 267.3634862558382}}, {"type": "Feature", "geometry": {"type": "Point", "coordinates": [155.330988, 48.830537, -29479.493893]}, "properties": {"time": 266.96515061743395}}, {"type": "Feature", "geometry": {"type": "Point", "coordinates": [155.470987, 48.770536, -24644.645928]}, "properties": {"time": 266.70438763296994}}, {"type": "Feature", "geometry": {"type": "Point", "coordinates": [155.610658, 48.710357, -20752.008967]}, "properties": {"time": 266.60354665740414}}, {"type": "Feature", "geometry": {"type": "Point", "coordinates": [155.900698, 48.590408, -15184.97468]}, "properties": {"time": 266.4694638763057}}, {"type": "Feature", "geometry": {"type": "Point", "coordinates": [156.051047, 48.53061, -13198.359363]}, "properties": {"time": 266.4459522781512}}, {"type": "Feature", "geometry": {"type": "Point", "coordinates": [156.201047, 48.470609, -11636.703313]}, "properties": {"time": 266.56256317515135}}, {"type": "Feature", "geometry": {"type": "Point", "coordinates": [156.350698, 48.410405, -10373.610217]}, "properties": {"time": 266.8186206267526}}, {"type": "Feature", "geometry": {"type": "Point", "coordinates": [156.792285, 48.495142, -9131.102553]}, "properties": {"time": 255.10408502679817}}, {"type": "Feature", "geometry": {"type": "Point", "coordinates": [156.935103, 48.590113, -9135.280022]}, "properties": {"time": 248.0279807888353}}, {"type": "Feature", "geometry": {"type": "Point", "coordinates": [157.078457, 48.684913, -9106.421882]}, "properties": {"time": 240.97261460441104}}, {"type": "Feature", "geometry": {"type": "Point", "coordinates": [157.222351, 48.779538, -9055.528263]}, "properties": {"time": 233.9333827014625}}, {"type": "Feature", "geometry": {"type": "Point", "coordinates": [157.366786, 48.873989, -8999.681177]}, "properties": {"time": 226.91633598912068}}, {"type": "Feature", "geometry": {"type": "Point", "coordinates": [157.511765, 48.968262, -8953.764359]}, "properties": {"time": 219.9230864370608}}, {"type": "Feature", "geometry": {"type": "Point", "coordinates": [157.657292, 49.062356, -8923.167775]}, "properties": {"time": 212.95596609501138}}, {"type": "Feature", "geometry": {"type": "Point", "coordinates": [157.80337, 49.156269, -8907.440471]}, "properties": {"time": 206.01571637283394}}, {"type": "Feature", "geometry": {"type": "Point", "coordinates": [158.049848, 49.325043, -8939.262139]}, "properties": {"time": 193.83754423789827}}, {"type": "Feature", "geometry": {"type": "Point", "coordinates": [158.265576, 49.491959, -9040.519171]}, "properties": {"time": 182.27926685219504}}, {"type": "Feature", "geometry": {"type": "Point", "coordinates": [158.381584, 49.583802, -9093.281697]}, "properties": {"time": 175.99693649700887}}, {"type": "Feature", "geometry": {"type": "Point", "coordinates": [158.498028, 49.675529, -9151.27687]}, "properties": {"time": 169.7146132820421}}, {"type": "Feature", "geometry": {"type": "Point", "coordinates": [158.61491, 49.767139, -9203.172876]}, "properties": {"time": 163.46160765008872}}, {"type": "Feature", "geometry": {"type": "Point", "coordinates": [158.732234, 49.858629, -9259.891955]}, "properties": {"time": 157.2377214670251}}, {"type": "Feature", "geometry": {"type": "Point", "coordinates": [158.959176, 50.040211, -9384.052207]}, "properties": {"time": 145.02974093548792}}, {"type": "Feature", "geometry": {"type": "Point", "coordinates": [159.068761, 50.130317, -9459.461882]}, "properties": {"time": 139.04429074450525}}, {"type": "Feature", "geometry": {"type": "Point", "coordinates": [159.178759, 50.220318, -9518.955799]}, "properties": {"time": 133.09466872303088}}, {"type": "Feature", "geometry": {"type": "Point", "coordinates": [159.289171, 50.310213, -9565.067932]}, "properties": {"time": 127.18554990919162}}, {"type": "Feature", "geometry": {"type": "Point", "coordinates": [159.524206, 50.500206, -9615.856657]}, "properties": {"time": 114.79516975514154}}, {"type": "Feature", "geometry": {"type": "Point", "coordinates": [159.648939, 50.600276, -9608.339889]}, "properties": {"time": 108.3533171833086}}, {"type": "Feature", "geometry": {"type": "Point", "coordinates": [159.774202, 50.700207, -9580.723839]}, "properties": {"time": 101.96886519363375}}, {"type": "Feature", "geometry": {"type": "Point", "coordinates": [160.016165, 50.900121, -9484.093986]}, "properties": {"time": 89.598624687269}}, {"type": "Feature", "geometry": {"type": "Point", "coordinates": [160.132831, 51.000121, -9437.433487]}, "properties": {"time": 83.57986830971596}}, {"type": "Feature", "geometry": {"type": "Point", "coordinates": [160.372968, 51.206737, -9370.424921]}, "properties": {"time": 71.70224178782296}}, {"type": "Feature", "geometry": {"type": "Point", "coordinates": [160.496508, 51.313337, -9366.59229]}, "properties": {"time": 65.89020297528147}}, {"type": "Feature", "geometry": {"type": "Point", "coordinates": [160.620625, 51.4198, -9383.602603]}, "properties": {"time": 60.564570570639994}}, {"type": "Feature", "geometry": {"type": "Point", "coordinates": [160.745321, 51.526124, -9419.470563]}, "properties": {"time": 56.16073729413539}}, {"type": "Feature", "geometry": {"type": "Point", "coordinates": [160.870603, 51.632308, -9443.312466]}, "properties": {"time": 52.477386835255324}}, {"type": "Feature", "geometry": {"type": "Point", "coordinates": [160.996473, 51.738349, -9445.866601]}, "properties": {"time": 49.444636534481454}}, {"type": "Feature", "geometry": {"type": "Point", "coordinates": [161.122938, 51.844247, -9402.320041]}, "properties": {"time": 47.271537449305306}}, {"type": "Feature", "geometry": {"type": "Point", "coordinates": [161.361739, 52.050172, -9257.092546]}, "properties": {"time": 45.413828425983986}}, {"type": "Feature", "geometry": {"type": "Point", "coordinates": [161.473983, 52.150231, -9174.225913]}, "properties": {"time": 45.60181228795981}}, {"type": "Feature", "geometry": {"type": "Point", "coordinates": [161.586736, 52.250174, -9089.062629]}, "properties": {"time": 46.96781123261509}}, {"type": "Feature", "geometry": {"type": "Point", "coordinates": [162.150116, 52.950041, -9549.177153]}, "properties": {"time": 67.99642622205216}}, {"type": "Feature", "geometry": {"type": "Point", "coordinates": [161.894434, 53.07203, -11538.428774]}, "properties": {"time": 61.845974105352745}}, {"type": "Feature", "geometry": {"type": "Point", "coordinates": [161.738344, 53.143863, -12998.816546]}, "properties": {"time": 58.964318267549956}}, {"type": "Feature", "geometry": {"type": "Point", "coordinates": [161.58173, 53.215495, -14718.371285]}, "properties": {"time": 57.062742196396385}}, {"type": "Feature", "geometry": {"type": "Point", "coordinates": [161.42459, 53.286927, -16833.368496]}, "properties": {"time": 55.95293361579673}}, {"type": "Feature", "geometry": {"type": "Point", "coordinates": [161.266923, 53.358156, -19495.47258]}, "properties": {"time": 55.54864501486192}}, {"type": "Feature", "geometry": {"type": "Point", "coordinates": [161.108727, 53.429181, -22898.224071]}, "properties": {"time": 55.73015205554047}}, {"type": "Feature", "geometry": {"type": "Point", "coordinates": [160.775311, 53.575126, -32811.563457]}, "properties": {"time": 58.43676380458821}}, {"type": "Feature", "geometry": {"type": "Point", "coordinates": [161.661316, 52.398382, -9385.966616]}, "properties": {"time": 48.246144608704526}}, {"type": "Feature", "geometry": {"type": "Point", "coordinates": [158.000382, 49.419137, -9689.658516]}, "properties": {"time": 189.70705728981292}}, {"type": "Feature", "geometry": {"type": "Point", "coordinates": [158.78416, 50.055525, -10238.272326]}, "properties": {"time": 146.2642309891555}}, {"type": "Feature", "geometry": {"type": "Point", "coordinates": [159.222837, 50.416463, -10495.630431]}, "properties": {"time": 122.1527523051731}}, {"type": "Feature", "geometry": {"type": "Point", "coordinates": [156.480058, 50.585577, -61670.573798]}, "properties": {"time": 166.7523019743531}}, {"type": "Feature", "geometry": {"type": "Point", "coordinates": [155.762885, 48.755814, -19522.351642]}, "properties": {"time": 261.4073706170752}}, {"type": "Feature", "geometry": {"type": "Point", "coordinates": [155.974796, 50.191982, -63011.484392]}, "properties": {"time": 194.72247114591593}}, {"type": "Feature", "geometry": {"type": "Point", "coordinates": [161.251945, 53.243102, -18390.777913]}, "properties": {"time": 50.188546555013566}}, {"type": "Feature", "geometry": {"type": "Point", "coordinates": [157.754413, 51.640416, -62111.069651]}, "properties": {"time": 96.8833908799328}}, {"type": "Feature", "geometry": {"type": "Point", "coordinates": [160.051474, 51.117836, -10437.083101]}, "properties": {"time": 77.2841410170911}}, {"type": "Feature", "geometry": {"type": "Point", "coordinates": [157.090381, 51.133904, -63320.778408]}, "properties": {"time": 131.28071783740435}}, {"type": "Feature", "geometry": {"type": "Point", "coordinates": [161.168927, 52.075813, -10284.978095]}, "properties": {"time": 39.22350319929625}}, {"type": "Feature", "geometry": {"type": "Point", "coordinates": [158.556504, 52.258499, -61553.959015]}, "properties": {"time": 58.06369518219467}}, {"type": "Feature", "geometry": {"type": "Point", "coordinates": [158.289417, 49.688762, -10119.098386]}, "properties": {"time": 171.7884729770664}}, {"type": "Feature", "geometry": {"type": "Point", "coordinates": [159.076937, 52.661542, -56690.745263]}, "properties": {"time": 39.85896913507848}}, {"type": "Feature", "geometry": {"type": "Point", "coordinates": [159.555903, 50.726823, -10777.543868]}, "properties": {"time": 102.20095035093533}}, {"type": "Feature", "geometry": {"type": "Point", "coordinates": [157.330824, 49.012777, -9994.335921]}, "properties": {"time": 220.48888121380202}}, {"type": "Feature", "geometry": {"type": "Point", "coordinates": [159.658097, 53.0728, -50725.611914]}, "properties": {"time": 35.920929875494416}}, {"type": "Feature", "geometry": {"type": "Point", "coordinates": [160.526724, 51.526689, -10376.807722]}, "properties": {"time": 53.92080464926583}}, {"type": "Feature", "geometry": {"type": "Point", "coordinates": [155.462457, 49.76906, -65030.113555]}, "properties": {"time": 224.23434206936344}}, {"type": "Feature", "geometry": {"type": "Point", "coordinates": [158.153795, 51.95053, -62677.442447]}, "properties": {"time": 77.01615885727026}}, {"type": "Feature", "geometry": {"type": "Point", "coordinates": [161.849427, 52.610683, -9484.01047]}, "properties": {"time": 54.7247652141752}}, {"type": "Feature", "geometry": {"type": "Point", "coordinates": [155.319117, 48.949744, -33948.882794]}, "properties": {"time": 261.887446994374}}, {"type": "Feature", "geometry": {"type": "Point", "coordinates": [156.894157, 48.70996, -10064.906785]}, "properties": {"time": 242.7163588601736}}, {"type": "Feature", "geometry": {"type": "Point", "coordinates": [160.094594, 53.38493, -46593.232091]}, "properties": {"time": 47.152559330644145}}, {"type": "Feature", "geometry": {"type": "Point", "coordinates": [161.704253, 53.040591, -12603.150178]}, "properties": {"time": 55.24674708256251}}, {"type": "Feature", "geometry": {"type": "Point", "coordinates": [155.156868, 49.456452, -61982.738519]}, "properties": {"time": 244.27692780243586}}, {"type": "Feature", "geometry": {"type": "Point", "coordinates": [156.205404, 48.585753, -12742.524948]}, "properties": {"time": 260.90952421425015}}, {"type": "Feature", "geometry": {"type": "Point", "coordinates": [161.991415, 52.752663, -9467.805254]}, "properties": {"time": 60.485333880418715}}, {"type": "Feature", "geometry": {"type": "Point", "coordinates": [160.922164, 53.386915, -25699.811938]}, "properties": {"time": 50.414146160616944}}, {"type": "Feature", "geometry": {"type": "Point", "coordinates": [156.723237, 50.810089, -62781.984395]}, "properties": {"time": 152.21058582134327}}, {"type": "Feature", "geometry": {"type": "Point", "coordinates": [155.708651, 49.964084, -63804.43387]}, "properties": {"time": 210.3510742820005}}, {"type": "Feature", "geometry": {"type": "Point", "coordinates": [156.217976, 50.391013, -62483.366326]}, "properties": {"time": 180.8699750691989}}, {"type": "Feature", "geometry": {"type": "Point", "coordinates": [157.483706, 51.441936, -62641.959837]}, "properties": {"time": 110.52384636940388}}, {"type": "Feature", "geometry": {"type": "Point", "coordinates": [160.910783, 51.849467, -10400.640424]}, "properties": {"time": 42.6020515937311}}, {"type": "Feature", "geometry": {"type": "Point", "coordinates": [159.381467, 52.878429, -53489.705819]}, "properties": {"time": 34.578609244543685}}, {"type": "Feature", "geometry": {"type": "Point", "coordinates": [158.860579, 52.468922, -58101.062475]}, "properties": {"time": 45.87856001196221}}, {"type": "Feature", "geometry": {"type": "Point", "coordinates": [157.615621, 49.190308, -9870.544656]}, "properties": {"time": 207.08822635794772}}, {"type": "Feature", "geometry": {"type": "Point", "coordinates": [160.287315, 51.327091, -10391.712029]}, "properties": {"time": 64.92879580766513}}, {"type": "Feature", "geometry": {"type": "Point", "coordinates": [161.401979, 52.260582, -9988.957854]}, "properties": {"time": 40.65169211735442}}, {"type": "Feature", "geometry": {"type": "Point", "coordinates": [159.005052, 50.235007, -10376.522995]}, "properties": {"time": 134.1773699582812}}, {"type": "Feature", "geometry": {"type": "Point", "coordinates": [158.557137, 49.874776, -10097.572465]}, "properties": {"time": 158.55834805980004}}, {"type": "Feature", "geometry": {"type": "Point", "coordinates": [155.074662, 49.032376, -44573.613141]}, "properties": {"time": 263.7932561075327}}, {"type": "Feature", "geometry": {"type": "Point", "coordinates": [159.836517, 50.912394, -10417.61061]}, "properties": {"time": 89.85792282604523}}, {"type": "Feature", "geometry": {"type": "Point", "coordinates": [154.85691, 49.124055, -56360.227853]}, "properties": {"time": 265.1039861445851}}, {"type": "Feature", "geometry": {"type": "Point", "coordinates": [161.76264, 52.494815, -9357.759233]}, "properties": {"time": 51.48555280276436}}, {"type": "Feature", "geometry": {"type": "Point", "coordinates": [156.59957, 48.513119, -10031.129213]}, "properties": {"time": 257.4361504286808}}, {"type": "Feature", "geometry": {"type": "Point", "coordinates": [162.047992, 52.91827, -9921.134749]}, "properties": {"time": 64.21055016461453}}, {"type": "Feature", "geometry": {"type": "Point", "coordinates": [160.609389, 53.511638, -35608.303791]}, "properties": {"time": 53.785293564479645}}, {"type": "Feature", "geometry": {"type": "Point", "coordinates": [160.316943, 53.577085, -45422.396139]}, "properties": {"time": 57.28713479758359}}, {"type": "Feature", "geometry": {"type": "Point", "coordinates": [156.520064, 48.412041, -9665.722669]}, "properties": {"time": 263.77325962036207}}, {"type": "Feature", "geometry": {"type": "Point", "coordinates": [154.784355, 49.221706, -63903.704412]}, "properties": {"time": 263.02966477797503}}, {"type": "Feature", "geometry": {"type": "Point", "coordinates": [157.749912, 49.280174, -9874.646932]}, "properties": {"time": 200.49389224909655}}, {"type": "Feature", "geometry": {"type": "Point", "coordinates": [157.576329, 49.312724, -10931.847377]}, "properties": {"time": 201.53539949123308}}, {"type": "Feature", "geometry": {"type": "Point", "coordinates": [157.437748, 49.229278, -11011.993192]}, "properties": {"time": 207.93036817334587}}, {"type": "Feature", "geometry": {"type": "Point", "coordinates": [157.401625, 49.348893, -12220.519297]}, "properties": {"time": 202.5643498277238}}, {"type": "Feature", "geometry": {"type": "Point", "coordinates": [157.262494, 49.270193, -12379.376489]}, "properties": {"time": 208.79130869661088}}, {"type": "Feature", "geometry": {"type": "Point", "coordinates": [157.227582, 49.388476, -13790.634025]}, "properties": {"time": 203.57284057612821}}, {"type": "Feature", "geometry": {"type": "Point", "coordinates": [157.088008, 49.310083, -14009.218369]}, "properties": {"time": 209.84824245261171}}, {"type": "Feature", "geometry": {"type": "Point", "coordinates": [157.053163, 49.42833, -15706.858545]}, "properties": {"time": 204.73548277672538}}, {"type": "Feature", "geometry": {"type": "Point", "coordinates": [157.193353, 49.507112, -15440.71586]}, "properties": {"time": 198.39667948506133}}, {"type": "Feature", "geometry": {"type": "Point", "coordinates": [156.913474, 49.349486, -15996.427726]}, "properties": {"time": 211.08589848664275}}, {"type": "Feature", "geometry": {"type": "Point", "coordinates": [157.017877, 49.547063, -17729.184915]}, "properties": {"time": 199.6848395641052}}, {"type": "Feature", "geometry": {"type": "Point", "coordinates": [157.160309, 49.626806, -17380.791794]}, "properties": {"time": 193.2251119322716}}, {"type": "Feature", "geometry": {"type": "Point", "coordinates": [156.981913, 49.666536, -20150.627531]}, "properties": {"time": 194.69746201646845}}, {"type": "Feature", "geometry": {"type": "Point", "coordinates": [157.125678, 49.746852, -19691.88186]}, "properties": {"time": 188.15180735074324}}, {"type": "Feature", "geometry": {"type": "Point", "coordinates": [156.948028, 49.787052, -23002.21123]}, "properties": {"time": 189.71763591591338}}, {"type": "Feature", "geometry": {"type": "Point", "coordinates": [157.08947, 49.867059, -22438.387886]}, "properties": {"time": 183.19938705377268}}, {"type": "Feature", "geometry": {"type": "Point", "coordinates": [156.811195, 49.708155, -23520.196638]}, "properties": {"time": 196.10336958093413}}, {"type": "Feature", "geometry": {"type": "Point", "coordinates": [157.269778, 49.827324, -19234.914145]}, "properties": {"time": 181.6102047001496}}, {"type": "Feature", "geometry": {"type": "Point", "coordinates": [157.23346, 49.947106, -21827.493747]}, "properties": {"time": 176.64395898905008}}, {"type": "Feature", "geometry": {"type": "Point", "coordinates": [157.412679, 49.90702, -18772.694406]}, "properties": {"time": 175.14791105398768}}, {"type": "Feature", "geometry": {"type": "Point", "coordinates": [157.377386, 50.026872, -21206.896972]}, "properties": {"time": 170.12082607057107}}, {"type": "Feature", "geometry": {"type": "Point", "coordinates": [157.556318, 49.986078, -18295.585562]}, "properties": {"time": 168.72330911488848}}, {"type": "Feature", "geometry": {"type": "Point", "coordinates": [157.522663, 50.106664, -20577.43487]}, "properties": {"time": 163.5890677603512}}, {"type": "Feature", "geometry": {"type": "Point", "coordinates": [157.342157, 50.147703, -24068.214236]}, "properties": {"time": 165.1629994996296}}, {"type": "Feature", "geometry": {"type": "Point", "coordinates": [157.488423, 50.227286, -23261.52854]}, "properties": {"time": 158.58135353313403}}, {"type": "Feature", "geometry": {"type": "Point", "coordinates": [157.668675, 50.186051, -19973.119624]}, "properties": {"time": 157.08309006964072}}, {"type": "Feature", "geometry": {"type": "Point", "coordinates": [157.635119, 50.306538, -22501.50042]}, "properties": {"time": 152.0249137865607}}, {"type": "Feature", "geometry": {"type": "Point", "coordinates": [157.818785, 50.26586, -19392.223971]}, "properties": {"time": 150.50302828222405}}, {"type": "Feature", "geometry": {"type": "Point", "coordinates": [157.782254, 50.385752, -21831.415009]}, "properties": {"time": 145.48127051931195}}, {"type": "Feature", "geometry": {"type": "Point", "coordinates": [157.963901, 50.344015, -18921.420896]}, "properties": {"time": 144.11905801111823}}, {"type": "Feature", "geometry": {"type": "Point", "coordinates": [157.929614, 50.464561, -21251.680861]}, "properties": {"time": 138.9732985359828}}, {"type": "Feature", "geometry": {"type": "Point", "coordinates": [157.748006, 50.506647, -24692.650409]}, "properties": {"time": 140.5024287372514}}, {"type": "Feature", "geometry": {"type": "Point", "coordinates": [157.896118, 50.585506, -24000.483824]}, "properties": {"time": 133.92802976666}}, {"type": "Feature", "geometry": {"type": "Point", "coordinates": [158.077353, 50.542892, -20747.474463]}, "properties": {"time": 132.5045795524702}}, {"type": "Feature", "geometry": {"type": "Point", "coordinates": [158.045055, 50.663902, -23396.194717]}, "properties": {"time": 127.37965249045735}}, {"type": "Feature", "geometry": {"type": "Point", "coordinates": [158.225935, 50.620945, -20288.225084]}, "properties": {"time": 126.06086462581375}}, {"type": "Feature", "geometry": {"type": "Point", "coordinates": [158.194154, 50.741938, -22853.637408]}, "properties": {"time": 120.86892859585768}}, {"type": "Feature", "geometry": {"type": "Point", "coordinates": [158.374993, 50.698733, -19836.754821]}, "properties": {"time": 119.65326164991541}}, {"type": "Feature", "geometry": {"type": "Point", "coordinates": [158.345407, 50.81922, -22295.616308]}, "properties": {"time": 114.37965689295818}}, {"type": "Feature", "geometry": {"type": "Point", "coordinates": [158.162018, 50.863177, -25893.302365]}, "properties": {"time": 115.8219976887638}}, {"type": "Feature", "geometry": {"type": "Point", "coordinates": [158.312891, 50.941538, -25284.644708]}, "properties": {"time": 109.22566728895953}}, {"type": "Feature", "geometry": {"type": "Point", "coordinates": [158.497903, 50.896696, -21711.295518]}, "properties": {"time": 107.89170448886516}}, {"type": "Feature", "geometry": {"type": "Point", "coordinates": [158.464829, 51.019993, -24648.670514]}, "properties": {"time": 102.63097457233694}}, {"type": "Feature", "geometry": {"type": "Point", "coordinates": [158.650142, 50.975122, -21110.640556]}, "properties": {"time": 101.40277854484401}}, {"type": "Feature", "geometry": {"type": "Point", "coordinates": [158.618369, 51.098999, -23941.931268]}, "properties": {"time": 96.01178773293898}}, {"type": "Feature", "geometry": {"type": "Point", "coordinates": [158.804129, 51.053577, -20430.010696]}, "properties": {"time": 94.9274739511684}}, {"type": "Feature", "geometry": {"type": "Point", "coordinates": [158.773855, 51.177916, -23133.558096]}, "properties": {"time": 89.39892233221104}}, {"type": "Feature", "geometry": {"type": "Point", "coordinates": [158.586316, 51.223365, -27315.483125]}, "properties": {"time": 90.79662726459716}}, {"type": "Feature", "geometry": {"type": "Point", "coordinates": [158.743062, 51.302755, -26359.510073]}, "properties": {"time": 84.0486975231726}}, {"type": "Feature", "geometry": {"type": "Point", "coordinates": [158.930743, 51.256841, -22227.494483]}, "properties": {"time": 82.8085066078641}}, {"type": "Feature", "geometry": {"type": "Point", "coordinates": [158.900743, 51.381993, -25270.391976]}, "properties": {"time": 77.32806565628049}}, {"type": "Feature", "geometry": {"type": "Point", "coordinates": [159.089241, 51.335671, -21239.92833]}, "properties": {"time": 76.25320636460427}}, {"type": "Feature", "geometry": {"type": "Point", "coordinates": [159.059216, 51.461264, -24079.570808]}, "properties": {"time": 70.63884745471584}}, {"type": "Feature", "geometry": {"type": "Point", "coordinates": [159.248181, 51.414572, -20213.663494]}, "properties": {"time": 69.75909546338252}}, {"type": "Feature", "geometry": {"type": "Point", "coordinates": [159.218798, 51.540484, -22820.471901]}, "properties": {"time": 63.99108313793546}}, {"type": "Feature", "geometry": {"type": "Point", "coordinates": [159.02844, 51.58727, -27436.607941]}, "properties": {"time": 65.26339675219064}}, {"type": "Feature", "geometry": {"type": "Point", "coordinates": [159.189068, 51.666836, -25901.708205]}, "properties": {"time": 58.44526307052138}}, {"type": "Feature", "geometry": {"type": "Point", "coordinates": [159.380115, 51.61949, -21546.439995]}, "properties": {"time": 57.39939488448391}}, {"type": "Feature", "geometry": {"type": "Point", "coordinates": [159.350949, 51.746303, -24367.618993]}, "properties": {"time": 51.66669593683712}}, {"type": "Feature", "geometry": {"type": "Point", "coordinates": [156.90998, 49.907398, -26399.833592]}, "properties": {"time": 184.93985023670885}}, {"type": "Feature", "geometry": {"type": "Point", "coordinates": [159.542098, 51.698446, -20334.959746]}, "properties": {"time": 50.89805004837128}}, {"type": "Feature", "geometry": {"type": "Point", "coordinates": [159.514084, 51.825962, -22910.70026]}, "properties": {"time": 44.934474741104744}}, {"type": "Feature", "geometry": {"type": "Point", "coordinates": [157.306592, 50.268316, -27399.516928]}, "properties": {"time": 160.35081233992935}}, {"type": "Feature", "geometry": {"type": "Point", "coordinates": [157.714043, 50.6285, -28062.614367]}, "properties": {"time": 135.62331774298465}}, {"type": "Feature", "geometry": {"type": "Point", "coordinates": [159.706933, 51.778911, -19218.495295]}, "properties": {"time": 44.4081139468157}}, {"type": "Feature", "geometry": {"type": "Point", "coordinates": [159.678386, 51.906152, -21587.738359]}, "properties": {"time": 38.26334442125689}}, {"type": "Feature", "geometry": {"type": "Point", "coordinates": [159.485634, 51.954095, -25939.230572]}, "properties": {"time": 39.25955429772995}}, {"type": "Feature", "geometry": {"type": "Point", "coordinates": [159.650323, 52.034249, -24368.380213]}, "properties": {"time": 32.35185204005424}}, {"type": "Feature", "geometry": {"type": "Point", "coordinates": [159.84419, 51.985412, -20381.160785]}, "properties": {"time": 31.76788173040385}}, {"type": "Feature", "geometry": {"type": "Point", "coordinates": [159.815468, 52.113652, -22946.576699]}, "properties": {"time": 25.58875507288896}}, {"type": "Feature", "geometry": {"type": "Point", "coordinates": [160.009541, 52.065106, -19320.881906]}, "properties": {"time": 25.479394408841472}}, {"type": "Feature", "geometry": {"type": "Point", "coordinates": [159.981394, 52.192489, -21643.661883]}, "properties": {"time": 19.040057792698097}}, {"type": "Feature", "geometry": {"type": "Point", "coordinates": [160.175004, 52.143553, -18341.83212]}, "properties": {"time": 19.573272520799133}}, {"type": "Feature", "geometry": {"type": "Point", "coordinates": [160.147495, 52.2706, -20434.998605]}, "properties": {"time": 12.791182694932463}}, {"type": "Feature", "geometry": {"type": "Point", "coordinates": [159.954054, 52.319725, -24318.948148]}, "properties": {"time": 12.938932822676161}}, {"type": "Feature", "geometry": {"type": "Point", "coordinates": [160.111057, 52.401879, -23079.492591]}, "properties": {"time": 6.10191161324303}}, {"type": "Feature", "geometry": {"type": "Point", "coordinates": [160.309502, 52.349385, -19365.948711]}, "properties": {"time": 7.059991182772484}}, {"type": "Feature", "geometry": {"type": "Point", "coordinates": [160.282092, 52.474014, -21521.744613]}, "properties": {"time": 0.00184}}, {"type": "Feature", "geometry": {"type": "Point", "coordinates": [160.473044, 52.423691, -18277.170609]}, "properties": {"time": 7.2348985509491595}}, {"type": "Feature", "geometry": {"type": "Point", "coordinates": [160.446089, 52.54746, -20197.140058]}, "properties": {"time": 6.054702887203096}}, {"type": "Feature", "geometry": {"type": "Point", "coordinates": [160.630517, 52.500171, -17345.870588]}, "properties": {"time": 12.495267593437152}}, {"type": "Feature", "geometry": {"type": "Point", "coordinates": [160.603692, 52.619092, -19034.414648]}, "properties": {"time": 12.18907924779665}}, {"type": "Feature", "geometry": {"type": "Point", "coordinates": [160.787435, 52.577545, -16492.37194]}, "properties": {"time": 18.236840263936806}}, {"type": "Feature", "geometry": {"type": "Point", "coordinates": [160.76152, 52.687362, -17928.041385]}, "properties": {"time": 18.389081349841042}}, {"type": "Feature", "geometry": {"type": "Point", "coordinates": [160.939039, 52.651008, -15714.557345]}, "properties": {"time": 24.013098480113705}}, {"type": "Feature", "geometry": {"type": "Point", "coordinates": [160.597322, 52.724636, -20506.665433]}, "properties": {"time": 13.537144388014447}}, {"type": "Feature", "geometry": {"type": "Point", "coordinates": [158.997269, 51.713807, -31316.509385]}, "properties": {"time": 60.202680446973176}}, {"type": "Feature", "geometry": {"type": "Point", "coordinates": [158.129031, 50.985478, -29484.878552]}, "properties": {"time": 110.92439127965751}}, {"type": "Feature", "geometry": {"type": "Point", "coordinates": [158.554029, 51.347986, -31249.451262]}, "properties": {"time": 85.81655653852359}}, {"type": "Feature", "geometry": {"type": "Point", "coordinates": [160.912208, 52.754623, -16991.653966]}, "properties": {"time": 24.43235760320062}}, {"type": "Feature", "geometry": {"type": "Point", "coordinates": [161.07785, 52.716498, -15040.237837]}, "properties": {"time": 29.42975982419214}}, {"type": "Feature", "geometry": {"type": "Point", "coordinates": [157.590187, 49.866736, -16347.741625]}, "properties": {"time": 173.88947358648926}}, {"type": "Feature", "geometry": {"type": "Point", "coordinates": [157.858872, 50.146995, -17296.484909]}, "properties": {"time": 155.5349689090002}}, {"type": "Feature", "geometry": {"type": "Point", "coordinates": [160.093849, 52.528265, -25682.579639]}, "properties": {"time": 0.005278}}, {"type": "Feature", "geometry": {"type": "Point", "coordinates": [158.834459, 50.929571, -18174.397975]}, "properties": {"time": 100.59376312745685}}, {"type": "Feature", "geometry": {"type": "Point", "coordinates": [158.263587, 50.499804, -18055.308521]}, "properties": {"time": 131.29138854270354}}, {"type": "Feature", "geometry": {"type": "Point", "coordinates": [159.620308, 52.162515, -27612.451446]}, "properties": {"time": 26.935601116018013}}, {"type": "Feature", "geometry": {"type": "Point", "coordinates": [158.989301, 51.007645, -17556.580409]}, "properties": {"time": 94.27152914514821}}, {"type": "Feature", "geometry": {"type": "Point", "coordinates": [159.570089, 51.571338, -18161.795135]}, "properties": {"time": 57.05061262994346}}, {"type": "Feature", "geometry": {"type": "Point", "coordinates": [160.505909, 52.298697, -16548.152468]}, "properties": {"time": 13.491090868608046}}, {"type": "Feature", "geometry": {"type": "Point", "coordinates": [160.202398, 52.016552, -16540.892662]}, "properties": {"time": 26.474383987623753}}, {"type": "Feature", "geometry": {"type": "Point", "coordinates": [156.948445, 49.231225, -14251.005382]}, "properties": {"time": 216.1654454399335}}, {"type": "Feature", "geometry": {"type": "Point", "coordinates": [156.774203, 49.269758, -16298.782015]}, "properties": {"time": 217.4876097713207}}, {"type": "Feature", "geometry": {"type": "Point", "coordinates": [159.277574, 51.288899, -18024.664569]}, "properties": {"time": 75.696292776951}}, {"type": "Feature", "geometry": {"type": "Point", "coordinates": [161.054735, 52.820017, -16196.557477]}, "properties": {"time": 30.25277488035431}}, {"type": "Feature", "geometry": {"type": "Point", "coordinates": [160.892732, 52.852564, -18292.107921]}, "properties": {"time": 25.8032365960348}}, {"type": "Feature", "geometry": {"type": "Point", "coordinates": [161.213652, 52.778788, -14409.326387]}, "properties": {"time": 34.8015858545258}}, {"type": "Feature", "geometry": {"type": "Point", "coordinates": [161.237315, 52.679213, -13461.867879]}, "properties": {"time": 34.415881183712685}}, {"type": "Feature", "geometry": {"type": "Point", "coordinates": [161.364924, 52.737661, -12954.170333]}, "properties": {"time": 39.326502306354776}}, {"type": "Feature", "geometry": {"type": "Point", "coordinates": [160.82382, 52.467032, -15136.615856]}, "properties": {"time": 19.269536236283948}}, {"type": "Feature", "geometry": {"type": "Point", "coordinates": [157.548057, 49.435485, -12104.762282]}, "properties": {"time": 195.85017302324326}}, {"type": "Feature", "geometry": {"type": "Point", "coordinates": [156.809766, 49.151427, -14491.390533]}, "properties": {"time": 222.53008970270167}}, {"type": "Feature", "geometry": {"type": "Point", "coordinates": [156.635807, 49.190137, -16609.101989]}, "properties": {"time": 223.88366207340982}}, {"type": "Feature", "geometry": {"type": "Point", "coordinates": [156.600138, 49.30813, -18844.668463]}, "properties": {"time": 218.96275395003764}}, {"type": "Feature", "geometry": {"type": "Point", "coordinates": [156.462046, 49.228545, -19247.362338]}, "properties": {"time": 225.3924211694204}}, {"type": "Feature", "geometry": {"type": "Point", "coordinates": [156.425652, 49.345968, -22035.078318]}, "properties": {"time": 220.61961069276214}}, {"type": "Feature", "geometry": {"type": "Point", "coordinates": [156.287786, 49.266491, -22565.570726]}, "properties": {"time": 227.0773083835736}}, {"type": "Feature", "geometry": {"type": "Point", "coordinates": [156.250848, 49.384619, -26056.866981]}, "properties": {"time": 222.39751592966334}}, {"type": "Feature", "geometry": {"type": "Point", "coordinates": [156.112349, 49.304551, -26750.263912]}, "properties": {"time": 228.92855467146123}}, {"type": "Feature", "geometry": {"type": "Point", "coordinates": [156.323692, 49.149034, -19646.8723]}, "properties": {"time": 231.83774115337135}}, {"type": "Feature", "geometry": {"type": "Point", "coordinates": [156.074745, 49.423288, -31042.357354]}, "properties": {"time": 224.35933027241296}}, {"type": "Feature", "geometry": {"type": "Point", "coordinates": [155.936226, 49.342266, -31911.065654]}, "properties": {"time": 230.96322501519109}}, {"type": "Feature", "geometry": {"type": "Point", "coordinates": [156.214879, 49.504408, -30131.832532]}, "properties": {"time": 217.72579239581654}}, {"type": "Feature", "geometry": {"type": "Point", "coordinates": [155.97417, 49.224242, -27418.256413]}, "properties": {"time": 235.47423757522094}}, {"type": "Feature", "geometry": {"type": "Point", "coordinates": [155.797638, 49.261101, -32743.176921]}, "properties": {"time": 237.58387115789387}}, {"type": "Feature", "geometry": {"type": "Point", "coordinates": [156.671096, 49.071367, -14734.274527]}, "properties": {"time": 228.92424672411386}}, {"type": "Feature", "geometry": {"type": "Point", "coordinates": [155.759544, 49.379968, -38086.593915]}, "properties": {"time": 233.17613947234622}}, {"type": "Feature", "geometry": {"type": "Point", "coordinates": [156.036696, 49.543711, -35962.689608]}, "properties": {"time": 219.84556458684708}}, {"type": "Feature", "geometry": {"type": "Point", "coordinates": [156.178321, 49.62594, -34822.087353]}, "properties": {"time": 213.10967463173512}}, {"type": "Feature", "geometry": {"type": "Point", "coordinates": [161.21354, 52.8773, -15234.483454]}, "properties": {"time": 36.446077310549434}}, {"type": "Feature", "geometry": {"type": "Point", "coordinates": [155.836412, 49.143734, -28036.783807]}, "properties": {"time": 242.03041829051546}}, {"type": "Feature", "geometry": {"type": "Point", "coordinates": [159.017944, 50.883528, -15774.721143]}, "properties": {"time": 100.18774825406999}}, {"type": "Feature", "geometry": {"type": "Point", "coordinates": [159.175008, 50.96102, -15220.846142]}, "properties": {"time": 94.0325874976356}}, {"type": "Feature", "geometry": {"type": "Point", "coordinates": [158.863422, 50.805533, -16290.431866]}, "properties": {"time": 106.41107104698612}}, {"type": "Feature", "geometry": {"type": "Point", "coordinates": [155.620604, 49.297872, -39058.034777]}, "properties": {"time": 239.86954720944837}}, {"type": "Feature", "geometry": {"type": "Point", "coordinates": [158.836464, 51.633573, -33036.633471]}, "properties": {"time": 67.21415956468613}}, {"type": "Feature", "geometry": {"type": "Point", "coordinates": [158.804138, 51.760591, -37672.636596]}, "properties": {"time": 62.714770771251764}}, {"type": "Feature", "geometry": {"type": "Point", "coordinates": [158.643085, 51.679561, -39408.7213]}, "properties": {"time": 69.85716372391457}}, {"type": "Feature", "geometry": {"type": "Point", "coordinates": [158.966359, 51.841229, -35660.77573]}, "properties": {"time": 55.55455716232066}}, {"type": "Feature", "geometry": {"type": "Point", "coordinates": [161.388044, 52.641743, -12159.508915]}, "properties": {"time": 39.23070293766789}}, {"type": "Feature", "geometry": {"type": "Point", "coordinates": [161.262509, 52.582627, -12608.554894]}, "properties": {"time": 34.59304888415245}}, {"type": "Feature", "geometry": {"type": "Point", "coordinates": [158.398402, 51.268322, -32174.232175]}, "properties": {"time": 92.65968215237221}}, {"type": "Feature", "geometry": {"type": "Point", "coordinates": [158.364291, 51.393419, -36787.77986]}, "properties": {"time": 88.07067121539481}}, {"type": "Feature", "geometry": {"type": "Point", "coordinates": [158.210189, 51.312699, -37628.665582]}, "properties": {"time": 94.99063115131915}}, {"type": "Feature", "geometry": {"type": "Point", "coordinates": [157.159912, 50.188272, -28419.161586]}, "properties": {"time": 167.01587522079137}}, {"type": "Feature", "geometry": {"type": "Point", "coordinates": [157.123664, 50.310474, -32488.65125]}, "properties": {"time": 162.32927305902845}}, {"type": "Feature", "geometry": {"type": "Point", "coordinates": [156.975828, 50.228878, -33679.879395]}, "properties": {"time": 169.13533148294147}}, {"type": "Feature", "geometry": {"type": "Point", "coordinates": [157.564667, 50.548396, -29012.290908]}, "properties": {"time": 142.34282088715213}}, {"type": "Feature", "geometry": {"type": "Point", "coordinates": [157.529947, 50.671405, -33094.338145]}, "properties": {"time": 137.64533418071215}}, {"type": "Feature", "geometry": {"type": "Point", "coordinates": [157.978582, 50.906143, -30178.309067]}, "properties": {"time": 117.63266372813287}}, {"type": "Feature", "geometry": {"type": "Point", "coordinates": [157.944985, 51.029396, -34428.287423]}, "properties": {"time": 112.97475892742212}}, {"type": "Feature", "geometry": {"type": "Point", "coordinates": [157.379454, 50.589929, -34328.072845]}, "properties": {"time": 144.5044567800627}}, {"type": "Feature", "geometry": {"type": "Point", "coordinates": [157.337389, 50.713157, -39286.309161]}, "properties": {"time": 140.2100844546264}}, {"type": "Feature", "geometry": {"type": "Point", "coordinates": [161.50691, 52.698263, -11761.040008]}, "properties": {"time": 43.715418397612375}}, {"type": "Feature", "geometry": {"type": "Point", "coordinates": [157.494614, 50.795448, -37759.182837]}, "properties": {"time": 133.12276427693348}}, {"type": "Feature", "geometry": {"type": "Point", "coordinates": [157.192196, 50.631783, -40651.809367]}, "properties": {"time": 146.98548373880567}}, {"type": "Feature", "geometry": {"type": "Point", "coordinates": [158.771828, 51.888119, -42664.358463]}, "properties": {"time": 58.79935803012048}}, {"type": "Feature", "geometry": {"type": "Point", "coordinates": [158.935361, 51.969246, -40374.427596]}, "properties": {"time": 51.5399954575984}}, {"type": "Feature", "geometry": {"type": "Point", "coordinates": [159.045363, 50.760156, -14271.553091]}, "properties": {"time": 106.18290362922015}}, {"type": "Feature", "geometry": {"type": "Point", "coordinates": [158.894072, 50.683332, -14694.643455]}, "properties": {"time": 112.21700698467244}}, {"type": "Feature", "geometry": {"type": "Point", "coordinates": [156.938249, 50.351533, -38466.730671]}, "properties": {"time": 164.6628678456505}}, {"type": "Feature", "geometry": {"type": "Point", "coordinates": [156.791542, 50.272775, -39845.073897]}, "properties": {"time": 171.36905325117058}}, {"type": "Feature", "geometry": {"type": "Point", "coordinates": [161.497307, 52.791159, -12409.74408]}, "properties": {"time": 44.38416666928794}}, {"type": "Feature", "geometry": {"type": "Point", "coordinates": [161.625366, 52.750182, -11356.590746]}, "properties": {"time": 48.20004336722513}}, {"type": "Feature", "geometry": {"type": "Point", "coordinates": [155.995831, 49.665021, -41491.903268]}, "properties": {"time": 215.49872273945027}}, {"type": "Feature", "geometry": {"type": "Point", "coordinates": [156.134077, 49.747747, -40231.878936]}, "properties": {"time": 208.79560846273716}}, {"type": "Feature", "geometry": {"type": "Point", "coordinates": [155.579028, 49.417056, -45268.355847]}, "properties": {"time": 235.68050206206118}}, {"type": "Feature", "geometry": {"type": "Point", "coordinates": [156.8473, 49.031885, -12943.392434]}, "properties": {"time": 227.66767253400482}}, {"type": "Feature", "geometry": {"type": "Point", "coordinates": [156.563842, 49.425762, -21516.657453]}, "properties": {"time": 214.15337273623072}}, {"type": "Feature", "geometry": {"type": "Point", "coordinates": [158.176474, 51.436769, -42711.59349]}, "properties": {"time": 90.83554130983539}}, {"type": "Feature", "geometry": {"type": "Point", "coordinates": [158.028026, 51.354799, -43418.940252]}, "properties": {"time": 97.6909901653192}}, {"type": "Feature", "geometry": {"type": "Point", "coordinates": [156.322515, 49.708363, -33683.072643]}, "properties": {"time": 206.3168188516447}}, {"type": "Feature", "geometry": {"type": "Point", "coordinates": [156.284801, 49.831538, -38740.170832]}, "properties": {"time": 201.77176493478035}}, {"type": "Feature", "geometry": {"type": "Point", "coordinates": [157.299929, 50.837636, -44668.762156]}, "properties": {"time": 136.00400723293345}}, {"type": "Feature", "geometry": {"type": "Point", "coordinates": [157.460814, 50.920372, -42918.991223]}, "properties": {"time": 128.7722066257056}}, {"type": "Feature", "geometry": {"type": "Point", "coordinates": [161.409411, 52.546561, -11444.620585]}, "properties": {"time": 39.49494939027907}}, {"type": "Feature", "geometry": {"type": "Point", "coordinates": [161.290889, 52.491682, -11845.718215]}, "properties": {"time": 35.33421945190256}}, {"type": "Feature", "geometry": {"type": "Point", "coordinates": [156.706332, 48.950977, -13139.699902]}, "properties": {"time": 234.1154176388499}}, {"type": "Feature", "geometry": {"type": "Point", "coordinates": [160.366905, 52.094294, -15803.112895]}, "properties": {"time": 21.461389671465696}}, {"type": "Feature", "geometry": {"type": "Point", "coordinates": [160.390082, 51.970652, -14437.92331]}, "properties": {"time": 28.403959438456756}}, {"type": "Feature", "geometry": {"type": "Point", "coordinates": [160.229324, 51.890104, -14988.253271]}, "properties": {"time": 33.39773221255962}}, {"type": "Feature", "geometry": {"type": "Point", "coordinates": [160.53089, 52.046822, -14020.526835]}, "properties": {"time": 26.319912933680243}}, {"type": "Feature", "geometry": {"type": "Point", "coordinates": [160.418633, 51.841386, -13142.053289]}, "properties": {"time": 35.676091675136675}}, {"type": "Feature", "geometry": {"type": "Point", "coordinates": [160.25727, 51.762272, -13614.997491]}, "properties": {"time": 40.4373606276398}}, {"type": "Feature", "geometry": {"type": "Point", "coordinates": [156.0105, 49.107089, -23598.76864]}, "properties": {"time": 240.0814347036566}}, {"type": "Feature", "geometry": {"type": "Point", "coordinates": [155.874361, 49.026715, -24016.869524]}, "properties": {"time": 246.5796353379987}}, {"type": "Feature", "geometry": {"type": "Point", "coordinates": [156.044077, 48.988042, -20379.352944]}, "properties": {"time": 244.91888258961563}}, {"type": "Feature", "geometry": {"type": "Point", "coordinates": [155.70442, 49.064004, -28513.030033]}, "properties": {"time": 248.437837405608}}, {"type": "Feature", "geometry": {"type": "Point", "coordinates": [157.734763, 49.945173, -15972.403067]}, "properties": {"time": 167.5423058941165}}, {"type": "Feature", "geometry": {"type": "Point", "coordinates": [157.764118, 49.827146, -14418.107858]}, "properties": {"time": 172.84563956843357}}, {"type": "Feature", "geometry": {"type": "Point", "coordinates": [157.905044, 49.903615, -14135.202657]}, "properties": {"time": 166.7257220954483}}, {"type": "Feature", "geometry": {"type": "Point", "coordinates": [157.625575, 49.750208, -14679.807086]}, "properties": {"time": 178.97582446532311}}, {"type": "Feature", "geometry": {"type": "Point", "coordinates": [157.796245, 49.711072, -13044.430031]}, "properties": {"time": 178.08323109900863}}, {"type": "Feature", "geometry": {"type": "Point", "coordinates": [156.746861, 50.400481, -45625.527464]}, "properties": {"time": 167.10070430681384}}, {"type": "Feature", "geometry": {"type": "Point", "coordinates": [156.093666, 49.871057, -46002.793587]}, "properties": {"time": 204.4964247149526}}, {"type": "Feature", "geometry": {"type": "Point", "coordinates": [156.246342, 49.955289, -44258.839312]}, "properties": {"time": 197.3803171764764}}, {"type": "Feature", "geometry": {"type": "Point", "coordinates": [156.432785, 49.914511, -37449.90983]}, "properties": {"time": 194.85675382850906}}, {"type": "Feature", "geometry": {"type": "Point", "coordinates": [156.395335, 50.038568, -42787.994393]}, "properties": {"time": 190.4057709100296}}, {"type": "Feature", "geometry": {"type": "Point", "coordinates": [157.334902, 49.58618, -15183.719598]}, "properties": {"time": 192.04006755418635}}, {"type": "Feature", "geometry": {"type": "Point", "coordinates": [156.602682, 50.310361, -46602.644342]}, "properties": {"time": 174.23506454299712}}, {"type": "Feature", "geometry": {"type": "Point", "coordinates": [159.436589, 51.367474, -17186.66289]}, "properties": {"time": 69.43652515019718}}, {"type": "Feature", "geometry": {"type": "Point", "coordinates": [159.464933, 51.242037, -15504.883642]}, "properties": {"time": 75.63861278677012}}, {"type": "Feature", "geometry": {"type": "Point", "coordinates": [159.624295, 51.320145, -14817.303336]}, "properties": {"time": 69.6479371063548}}, {"type": "Feature", "geometry": {"type": "Point", "coordinates": [159.652476, 51.194876, -13489.107582]}, "properties": {"time": 76.06520121246318}}, {"type": "Feature", "geometry": {"type": "Point", "coordinates": [159.493673, 51.117, -14066.466381]}, "properties": {"time": 81.91947645417868}}, {"type": "Feature", "geometry": {"type": "Point", "coordinates": [158.739322, 52.016254, -47866.504312]}, "properties": {"time": 56.40664334495667}}, {"type": "Feature", "geometry": {"type": "Point", "coordinates": [158.903725, 52.097669, -45331.560901]}, "properties": {"time": 49.14587307951633}}, {"type": "Feature", "geometry": {"type": "Point", "coordinates": [159.099467, 52.050115, -37939.01239]}, "properties": {"time": 44.268240073552846}}, {"type": "Feature", "geometry": {"type": "Point", "coordinates": [159.066718, 52.175425, -42599.449978]}, "properties": {"time": 42.02240112036743}}, {"type": "Feature", "geometry": {"type": "Point", "coordinates": [161.640021, 52.667681, -10808.040545]}, "properties": {"time": 47.97647509316316}}, {"type": "Feature", "geometry": {"type": "Point", "coordinates": [161.74711, 52.717995, -10500.312562]}, "properties": {"time": 51.990808485723505}}, {"type": "Feature", "geometry": {"type": "Point", "coordinates": [161.737206, 52.795683, -10969.814111]}, "properties": {"time": 52.423455638662816}}, {"type": "Feature", "geometry": {"type": "Point", "coordinates": [156.529882, 48.991506, -14984.638391]}, "properties": {"time": 235.3734545045062}}, {"type": "Feature", "geometry": {"type": "Point", "coordinates": [156.564804, 48.870419, -13320.531718]}, "properties": {"time": 240.57545347517902}}, {"type": "Feature", "geometry": {"type": "Point", "coordinates": [156.389539, 48.910861, -15189.063698]}, "properties": {"time": 241.86081725039116}}, {"type": "Feature", "geometry": {"type": "Point", "coordinates": [156.423436, 48.789814, -13463.84165]}, "properties": {"time": 247.05307909462886}}, {"type": "Feature", "geometry": {"type": "Point", "coordinates": [156.249601, 48.830164, -15359.122373]}, "properties": {"time": 248.35908442924458}}, {"type": "Feature", "geometry": {"type": "Point", "coordinates": [155.440797, 49.332688, -46218.752474]}, "properties": {"time": 242.47498718980154}}, {"type": "Feature", "geometry": {"type": "Point", "coordinates": [155.483614, 49.216057, -39877.175073]}, "properties": {"time": 246.514106060292}}, {"type": "Feature", "geometry": {"type": "Point", "coordinates": [155.310342, 49.249708, -46819.482178]}, "properties": {"time": 249.03126287495314}}, {"type": "Feature", "geometry": {"type": "Point", "coordinates": [156.83555, 50.151262, -34770.007505]}, "properties": {"time": 175.61353914369062}}, {"type": "Feature", "geometry": {"type": "Point", "coordinates": [159.073034, 50.638066, -12973.94817]}, "properties": {"time": 112.18734642398522}}, {"type": "Feature", "geometry": {"type": "Point", "coordinates": [158.922953, 50.563047, -13340.354979]}, "properties": {"time": 118.03657569329917}}, {"type": "Feature", "geometry": {"type": "Point", "coordinates": [158.745513, 50.606739, -15085.48752]}, "properties": {"time": 118.26733654851982}}, {"type": "Feature", "geometry": {"type": "Point", "coordinates": [158.775067, 50.487814, -13681.779132]}, "properties": {"time": 123.93616643115116}}, {"type": "Feature", "geometry": {"type": "Point", "coordinates": [158.331664, 51.519413, -41849.362232]}, "properties": {"time": 83.78692424770311}}, {"type": "Feature", "geometry": {"type": "Point", "coordinates": [158.143359, 51.56428, -48240.438206]}, "properties": {"time": 86.9804690039977}}, {"type": "Feature", "geometry": {"type": "Point", "coordinates": [159.808828, 51.272442, -12939.367377]}, "properties": {"time": 70.40961398279889}}, {"type": "Feature", "geometry": {"type": "Point", "coordinates": [159.783858, 51.397932, -14154.212274]}, "properties": {"time": 63.82887571105208}}, {"type": "Feature", "geometry": {"type": "Point", "coordinates": [155.720406, 49.500051, -44017.848139]}, "properties": {"time": 228.87927631480045}}, {"type": "Feature", "geometry": {"type": "Point", "coordinates": [158.298697, 51.646632, -47294.973692]}, "properties": {"time": 79.94421192713767}}, {"type": "Feature", "geometry": {"type": "Point", "coordinates": [158.577467, 51.934814, -50015.42434]}, "properties": {"time": 63.57003407641555}}, {"type": "Feature", "geometry": {"type": "Point", "coordinates": [156.897196, 50.483466, -44147.411964]}, "properties": {"time": 160.10025490179947}}, {"type": "Feature", "geometry": {"type": "Point", "coordinates": [161.138806, 52.521395, -13057.787027]}, "properties": {"time": 30.127799108054614}}, {"type": "Feature", "geometry": {"type": "Point", "coordinates": [161.188769, 52.425671, -12093.89021]}, "properties": {"time": 31.91421918709299}}, {"type": "Feature", "geometry": {"type": "Point", "coordinates": [158.103734, 51.694962, -54283.499736]}, "properties": {"time": 84.4860898821367}}, {"type": "Feature", "geometry": {"type": "Point", "coordinates": [157.658205, 49.63347, -13237.521972]}, "properties": {"time": 184.19776499081559}}, {"type": "Feature", "geometry": {"type": "Point", "coordinates": [157.827854, 49.598013, -11852.298819]}, "properties": {"time": 183.24278353815896}}, {"type": "Feature", "geometry": {"type": "Point", "coordinates": [157.960528, 49.672198, -11695.618459]}, "properties": {"time": 177.44874650240018}}, {"type": "Feature", "geometry": {"type": "Point", "coordinates": [155.547672, 49.532762, -51341.929205]}, "properties": {"time": 231.5466101670915}}, {"type": "Feature", "geometry": {"type": "Point", "coordinates": [158.595945, 50.531577, -15482.509962]}, "properties": {"time": 124.3216695819059}}, {"type": "Feature", "geometry": {"type": "Point", "coordinates": [158.628173, 50.412568, -14001.751752]}, "properties": {"time": 129.8855213222555}}, {"type": "Feature", "geometry": {"type": "Point", "coordinates": [156.574704, 49.993766, -36328.869067]}, "properties": {"time": 188.24799042451872}}, {"type": "Feature", "geometry": {"type": "Point", "coordinates": [159.221212, 50.718875, -12665.062581]}, "properties": {"time": 106.1401827474268}}, {"type": "Feature", "geometry": {"type": "Point", "coordinates": [159.147213, 51.085631, -16887.016703]}, "properties": {"time": 87.98086733519958}}, {"type": "Feature", "geometry": {"type": "Point", "coordinates": [155.351911, 49.139159, -40642.946705]}, "properties": {"time": 252.83310121579672}}, {"type": "Feature", "geometry": {"type": "Point", "coordinates": [160.066151, 51.811163, -15628.431513]}, "properties": {"time": 38.825226624028424}}, {"type": "Feature", "geometry": {"type": "Point", "coordinates": [160.090794, 51.684936, -14199.579551]}, "properties": {"time": 45.618709877043116}}, {"type": "Feature", "geometry": {"type": "Point", "coordinates": [155.675033, 49.628154, -50877.313834]}, "properties": {"time": 224.56208176773364}}, {"type": "Feature", "geometry": {"type": "Point", "coordinates": [158.675614, 51.552421, -34545.974633]}, "properties": {"time": 74.28131196743315}}, {"type": "Feature", "geometry": {"type": "Point", "coordinates": [161.435759, 52.45365, -10773.656742]}, "properties": {"time": 40.30466882455246}}, {"type": "Feature", "geometry": {"type": "Point", "coordinates": [159.26623, 52.134861, -35580.679664]}, "properties": {"time": 36.805464110672816}}, {"type": "Feature", "geometry": {"type": "Point", "coordinates": [159.23511, 52.259761, -39955.16579]}, "properties": {"time": 34.58316225072618}}, {"type": "Feature", "geometry": {"type": "Point", "coordinates": [158.096761, 51.108789, -33623.560987]}, "properties": {"time": 106.18634939196644}}, {"type": "Feature", "geometry": {"type": "Point", "coordinates": [157.909586, 51.153183, -39240.582777]}, "properties": {"time": 108.59534227382346}}, {"type": "Feature", "geometry": {"type": "Point", "coordinates": [157.758366, 51.073327, -40244.373264]}, "properties": {"time": 115.43866413068379}}, {"type": "Feature", "geometry": {"type": "Point", "coordinates": [157.719897, 51.196979, -45690.74611]}, "properties": {"time": 111.48975962513451}}, {"type": "Feature", "geometry": {"type": "Point", "coordinates": [157.568247, 51.117116, -47008.704768]}, "properties": {"time": 118.3820728728476}}, {"type": "Feature", "geometry": {"type": "Point", "coordinates": [155.741956, 48.951601, -24476.227039]}, "properties": {"time": 252.7706797679149}}, {"type": "Feature", "geometry": {"type": "Point", "coordinates": [157.416353, 50.467883, -30077.09968]}, "properties": {"time": 149.07251642869872}}, {"type": "Feature", "geometry": {"type": "Point", "coordinates": [157.648475, 50.874864, -36419.528254]}, "properties": {"time": 126.2473081444651}}, {"type": "Feature", "geometry": {"type": "Point", "coordinates": [156.608176, 49.872332, -31756.44941]}, "properties": {"time": 192.8602460042387}}, {"type": "Feature", "geometry": {"type": "Point", "coordinates": [155.188922, 49.175456, -47414.134044]}, "properties": {"time": 255.0130410282623}}, {"type": "Feature", "geometry": {"type": "Point", "coordinates": [158.939889, 50.447868, -12260.333269]}, "properties": {"time": 123.81505333141769}}, {"type": "Feature", "geometry": {"type": "Point", "coordinates": [159.257603, 50.614921, -11653.270379]}, "properties": {"time": 111.20630404015563}}, {"type": "Feature", "geometry": {"type": "Point", "coordinates": [158.882011, 52.220701, -49866.815314]}, "properties": {"time": 47.226174562424134}}, {"type": "Feature", "geometry": {"type": "Point", "coordinates": [158.52103, 52.054229, -55855.550117]}, "properties": {"time": 62.689339799456405}}, {"type": "Feature", "geometry": {"type": "Point", "coordinates": [156.884489, 48.910513, -11613.583023]}, "properties": {"time": 232.9707233143058}}, {"type": "Feature", "geometry": {"type": "Point", "coordinates": [156.584548, 48.747313, -11985.25708]}, "properties": {"time": 246.2091465530893}}, {"type": "Feature", "geometry": {"type": "Point", "coordinates": [156.444015, 48.676501, -12167.506869]}, "properties": {"time": 252.17171272462176}}, {"type": "Feature", "geometry": {"type": "Point", "coordinates": [161.540869, 52.52446, -10576.594912]}, "properties": {"time": 43.943550783138676}}, {"type": "Feature", "geometry": {"type": "Point", "coordinates": [159.963063, 51.352947, -12454.393378]}, "properties": {"time": 64.80350884781353}}, {"type": "Feature", "geometry": {"type": "Point", "coordinates": [159.944754, 51.476293, -13538.626783]}, "properties": {"time": 58.155751150623885}}, {"type": "Feature", "geometry": {"type": "Point", "coordinates": [157.528418, 51.241667, -53026.753978]}, "properties": {"time": 114.87054323729834}}, {"type": "Feature", "geometry": {"type": "Point", "coordinates": [156.061161, 49.996082, -51894.121771]}, "properties": {"time": 200.1325447505933}}, {"type": "Feature", "geometry": {"type": "Point", "coordinates": [158.269307, 51.769867, -52687.057715]}, "properties": {"time": 77.42156994293077}}, {"type": "Feature", "geometry": {"type": "Point", "coordinates": [156.526003, 50.119284, -41899.670467]}, "properties": {"time": 183.9774140218517}}, {"type": "Feature", "geometry": {"type": "Point", "coordinates": [156.350245, 50.161724, -48710.323083]}, "properties": {"time": 186.37521973413823}}, {"type": "Feature", "geometry": {"type": "Point", "coordinates": [157.261843, 50.958038, -50345.647626]}, "properties": {"time": 132.26071802858937}}, {"type": "Feature", "geometry": {"type": "Point", "coordinates": [157.089861, 50.877351, -52825.665213]}, "properties": {"time": 139.79172265727092}}, {"type": "Feature", "geometry": {"type": "Point", "coordinates": [157.028343, 48.993125, -11439.752922]}, "properties": {"time": 226.44029410601888}}, {"type": "Feature", "geometry": {"type": "Point", "coordinates": [159.659855, 51.065996, -12442.897195]}, "properties": {"time": 82.93715471062046}}, {"type": "Feature", "geometry": {"type": "Point", "coordinates": [159.513514, 50.99068, -12869.400512]}, "properties": {"time": 88.43405207897688}}, {"type": "Feature", "geometry": {"type": "Point", "coordinates": [155.142253, 49.276421, -53771.597061]}, "properties": {"time": 251.8765395326896}}, {"type": "Feature", "geometry": {"type": "Point", "coordinates": [155.57427, 48.985259, -28933.726287]}, "properties": {"time": 254.77084646774105}}, {"type": "Feature", "geometry": {"type": "Point", "coordinates": [160.275764, 51.639607, -12508.439268]}, "properties": {"time": 47.23443464709631}}, {"type": "Feature", "geometry": {"type": "Point", "coordinates": [157.693548, 51.317684, -51038.073663]}, "properties": {"time": 107.70546785214121}}, {"type": "Feature", "geometry": {"type": "Point", "coordinates": [156.545147, 50.450152, -53814.959209]}, "properties": {"time": 170.10417416778793}}, {"type": "Feature", "geometry": {"type": "Point", "coordinates": [157.992535, 49.560177, -10672.490175]}, "properties": {"time": 182.6461711147233}}, {"type": "Feature", "geometry": {"type": "Point", "coordinates": [155.034632, 49.20432, -54017.443119]}, "properties": {"time": 257.4465894422214}}, {"type": "Feature", "geometry": {"type": "Point", "coordinates": [157.37953, 51.163668, -54645.840856]}, "properties": {"time": 121.6438922839821}}, {"type": "Feature", "geometry": {"type": "Point", "coordinates": [161.867523, 52.756348, -10075.537386]}, "properties": {"time": 56.37289539835385}}, {"type": "Feature", "geometry": {"type": "Point", "coordinates": [161.864171, 52.84389, -10526.222681]}, "properties": {"time": 57.197353914053316}}, {"type": "Feature", "geometry": {"type": "Point", "coordinates": [161.746143, 52.86808, -11319.713958]}, "properties": {"time": 53.61635828915553}}, {"type": "Feature", "geometry": {"type": "Point", "coordinates": [161.827347, 52.921027, -11134.64053]}, "properties": {"time": 57.04192064856128}}, {"type": "Feature", "geometry": {"type": "Point", "coordinates": [161.849667, 52.679979, -9798.882014]}, "properties": {"time": 55.15605534994204}}, {"type": "Feature", "geometry": {"type": "Point", "coordinates": [160.209658, 53.48826, -46109.978941]}, "properties": {"time": 52.496390307788374}}, {"type": "Feature", "geometry": {"type": "Point", "coordinates": [160.306774, 53.386107, -40569.06435]}, "properties": {"time": 46.235577106930684}}, {"type": "Feature", "geometry": {"type": "Point", "coordinates": [160.216224, 53.274466, -40097.028064]}, "properties": {"time": 40.03970996173979}}, {"type": "Feature", "geometry": {"type": "Point", "coordinates": [160.424529, 53.287995, -34935.506455]}, "properties": {"time": 40.4857180026104}}, {"type": "Feature", "geometry": {"type": "Point", "coordinates": [160.341526, 53.173959, -34237.727693]}, "properties": {"time": 33.86521918817485}}, {"type": "Feature", "geometry": {"type": "Point", "coordinates": [160.545187, 53.18786, -29734.449476]}, "properties": {"time": 35.232486449481435}}, {"type": "Feature", "geometry": {"type": "Point", "coordinates": [160.465687, 53.07539, -29067.341836]}, "properties": {"time": 28.452126190436662}}, {"type": "Feature", "geometry": {"type": "Point", "coordinates": [160.261202, 53.059944, -33475.98688]}, "properties": {"time": 27.358633759394344}}, {"type": "Feature", "geometry": {"type": "Point", "coordinates": [160.66735, 53.090496, -25262.927016]}, "properties": {"time": 31.830384862235963}}, {"type": "Feature", "geometry": {"type": "Point", "coordinates": [160.389301, 52.962648, -28336.793145]}, "properties": {"time": 21.69306674044362}}, {"type": "Feature", "geometry": {"type": "Point", "coordinates": [160.184138, 52.945585, -32641.725298]}, "properties": {"time": 20.997170127603262}}, {"type": "Feature", "geometry": {"type": "Point", "coordinates": [160.056614, 53.044288, -38375.875517]}, "properties": {"time": 27.85495733859647}}, {"type": "Feature", "geometry": {"type": "Point", "coordinates": [159.971601, 52.938027, -37896.782319]}, "properties": {"time": 22.93930528493075}}, {"type": "Feature", "geometry": {"type": "Point", "coordinates": [160.104932, 52.831265, -31875.820655]}, "properties": {"time": 15.086831533753147}}, {"type": "Feature", "geometry": {"type": "Point", "coordinates": [159.890933, 52.820516, -37005.042643]}, "properties": {"time": 18.39100382758596}}, {"type": "Feature", "geometry": {"type": "Point", "coordinates": [160.742359, 53.198963, -25830.149593]}, "properties": {"time": 38.34831705101734}}, {"type": "Feature", "geometry": {"type": "Point", "coordinates": [160.861934, 53.103745, -22100.232913]}, "properties": {"time": 35.9011912497111}}, {"type": "Feature", "geometry": {"type": "Point", "coordinates": [160.919282, 53.203438, -22701.435753]}, "properties": {"time": 41.61985855549648}}, {"type": "Feature", "geometry": {"type": "Point", "coordinates": [161.042621, 53.111976, -19564.640662]}, "properties": {"time": 39.961576802618225}}, {"type": "Feature", "geometry": {"type": "Point", "coordinates": [160.014366, 52.716503, -31368.029933]}, "properties": {"time": 10.759578531617434}}, {"type": "Feature", "geometry": {"type": "Point", "coordinates": [159.814976, 52.697286, -35832.037085]}, "properties": {"time": 14.344683551206174}}, {"type": "Feature", "geometry": {"type": "Point", "coordinates": [160.233694, 52.721585, -26689.162676]}, "properties": {"time": 7.309578644558564}}, {"type": "Feature", "geometry": {"type": "Point", "coordinates": [159.691198, 52.795234, -41815.336736]}, "properties": {"time": 21.79684155187706}}, {"type": "Feature", "geometry": {"type": "Point", "coordinates": [159.61382, 52.676575, -40727.154967]}, "properties": {"time": 20.64860350014067}}, {"type": "Feature", "geometry": {"type": "Point", "coordinates": [159.739995, 52.577052, -34693.28711]}, "properties": {"time": 13.91614310423055}}, {"type": "Feature", "geometry": {"type": "Point", "coordinates": [159.534419, 52.557674, -39682.789324]}, "properties": {"time": 21.262229161437574}}, {"type": "Feature", "geometry": {"type": "Point", "coordinates": [159.661187, 52.457788, -33665.373163]}, "properties": {"time": 16.09779016057392}}, {"type": "Feature", "geometry": {"type": "Point", "coordinates": [159.454951, 52.441674, -38718.530386]}, "properties": {"time": 23.566249918328083}}, {"type": "Feature", "geometry": {"type": "Point", "coordinates": [159.333943, 52.537124, -44951.157951]}, "properties": {"time": 28.5157179623076}}, {"type": "Feature", "geometry": {"type": "Point", "coordinates": [159.988384, 53.258254, -46142.940713]}, "properties": {"time": 40.72093292190133}}, {"type": "Feature", "geometry": {"type": "Point", "coordinates": [160.965363, 53.017241, -19393.72]}, "properties": {"time": 34.221743817365436}}, {"type": "Feature", "geometry": {"type": "Point", "coordinates": [161.155201, 53.03123, -17272.182999]}, "properties": {"time": 39.17356968455869}}, {"type": "Feature", "geometry": {"type": "Point", "coordinates": [159.5881, 52.328542, -32241.828336]}, "properties": {"time": 21.38277979440954}}, {"type": "Feature", "geometry": {"type": "Point", "coordinates": [159.246618, 52.422563, -44292.941992]}, "properties": {"time": 31.210131039087667}}, {"type": "Feature", "geometry": {"type": "Point", "coordinates": [162.103467, 52.851207, -9368.864439]}, "properties": {"time": 65.19855873134588}}, {"type": "Feature", "geometry": {"type": "Point", "coordinates": [155.611697, 48.872727, -24782.1642]}, "properties": {"time": 259.0965433159914}}, {"type": "Feature", "geometry": {"type": "Point", "coordinates": [157.695616, 49.523455, -11996.004977]}, "properties": {"time": 189.07573524406325}}, {"type": "Feature", "geometry": {"type": "Point", "coordinates": [158.112762, 49.6233, -10522.488766]}, "properties": {"time": 177.66289901746444}}, {"type": "Feature", "geometry": {"type": "Point", "coordinates": [158.105791, 49.741681, -11425.221937]}, "properties": {"time": 171.72894245434424}}, {"type": "Feature", "geometry": {"type": "Point", "coordinates": [158.260668, 49.820097, -11178.25093]}, "properties": {"time": 165.4583981527755}}, {"type": "Feature", "geometry": {"type": "Point", "coordinates": [161.524969, 52.61059, -11135.98571]}, "properties": {"time": 43.71050004471573}}, {"type": "Feature", "geometry": {"type": "Point", "coordinates": [161.651318, 52.591354, -10344.243044]}, "properties": {"time": 47.92165839888634}}, {"type": "Feature", "geometry": {"type": "Point", "coordinates": [159.114266, 52.519826, -51310.957599]}, "properties": {"time": 36.58852518388308}}, {"type": "Feature", "geometry": {"type": "Point", "coordinates": [161.486037, 52.351524, -9996.966374]}, "properties": {"time": 42.54384344334397}}, {"type": "Feature", "geometry": {"type": "Point", "coordinates": [161.339375, 52.354102, -10781.583026]}, "properties": {"time": 37.54611250338014}}, {"type": "Feature", "geometry": {"type": "Point", "coordinates": [161.220909, 52.276378, -11036.924804]}, "properties": {"time": 34.403603282174124}}, {"type": "Feature", "geometry": {"type": "Point", "coordinates": [161.28686, 52.173267, -10156.606699]}, "properties": {"time": 39.286993100662336}}, {"type": "Feature", "geometry": {"type": "Point", "coordinates": [161.101077, 52.194884, -11282.512184]}, "properties": {"time": 33.1936300523876}}, {"type": "Feature", "geometry": {"type": "Point", "coordinates": [160.974964, 52.107945, -11522.23297]}, "properties": {"time": 32.94420750813086}}, {"type": "Feature", "geometry": {"type": "Point", "coordinates": [160.916318, 52.22246, -12603.34923]}, "properties": {"time": 27.16456821459784}}, {"type": "Feature", "geometry": {"type": "Point", "coordinates": [160.799119, 52.117743, -12677.89326]}, "properties": {"time": 28.086150411531193}}, {"type": "Feature", "geometry": {"type": "Point", "coordinates": [160.863983, 52.021633, -11652.055591]}, "properties": {"time": 33.767679050835824}}, {"type": "Feature", "geometry": {"type": "Point", "coordinates": [160.703616, 52.234162, -14222.33969]}, "properties": {"time": 20.907837413378147}}, {"type": "Feature", "geometry": {"type": "Point", "coordinates": [161.05128, 52.295316, -12180.180647]}, "properties": {"time": 28.505730544378743}}, {"type": "Feature", "geometry": {"type": "Point", "coordinates": [157.298142, 49.151855, -11162.08852]}, "properties": {"time": 214.06715883995355}}, {"type": "Feature", "geometry": {"type": "Point", "coordinates": [159.896232, 52.463452, -28348.329897]}, "properties": {"time": 7.709569700023377}}, {"type": "Feature", "geometry": {"type": "Point", "coordinates": [159.03671, 52.398427, -50221.696903]}, "properties": {"time": 39.008516412733506}}, {"type": "Feature", "geometry": {"type": "Point", "coordinates": [159.796916, 53.167262, -49258.321811]}, "properties": {"time": 38.04636198626719}}, {"type": "Feature", "geometry": {"type": "Point", "coordinates": [157.48151, 49.668822, -14931.350417]}, "properties": {"time": 185.44305269319509}}, {"type": "Feature", "geometry": {"type": "Point", "coordinates": [157.861102, 49.48583, -10791.032085]}, "properties": {"time": 188.39286846959612}}, {"type": "Feature", "geometry": {"type": "Point", "coordinates": [157.726554, 49.406048, -10875.365955]}, "properties": {"time": 194.48791723560234}}, {"type": "Feature", "geometry": {"type": "Point", "coordinates": [160.160435, 51.425871, -11699.126816]}, "properties": {"time": 59.625672117029765}}, {"type": "Feature", "geometry": {"type": "Point", "coordinates": [158.447653, 50.456365, -15847.726994]}, "properties": {"time": 130.41331467199296}}, {"type": "Feature", "geometry": {"type": "Point", "coordinates": [158.482614, 50.337226, -14296.659837]}, "properties": {"time": 135.87501466862346}}, {"type": "Feature", "geometry": {"type": "Point", "coordinates": [158.656477, 50.294994, -12736.212666]}, "properties": {"time": 135.50782172772276}}, {"type": "Feature", "geometry": {"type": "Point", "coordinates": [158.513107, 50.21957, -12976.605753]}, "properties": {"time": 141.41018727457853}}, {"type": "Feature", "geometry": {"type": "Point", "coordinates": [158.33976, 50.261472, -14561.717345]}, "properties": {"time": 141.88769935140348}}, {"type": "Feature", "geometry": {"type": "Point", "coordinates": [158.370314, 50.144047, -13209.666227]}, "properties": {"time": 147.35505023438625}}, {"type": "Feature", "geometry": {"type": "Point", "coordinates": [158.193756, 50.185689, -14860.439718]}, "properties": {"time": 147.99484556387478}}, {"type": "Feature", "geometry": {"type": "Point", "coordinates": [158.225498, 50.068278, -13465.225717]}, "properties": {"time": 153.387526595771}}, {"type": "Feature", "geometry": {"type": "Point", "coordinates": [158.384567, 50.020993, -12056.937037]}, "properties": {"time": 153.41278831054268}}, {"type": "Feature", "geometry": {"type": "Point", "coordinates": [158.694847, 50.160529, -11424.132893]}, "properties": {"time": 141.9298964881077}}, {"type": "Feature", "geometry": {"type": "Point", "coordinates": [158.244852, 49.944893, -12251.745777]}, "properties": {"time": 159.33677158132298}}, {"type": "Feature", "geometry": {"type": "Point", "coordinates": [158.080388, 49.989979, -13718.396562]}, "properties": {"time": 159.59377027847492}}, {"type": "Feature", "geometry": {"type": "Point", "coordinates": [158.162134, 50.303257, -16447.367587]}, "properties": {"time": 142.67725399537025}}, {"type": "Feature", "geometry": {"type": "Point", "coordinates": [161.007095, 52.456942, -13569.07293]}, "properties": {"time": 25.55965433637216}}, {"type": "Feature", "geometry": {"type": "Point", "coordinates": [160.515663, 52.168563, -15202.435752]}, "properties": {"time": 19.96343027584429}}, {"type": "Feature", "geometry": {"type": "Point", "coordinates": [158.064776, 51.834052, -60731.424001]}, "properties": {"time": 82.373702446086}}, {"type": "Feature", "geometry": {"type": "Point", "coordinates": [158.561823, 50.652321, -17227.088455]}, "properties": {"time": 118.79496938347363}}, {"type": "Feature", "geometry": {"type": "Point", "coordinates": [158.366554, 51.956165, -56905.691854]}, "properties": {"time": 69.87555802118864}}, {"type": "Feature", "geometry": {"type": "Point", "coordinates": [154.963097, 49.304148, -61492.607235]}, "properties": {"time": 255.22760949903343}}, {"type": "Feature", "geometry": {"type": "Point", "coordinates": [157.514347, 49.552297, -13426.918174]}, "properties": {"time": 190.61250092157584}}, {"type": "Feature", "geometry": {"type": "Point", "coordinates": [161.561315, 53.102748, -14076.935368]}, "properties": {"time": 52.65432060986884}}, {"type": "Feature", "geometry": {"type": "Point", "coordinates": [161.53724, 52.997662, -13524.697953]}, "properties": {"time": 49.1479305966784}}, {"type": "Feature", "geometry": {"type": "Point", "coordinates": [161.358842, 53.047897, -15388.919527]}, "properties": {"time": 45.22701885171668}}, {"type": "Feature", "geometry": {"type": "Point", "coordinates": [161.373885, 52.941665, -14394.38894]}, "properties": {"time": 42.83467066249631}}, {"type": "Feature", "geometry": {"type": "Point", "coordinates": [155.224462, 49.065123, -41338.338122]}, "properties": {"time": 258.9379524664145}}, {"type": "Feature", "geometry": {"type": "Point", "coordinates": [158.087771, 49.864585, -12532.03582]}, "properties": {"time": 165.77890746744978}}, {"type": "Feature", "geometry": {"type": "Point", "coordinates": [160.665709, 52.378416, -15781.552113]}, "properties": {"time": 14.351702799318677}}, {"type": "Feature", "geometry": {"type": "Point", "coordinates": [160.512629, 53.396207, -35330.249628]}, "properties": {"time": 46.872539653841194}}, {"type": "Feature", "geometry": {"type": "Point", "coordinates": [161.362882, 52.836087, -13675.979379]}, "properties": {"time": 40.56965153166726}}, {"type": "Feature", "geometry": {"type": "Point", "coordinates": [157.895499, 50.026748, -15515.564387]}, "properties": {"time": 160.7902172620957}}, {"type": "Feature", "geometry": {"type": "Point", "coordinates": [158.040771, 50.108541, -15225.916113]}, "properties": {"time": 154.3255537903653}}, {"type": "Feature", "geometry": {"type": "Point", "coordinates": [161.74807, 52.643608, -10117.691645]}, "properties": {"time": 51.48141273980665}}, {"type": "Feature", "geometry": {"type": "Point", "coordinates": [156.745832, 48.611361, -10071.955058]}, "properties": {"time": 250.09358575931935}}, {"type": "Feature", "geometry": {"type": "Point", "coordinates": [157.878786, 49.346787, -9749.492622]}, "properties": {"time": 195.17953479165752}}, {"type": "Feature", "geometry": {"type": "Point", "coordinates": [157.025679, 48.813204, -10133.368289]}, "properties": {"time": 235.4069313378229}}, {"type": "Feature", "geometry": {"type": "Point", "coordinates": [160.336748, 52.220937, -17459.678515]}, "properties": {"time": 14.309886501127856}}, {"type": "Feature", "geometry": {"type": "Point", "coordinates": [155.527693, 49.103521, -34202.390006]}, "properties": {"time": 250.4837264816315}}, {"type": "Feature", "geometry": {"type": "Point", "coordinates": [155.896214, 49.92209, -54873.876539]}, "properties": {"time": 207.2096867961693}}, {"type": "Feature", "geometry": {"type": "Point", "coordinates": [156.183276, 49.069061, -20045.553159]}, "properties": {"time": 238.35956553970922}}, {"type": "Feature", "geometry": {"type": "Point", "coordinates": [157.893555, 51.736379, -61788.150454]}, "properties": {"time": 90.12820672016406}}, {"type": "Feature", "geometry": {"type": "Point", "coordinates": [161.402333, 53.170062, -16017.062447]}, "properties": {"time": 50.78487175824854}}, {"type": "Feature", "geometry": {"type": "Point", "coordinates": [158.434054, 49.786656, -10087.884243]}, "properties": {"time": 164.7590823231277}}, {"type": "Feature", "geometry": {"type": "Point", "coordinates": [160.62496, 53.297687, -30315.775014]}, "properties": {"time": 41.87708178270303}}, {"type": "Feature", "geometry": {"type": "Point", "coordinates": [160.713358, 53.396797, -30415.606675]}, "properties": {"time": 48.083195806328824}}, {"type": "Feature", "geometry": {"type": "Point", "coordinates": [160.780995, 53.00379, -21850.052413]}, "properties": {"time": 29.76620296183862}}, {"type": "Feature", "geometry": {"type": "Point", "coordinates": [160.593687, 52.979847, -24624.403663]}, "properties": {"time": 25.215196724978387}}, {"type": "Feature", "geometry": {"type": "Point", "coordinates": [160.507705, 52.876524, -24344.260905]}, "properties": {"time": 18.800903448090736}}, {"type": "Feature", "geometry": {"type": "Point", "coordinates": [160.307013, 52.851122, -27777.277081]}, "properties": {"time": 14.919384644558932}}, {"type": "Feature", "geometry": {"type": "Point", "coordinates": [156.448918, 48.488769, -10524.25805]}, "properties": {"time": 261.2574065922648}}, {"type": "Feature", "geometry": {"type": "Point", "coordinates": [160.791254, 51.752388, -10435.506771]}, "properties": {"time": 45.25070979069403}}, {"type": "Feature", "geometry": {"type": "Point", "coordinates": [160.713768, 51.871952, -11562.03968]}, "properties": {"time": 38.082695688450755}}, {"type": "Feature", "geometry": {"type": "Point", "coordinates": [157.303424, 49.707545, -17051.691246]}, "properties": {"time": 186.7249101574909}}, {"type": "Feature", "geometry": {"type": "Point", "coordinates": [158.796266, 50.371645, -12518.191208]}, "properties": {"time": 129.64604207528646}}, {"type": "Feature", "geometry": {"type": "Point", "coordinates": [159.332054, 51.038568, -14661.718694]}, "properties": {"time": 87.97046243785148}}, {"type": "Feature", "geometry": {"type": "Point", "coordinates": [159.359219, 50.913059, -13323.505253]}, "properties": {"time": 94.26502922995009}}, {"type": "Feature", "geometry": {"type": "Point", "coordinates": [159.532509, 50.862362, -11799.544635]}, "properties": {"time": 95.10467724047885}}, {"type": "Feature", "geometry": {"type": "Point", "coordinates": [159.389238, 50.78869, -12141.768548]}, "properties": {"time": 100.53344861223422}}, {"type": "Feature", "geometry": {"type": "Point", "coordinates": [157.706126, 50.06637, -17787.266629]}, "properties": {"time": 162.1502501406033}}, {"type": "Feature", "geometry": {"type": "Point", "coordinates": [159.118689, 50.513356, -11707.916457]}, "properties": {"time": 118.1731249130235}}, {"type": "Feature", "geometry": {"type": "Point", "coordinates": [160.889063, 52.348962, -13673.133285]}, "properties": {"time": 22.188474049627715}}, {"type": "Feature", "geometry": {"type": "Point", "coordinates": [156.093687, 50.295278, -62916.008241]}, "properties": {"time": 187.71397099293767}}, {"type": "Feature", "geometry": {"type": "Point", "coordinates": [156.344485, 50.490841, -62309.116973]}, "properties": {"time": 173.82765664100492}}, {"type": "Feature", "geometry": {"type": "Point", "coordinates": [156.689678, 50.545794, -52959.275807]}, "properties": {"time": 162.75537935100218}}, {"type": "Feature", "geometry": {"type": "Point", "coordinates": [156.851458, 50.606532, -50118.054641]}, "properties": {"time": 156.25998402353537}}, {"type": "Feature", "geometry": {"type": "Point", "coordinates": [156.637163, 50.687464, -60569.581587]}, "properties": {"time": 158.85994759040003}}, {"type": "Feature", "geometry": {"type": "Point", "coordinates": [161.099567, 53.319787, -21471.871366]}, "properties": {"time": 50.45788191446727}}, {"type": "Feature", "geometry": {"type": "Point", "coordinates": [155.243422, 49.551126, -63341.386442]}, "properties": {"time": 238.33787672929347}}, {"type": "Feature", "geometry": {"type": "Point", "coordinates": [155.359049, 49.653108, -63757.443275]}, "properties": {"time": 231.40302653530475}}, {"type": "Feature", "geometry": {"type": "Point", "coordinates": [155.872917, 50.065727, -61638.90861]}, "properties": {"time": 202.1854547593861}}, {"type": "Feature", "geometry": {"type": "Point", "coordinates": [155.750345, 49.840972, -57007.310324]}, "properties": {"time": 214.09070002346897}}, {"type": "Feature", "geometry": {"type": "Point", "coordinates": [160.403194, 51.426947, -10390.274253]}, "properties": {"time": 59.204759874694034}}, {"type": "Feature", "geometry": {"type": "Point", "coordinates": [156.266468, 48.702315, -13610.78512]}, "properties": {"time": 254.16916805085626}}, {"type": "Feature", "geometry": {"type": "Point", "coordinates": [156.087872, 48.753313, -15759.673224]}, "properties": {"time": 255.11145856882817}}, {"type": "Feature", "geometry": {"type": "Point", "coordinates": [156.075664, 48.868093, -17709.958639]}, "properties": {"time": 249.9152430148044}}, {"type": "Feature", "geometry": {"type": "Point", "coordinates": [155.917274, 48.805147, -18472.881492]}, "properties": {"time": 256.007135214989}}, {"type": "Feature", "geometry": {"type": "Point", "coordinates": [155.661734, 49.181122, -33487.442119]}, "properties": {"time": 244.1022582069503}}, {"type": "Feature", "geometry": {"type": "Point", "coordinates": [155.25498, 49.354253, -53556.299336]}, "properties": {"time": 245.95359044196715}}, {"type": "Feature", "geometry": {"type": "Point", "coordinates": [155.383794, 49.453338, -53626.850168]}, "properties": {"time": 238.77487106077598}}, {"type": "Feature", "geometry": {"type": "Point", "coordinates": [160.175365, 51.217432, -10345.028282]}, "properties": {"time": 71.23041175787851}}, {"type": "Feature", "geometry": {"type": "Point", "coordinates": [159.513955, 52.976793, -52314.718561]}, "properties": {"time": 34.619098727615736}}, {"type": "Feature", "geometry": {"type": "Point", "coordinates": [159.735581, 52.931417, -44336.234016]}, "properties": {"time": 27.188649303368067}}, {"type": "Feature", "geometry": {"type": "Point", "coordinates": [158.115462, 50.422408, -18455.067518]}, "properties": {"time": 137.63452154188}}, {"type": "Feature", "geometry": {"type": "Point", "coordinates": [158.411665, 50.576708, -17665.473821]}, "properties": {"time": 125.00881606056129}}, {"type": "Feature", "geometry": {"type": "Point", "coordinates": [158.530685, 50.773597, -19254.834689]}, "properties": {"time": 113.30772935060484}}, {"type": "Feature", "geometry": {"type": "Point", "coordinates": [160.632667, 51.649142, -10593.285705]}, "properties": {"time": 48.317949820054544}}, {"type": "Feature", "geometry": {"type": "Point", "coordinates": [158.522252, 50.094815, -11865.248202]}, "properties": {"time": 147.67937134498604}}, {"type": "Feature", "geometry": {"type": "Point", "coordinates": [157.618828, 51.542068, -62363.002868]}, "properties": {"time": 103.65793969019516}}, {"type": "Feature", "geometry": {"type": "Point", "coordinates": [157.808103, 51.518279, -55602.404407]}, "properties": {"time": 98.37459393754351}}, {"type": "Feature", "geometry": {"type": "Point", "coordinates": [159.256822, 52.754533, -53703.03792]}, "properties": {"time": 35.29056871390778}}, {"type": "Feature", "geometry": {"type": "Point", "coordinates": [156.466147, 49.792208, -32704.969177]}, "properties": {"time": 199.48468990081383}}, {"type": "Feature", "geometry": {"type": "Point", "coordinates": [156.498599, 49.668084, -28404.329515]}, "properties": {"time": 204.35012719539827}}, {"type": "Feature", "geometry": {"type": "Point", "coordinates": [156.355323, 49.585304, -29243.877175]}, "properties": {"time": 211.1050628829907}}, {"type": "Feature", "geometry": {"type": "Point", "coordinates": [159.201328, 50.83764, -13814.849642]}, "properties": {"time": 100.13307563306671}}, {"type": "Feature", "geometry": {"type": "Point", "coordinates": [156.853396, 50.912856, -62489.760095]}, "properties": {"time": 145.0489726670556}}, {"type": "Feature", "geometry": {"type": "Point", "coordinates": [156.937207, 50.787895, -54399.021825]}, "properties": {"time": 147.10711776641617}}, {"type": "Feature", "geometry": {"type": "Point", "coordinates": [157.031865, 51.018808, -60560.025417]}, "properties": {"time": 136.46161627014376}}, {"type": "Feature", "geometry": {"type": "Point", "coordinates": [161.015649, 51.968424, -10518.261024]}, "properties": {"time": 39.526917957041}}, {"type": "Feature", "geometry": {"type": "Point", "coordinates": [159.839988, 51.127809, -11707.293417]}, "properties": {"time": 78.03454268329136}}, {"type": "Feature", "geometry": {"type": "Point", "coordinates": [155.905548, 48.915992, -20876.303939]}, "properties": {"time": 251.0630189542771}}, {"type": "Feature", "geometry": {"type": "Point", "coordinates": [159.447828, 50.606243, -10580.521623]}, "properties": {"time": 109.69799682167479}}, {"type": "Feature", "geometry": {"type": "Point", "coordinates": [156.496202, 49.110225, -16926.640299]}, "properties": {"time": 230.33206988504966}}, {"type": "Feature", "geometry": {"type": "Point", "coordinates": [157.369968, 49.469818, -13605.283897]}, "properties": {"time": 197.1260536941192}}, {"type": "Feature", "geometry": {"type": "Point", "coordinates": [157.367151, 51.324199, -61649.374736]}, "properties": {"time": 117.34980692541379}}, {"type": "Feature", "geometry": {"type": "Point", "coordinates": [158.68897, 52.363894, -60594.244174]}, "properties": {"time": 52.289489654878295}}, {"type": "Feature", "geometry": {"type": "Point", "coordinates": [159.305511, 51.163839, -16203.9839]}, "properties": {"time": 81.76314719091174}}, {"type": "Feature", "geometry": {"type": "Point", "coordinates": [156.413363, 50.351086, -54105.902997]}, "properties": {"time": 177.28378457223783}}, {"type": "Feature", "geometry": {"type": "Point", "coordinates": [157.147654, 50.751553, -46187.236628]}, "properties": {"time": 143.16782107911655}}, {"type": "Feature", "geometry": {"type": "Point", "coordinates": [156.149164, 49.186874, -23096.368136]}, "properties": {"time": 233.56907725873853}}, {"type": "Feature", "geometry": {"type": "Point", "coordinates": [156.355602, 49.030456, -17234.857123]}, "properties": {"time": 236.8084911129415}}, {"type": "Feature", "geometry": {"type": "Point", "coordinates": [155.939368, 49.795433, -48308.682277]}, "properties": {"time": 211.32011177345063}}, {"type": "Feature", "geometry": {"type": "Point", "coordinates": [158.011941, 50.227074, -16855.38568]}, "properties": {"time": 148.97105518574566}}, {"type": "Feature", "geometry": {"type": "Point", "coordinates": [159.789077, 52.246407, -25959.481191]}, "properties": {"time": 19.544012399162725}}, {"type": "Feature", "geometry": {"type": "Point", "coordinates": [159.440283, 52.233221, -33542.395076]}, "properties": {"time": 28.695974399462607}}, {"type": "Feature", "geometry": {"type": "Point", "coordinates": [157.015402, 50.108385, -29398.793214]}, "properties": {"time": 173.64187677628263}}, {"type": "Feature", "geometry": {"type": "Point", "coordinates": [161.509582, 52.891099, -12992.253859]}, "properties": {"time": 46.24491775780456}}, {"type": "Feature", "geometry": {"type": "Point", "coordinates": [157.680834, 50.750658, -31953.720951]}, "properties": {"time": 130.886670224584}}, {"type": "Feature", "geometry": {"type": "Point", "coordinates": [157.4484, 49.788818, -16708.466932]}, "properties": {"time": 180.18647512929005}}, {"type": "Feature", "geometry": {"type": "Point", "coordinates": [159.129473, 51.921612, -33513.07043]}, "properties": {"time": 48.385541409896405}}, {"type": "Feature", "geometry": {"type": "Point", "coordinates": [156.739119, 49.388331, -18454.36848]}, "properties": {"time": 212.50087480638373}}, {"type": "Feature", "geometry": {"type": "Point", "coordinates": [156.703172, 49.505801, -21019.54836]}, "properties": {"time": 207.66558594212592}}, {"type": "Feature", "geometry": {"type": "Point", "coordinates": [158.960478, 51.132084, -19676.579317]}, "properties": {"time": 88.46500179730029}}, {"type": "Feature", "geometry": {"type": "Point", "coordinates": [160.109179, 51.556392, -12981.093035]}, "properties": {"time": 52.6146951410081}}, {"type": "Feature", "geometry": {"type": "Point", "coordinates": [159.922933, 51.604296, -14850.941768]}, "properties": {"time": 51.34856092291927}}, {"type": "Feature", "geometry": {"type": "Point", "coordinates": [159.118459, 51.210582, -18868.708037]}, "properties": {"time": 82.04378981518263}}, {"type": "Feature", "geometry": {"type": "Point", "coordinates": [159.158996, 51.793768, -29482.157841]}, "properties": {"time": 53.20763973750956}}, {"type": "Feature", "geometry": {"type": "Point", "coordinates": [156.216288, 48.94952, -17482.964704]}, "properties": {"time": 243.33029572134237}}, {"type": "Feature", "geometry": {"type": "Point", "coordinates": [157.229749, 50.508338, -35665.783024]}, "properties": {"time": 151.3619260621558}}, {"type": "Feature", "geometry": {"type": "Point", "coordinates": [160.26251, 52.593647, -23787.176895]}, "properties": {"time": 0.005523}}, {"type": "Feature", "geometry": {"type": "Point", "coordinates": [157.474297, 49.101024, -9913.907281]}, "properties": {"time": 213.78539026376723}}, {"type": "Feature", "geometry": {"type": "Point", "coordinates": [159.407919, 51.493222, -19183.501675]}, "properties": {"time": 63.35315450393737}}, {"type": "Feature", "geometry": {"type": "Point", "coordinates": [159.11919, 50.323047, -10400.394762]}, "properties": {"time": 128.22617199753805}}, {"type": "Feature", "geometry": {"type": "Point", "coordinates": [158.889436, 50.145796, -10340.082846]}, "properties": {"time": 140.24327656119922}}, {"type": "Feature", "geometry": {"type": "Point", "coordinates": [158.676438, 52.153, -54349.297214]}, "properties": {"time": 55.452205949674266}}, {"type": "Feature", "geometry": {"type": "Point", "coordinates": [159.944282, 51.010697, -10405.880787]}, "properties": {"time": 83.80558333729033}}, {"type": "Feature", "geometry": {"type": "Point", "coordinates": [158.432269, 51.143842, -28114.412422]}, "properties": {"time": 97.52704513552194}}, {"type": "Feature", "geometry": {"type": "Point", "coordinates": [157.122506, 49.192171, -12572.338187]}, "properties": {"time": 215.02203922408566}}, {"type": "Feature", "geometry": {"type": "Point", "coordinates": [158.610691, 51.807059, -44606.66204]}, "properties": {"time": 65.97384609479334}}, {"type": "Feature", "geometry": {"type": "Point", "coordinates": [158.869616, 51.507462, -28863.041004]}, "properties": {"time": 72.10010438821516}}, {"type": "Feature", "geometry": {"type": "Point", "coordinates": [158.713557, 50.728171, -16753.080979]}, "properties": {"time": 112.59742905190208}}, {"type": "Feature", "geometry": {"type": "Point", "coordinates": [159.414247, 52.654426, -45914.431106]}, "properties": {"time": 27.34563517174794}}, {"type": "Feature", "geometry": {"type": "Point", "coordinates": [160.450242, 51.713505, -11983.349509]}, "properties": {"time": 42.88307940396894}}, {"type": "Feature", "geometry": {"type": "Point", "coordinates": [160.03719, 51.93777, -17334.179359]}, "properties": {"time": 32.118198452711454}}, {"type": "Feature", "geometry": {"type": "Point", "coordinates": [159.873202, 51.859215, -18212.881378]}, "properties": {"time": 38.08220909200925}}, {"type": "Feature", "geometry": {"type": "Point", "coordinates": [156.87834, 49.467693, -18076.71261]}, "properties": {"time": 206.08820203966658}}, {"type": "Feature", "geometry": {"type": "Point", "coordinates": [156.216169, 50.073317, -49638.415489]}, "properties": {"time": 193.21100836985937}}, {"type": "Feature", "geometry": {"type": "Point", "coordinates": [158.682236, 50.851664, -18736.121525]}, "properties": {"time": 106.92678383625918}}, {"type": "Feature", "geometry": {"type": "Point", "coordinates": [157.197895, 50.067611, -24858.689237]}, "properties": {"time": 171.74436875682287}}, {"type": "Feature", "geometry": {"type": "Point", "coordinates": [158.711554, 51.427724, -30142.522779]}, "properties": {"time": 78.95156741531153}}, {"type": "Feature", "geometry": {"type": "Point", "coordinates": [157.863991, 50.706667, -27208.164732]}, "properties": {"time": 128.99416105810155}}, {"type": "Feature", "geometry": {"type": "Point", "coordinates": [158.280588, 51.064677, -28810.323762]}, "properties": {"time": 104.21613826062296}}, {"type": "Feature", "geometry": {"type": "Point", "coordinates": [158.307234, 50.379344, -16117.61415]}, "properties": {"time": 136.5108308187758}}, {"type": "Feature", "geometry": {"type": "Point", "coordinates": [158.672943, 49.964591, -10153.629627]}, "properties": {"time": 152.39478315791956}}, {"type": "Feature", "geometry": {"type": "Point", "coordinates": [157.60103, 50.427319, -25484.837876]}, "properties": {"time": 147.09346690148078}}, {"type": "Feature", "geometry": {"type": "Point", "coordinates": [159.59671, 51.445544, -16356.901326]}, "properties": {"time": 63.30866358878521}}, {"type": "Feature", "geometry": {"type": "Point", "coordinates": [156.843934, 49.586271, -20551.064133]}, "properties": {"time": 201.1422336943722}}, {"type": "Feature", "geometry": {"type": "Point", "coordinates": [158.013267, 50.784755, -26498.458284]}, "properties": {"time": 122.40055671958889}}, {"type": "Feature", "geometry": {"type": "Point", "coordinates": [159.321863, 51.874004, -27660.29472]}, "properties": {"time": 46.214131273211095}}, {"type": "Feature", "geometry": {"type": "Point", "coordinates": [158.832579, 50.256979, -11403.518289]}, "properties": {"time": 135.12529056378884}}, {"type": "Feature", "geometry": {"type": "Point", "coordinates": [156.726521, 48.835, -11916.634836]}, "properties": {"time": 239.42290250535189}}, {"type": "Feature", "geometry": {"type": "Point", "coordinates": [160.427628, 52.662593, -22155.147871]}, "properties": {"time": 6.811748903300018}}, {"type": "Feature", "geometry": {"type": "Point", "coordinates": [160.139693, 53.15728, -39087.871243]}, "properties": {"time": 33.670081852429846}}, {"type": "Feature", "geometry": {"type": "Point", "coordinates": [155.897734, 49.461991, -37061.822768]}, "properties": {"time": 226.51054779644025}}, {"type": "Feature", "geometry": {"type": "Point", "coordinates": [157.052553, 49.987471, -25664.760428]}, "properties": {"time": 178.36566433010182}}, {"type": "Feature", "geometry": {"type": "Point", "coordinates": [156.389225, 49.46329, -25333.998194]}, "properties": {"time": 215.94298188247845}}, {"type": "Feature", "geometry": {"type": "Point", "coordinates": [159.293452, 52.003044, -31409.629256]}, "properties": {"time": 41.168014614615814}}, {"type": "Feature", "geometry": {"type": "Point", "coordinates": [157.936578, 49.78679, -12812.156771]}, "properties": {"time": 172.05302006261323}}, {"type": "Feature", "geometry": {"type": "Point", "coordinates": [157.178855, 48.910909, -10044.662252]}, "properties": {"time": 228.03144228208396}}, {"type": "Feature", "geometry": {"type": "Point", "coordinates": [159.45937, 52.087089, -29462.968709]}, "properties": {"time": 33.81866585890896}}, {"type": "Feature", "geometry": {"type": "Point", "coordinates": [157.453614, 50.347624, -26394.930035]}, "properties": {"time": 153.72690324881535}}, {"type": "Feature", "geometry": {"type": "Point", "coordinates": [159.757902, 51.524267, -15576.925975]}, "properties": {"time": 57.289044807774914}}, {"type": "Feature", "geometry": {"type": "Point", "coordinates": [158.521077, 51.472369, -35719.105874]}, "properties": {"time": 81.16624620504265}}, {"type": "Feature", "geometry": {"type": "Point", "coordinates": [159.729094, 51.649661, -17262.248856]}, "properties": {"time": 50.92320689599}}, {"type": "Feature", "geometry": {"type": "Point", "coordinates": [156.878637, 50.028223, -30176.743908]}, "properties": {"time": 180.12621573459433}}, {"type": "Feature", "geometry": {"type": "Point", "coordinates": [156.985886, 49.11264, -12751.617865]}, "properties": {"time": 221.2883930624044}}, {"type": "Feature", "geometry": {"type": "Point", "coordinates": [160.720806, 52.895073, -21142.538256]}, "properties": {"time": 23.61801623375061}}, {"type": "Feature", "geometry": {"type": "Point", "coordinates": [161.794639, 52.545109, -9437.062553]}, "properties": {"time": 52.637411787100945}}, {"type": "Feature", "geometry": {"type": "Point", "coordinates": [158.247242, 51.188017, -32899.700115]}, "properties": {"time": 99.44710464349176}}, {"type": "Feature", "geometry": {"type": "Point", "coordinates": [158.488162, 51.599208, -40717.168757]}, "properties": {"time": 76.81221667315742}}, {"type": "Feature", "geometry": {"type": "Point", "coordinates": [157.269385, 50.388596, -31251.637179]}, "properties": {"time": 155.73323435509147}}, {"type": "Feature", "geometry": {"type": "Point", "coordinates": [155.848641, 49.587426, -43271.355359]}, "properties": {"time": 222.20496892494288}}, {"type": "Feature", "geometry": {"type": "Point", "coordinates": [161.218079, 53.135151, -17648.654847]}, "properties": {"time": 44.860797971122956}}, {"type": "Feature", "geometry": {"type": "Point", "coordinates": [157.830939, 50.828908, -30981.224291]}, "properties": {"time": 124.20334441811315}}, {"type": "Feature", "geometry": {"type": "Point", "coordinates": [156.062509, 48.642961, -14460.794348]}, "properties": {"time": 260.85526852486635}}, {"type": "Feature", "geometry": {"type": "Point", "coordinates": [158.456084, 51.725911, -46025.650051]}, "properties": {"time": 72.9557388427995}}, {"type": "Feature", "geometry": {"type": "Point", "coordinates": [158.060785, 51.2319, -38342.496736]}, "properties": {"time": 101.80809294166552}}, {"type": "Feature", "geometry": {"type": "Point", "coordinates": [157.085089, 50.43221, -37108.429589]}, "properties": {"time": 157.8834199635122}}, {"type": "Feature", "geometry": {"type": "Point", "coordinates": [162.048751, 52.801711, -9415.140547]}, "properties": {"time": 62.871450648003346}}, {"type": "Feature", "geometry": {"type": "Point", "coordinates": [161.98961, 52.853143, -9922.376426]}, "properties": {"time": 61.447839773213076}}, {"type": "Feature", "geometry": {"type": "Point", "coordinates": [159.900513, 51.732561, -16383.340207]}, "properties": {"time": 44.59860901940231}}, {"type": "Feature", "geometry": {"type": "Point", "coordinates": [156.530214, 49.545104, -24675.721238]}, "properties": {"time": 209.3026771822131}}, {"type": "Feature", "geometry": {"type": "Point", "coordinates": [161.945718, 52.697678, -9435.921743]}, "properties": {"time": 58.51457607032026}}, {"type": "Feature", "geometry": {"type": "Point", "coordinates": [161.109077, 52.617328, -13978.654175]}, "properties": {"time": 29.546681745126087}}, {"type": "Feature", "geometry": {"type": "Point", "coordinates": [158.42407, 51.845114, -51231.28635]}, "properties": {"time": 70.67356069210585}}, {"type": "Feature", "geometry": {"type": "Point", "coordinates": [158.416841, 52.16148, -62649.772742]}, "properties": {"time": 64.32524646494817}}, {"type": "Feature", "geometry": {"type": "Point", "coordinates": [157.876662, 51.27663, -44428.116336]}, "properties": {"time": 104.48811624348349}}, {"type": "Feature", "geometry": {"type": "Point", "coordinates": [157.796812, 50.950824, -35296.728642]}, "properties": {"time": 119.65786352896951}}, {"type": "Feature", "geometry": {"type": "Point", "coordinates": [154.961238, 49.078409, -50478.518501]}, "properties": {"time": 264.4674185831493}}, {"type": "Feature", "geometry": {"type": "Point", "coordinates": [157.052219, 50.550356, -41920.636267]}, "properties": {"time": 153.64834385335655}}, {"type": "Feature", "geometry": {"type": "Point", "coordinates": [159.938317, 52.59772, -30406.280574]}, "properties": {"time": 6.930217241006939}}, {"type": "Feature", "geometry": {"type": "Point", "coordinates": [159.865504, 53.047765, -43821.757597]}, "properties": {"time": 30.551944981732483}}, {"type": "Feature", "geometry": {"type": "Point", "coordinates": [155.171792, 48.977564, -39186.38018]}, "properties": {"time": 263.95568408151894}}, {"type": "Feature", "geometry": {"type": "Point", "coordinates": [156.671621, 49.628701, -24104.543968]}, "properties": {"time": 202.58397403675616}}, {"type": "Feature", "geometry": {"type": "Point", "coordinates": [158.107029, 49.497467, -9720.388769]}, "properties": {"time": 184.17056610433326}}, {"type": "Feature", "geometry": {"type": "Point", "coordinates": [159.713123, 50.818768, -10518.130075]}, "properties": {"time": 95.88008946778211}}, {"type": "Feature", "geometry": {"type": "Point", "coordinates": [157.610721, 50.994088, -41357.130054]}, "properties": {"time": 122.18075894293689}}, {"type": "Feature", "geometry": {"type": "Point", "coordinates": [157.950016, 51.610736, -55211.132806]}, "properties": {"time": 91.46981982127639}}, {"type": "Feature", "geometry": {"type": "Point", "coordinates": [161.929189, 52.967498, -10790.259006]}, "properties": {"time": 61.080251941361766}}, {"type": "Feature", "geometry": {"type": "Point", "coordinates": [157.158945, 49.075561, -11342.48831]}, "properties": {"time": 220.1651380841957}}, {"type": "Feature", "geometry": {"type": "Point", "coordinates": [161.704225, 52.451411, -9425.858176]}, "properties": {"time": 49.50613316499974}}, {"type": "Feature", "geometry": {"type": "Point", "coordinates": [157.42312, 51.037546, -48336.682373]}, "properties": {"time": 125.10454950113058}}, {"type": "Feature", "geometry": {"type": "Point", "coordinates": [156.639538, 49.749702, -27663.388723]}, "properties": {"time": 197.70671317333165}}, {"type": "Feature", "geometry": {"type": "Point", "coordinates": [159.986032, 51.227606, -11457.242502]}, "properties": {"time": 71.52951133793746}}, {"type": "Feature", "geometry": {"type": "Point", "coordinates": [159.487635, 52.771676, -47097.604927]}, "properties": {"time": 27.692190163877928}}, {"type": "Feature", "geometry": {"type": "Point", "coordinates": [161.944825, 52.801868, -9908.397148]}, "properties": {"time": 59.42029500629813}}, {"type": "Feature", "geometry": {"type": "Point", "coordinates": [157.218259, 51.229089, -62800.674268]}, "properties": {"time": 124.61411665157945}}, {"type": "Feature", "geometry": {"type": "Point", "coordinates": [161.622337, 52.831101, -11856.014513]}, "properties": {"time": 49.040874440638014}}, {"type": "Feature", "geometry": {"type": "Point", "coordinates": [160.967527, 52.548616, -14582.888142]}, "properties": {"time": 24.32580973008279}}, {"type": "Feature", "geometry": {"type": "Point", "coordinates": [159.329502, 50.505682, -10538.123118]}, "properties": {"time": 116.26744976121311}}, {"type": "Feature", "geometry": {"type": "Point", "coordinates": [156.781501, 49.828288, -26885.127772]}, "properties": {"time": 191.18818207344918}}, {"type": "Feature", "geometry": {"type": "Point", "coordinates": [159.776003, 52.361794, -28692.164534]}, "properties": {"time": 14.663077415294728}}, {"type": "Feature", "geometry": {"type": "Point", "coordinates": [155.795296, 49.717942, -50285.798561]}, "properties": {"time": 217.98130397373387}}, {"type": "Feature", "geometry": {"type": "Point", "coordinates": [161.060108, 52.929245, -17241.635817]}, "properties": {"time": 32.871537992702734}}, {"type": "Feature", "geometry": {"type": "Point", "coordinates": [155.409168, 49.034149, -34759.743496]}, "properties": {"time": 256.16669352000883}}, {"type": "Feature", "geometry": {"type": "Point", "coordinates": [160.812007, 53.296487, -26265.140599]}, "properties": {"time": 44.234191580041426}}, {"type": "Feature", "geometry": {"type": "Point", "coordinates": [158.400283, 49.903211, -11056.297239]}, "properties": {"time": 159.21558226096687}}, {"type": "Feature", "geometry": {"type": "Point", "coordinates": [160.309146, 51.528048, -11513.824227]}, "properties": {"time": 53.39025887623574}}, {"type": "Feature", "geometry": {"type": "Point", "coordinates": [158.938248, 52.585054, -58961.26824]}, "properties": {"time": 43.978636937230064}}, {"type": "Feature", "geometry": {"type": "Point", "coordinates": [155.896563, 48.694433, -16772.607159]}, "properties": {"time": 261.6251354890575}}, {"type": "Feature", "geometry": {"type": "Point", "coordinates": [156.744094, 49.949532, -30921.198723]}, "properties": {"time": 186.50763061436302}}, {"type": "Feature", "geometry": {"type": "Point", "coordinates": [155.461223, 48.881276, -28120.58153]}, "properties": {"time": 261.87126647201427}}, {"type": "Feature", "geometry": {"type": "Point", "coordinates": [160.59485, 51.794168, -11713.179874]}, "properties": {"time": 40.2478496113733}}, {"type": "Feature", "geometry": {"type": "Point", "coordinates": [154.888354, 49.208267, -59405.250529]}, "properties": {"time": 260.9317878823228}}, {"type": "Feature", "geometry": {"type": "Point", "coordinates": [157.995174, 51.476381, -48781.940873]}, "properties": {"time": 94.03469117138386}}, {"type": "Feature", "geometry": {"type": "Point", "coordinates": [157.8468, 51.396316, -49728.171635]}, "properties": {"time": 100.82068355578583}}, {"type": "Feature", "geometry": {"type": "Point", "coordinates": [158.962571, 50.341508, -11320.584111]}, "properties": {"time": 129.0774650188799}}, {"type": "Feature", "geometry": {"type": "Point", "coordinates": [156.160777, 50.184318, -55881.748376]}, "properties": {"time": 190.180835353501}}, {"type": "Feature", "geometry": {"type": "Point", "coordinates": [155.577381, 49.877689, -65296.584005]}, "properties": {"time": 217.0687902456095}}, {"type": "Feature", "geometry": {"type": "Point", "coordinates": [160.751309, 52.788429, -19265.188996]}, "properties": {"time": 19.844494730854294}}, {"type": "Feature", "geometry": {"type": "Point", "coordinates": [156.701859, 50.074718, -35703.259252]}, "properties": {"time": 181.9078855503958}}, {"type": "Feature", "geometry": {"type": "Point", "coordinates": [158.267747, 52.065775, -63676.421156]}, "properties": {"time": 71.022165150579}}, {"type": "Feature", "geometry": {"type": "Point", "coordinates": [160.556489, 51.919738, -12840.444825]}, "properties": {"time": 33.21802236084038}}, {"type": "Feature", "geometry": {"type": "Point", "coordinates": [156.652626, 50.202247, -41258.685642]}, "properties": {"time": 177.55623893445295}}, {"type": "Feature", "geometry": {"type": "Point", "coordinates": [155.079803, 49.116355, -48272.255649]}, "properties": {"time": 260.0725110566628}}, {"type": "Feature", "geometry": {"type": "Point", "coordinates": [160.397833, 53.482638, -40594.642656]}, "properties": {"time": 51.72135837336211}}, {"type": "Feature", "geometry": {"type": "Point", "coordinates": [161.568151, 52.438083, -10002.142468]}, "properties": {"time": 44.87592931785706}}, {"type": "Feature", "geometry": {"type": "Point", "coordinates": [159.030734, 52.2889, -47136.747264]}, "properties": {"time": 40.86900684838659}}, {"type": "Feature", "geometry": {"type": "Point", "coordinates": [156.8075, 50.713569, -55794.879585]}, "properties": {"time": 153.2686295967847}}, {"type": "Feature", "geometry": {"type": "Point", "coordinates": [156.278751, 50.279154, -55667.429532]}, "properties": {"time": 183.4962773907663}}, {"type": "Feature", "geometry": {"type": "Point", "coordinates": [159.354008, 52.337961, -38704.308714]}, "properties": {"time": 28.92903865120399}}, {"type": "Feature", "geometry": {"type": "Point", "coordinates": [156.466666, 50.243765, -48215.322106]}, "properties": {"time": 180.2373846515257}}, {"type": "Feature", "geometry": {"type": "Point", "coordinates": [157.663739, 51.426014, -56225.300807]}, "properties": {"time": 105.37596744160406}}, {"type": "Feature", "geometry": {"type": "Point", "coordinates": [156.998066, 50.673705, -47996.039374]}, "properties": {"time": 149.95420771187645}}, {"type": "Feature", "geometry": {"type": "Point", "coordinates": [155.76356, 48.848832, -21539.358524]}, "properties": {"time": 257.065797995201}}, {"type": "Feature", "geometry": {"type": "Point", "coordinates": [160.449427, 52.775488, -23628.079614]}, "properties": {"time": 12.871492982458575}}, {"type": "Feature", "geometry": {"type": "Point", "coordinates": [161.680815, 52.93457, -12112.490626]}, "properties": {"time": 52.49127086749611}}, {"type": "Feature", "geometry": {"type": "Point", "coordinates": [158.870708, 52.350665, -54225.915098]}, "properties": {"time": 45.51615337456812}}, {"type": "Feature", "geometry": {"type": "Point", "coordinates": [157.245632, 51.081077, -55741.033403]}, "properties": {"time": 128.18134254926437}}, {"type": "Feature", "geometry": {"type": "Point", "coordinates": [155.511208, 49.650963, -57894.04105]}, "properties": {"time": 227.63401580312478}}, {"type": "Feature", "geometry": {"type": "Point", "coordinates": [161.918961, 52.647683, -9338.062079]}, "properties": {"time": 57.291631791858684}}, {"type": "Feature", "geometry": {"type": "Point", "coordinates": [161.68179, 52.519895, -9840.701719]}, "properties": {"time": 48.73368943853705}}, {"type": "Feature", "geometry": {"type": "Point", "coordinates": [154.779929, 49.167361, -61329.005222]}, "properties": {"time": 265.290966470745}}, {"type": "Feature", "geometry": {"type": "Point", "coordinates": [159.666617, 50.939957, -11525.482624]}, "properties": {"time": 89.65995524975268}}, {"type": "Feature", "geometry": {"type": "Point", "coordinates": [156.320515, 48.527212, -11487.366214]}, "properties": {"time": 261.65544984543146}}, {"type": "Feature", "geometry": {"type": "Point", "coordinates": [161.080255, 53.218096, -20399.437306]}, "properties": {"time": 45.45274740389233}}, {"type": "Feature", "geometry": {"type": "Point", "coordinates": [159.56196, 52.870784, -47737.737513]}, "properties": {"time": 28.4950980627531}}, {"type": "Feature", "geometry": {"type": "Point", "coordinates": [154.836922, 49.270732, -64429.721879]}, "properties": {"time": 259.7640359918738}}, {"type": "Feature", "geometry": {"type": "Point", "coordinates": [158.528161, 49.981209, -10966.45034]}, "properties": {"time": 153.434276852005}}, {"type": "Feature", "geometry": {"type": "Point", "coordinates": [162.156397, 52.895807, -9303.343901]}, "properties": {"time": 67.48983204928777}}, {"type": "Feature", "geometry": {"type": "Point", "coordinates": [161.600441, 52.357657, -9482.321606]}, "properties": {"time": 46.397057361404094}}, {"type": "Feature", "geometry": {"type": "Point", "coordinates": [160.106001, 52.629177, -27441.552466]}, "properties": {"time": 4.695586180485998}}, {"type": "Feature", "geometry": {"type": "Point", "coordinates": [160.125964, 51.319288, -11210.634955]}, "properties": {"time": 65.66762938361174}}, {"type": "Feature", "geometry": {"type": "Point", "coordinates": [159.970776, 53.134245, -43187.634085]}, "properties": {"time": 33.89802300297606}}, {"type": "Feature", "geometry": {"type": "Point", "coordinates": [156.588732, 48.626267, -10929.674468]}, "properties": {"time": 252.058684561791}}, {"type": "Feature", "geometry": {"type": "Point", "coordinates": [158.240604, 49.582184, -9666.69485]}, "properties": {"time": 177.94305141034593}}, {"type": "Feature", "geometry": {"type": "Point", "coordinates": [161.807185, 52.987185, -11617.384249]}, "properties": {"time": 57.48558925606005}}, {"type": "Feature", "geometry": {"type": "Point", "coordinates": [156.056795, 50.100662, -56197.296551]}, "properties": {"time": 196.08410202950594}}, {"type": "Feature", "geometry": {"type": "Point", "coordinates": [160.695433, 51.996803, -12510.599331]}, "properties": {"time": 31.606592064623705}}, {"type": "Feature", "geometry": {"type": "Point", "coordinates": [156.336863, 48.618837, -12253.755686]}, "properties": {"time": 256.91208448979177}}, {"type": "Feature", "geometry": {"type": "Point", "coordinates": [158.264386, 51.876385, -56825.087844]}, "properties": {"time": 74.99824778780315}}, {"type": "Feature", "geometry": {"type": "Point", "coordinates": [155.39724, 49.556313, -57869.866651]}, "properties": {"time": 234.2584470354071}}, {"type": "Feature", "geometry": {"type": "Point", "coordinates": [159.082552, 50.414132, -11193.711819]}, "properties": {"time": 123.81268935900994}}, {"type": "Feature", "geometry": {"type": "Point", "coordinates": [161.931658, 52.900793, -10447.033781]}, "properties": {"time": 60.1745018781515}}, {"type": "Feature", "geometry": {"type": "Point", "coordinates": [155.62981, 49.754778, -57940.112816]}, "properties": {"time": 220.52668319970337}}, {"type": "Feature", "geometry": {"type": "Point", "coordinates": [158.719506, 52.262443, -56465.394861]}, "properties": {"time": 52.17311450001096}}, {"type": "Feature", "geometry": {"type": "Point", "coordinates": [159.244418, 52.625891, -50297.62994]}, "properties": {"time": 33.11179018565574}}, {"type": "Feature", "geometry": {"type": "Point", "coordinates": [161.749398, 52.590752, -9854.575208]}, "properties": {"time": 51.24236957351775}}, {"type": "Feature", "geometry": {"type": "Point", "coordinates": [161.242039, 52.960614, -15711.20678]}, "properties": {"time": 39.19148559651444}}, {"type": "Feature", "geometry": {"type": "Point", "coordinates": [157.5357, 51.342209, -56836.911031]}, "properties": {"time": 111.66541315031492}}, {"type": "Feature", "geometry": {"type": "Point", "coordinates": [156.736589, 48.717921, -10895.164777]}, "properties": {"time": 244.99591775557965}}, {"type": "Feature", "geometry": {"type": "Point", "coordinates": [159.370019, 50.695035, -11579.581825]}, "properties": {"time": 105.72133097646885}}, {"type": "Feature", "geometry": {"type": "Point", "coordinates": [159.78944, 51.011423, -11263.487968]}, "properties": {"time": 84.73753770119282}}, {"type": "Feature", "geometry": {"type": "Point", "coordinates": [155.642085, 48.791352, -22132.910209]}, "properties": {"time": 262.2124740262885}}, {"type": "Feature", "geometry": {"type": "Point", "coordinates": [160.439363, 51.614859, -11367.982684]}, "properties": {"time": 48.38122747812138}}, {"type": "Feature", "geometry": {"type": "Point", "coordinates": [160.474036, 53.574323, -40854.241688]}, "properties": {"time": 57.029230926043866}}, {"type": "Feature", "geometry": {"type": "Point", "coordinates": [158.647773, 50.051748, -10868.239902]}, "properties": {"time": 148.17880768358583}}, {"type": "Feature", "geometry": {"type": "Point", "coordinates": [156.872145, 48.809313, -10882.337105]}, "properties": {"time": 238.17776712950862}}, {"type": "Feature", "geometry": {"type": "Point", "coordinates": [161.161555, 52.345306, -11781.501712]}, "properties": {"time": 31.59215348939695}}, {"type": "Feature", "geometry": {"type": "Point", "coordinates": [160.797821, 53.48053, -30210.938462]}, "properties": {"time": 53.46350734684269}}, {"type": "Feature", "geometry": {"type": "Point", "coordinates": [160.829215, 51.935567, -11320.692003]}, "properties": {"time": 37.039651407284296}}, {"type": "Feature", "geometry": {"type": "Point", "coordinates": [159.158958, 52.341425, -44638.224872]}, "properties": {"time": 35.54485378520746}}, {"type": "Feature", "geometry": {"type": "Point", "coordinates": [161.313697, 52.43131, -11351.35985]}, "properties": {"time": 36.16858129756096}}, {"type": "Feature", "geometry": {"type": "Point", "coordinates": [160.95422, 53.292197, -23502.23257]}, "properties": {"time": 46.44524721518225}}, {"type": "Feature", "geometry": {"type": "Point", "coordinates": [155.08856, 49.363996, -59936.927875]}, "properties": {"time": 249.682916432034}}, {"type": "Feature", "geometry": {"type": "Point", "coordinates": [160.644331, 52.115831, -13737.639142]}, "properties": {"time": 24.98547186465462}}, {"type": "Feature", "geometry": {"type": "Point", "coordinates": [154.964193, 49.146312, -53648.763822]}, "properties": {"time": 261.5437080370638}}, {"type": "Feature", "geometry": {"type": "Point", "coordinates": [160.891335, 52.945025, -19443.878935]}, "properties": {"time": 29.543216980421228}}, {"type": "Feature", "geometry": {"type": "Point", "coordinates": [156.453773, 48.580832, -11247.819574]}, "properties": {"time": 256.66264514015063}}, {"type": "Feature", "geometry": {"type": "Point", "coordinates": [155.445645, 48.962374, -31194.457598]}, "properties": {"time": 258.5858720407328}}, {"type": "Feature", "geometry": {"type": "Point", "coordinates": [160.623398, 52.815944, -21439.411035]}, "properties": {"time": 18.14182834603419}}, {"type": "Feature", "geometry": {"type": "Point", "coordinates": [161.059533, 52.37449, -12628.0074]}, "properties": {"time": 27.834967271652722}}]}