156.650000 48.400000 9098.498344 156.599570 48.513119 10031.129213 156.520064 48.412041 9665.722669 90.000000 0.262319
159.954054 52.319725 24318.948148 160.111057 52.401879 23079.492591 159.896232 52.463452 28348.329897 90.000000 7.110887
159.114266 52.519826 51310.957599 158.860579 52.468922 58101.062475 159.036710 52.398427 50221.696903 90.000000 0.723719
155.156868 49.456452 61982.738519 155.254980 49.354253 53556.299336 155.383794 49.453338 53626.850168 90.000000 0.339716
156.205404 48.585753 12742.524948 156.266468 48.702315 13610.785120 156.062509 48.642961 14460.794348 90.000000 0.241593
158.860579 52.468922 58101.062475 159.114266 52.519826 51310.957599 158.938248 52.585054 58961.268240 90.000000 0.301036
156.480058 50.585577 61670.573798 156.545147 50.450152 53814.959209 156.689678 50.545794 52959.275807 90.000000 0.175293
159.588100 52.328542 32241.828336 159.620308 52.162515 27612.451446 159.789077 52.246407 25959.481191 90.000000 7.183834
156.545147 50.450152 53814.959209 156.480058 50.585577 61670.573798 156.344485 50.490841 62309.116973 90.000000 0.478383
158.676438 52.153000 54349.297214 158.556504 52.258499 61553.959015 158.416841 52.161480 62649.772742 90.000000 1.402541
155.243422 49.551126 63341.386442 155.156868 49.456452 61982.738519 155.383794 49.453338 53626.850168 90.000000 0.321904
156.266468 48.702315 13610.785120 156.087872 48.753313 15759.673224 156.062509 48.642961 14460.794348 90.000000 0.089635
156.746861 50.400481 45625.527464 156.897196 50.483466 44147.411964 156.689678 50.545794 52959.275807 90.000000 1.427758
157.028343 48.993125 11439.752922 156.884489 48.910513 11613.583023 157.025679 48.813204 10133.368289 90.000000 5.943732
159.691198 52.795234 41815.336736 159.890933 52.820516 37005.042643 159.735581 52.931417 44336.234016 90.000000 0.496872
154.700000 49.250000 68532.821655 154.784355 49.221706 63903.704412 154.836922 49.270732 64429.721879 90.000000 0.110779
161.991415 52.752663 9467.805254 161.867523 52.756348 10075.537386 161.945718 52.697678 9435.921743 90.000000 6.914755
155.896214 49.922090 54873.876539 156.061161 49.996082 51894.121771 155.872917 50.065727 61638.908610 90.000000 1.392331
158.521030 52.054229 55855.550117 158.676438 52.153000 54349.297214 158.416841 52.161480 62649.772742 90.000000 2.137808
159.890933 52.820516 37005.042643 159.971601 52.938027 37896.782319 159.735581 52.931417 44336.234016 90.000000 1.071613
161.681790 52.519895 9840.701719 161.794639 52.545109 9437.062553 161.749398 52.590752 9854.575208 90.000000 9.684995
158.112762 49.623300 10522.488766 158.289417 49.688762 10119.098386 158.105791 49.741681 11425.221937 90.000000 11.879536
157.028343 48.993125 11439.752922 157.025679 48.813204 10133.368289 157.178855 48.910909 10044.662252 90.000000 7.242806
157.576329 49.312724 10931.847377 157.749912 49.280174 9874.646932 157.726554 49.406048 10875.365955 90.000000 10.850727
161.762640 52.494815 9357.759233 161.794639 52.545109 9437.062553 161.681790 52.519895 9840.701719 90.000000 10.212779
158.000382 49.419137 9689.658516 157.861102 49.485830 10791.032085 157.878786 49.346787 9749.492622 90.000000 13.143526
160.787435 52.577545 16492.371940 160.823820 52.467032 15136.615856 160.967527 52.548616 14582.888142 90.000000 5.198671
161.486037 52.351524 9996.966374 161.435759 52.453650 10773.656742 161.339375 52.354102 10781.583026 90.000000 5.154792
160.160435 51.425871 11699.126816 160.287315 51.327091 10391.712029 160.403194 51.426947 10390.274253 90.000000 6.208205
160.111057 52.401879 23079.492591 160.093849 52.528265 25682.579639 159.896232 52.463452 28348.329897 90.000000 6.572006
158.000382 49.419137 9689.658516 157.992535 49.560177 10672.490175 157.861102 49.485830 10791.032085 90.000000 15.382758
159.620308 52.162515 27612.451446 159.588100 52.328542 32241.828336 159.440283 52.233221 33542.395076 90.000000 5.913056
158.105791 49.741681 11425.221937 158.289417 49.688762 10119.098386 158.260668 49.820097 11178.250930 90.000000 11.851496
157.031865 51.018808 60560.025417 157.261843 50.958038 50345.647626 157.245632 51.081077 55741.033403 90.000000 0.054367
156.689678 50.545794 52959.275807 156.851458 50.606532 50118.054641 156.637163 50.687464 60569.581587 90.000000 0.118126
159.988384 53.258254 46142.940713 159.723447 53.297640 55375.081839 159.796916 53.167262 49258.321811 90.000000 0.058767
161.358842 53.047897 15388.919527 161.155201 53.031230 17272.182999 161.242039 52.960614 15711.206780 90.000000 0.635749
161.568151 52.438083 10002.142468 161.704225 52.451411 9425.858176 161.681790 52.519895 9840.701719 90.000000 7.820292
155.848641 49.587426 43271.355359 155.995831 49.665021 41491.903268 155.795296 49.717942 50285.798561 90.000000 0.974313
161.168927 52.075813 10284.978095 161.286860 52.173267 10156.606699 161.101077 52.194884 11282.512184 90.000000 8.830171
156.637163 50.687464 60569.581587 156.851458 50.606532 50118.054641 156.807500 50.713569 55794.879585 90.000000 0.243733
156.545147 50.450152 53814.959209 156.746861 50.400481 45625.527464 156.689678 50.545794 52959.275807 90.000000 1.258419
160.823820 52.467032 15136.615856 161.007095 52.456942 13569.072930 160.967527 52.548616 14582.888142 90.000000 5.041280
161.155201 53.031230 17272.182999 161.358842 53.047897 15388.919527 161.218079 53.135151 17648.654847 90.000000 0.336164
160.703616 52.234162 14222.339690 160.505909 52.298697 16548.152468 160.515663 52.168563 15202.435752 90.000000 7.522807
157.379530 51.163668 54645.840856 157.528418 51.241667 53026.753978 157.367151 51.324199 61649.374736 90.000000 0.569718
157.548057 49.435485 12104.762282 157.576329 49.312724 10931.847377 157.726554 49.406048 10875.365955 90.000000 11.421640
155.708651 49.964084 63804.433870 155.896214 49.922090 54873.876539 155.872917 50.065727 61638.908610 90.000000 0.467572
157.861102 49.485830 10791.032085 157.726554 49.406048 10875.365955 157.878786 49.346787 9749.492622 90.000000 11.657705
160.160435 51.425871 11699.126816 160.403194 51.426947 10390.274253 160.309146 51.528048 11513.824227 90.000000 4.885079
156.516983 50.827302 71037.850579 156.390816 50.722582 70954.174420 156.637163 50.687464 60569.581587 90.000000 0.048966
158.521030 52.054229 55855.550117 158.416841 52.161480 62649.772742 158.267747 52.065775 63676.421156 90.000000 1.253098
161.849667 52.679979 9798.882014 161.849427 52.610683 9484.010470 161.918961 52.647683 9338.062079 90.000000 8.122231
157.992535 49.560177 10672.490175 158.000382 49.419137 9689.658516 158.107029 49.497467 9720.388769 90.000000 16.551818
158.366554 51.956165 56905.691854 158.521030 52.054229 55855.550117 158.267747 52.065775 63676.421156 90.000000 1.606780
161.007095 52.456942 13569.072930 160.823820 52.467032 15136.615856 160.889063 52.348962 13673.133285 90.000000 4.845708
161.640021 52.667681 10808.040545 161.506910 52.698263 11761.040008 161.524969 52.610590 11135.985710 90.000000 7.466668
161.168927 52.075813 10284.978095 161.361739 52.050172 9257.092546 161.286860 52.173267 10156.606699 90.000000 10.941695
157.803370 49.156269 8907.440471 157.950000 49.250000 8898.145676 157.749912 49.280174 9874.646932 90.000000 9.211333
155.224462 49.065123 41338.338122 155.319117 48.949744 33948.882794 155.409168 49.034149 34759.743496 90.000000 0.131667
161.849427 52.610683 9484.010470 161.849667 52.679979 9798.882014 161.748070 52.643608 10117.691645 90.000000 8.388949
156.689678 50.545794 52959.275807 156.897196 50.483466 44147.411964 156.851458 50.606532 50118.054641 90.000000 0.118732
158.153795 51.950530 62677.442447 157.942853 51.970240 69382.902446 158.064776 51.834052 60731.424001 90.000000 0.036469
158.080388 49.989979 13718.396562 157.905044 49.903615 14135.202657 158.087771 49.864585 12532.035820 90.000000 15.676373
157.028343 48.993125 11439.752922 157.178855 48.910909 10044.662252 157.158945 49.075561 11342.488310 90.000000 8.057621
158.260668 49.820097 11178.250930 158.244852 49.944893 12251.745777 158.087771 49.864585 12532.035820 90.000000 14.578714
157.178855 48.910909 10044.662252 157.330824 49.012777 9994.335921 157.158945 49.075561 11342.488310 90.000000 8.345541
159.440283 52.233221 33542.395076 159.266230 52.134861 35580.679664 159.459370 52.087089 29462.968709 90.000000 6.355249
161.435759 52.453650 10773.656742 161.486037 52.351524 9996.966374 161.568151 52.438083 10002.142468 90.000000 6.066955
161.168927 52.075813 10284.978095 161.101077 52.194884 11282.512184 160.974964 52.107945 11522.232970 90.000000 8.864629
161.622337 52.831101 11856.014513 161.746143 52.868080 11319.713958 161.680815 52.934570 12112.490626 90.000000 3.321171
161.339375 52.354102 10781.583026 161.435759 52.453650 10773.656742 161.313697 52.431310 11351.359850 90.000000 4.729170
161.524969 52.610590 11135.985710 161.540869 52.524460 10576.594912 161.651318 52.591354 10344.243044 90.000000 7.041594
157.089861 50.877351 52825.665213 157.261843 50.958038 50345.647626 157.031865 51.018808 60560.025417 90.000000 0.539876
161.867523 52.756348 10075.537386 161.991415 52.752663 9467.805254 161.944825 52.801868 9908.397148 90.000000 6.707044
161.007095 52.456942 13569.072930 160.889063 52.348962 13673.133285 161.059533 52.374490 12628.007400 90.000000 5.182561
156.545147 50.450152 53814.959209 156.344485 50.490841 62309.116973 156.413363 50.351086 54105.902997 90.000000 1.216587
161.509582 52.891099 12992.253859 161.622337 52.831101 11856.014513 161.680815 52.934570 12112.490626 90.000000 2.549360
161.640021 52.667681 10808.040545 161.524969 52.610590 11135.985710 161.651318 52.591354 10344.243044 90.000000 8.247755
161.651318 52.591354 10344.243044 161.681790 52.519895 9840.701719 161.749398 52.590752 9854.575208 90.000000 9.151400
160.418633 51.841386 13142.053289 160.594850 51.794168 11713.179874 160.556489 51.919738 12840.444825 90.000000 7.151763
161.640021 52.667681 10808.040545 161.651318 52.591354 10344.243044 161.748070 52.643608 10117.691645 90.000000 9.084602
161.168927 52.075813 10284.978095 160.974964 52.107945 11522.232970 161.015649 51.968424 10518.261024 90.000000 7.800066
161.651318 52.591354 10344.243044 161.540869 52.524460 10576.594912 161.681790 52.519895 9840.701719 90.000000 8.152682
162.047992 52.918270 9921.134749 162.103467 52.851207 9368.864439 162.156397 52.895807 9303.343901 90.000000 2.061761
161.373885 52.941665 14394.388940 161.213540 52.877300 15234.483454 161.362882 52.836087 13675.979379 90.000000 2.076339
158.694847 50.160529 11424.132893 158.784160 50.055525 10238.272326 158.889436 50.145796 10340.082846 90.000000 13.738489
160.974964 52.107945 11522.232970 160.863983 52.021633 11652.055591 161.015649 51.968424 10518.261024 90.000000 7.163004
157.695616 49.523455 11996.004977 157.548057 49.435485 12104.762282 157.726554 49.406048 10875.365955 90.000000 12.690036
157.749912 49.280174 9874.646932 157.950000 49.250000 8898.145676 157.878786 49.346787 9749.492622 90.000000 9.443475
159.118689 50.513356 11707.916457 159.222837 50.416463 10495.630431 159.329502 50.505682 10538.123118 90.000000 12.856298
158.112762 49.623300 10522.488766 157.992535 49.560177 10672.490175 158.107029 49.497467 9720.388769 90.000000 15.633459
157.905044 49.903615 14135.202657 158.080388 49.989979 13718.396562 157.895499 50.026748 15515.564387 90.000000 14.372511
160.505909 52.298697 16548.152468 160.703616 52.234162 14222.339690 160.665709 52.378416 15781.552113 90.000000 5.902910
156.723237 50.810089 62781.984395 156.516983 50.827302 71037.850579 156.637163 50.687464 60569.581587 90.000000 0.155691
158.112762 49.623300 10522.488766 158.107029 49.497467 9720.388769 158.240604 49.582184 9666.694850 90.000000 14.109122
157.548057 49.435485 12104.762282 157.695616 49.523455 11996.004977 157.514347 49.552297 13426.918174 90.000000 13.931327
161.506910 52.698263 11761.040008 161.388044 52.641743 12159.508915 161.524969 52.610590 11135.985710 90.000000 6.478571
159.954054 52.319725 24318.948148 159.896232 52.463452 28348.329897 159.776003 52.361794 28692.164534 90.000000 7.105475
158.244852 49.944893 12251.745777 158.080388 49.989979 13718.396562 158.087771 49.864585 12532.035820 90.000000 14.779846
156.550000 48.350000 9155.740738 156.650000 48.400000 9098.498344 156.520064 48.412041 9665.722669 90.000000 0.141503
161.989610 52.853143 9922.376426 161.864171 52.843890 10526.222681 161.944825 52.801868 9908.397148 90.000000 4.530053
160.594850 51.794168 11713.179874 160.713768 51.871952 11562.039680 160.556489 51.919738 12840.444825 90.000000 6.810648
157.734763 49.945173 15972.403067 157.895499 50.026748 15515.564387 157.706126 50.066370 17787.266629 90.000000 14.056266
155.995831 49.665021 41491.903268 155.939368 49.795433 48308.682277 155.795296 49.717942 50285.798561 90.000000 1.212966
157.337389 50.713157 39286.309161 157.299929 50.837636 44668.762156 157.147654 50.751553 46187.236628 90.000000 2.202442
156.520064 48.412041 9665.722669 156.599570 48.513119 10031.129213 156.448918 48.488769 10524.258050 90.000000 0.270641
156.134077 49.747747 40231.878936 156.093666 49.871057 46002.793587 155.939368 49.795433 48308.682277 90.000000 2.862893
161.361739 52.050172 9257.092546 161.473983 52.150231 9174.225913 161.286860 52.173267 10156.606699 90.000000 11.725897
160.630517 52.500171 17345.870588 160.473044 52.423691 18277.170609 160.665709 52.378416 15781.552113 90.000000 5.638392
161.748070 52.643608 10117.691645 161.651318 52.591354 10344.243044 161.749398 52.590752 9854.575208 90.000000 9.085162
161.867523 52.756348 10075.537386 161.849667 52.679979 9798.882014 161.945718 52.697678 9435.921743 90.000000 7.172980
160.051474 51.117836 10437.083101 159.839988 51.127809 11707.293417 159.944282 51.010697 10405.880787 90.000000 8.484552
159.555903 50.726823 10777.543868 159.532509 50.862362 11799.544635 159.389238 50.788690 12141.768548 90.000000 7.161935
157.726554 49.406048 10875.365955 157.749912 49.280174 9874.646932 157.878786 49.346787 9749.492622 90.000000 9.543196
156.390816 50.722582 70954.174420 156.480058 50.585577 61670.573798 156.637163 50.687464 60569.581587 90.000000 0.144893
161.540869 52.524460 10576.594912 161.568151 52.438083 10002.142468 161.681790 52.519895 9840.701719 90.000000 7.485735
161.401979 52.260582 9988.957854 161.586736 52.250174 9089.062629 161.486037 52.351524 9996.966374 90.000000 6.734193
161.188769 52.425671 12093.890210 161.339375 52.354102 10781.583026 161.313697 52.431310 11351.359850 90.000000 4.762902
159.257603 50.614921 11653.270379 159.118689 50.513356 11707.916457 159.329502 50.505682 10538.123118 90.000000 10.541306
157.818785 50.265860 19392.223971 157.858872 50.146995 17296.484909 158.011941 50.227074 16855.385680 90.000000 12.154902
161.864171 52.843890 10526.222681 161.989610 52.853143 9922.376426 161.931658 52.900793 10447.033781 90.000000 3.177293
161.213540 52.877300 15234.483454 161.373885 52.941665 14394.388940 161.242039 52.960614 15711.206780 90.000000 1.525148
159.735581 52.931417 44336.234016 159.971601 52.938027 37896.782319 159.865504 53.047765 43821.757597 90.000000 0.876484
161.362882 52.836087 13675.979379 161.497307 52.791159 12409.744080 161.509582 52.891099 12992.253859 90.000000 3.159516
161.373885 52.941665 14394.388940 161.358842 53.047897 15388.919527 161.242039 52.960614 15711.206780 90.000000 0.656484
160.823820 52.467032 15136.615856 160.630517 52.500171 17345.870588 160.665709 52.378416 15781.552113 90.000000 4.990297
159.620308 52.162515 27612.451446 159.440283 52.233221 33542.395076 159.459370 52.087089 29462.968709 90.000000 7.182525
156.344485 50.490841 62309.116973 156.217976 50.391013 62483.366326 156.413363 50.351086 54105.902997 90.000000 1.028112
161.373885 52.941665 14394.388940 161.362882 52.836087 13675.979379 161.509582 52.891099 12992.253859 90.000000 1.934977
159.235110 52.259761 39955.165790 159.266230 52.134861 35580.679664 159.440283 52.233221 33542.395076 90.000000 5.802606
157.858872 50.146995 17296.484909 158.040771 50.108541 15225.916113 158.011941 50.227074 16855.385680 90.000000 12.760803
157.298142 49.151855 11162.088520 157.330824 49.012777 9994.335921 157.474297 49.101024 9913.907281 90.000000 7.884429
161.155201 53.031230 17272.182999 161.060108 52.929245 17241.635817 161.242039 52.960614 15711.206780 90.000000 0.857436
161.339375 52.354102 10781.583026 161.188769 52.425671 12093.890210 161.161555 52.345306 11781.501712 90.000000 4.694014
155.872917 50.065727 61638.908610 156.061161 49.996082 51894.121771 156.056795 50.100662 56197.296551 90.000000 1.465574
155.675033 49.628154 50877.313834 155.848641 49.587426 43271.355359 155.795296 49.717942 50285.798561 90.000000 0.420163
160.403194 51.426947 10390.274253 160.526724 51.526689 10376.807722 160.309146 51.528048 11513.824227 90.000000 3.738854
157.481510 49.668822 14931.350417 157.334902 49.586180 15183.719598 157.514347 49.552297 13426.918174 90.000000 14.947262
157.734763 49.945173 15972.403067 157.905044 49.903615 14135.202657 157.895499 50.026748 15515.564387 90.000000 14.595909
160.863983 52.021633 11652.055591 160.799119 52.117743 12677.893260 160.695433 51.996803 12510.599331 90.000000 7.056854
158.289417 49.688762 10119.098386 158.112762 49.623300 10522.488766 158.240604 49.582184 9666.694850 90.000000 12.233741
160.695433 51.996803 12510.599331 160.799119 52.117743 12677.893260 160.644331 52.115831 13737.639142 90.000000 6.628295
157.615621 49.190308 9870.544656 157.803370 49.156269 8907.440471 157.749912 49.280174 9874.646932 90.000000 9.405871
159.532509 50.862362 11799.544635 159.555903 50.726823 10777.543868 159.713123 50.818768 10518.130075 90.000000 6.474952
158.694847 50.160529 11424.132893 158.889436 50.145796 10340.082846 158.832579 50.256979 11403.518289 90.000000 12.171633
157.658205 49.633470 13237.521972 157.481510 49.668822 14931.350417 157.514347 49.552297 13426.918174 90.000000 16.896157
161.401979 52.260582 9988.957854 161.486037 52.351524 9996.966374 161.339375 52.354102 10781.583026 90.000000 6.074946
159.944282 51.010697 10405.880787 159.839988 51.127809 11707.293417 159.789440 51.011423 11263.487968 90.000000 8.437597
161.568151 52.438083 10002.142468 161.486037 52.351524 9996.966374 161.600441 52.357657 9482.321606 90.000000 6.013384
160.609389 53.511638 35608.303791 160.512629 53.396207 35330.249628 160.713358 53.396797 30415.606675 90.000000 0.108003
159.524206 50.500206 9615.856657 159.447828 50.606243 10580.521623 159.329502 50.505682 10538.123118 90.000000 8.977266
156.350698 48.410405 10373.610217 156.520064 48.412041 9665.722669 156.448918 48.488769 10524.258050 90.000000 0.092725
155.511208 49.650963 57894.041050 155.675033 49.628154 50877.313834 155.629810 49.754778 57940.112816 90.000000 0.409950
161.746143 52.868080 11319.713958 161.827347 52.921027 11134.640530 161.680815 52.934570 12112.490626 90.000000 2.326109
161.680815 52.934570 12112.490626 161.827347 52.921027 11134.640530 161.807185 52.987185 11617.384249 90.000000 1.013297
160.703616 52.234162 14222.339690 160.916318 52.222460 12603.349230 160.889063 52.348962 13673.133285 90.000000 4.687172
157.695616 49.523455 11996.004977 157.658205 49.633470 13237.521972 157.514347 49.552297 13426.918174 90.000000 16.985264
161.473983 52.150231 9174.225913 161.586736 52.250174 9089.062629 161.401979 52.260582 9988.957854 90.000000 9.077540
157.963901 50.344015 18921.420896 158.162134 50.303257 16447.367587 158.115462 50.422408 18455.067518 90.000000 10.870739
156.650000 48.400000 9098.498344 156.792285 48.495142 9131.102553 156.599570 48.513119 10031.129213 90.000000 0.391583
161.625366 52.750182 11356.590746 161.506910 52.698263 11761.040008 161.640021 52.667681 10808.040545 90.000000 7.682129
159.582603 53.196508 56777.853098 159.658097 53.072800 50725.611914 159.796916 53.167262 49258.321811 90.000000 0.066544
157.192196 50.631783 40651.809367 157.337389 50.713157 39286.309161 157.147654 50.751553 46187.236628 90.000000 1.805143
159.447828 50.606243 10580.521623 159.257603 50.614921 11653.270379 159.329502 50.505682 10538.123118 90.000000 7.915307
155.995831 49.665021 41491.903268 156.134077 49.747747 40231.878936 155.939368 49.795433 48308.682277 90.000000 1.894538
161.867523 52.756348 10075.537386 161.747110 52.717995 10500.312562 161.849667 52.679979 9798.882014 90.000000 7.381722
162.103467 52.851207 9368.864439 162.047992 52.918270 9921.134749 161.989610 52.853143 9922.376426 90.000000 2.557576
158.143359 51.564280 48240.438206 157.950016 51.610736 55211.132806 157.995174 51.476381 48781.940873 90.000000 2.259434
161.473983 52.150231 9174.225913 161.401979 52.260582 9988.957854 161.286860 52.173267 10156.606699 90.000000 9.428438
161.364924 52.737661 12954.170333 161.388044 52.641743 12159.508915 161.506910 52.698263 11761.040008 90.000000 5.715303
157.089861 50.877351 52825.665213 156.937207 50.787895 54399.021825 157.147654 50.751553 46187.236628 90.000000 0.772667
160.309146 51.528048 11513.824227 160.526724 51.526689 10376.807722 160.439363 51.614859 11367.982684 90.000000 4.170239
158.263587 50.499804 18055.308521 158.447653 50.456365 15847.726994 158.411665 50.576708 17665.473821 90.000000 9.773288
159.691198 52.795234 41815.336736 159.735581 52.931417 44336.234016 159.561960 52.870784 47737.737513 90.000000 0.428858
157.299929 50.837636 44668.762156 157.089861 50.877351 52825.665213 157.147654 50.751553 46187.236628 90.000000 1.526692
157.895499 50.026748 15515.564387 157.858872 50.146995 17296.484909 157.706126 50.066370 17787.266629 90.000000 13.147288
161.625366 52.750182 11356.590746 161.640021 52.667681 10808.040545 161.747110 52.717995 10500.312562 90.000000 7.927481
160.473044 52.423691 18277.170609 160.505909 52.298697 16548.152468 160.665709 52.378416 15781.552113 90.000000 5.260061
157.615621 49.190308 9870.544656 157.749912 49.280174 9874.646932 157.576329 49.312724 10931.847377 90.000000 10.313883
156.093666 49.871057 46002.793587 155.896214 49.922090 54873.876539 155.939368 49.795433 48308.682277 90.000000 2.270713
158.263587 50.499804 18055.308521 158.115462 50.422408 18455.067518 158.307234 50.379344 16117.614150 90.000000 8.651536
160.916318 52.222460 12603.349230 161.051280 52.295316 12180.180647 160.889063 52.348962 13673.133285 90.000000 4.909083
157.950000 49.250000 8898.145676 158.049848 49.325043 8939.262139 157.878786 49.346787 9749.492622 90.000000 11.470189
158.384567 50.020993 12056.937037 158.244852 49.944893 12251.745777 158.400283 49.903211 11056.297239 90.000000 15.178705
161.409411 52.546561 11444.620585 161.435759 52.453650 10773.656742 161.540869 52.524460 10576.594912 90.000000 6.028165
160.703616 52.234162 14222.339690 160.515663 52.168563 15202.435752 160.644331 52.115831 13737.639142 90.000000 7.752465
159.588100 52.328542 32241.828336 159.789077 52.246407 25959.481191 159.776003 52.361794 28692.164534 90.000000 6.718683
156.480058 50.585577 61670.573798 156.689678 50.545794 52959.275807 156.637163 50.687464 60569.581587 90.000000 0.175785
157.334902 49.586180 15183.719598 157.481510 49.668822 14931.350417 157.303424 49.707545 17051.691246 90.000000 14.424592
158.162134 50.303257 16447.367587 157.963901 50.344015 18921.420896 158.011941 50.227074 16855.385680 90.000000 12.031513
161.388044 52.641743 12159.508915 161.409411 52.546561 11444.620585 161.524969 52.610590 11135.985710 90.000000 5.900549
161.364924 52.737661 12954.170333 161.237315 52.679213 13461.867879 161.388044 52.641743 12159.508915 90.000000 5.457927
158.115462 50.422408 18455.067518 158.162134 50.303257 16447.367587 158.307234 50.379344 16117.614150 90.000000 10.512472
158.049848 49.325043 8939.262139 158.000382 49.419137 9689.658516 157.878786 49.346787 9749.492622 90.000000 12.168592
160.233694 52.721585 26689.162676 160.262510 52.593647 23787.176895 160.427628 52.662593 22155.147871 90.000000 4.355611
158.447653 50.456365 15847.726994 158.595945 50.531577 15482.509962 158.411665 50.576708 17665.473821 90.000000 9.931016
158.447653 50.456365 15847.726994 158.263587 50.499804 18055.308521 158.307234 50.379344 16117.614150 90.000000 9.198895
160.939039 52.651008 15714.557345 160.787435 52.577545 16492.371940 160.967527 52.548616 14582.888142 90.000000 5.122774
161.747110 52.717995 10500.312562 161.640021 52.667681 10808.040545 161.748070 52.643608 10117.691645 90.000000 8.433169
158.784160 50.055525 10238.272326 158.694847 50.160529 11424.132893 158.647773 50.051748 10868.239902 90.000000 13.942538
156.044077 48.988042 20379.352944 155.874361 49.026715 24016.869524 155.905548 48.915992 20876.303939 90.000000 0.275826
158.087771 49.864585 12532.035820 157.905044 49.903615 14135.202657 157.936578 49.786790 12812.156771 90.000000 15.955191
155.574270 48.985259 28933.726287 155.704420 49.064004 28513.030033 155.527693 49.103521 34202.390006 90.000000 0.802145
158.384567 50.020993 12056.937037 158.400283 49.903211 11056.297239 158.528161 49.981209 10966.450340 90.000000 14.672344
161.101077 52.194884 11282.512184 161.220909 52.276378 11036.924804 161.051280 52.295316 12180.180647 90.000000 6.957758
156.935103 48.590113 9135.280022 156.894157 48.709960 10064.906785 156.745832 48.611361 10071.955058 90.000000 3.387355
161.409411 52.546561 11444.620585 161.540869 52.524460 10576.594912 161.524969 52.610590 11135.985710 90.000000 6.166761
158.225498 50.068278 13465.225717 158.193756 50.185689 14860.439718 158.040771 50.108541 15225.916113 90.000000 15.025085
158.105791 49.741681 11425.221937 158.260668 49.820097 11178.250930 158.087771 49.864585 12532.035820 90.000000 13.750526
157.963901 50.344015 18921.420896 157.818785 50.265860 19392.223971 158.011941 50.227074 16855.385680 90.000000 11.823577
158.260668 49.820097 11178.250930 158.289417 49.688762 10119.098386 158.434054 49.786656 10087.884243 90.000000 12.568615
160.515663 52.168563 15202.435752 160.505909 52.298697 16548.152468 160.336748 52.220937 17459.678515 90.000000 8.622144
155.351911 49.139159 40642.946705 155.310342 49.249708 46819.482178 155.188922 49.175456 47414.134044 90.000000 0.439240
158.595945 50.531577 15482.509962 158.561823 50.652321 17227.088455 158.411665 50.576708 17665.473821 90.000000 9.730516
158.561823 50.652321 17227.088455 158.374993 50.698733 19836.754821 158.411665 50.576708 17665.473821 90.000000 11.239614
155.675033 49.628154 50877.313834 155.795296 49.717942 50285.798561 155.629810 49.754778 57940.112816 90.000000 0.224216
161.213652 52.778788 14409.326387 161.237315 52.679213 13461.867879 161.364924 52.737661 12954.170333 90.000000 4.658339
158.374993 50.698733 19836.754821 158.561823 50.652321 17227.088455 158.530685 50.773597 19254.834689 90.000000 11.227621
161.060108 52.929245 17241.635817 161.213540 52.877300 15234.483454 161.242039 52.960614 15711.206780 90.000000 1.530115
156.075664 48.868093 17709.958639 156.044077 48.988042 20379.352944 155.905548 48.915992 20876.303939 90.000000 0.498781
160.665709 52.378416 15781.552113 160.703616 52.234162 14222.339690 160.889063 52.348962 13673.133285 90.000000 4.295518
157.657292 49.062356 8923.167775 157.803370 49.156269 8907.440471 157.615621 49.190308 9870.544656 90.000000 9.367712
161.155201 53.031230 17272.182999 160.965363 53.017241 19393.720000 161.060108 52.929245 17241.635817 90.000000 0.801739
160.593687 52.979847 24624.403663 160.389301 52.962648 28336.793145 160.507705 52.876524 24344.260905 90.000000 1.923709
160.974964 52.107945 11522.232970 161.101077 52.194884 11282.512184 160.916318 52.222460 12603.349230 90.000000 8.381293
159.896232 52.463452 28348.329897 160.093849 52.528265 25682.579639 159.938317 52.597720 30406.280574 90.000000 5.823718
160.465687 53.075390 29067.341836 160.389301 52.962648 28336.793145 160.593687 52.979847 24624.403663 90.000000 2.311050
161.704253 53.040591 12603.150178 161.561315 53.102748 14076.935368 161.537240 52.997662 13524.697953 90.000000 0.546953
161.250000 51.950000 9325.042725 161.168927 52.075813 10284.978095 161.015649 51.968424 10518.261024 90.000000 6.934068
161.122938 51.844247 9402.320041 161.250000 51.950000 9325.042725 161.015649 51.968424 10518.261024 90.000000 6.261676
157.858872 50.146995 17296.484909 157.895499 50.026748 15515.564387 158.040771 50.108541 15225.916113 90.000000 12.644680
160.912208 52.754623 16991.653966 160.939039 52.651008 15714.557345 161.077850 52.716498 15040.237837 90.000000 4.478844
155.527693 49.103521 34202.390006 155.704420 49.064004 28513.030033 155.661734 49.181122 33487.442119 90.000000 0.747579
161.737206 52.795683 10969.814111 161.747110 52.717995 10500.312562 161.867523 52.756348 10075.537386 90.000000 6.787661
159.944754 51.476293 13538.626783 159.922933 51.604296 14850.941768 159.757902 51.524267 15576.925975 90.000000 6.765764
157.330824 49.012777 9994.335921 157.511765 48.968262 8953.764359 157.474297 49.101024 9913.907281 90.000000 8.018882
158.244852 49.944893 12251.745777 158.260668 49.820097 11178.250930 158.400283 49.903211 11056.297239 90.000000 14.562955
158.103734 51.694962 54283.499736 158.064776 51.834052 60731.424001 157.893555 51.736379 61788.150454 90.000000 0.300008
155.574270 48.985259 28933.726287 155.527693 49.103521 34202.390006 155.409168 49.034149 34759.743496 90.000000 0.921389
156.498599 49.668084 28404.329515 156.671621 49.628701 24104.543968 156.639538 49.749702 27663.388723 90.000000 7.830419
157.514347 49.552297 13426.918174 157.334902 49.586180 15183.719598 157.369968 49.469818 13605.283897 90.000000 14.237555
159.706933 51.778911 19218.495295 159.729094 51.649661 17262.248856 159.900513 51.732561 16383.340207 90.000000 7.525242
157.330824 49.012777 9994.335921 157.298142 49.151855 11162.088520 157.158945 49.075561 11342.488310 90.000000 7.832033
161.213652 52.778788 14409.326387 161.077850 52.716498 15040.237837 161.237315 52.679213 13461.867879 90.000000 4.510409
156.044077 48.988042 20379.352944 156.075664 48.868093 17709.958639 156.216288 48.949520 17482.964704 90.000000 0.501125
157.125678 49.746852 19691.881860 157.160309 49.626806 17380.791794 157.303424 49.707545 17051.691246 90.000000 15.822732
161.661316 52.398382 9385.966616 161.568151 52.438083 10002.142468 161.600441 52.357657 9482.321606 90.000000 6.500580
160.761520 52.687362 17928.041385 160.787435 52.577545 16492.371940 160.939039 52.651008 15714.557345 90.000000 5.144997
160.916318 52.222460 12603.349230 161.101077 52.194884 11282.512184 161.051280 52.295316 12180.180647 90.000000 7.346091
158.040771 50.108541 15225.916113 158.193756 50.185689 14860.439718 158.011941 50.227074 16855.385680 90.000000 13.815365
158.497903 50.896696 21711.295518 158.345407 50.819220 22295.616308 158.530685 50.773597 19254.834689 90.000000 11.084615
160.104932 52.831265 31875.820655 160.233694 52.721585 26689.162676 160.307013 52.851122 27777.277081 90.000000 2.102913
157.548057 49.435485 12104.762282 157.514347 49.552297 13426.918174 157.369968 49.469818 13605.283897 90.000000 12.544613
155.836412 49.143734 28036.783807 155.797638 49.261101 32743.176921 155.661734 49.181122 33487.442119 90.000000 0.883507
161.497307 52.791159 12409.744080 161.506910 52.698263 11761.040008 161.625366 52.750182 11356.590746 90.000000 6.408191
158.105791 49.741681 11425.221937 158.087771 49.864585 12532.035820 157.936578 49.786790 12812.156771 90.000000 13.931091
155.874361 49.026715 24016.869524 155.741956 48.951601 24476.227039 155.905548 48.915992 20876.303939 90.000000 0.238071
156.075664 48.868093 17709.958639 156.249601 48.830164 15359.122373 156.216288 48.949520 17482.964704 90.000000 0.502822
160.450242 51.713505 11983.349509 160.632667 51.649142 10593.285705 160.594850 51.794168 11713.179874 90.000000 6.849077
160.051474 51.117836 10437.083101 160.250000 51.100000 9396.460533 160.175365 51.217432 10345.028282 90.000000 9.769060
160.250000 51.100000 9396.460533 160.372968 51.206737 9370.424921 160.175365 51.217432 10345.028282 90.000000 8.938624
156.701859 50.074718 35703.259252 156.835550 50.151262 34770.007505 156.652626 50.202247 41258.685642 90.000000 8.461754
159.221212 50.718875 12665.062581 159.389238 50.788690 12141.768548 159.201328 50.837640 13814.849642 90.000000 8.182746
156.584548 48.747313 11985.257080 156.588732 48.626267 10929.674468 156.736589 48.717921 10895.164777 90.000000 2.683388
160.823820 52.467032 15136.615856 160.665709 52.378416 15781.552113 160.889063 52.348962 13673.133285 90.000000 4.958375
160.309502 52.349385 19365.948711 160.147495 52.270600 20434.998605 160.336748 52.220937 17459.678515 90.000000 8.497664
160.184138 52.945585 32641.725298 160.104932 52.831265 31875.820655 160.307013 52.851122 27777.277081 90.000000 0.941140
158.080388 49.989979 13718.396562 158.225498 50.068278 13465.225717 158.040771 50.108541 15225.916113 90.000000 13.652403
155.579028 49.417056 45268.355847 155.547672 49.532762 51341.929205 155.383794 49.453338 53626.850168 90.000000 0.344602
155.483614 49.216057 39877.175073 155.310342 49.249708 46819.482178 155.351911 49.139159 40642.946705 90.000000 0.361027
160.603692 52.619092 19034.414648 160.630517 52.500171 17345.870588 160.787435 52.577545 16492.371940 90.000000 5.280071
155.351911 49.139159 40642.946705 155.188922 49.175456 47414.134044 155.224462 49.065123 41338.338122 90.000000 0.151464
155.611697 48.872727 24782.164200 155.574270 48.985259 28933.726287 155.461223 48.881276 28120.581530 90.000000 0.346183
158.345407 50.819220 22295.616308 158.374993 50.698733 19836.754821 158.530685 50.773597 19254.834689 90.000000 10.733758
155.188922 49.175456 47414.134044 155.142253 49.276421 53771.597061 155.034632 49.204320 54017.443119 90.000000 0.164194
160.787435 52.577545 16492.371940 160.630517 52.500171 17345.870588 160.823820 52.467032 15136.615856 90.000000 5.164281
157.160309 49.626806 17380.791794 157.334902 49.586180 15183.719598 157.303424 49.707545 17051.691246 90.000000 14.120071
157.827854 49.598013 11852.298819 157.695616 49.523455 11996.004977 157.861102 49.485830 10791.032085 90.000000 17.010289
155.483614 49.216057 39877.175073 155.440797 49.332688 46218.752474 155.310342 49.249708 46819.482178 90.000000 0.546966
161.054735 52.820017 16196.557477 161.077850 52.716498 15040.237837 161.213652 52.778788 14409.326387 90.000000 3.610766
155.896214 49.922090 54873.876539 155.708651 49.964084 63804.433870 155.750345 49.840972 57007.310324 90.000000 0.346260
157.147654 50.751553 46187.236628 156.937207 50.787895 54399.021825 156.998066 50.673705 47996.039374 90.000000 0.642375
157.615621 49.190308 9870.544656 157.437748 49.229278 11011.993192 157.474297 49.101024 9913.907281 90.000000 9.615175
160.996473 51.738349 9445.866601 160.910783 51.849467 10400.640424 160.791254 51.752388 10435.506771 90.000000 7.269655
157.796245 49.711072 13044.430031 157.658205 49.633470 13237.521972 157.827854 49.598013 11852.298819 90.000000 18.387981
159.944754 51.476293 13538.626783 160.109179 51.556392 12981.093035 159.922933 51.604296 14850.941768 90.000000 6.725521
157.678291 51.763705 69355.866207 157.754413 51.640416 62111.069651 157.893555 51.736379 61788.150454 90.000000 0.103182
159.147213 51.085631 16887.016703 159.175008 50.961020 15220.846142 159.332054 51.038568 14661.718694 90.000000 7.966342
160.780995 53.003790 21850.052413 160.720806 52.895073 21142.538256 160.891335 52.945025 19443.878935 90.000000 1.396274
160.275764 51.639607 12508.439268 160.090794 51.684936 14199.579551 160.109179 51.556392 12981.093035 90.000000 5.721196
160.922164 53.386915 25699.811938 160.713358 53.396797 30415.606675 160.812007 53.296487 26265.140599 90.000000 0.236600
157.992535 49.560177 10672.490175 157.827854 49.598013 11852.298819 157.861102 49.485830 10791.032085 90.000000 16.860406
157.950016 51.610736 55211.132806 157.808103 51.518279 55602.404407 157.995174 51.476381 48781.940873 90.000000 1.531140
161.849667 52.679979 9798.882014 161.747110 52.717995 10500.312562 161.748070 52.643608 10117.691645 90.000000 8.005999
158.497903 50.896696 21711.295518 158.530685 50.773597 19254.834689 158.682236 50.851664 18736.121525 90.000000 11.058241
155.797638 49.261101 32743.176921 155.620604 49.297872 39058.034777 155.661734 49.181122 33487.442119 90.000000 0.901802
161.661316 52.398382 9385.966616 161.704225 52.451411 9425.858176 161.568151 52.438083 10002.142468 90.000000 7.169421
159.513514 50.990680 12869.400512 159.359219 50.913059 13323.505253 159.532509 50.862362 11799.544635 90.000000 8.890819
156.183276 49.069061 20045.553159 156.323692 49.149034 19646.872300 156.149164 49.186874 23096.368136 90.000000 1.715679
155.704420 49.064004 28513.030033 155.836412 49.143734 28036.783807 155.661734 49.181122 33487.442119 90.000000 0.668444
160.791254 51.752388 10435.506771 160.910783 51.849467 10400.640424 160.713768 51.871952 11562.039680 90.000000 6.750211
160.446089 52.547460 20197.140058 160.473044 52.423691 18277.170609 160.630517 52.500171 17345.870588 90.000000 4.585311
160.505909 52.298697 16548.152468 160.309502 52.349385 19365.948711 160.336748 52.220937 17459.678515 90.000000 8.159797
159.971601 52.938027 37896.782319 160.056614 53.044288 38375.875517 159.865504 53.047765 43821.757597 90.000000 0.897249
159.389238 50.788690 12141.768548 159.359219 50.913059 13323.505253 159.201328 50.837640 13814.849642 90.000000 8.634093
160.742359 53.198963 25830.149593 160.667350 53.090496 25262.927016 160.861934 53.103745 22100.232913 90.000000 3.107510
158.922953 50.563047 13340.354979 158.939889 50.447868 12260.333269 159.118689 50.513356 11707.916457 90.000000 9.576678
160.780995 53.003790 21850.052413 160.593687 52.979847 24624.403663 160.720806 52.895073 21142.538256 90.000000 1.604937
157.269778 49.827324 19234.914145 157.125678 49.746852 19691.881860 157.303424 49.707545 17051.691246 90.000000 15.551285
160.147495 52.270600 20434.998605 160.175004 52.143553 18341.832120 160.336748 52.220937 17459.678515 90.000000 9.024216
160.282092 52.474014 21521.744613 160.309502 52.349385 19365.948711 160.473044 52.423691 18277.170609 90.000000 6.650886
161.042621 53.111976 19564.640662 160.965363 53.017241 19393.720000 161.155201 53.031230 17272.182999 90.000000 1.110756
158.628173 50.412568 14001.751752 158.656477 50.294994 12736.212666 158.796266 50.371645 12518.191208 90.000000 10.830325
161.388044 52.641743 12159.508915 161.262509 52.582627 12608.554894 161.409411 52.546561 11444.620585 90.000000 5.229373
159.513514 50.990680 12869.400512 159.332054 51.038568 14661.718694 159.359219 50.913059 13323.505253 90.000000 8.784554
155.762885 48.755814 19522.351642 155.917274 48.805147 18472.881492 155.763560 48.848832 21539.358524 90.000000 0.064825
156.266468 48.702315 13610.785120 156.249601 48.830164 15359.122373 156.087872 48.753313 15759.673224 90.000000 0.119665
161.077850 52.716498 15040.237837 160.939039 52.651008 15714.557345 161.109077 52.617328 13978.654175 90.000000 5.010979
156.323692 49.149034 19646.872300 156.183276 49.069061 20045.553159 156.355602 49.030456 17234.857123 90.000000 1.044860
157.556318 49.986078 18295.585562 157.734763 49.945173 15972.403067 157.706126 50.066370 17787.266629 90.000000 15.986546
160.545187 53.187860 29734.449476 160.465687 53.075390 29067.341836 160.667350 53.090496 25262.927016 90.000000 2.422525
156.807500 50.713569 55794.879585 156.851458 50.606532 50118.054641 156.998066 50.673705 47996.039374 90.000000 0.196445
159.839988 51.127809 11707.293417 159.659855 51.065996 12442.897195 159.789440 51.011423 11263.487968 90.000000 8.321027
159.332054 51.038568 14661.718694 159.175008 50.961020 15220.846142 159.359219 50.913059 13323.505253 90.000000 8.863617
157.895499 50.026748 15515.564387 158.080388 49.989979 13718.396562 158.040771 50.108541 15225.916113 90.000000 13.489379
156.671621 49.628701 24104.543968 156.811195 49.708155 23520.196638 156.639538 49.749702 27663.388723 90.000000 9.682659
156.423436 48.789814 13463.841650 156.249601 48.830164 15359.122373 156.266468 48.702315 13610.785120 90.000000 0.111569
162.150116 52.950041 9549.177153 162.047992 52.918270 9921.134749 162.156397 52.895807 9303.343901 90.000000 0.818763
160.996473 51.738349 9445.866601 161.122938 51.844247 9402.320041 160.910783 51.849467 10400.640424 90.000000 6.710319
160.424529 53.287995 34935.506455 160.341526 53.173959 34237.727693 160.545187 53.187860 29734.449476 90.000000 1.368777
160.545187 53.187860 29734.449476 160.742359 53.198963 25830.149593 160.624960 53.297687 30315.775014 90.000000 2.136210
155.974170 49.224242 27418.256413 156.010500 49.107089 23598.768640 156.149164 49.186874 23096.368136 90.000000 1.566510
160.632667 51.649142 10593.285705 160.450242 51.713505 11983.349509 160.439363 51.614859 11367.982684 90.000000 5.924836
160.306774 53.386107 40569.064350 160.216224 53.274466 40097.028064 160.424529 53.287995 34935.506455 90.000000 0.636034
160.912208 52.754623 16991.653966 161.077850 52.716498 15040.237837 161.054735 52.820017 16196.557477 90.000000 3.401231
160.919282 53.203438 22701.435753 160.861934 53.103745 22100.232913 161.042621 53.111976 19564.640662 90.000000 2.138279
158.614910 49.767139 9203.172876 158.557137 49.874776 10097.572465 158.434054 49.786656 10087.884243 90.000000 13.390125
157.764118 49.827146 14418.107858 157.625575 49.750208 14679.807086 157.796245 49.711072 13044.430031 90.000000 15.989588
158.732234 49.858629 9259.891955 158.850000 49.950000 9319.036484 158.672943 49.964591 10153.629627 90.000000 13.766066
160.175004 52.143553 18341.832120 160.366905 52.094294 15803.112895 160.336748 52.220937 17459.678515 90.000000 9.494734
157.960528 49.672198 11695.618459 157.827854 49.598013 11852.298819 157.992535 49.560177 10672.490175 90.000000 18.003762
159.147213 51.085631 16887.016703 159.332054 51.038568 14661.718694 159.305511 51.163839 16203.983900 90.000000 8.490414
161.364924 52.737661 12954.170333 161.497307 52.791159 12409.744080 161.362882 52.836087 13675.979379 90.000000 4.307658
158.530685 50.773597 19254.834689 158.713557 50.728171 16753.080979 158.682236 50.851664 18736.121525 90.000000 12.057470
155.891692 50.302425 70991.367942 155.974796 50.191982 63011.484392 156.093687 50.295278 62916.008241 90.000000 0.234707
156.140154 50.512756 70719.535058 156.217976 50.391013 62483.366326 156.344485 50.490841 62309.116973 90.000000 0.233652
159.658097 53.072800 50725.611914 159.513955 52.976793 52314.718561 159.735581 52.931417 44336.234016 90.000000 0.294219
159.493673 51.117000 14066.466381 159.464933 51.242037 15504.883642 159.305511 51.163839 16203.983900 90.000000 6.852732
160.545187 53.187860 29734.449476 160.667350 53.090496 25262.927016 160.742359 53.198963 25830.149593 90.000000 2.927843
160.667350 53.090496 25262.927016 160.465687 53.075390 29067.341836 160.593687 52.979847 24624.403663 90.000000 2.257296
161.213652 52.778788 14409.326387 161.364924 52.737661 12954.170333 161.362882 52.836087 13675.979379 90.000000 3.753615
160.111057 52.401879 23079.492591 160.147495 52.270600 20434.998605 160.309502 52.349385 19365.948711 90.000000 8.303226
156.087872 48.753313 15759.673224 156.075664 48.868093 17709.958639 155.917274 48.805147 18472.881492 90.000000 0.511896
159.073034 50.638066 12973.948170 158.922953 50.563047 13340.354979 159.118689 50.513356 11707.916457 90.000000 10.191477
161.409411 52.546561 11444.620585 161.290889 52.491682 11845.718215 161.435759 52.453650 10773.656742 90.000000 5.040357
157.556318 49.986078 18295.585562 157.412679 49.907020 18772.694406 157.590187 49.866736 16347.741625 90.000000 15.544423
161.042621 53.111976 19564.640662 160.861934 53.103745 22100.232913 160.965363 53.017241 19393.720000 90.000000 1.771764
160.761520 52.687362 17928.041385 160.939039 52.651008 15714.557345 160.912208 52.754623 16991.653966 90.000000 4.217809
159.729094 51.649661 17262.248856 159.922933 51.604296 14850.941768 159.900513 51.732561 16383.340207 90.000000 7.908580
160.512629 53.396207 35330.249628 160.624960 53.297687 30315.775014 160.713358 53.396797 30415.606675 90.000000 0.774792
160.603692 52.619092 19034.414648 160.787435 52.577545 16492.371940 160.761520 52.687362 17928.041385 90.000000 5.462229
157.334902 49.586180 15183.719598 157.193353 49.507112 15440.715860 157.369968 49.469818 13605.283897 90.000000 13.520181
159.648939 50.600276 9608.339889 159.555903 50.726823 10777.543868 159.447828 50.606243 10580.521623 90.000000 5.993017
157.861102 49.485830 10791.032085 157.695616 49.523455 11996.004977 157.726554 49.406048 10875.365955 90.000000 13.534219
160.910783 51.849467 10400.640424 161.122938 51.844247 9402.320041 161.015649 51.968424 10518.261024 90.000000 6.333558
160.366905 52.094294 15803.112895 160.515663 52.168563 15202.435752 160.336748 52.220937 17459.678515 90.000000 9.724583
158.103734 51.694962 54283.499736 157.893555 51.736379 61788.150454 157.950016 51.610736 55211.132806 90.000000 0.463069
155.461223 48.881276 28120.581530 155.574270 48.985259 28933.726287 155.445645 48.962374 31194.457598 90.000000 0.455480
158.289417 49.688762 10119.098386 158.498028 49.675529 9151.276870 158.434054 49.786656 10087.884243 90.000000 11.640402
156.526003 50.119284 41899.670467 156.701859 50.074718 35703.259252 156.652626 50.202247 41258.685642 90.000000 7.038950
157.556318 49.986078 18295.585562 157.590187 49.866736 16347.741625 157.734763 49.945173 15972.403067 90.000000 15.748439
158.850000 49.950000 9319.036484 158.784160 50.055525 10238.272326 158.672943 49.964591 10153.629627 90.000000 13.355929
159.045363 50.760156 14271.553091 158.894072 50.683332 14694.643455 159.073034 50.638066 12973.948170 90.000000 9.770841
157.522663 50.106664 20577.434870 157.556318 49.986078 18295.585562 157.706126 50.066370 17787.266629 90.000000 17.185326
155.741956 48.951601 24476.227039 155.574270 48.985259 28933.726287 155.611697 48.872727 24782.164200 90.000000 0.489168
159.757902 51.524267 15576.925975 159.922933 51.604296 14850.941768 159.729094 51.649661 17262.248856 90.000000 7.286076
156.529882 48.991506 14984.638391 156.496202 49.110225 16926.640299 156.355602 49.030456 17234.857123 90.000000 1.958375
155.188922 49.175456 47414.134044 155.310342 49.249708 46819.482178 155.142253 49.276421 53771.597061 90.000000 0.444932
161.364924 52.737661 12954.170333 161.506910 52.698263 11761.040008 161.497307 52.791159 12409.744080 90.000000 5.519884
160.372968 51.206737 9370.424921 160.287315 51.327091 10391.712029 160.175365 51.217432 10345.028282 90.000000 8.790249
156.851458 50.606532 50118.054641 156.897196 50.483466 44147.411964 157.052219 50.550356 41920.636267 90.000000 0.841810
157.796245 49.711072 13044.430031 157.827854 49.598013 11852.298819 157.960528 49.672198 11695.618459 90.000000 17.332578
155.440797 49.332688 46218.752474 155.579028 49.417056 45268.355847 155.383794 49.453338 53626.850168 90.000000 0.616875
158.922953 50.563047 13340.354979 158.775067 50.487814 13681.779132 158.939889 50.447868 12260.333269 90.000000 10.406657
156.010500 49.107089 23598.768640 156.183276 49.069061 20045.553159 156.149164 49.186874 23096.368136 90.000000 1.535301
156.496202 49.110225 16926.640299 156.323692 49.149034 19646.872300 156.355602 49.030456 17234.857123 90.000000 1.317110
160.424529 53.287995 34935.506455 160.545187 53.187860 29734.449476 160.624960 53.297687 30315.775014 90.000000 1.421541
156.087872 48.753313 15759.673224 156.249601 48.830164 15359.122373 156.075664 48.868093 17709.958639 90.000000 0.511321
156.894157 48.709960 10064.906785 157.078457 48.684913 9106.421882 157.025679 48.813204 10133.368289 90.000000 5.382083
159.658097 53.072800 50725.611914 159.442421 53.095208 58123.329950 159.513955 52.976793 52314.718561 90.000000 0.038228
160.799119 52.117743 12677.893260 160.703616 52.234162 14222.339690 160.644331 52.115831 13737.639142 90.000000 5.996622
157.734763 49.945173 15972.403067 157.590187 49.866736 16347.741625 157.764118 49.827146 14418.107858 90.000000 16.166284
160.111057 52.401879 23079.492591 160.309502 52.349385 19365.948711 160.282092 52.474014 21521.744613 90.000000 7.011215
160.870603 51.632308 9443.312466 160.791254 51.752388 10435.506771 160.632667 51.649142 10593.285705 90.000000 6.260641
156.444015 48.676501 12167.506869 156.423436 48.789814 13463.841650 156.266468 48.702315 13610.785120 90.000000 0.272684
159.045363 50.760156 14271.553091 158.863422 50.805533 16290.431866 158.894072 50.683332 14694.643455 90.000000 9.776343
157.437748 49.229278 11011.993192 157.298142 49.151855 11162.088520 157.474297 49.101024 9913.907281 90.000000 8.646276
160.545187 53.187860 29734.449476 160.341526 53.173959 34237.727693 160.465687 53.075390 29067.341836 90.000000 1.953041
160.424529 53.287995 34935.506455 160.216224 53.274466 40097.028064 160.341526 53.173959 34237.727693 90.000000 1.115057
158.694847 50.160529 11424.132893 158.513107 50.219570 12976.605753 158.522252 50.094815 11865.248202 90.000000 12.859656
160.742359 53.198963 25830.149593 160.861934 53.103745 22100.232913 160.919282 53.203438 22701.435753 90.000000 3.115807
158.650142 50.975122 21110.640556 158.497903 50.896696 21711.295518 158.682236 50.851664 18736.121525 90.000000 10.549987
155.874361 49.026715 24016.869524 155.704420 49.064004 28513.030033 155.741956 48.951601 24476.227039 90.000000 0.420112
160.372968 51.206737 9370.424921 160.496508 51.313337 9366.592290 160.287315 51.327091 10391.712029 90.000000 7.408780
159.073034 50.638066 12973.948170 158.894072 50.683332 14694.643455 158.922953 50.563047 13340.354979 90.000000 9.483403
158.939889 50.447868 12260.333269 158.775067 50.487814 13681.779132 158.796266 50.371645 12518.191208 90.000000 11.911885
155.620604 49.297872 39058.034777 155.440797 49.332688 46218.752474 155.483614 49.216057 39877.175073 90.000000 0.408469
160.512629 53.396207 35330.249628 160.424529 53.287995 34935.506455 160.624960 53.297687 30315.775014 90.000000 0.930420
159.332054 51.038568 14661.718694 159.493673 51.117000 14066.466381 159.305511 51.163839 16203.983900 90.000000 7.837628
157.929614 50.464561 21251.680861 157.963901 50.344015 18921.420896 158.115462 50.422408 18455.067518 90.000000 9.253856
159.257603 50.614921 11653.270379 159.073034 50.638066 12973.948170 159.118689 50.513356 11707.916457 90.000000 9.693416
160.366905 52.094294 15803.112895 160.530890 52.046822 14020.526835 160.515663 52.168563 15202.435752 90.000000 9.481707
159.839988 51.127809 11707.293417 160.051474 51.117836 10437.083101 159.986032 51.227606 11457.242502 90.000000 8.246801
160.473044 52.423691 18277.170609 160.309502 52.349385 19365.948711 160.505909 52.298697 16548.152468 90.000000 7.058576
155.741956 48.951601 24476.227039 155.704420 49.064004 28513.030033 155.574270 48.985259 28933.726287 90.000000 0.621554
160.446089 52.547460 20197.140058 160.630517 52.500171 17345.870588 160.603692 52.619092 19034.414648 90.000000 4.441578
160.389301 52.962648 28336.793145 160.184138 52.945585 32641.725298 160.307013 52.851122 27777.277081 90.000000 1.155378
157.657292 49.062356 8923.167775 157.615621 49.190308 9870.544656 157.474297 49.101024 9913.907281 90.000000 8.668748
157.796245 49.711072 13044.430031 157.625575 49.750208 14679.807086 157.658205 49.633470 13237.521972 90.000000 16.392191
156.935103 48.590113 9135.280022 157.078457 48.684913 9106.421882 156.894157 48.709960 10064.906785 90.000000 4.531144
161.537240 52.997662 13524.697953 161.358842 53.047897 15388.919527 161.373885 52.941665 14394.388940 90.000000 0.331248
157.625575 49.750208 14679.807086 157.590187 49.866736 16347.741625 157.448400 49.788818 16708.466932 90.000000 15.311596
157.827854 49.598013 11852.298819 157.658205 49.633470 13237.521972 157.695616 49.523455 11996.004977 90.000000 17.776230
160.282092 52.474014 21521.744613 160.473044 52.423691 18277.170609 160.446089 52.547460 20197.140058 90.000000 5.263626
160.620625 51.419800 9383.602603 160.526724 51.526689 10376.807722 160.403194 51.426947 10390.274253 90.000000 3.365566
158.775067 50.487814 13681.779132 158.628173 50.412568 14001.751752 158.796266 50.371645 12518.191208 90.000000 11.157260
155.974170 49.224242 27418.256413 155.797638 49.261101 32743.176921 155.836412 49.143734 28036.783807 90.000000 1.161265
160.262510 52.593647 23787.176895 160.233694 52.721585 26689.162676 160.106001 52.629177 27441.552466 90.000000 5.115753
156.010500 49.107089 23598.768640 155.836412 49.143734 28036.783807 155.874361 49.026715 24016.869524 90.000000 0.621676
157.754413 51.640416 62111.069651 157.618828 51.542068 62363.002868 157.808103 51.518279 55602.404407 90.000000 0.481779
160.720806 52.895073 21142.538256 160.892732 52.852564 18292.107921 160.891335 52.945025 19443.878935 90.000000 1.318834
159.017944 50.883528 15774.721143 158.863422 50.805533 16290.431866 159.045363 50.760156 14271.553091 90.000000 9.675490
157.025679 48.813204 10133.368289 157.222351 48.779538 9055.528263 157.178855 48.910909 10044.662252 90.000000 7.517836
158.225935 50.620945 20288.225084 158.263587 50.499804 18055.308521 158.411665 50.576708 17665.473821 90.000000 9.390617
159.524206 50.500206 9615.856657 159.648939 50.600276 9608.339889 159.447828 50.606243 10580.521623 90.000000 6.750506
156.466147 49.792208 32704.969177 156.322515 49.708363 33683.072643 156.498599 49.668084 28404.329515 90.000000 5.671269
161.015649 51.968424 10518.261024 160.863983 52.021633 11652.055591 160.829215 51.935567 11320.692003 90.000000 7.006446
161.625366 52.750182 11356.590746 161.747110 52.717995 10500.312562 161.737206 52.795683 10969.814111 90.000000 6.578566
155.620604 49.297872 39058.034777 155.483614 49.216057 39877.175073 155.661734 49.181122 33487.442119 90.000000 0.508621
159.359219 50.913059 13323.505253 159.175008 50.961020 15220.846142 159.201328 50.837640 13814.849642 90.000000 8.571116
158.614910 49.767139 9203.172876 158.732234 49.858629 9259.891955 158.557137 49.874776 10097.572465 90.000000 14.095650
157.693548 51.317684 51038.073663 157.876662 51.276630 44428.116336 157.846800 51.396316 49728.171635 90.000000 1.888145
160.889063 52.348962 13673.133285 161.051280 52.295316 12180.180647 161.059533 52.374490 12628.007400 90.000000 4.515177
155.874361 49.026715 24016.869524 155.836412 49.143734 28036.783807 155.704420 49.064004 28513.030033 90.000000 0.501842
157.754413 51.640416 62111.069651 157.546913 51.660219 69445.648612 157.618828 51.542068 62363.002868 90.000000 0.196827
160.287315 51.327091 10391.712029 160.496508 51.313337 9366.592290 160.403194 51.426947 10390.274253 90.000000 6.138080
156.809766 49.151427 14491.390533 156.774203 49.269758 16298.782015 156.635807 49.190137 16609.101989 90.000000 6.151621
158.713557 50.728171 16753.080979 158.863422 50.805533 16290.431866 158.682236 50.851664 18736.121525 90.000000 11.177361
156.480058 50.585577 61670.573798 156.265208 50.617733 70788.836525 156.344485 50.490841 62309.116973 90.000000 0.077473
160.306774 53.386107 40569.064350 160.424529 53.287995 34935.506455 160.512629 53.396207 35330.249628 90.000000 0.684350
157.303424 49.707545 17051.691246 157.481510 49.668822 14931.350417 157.448400 49.788818 16708.466932 90.000000 15.275518
158.193756 50.185689 14860.439718 158.162134 50.303257 16447.367587 158.011941 50.227074 16855.385680 90.000000 12.832452
159.532509 50.862362 11799.544635 159.359219 50.913059 13323.505253 159.389238 50.788690 12141.768548 90.000000 8.509688
156.112349 49.304551 26750.263912 155.974170 49.224242 27418.256413 156.149164 49.186874 23096.368136 90.000000 2.143618
160.104932 52.831265 31875.820655 160.014366 52.716503 31368.029933 160.233694 52.721585 26689.162676 90.000000 3.000497
158.922953 50.563047 13340.354979 158.745513 50.606739 15085.487520 158.775067 50.487814 13681.779132 90.000000 10.317425
158.530685 50.773597 19254.834689 158.561823 50.652321 17227.088455 158.713557 50.728171 16753.080979 90.000000 11.732036
155.974170 49.224242 27418.256413 155.836412 49.143734 28036.783807 156.010500 49.107089 23598.768640 90.000000 1.351065
158.498028 49.675529 9151.276870 158.614910 49.767139 9203.172876 158.434054 49.786656 10087.884243 90.000000 12.046520
159.796916 53.167262 49258.321811 159.658097 53.072800 50725.611914 159.865504 53.047765 43821.757597 90.000000 0.274975
157.668675 50.186051 19973.119624 157.522663 50.106664 20577.434870 157.706126 50.066370 17787.266629 90.000000 17.116920
160.870603 51.632308 9443.312466 160.996473 51.738349 9445.866601 160.791254 51.752388 10435.506771 90.000000 7.058468
158.796266 50.371645 12518.191208 158.656477 50.294994 12736.212666 158.832579 50.256979 11403.518289 90.000000 10.801204
158.628173 50.412568 14001.751752 158.482614 50.337226 14296.659837 158.656477 50.294994 12736.212666 90.000000 10.350163
157.401625 49.348893 12220.519297 157.576329 49.312724 10931.847377 157.548057 49.435485 12104.762282 90.000000 12.057008
157.818785 50.265860 19392.223971 157.668675 50.186051 19973.119624 157.858872 50.146995 17296.484909 90.000000 13.924281
156.178321 49.625940 34822.087353 156.214879 49.504408 30131.832532 156.355323 49.585304 29243.877175 90.000000 4.551190
159.464933 51.242037 15504.883642 159.277574 51.288899 18024.664569 159.305511 51.163839 16203.983900 90.000000 7.599049
158.656477 50.294994 12736.212666 158.513107 50.219570 12976.605753 158.694847 50.160529 11424.132893 90.000000 10.714941
160.175004 52.143553 18341.832120 160.202398 52.016552 16540.892662 160.366905 52.094294 15803.112895 90.000000 8.981813
161.402333 53.170062 16017.062447 161.251945 53.243102 18390.777913 161.218079 53.135151 17648.654847 90.000000 0.029065
156.284801 49.831538 38740.170832 156.322515 49.708363 33683.072643 156.466147 49.792208 32704.969177 90.000000 5.722648
158.225935 50.620945 20288.225084 158.077353 50.542892 20747.474463 158.263587 50.499804 18055.308521 90.000000 8.191785
156.498599 49.668084 28404.329515 156.322515 49.708363 33683.072643 156.355323 49.585304 29243.877175 90.000000 5.444012
157.269778 49.827324 19234.914145 157.303424 49.707545 17051.691246 157.448400 49.788818 16708.466932 90.000000 14.232906
160.861934 53.103745 22100.232913 160.667350 53.090496 25262.927016 160.780995 53.003790 21850.052413 90.000000 2.682317
157.858872 50.146995 17296.484909 157.668675 50.186051 19973.119624 157.706126 50.066370 17787.266629 90.000000 14.812531
156.112349 49.304551 26750.263912 155.936226 49.342266 31911.065654 155.974170 49.224242 27418.256413 90.000000 1.871866
158.513107 50.219570 12976.605753 158.370314 50.144047 13209.666227 158.522252 50.094815 11865.248202 90.000000 14.021504
158.150000 49.400000 8981.719971 158.265576 49.491959 9040.519171 158.107029 49.497467 9720.388769 90.000000 16.365442
155.917274 48.805147 18472.881492 156.075664 48.868093 17709.958639 155.905548 48.915992 20876.303939 90.000000 0.501108
158.381584 49.583802 9093.281697 158.498028 49.675529 9151.276870 158.289417 49.688762 10119.098386 90.000000 11.751981
160.366905 52.094294 15803.112895 160.390082 51.970652 14437.923310 160.530890 52.046822 14020.526835 90.000000 9.292246
159.555903 50.726823 10777.543868 159.774202 50.700207 9580.723839 159.713123 50.818768 10518.130075 90.000000 5.955465
156.322515 49.708363 33683.072643 156.178321 49.625940 34822.087353 156.355323 49.585304 29243.877175 90.000000 5.011084
158.077353 50.542892 20747.474463 157.929614 50.464561 21251.680861 158.115462 50.422408 18455.067518 90.000000 9.410926
158.370314 50.144047 13209.666227 158.384567 50.020993 12056.937037 158.522252 50.094815 11865.248202 90.000000 15.329335
155.483614 49.216057 39877.175073 155.351911 49.139159 40642.946705 155.527693 49.103521 34202.390006 90.000000 0.454347
157.078457 48.684913 9106.421882 157.222351 48.779538 9055.528263 157.025679 48.813204 10133.368289 90.000000 6.898523
157.764118 49.827146 14418.107858 157.590187 49.866736 16347.741625 157.625575 49.750208 14679.807086 90.000000 15.762010
155.896214 49.922090 54873.876539 155.750345 49.840972 57007.310324 155.939368 49.795433 48308.682277 90.000000 1.301281
159.981394 52.192489 21643.661883 160.009541 52.065106 19320.881906 160.175004 52.143553 18341.832120 90.000000 8.685726
158.370314 50.144047 13209.666227 158.225498 50.068278 13465.225717 158.384567 50.020993 12056.937037 90.000000 16.024303
156.635807 49.190137 16609.101989 156.774203 49.269758 16298.782015 156.600138 49.308130 18844.668463 90.000000 5.213486
156.432785 49.914511 37449.909830 156.284801 49.831538 38740.170832 156.466147 49.792208 32704.969177 90.000000 5.411254
158.522252 50.094815 11865.248202 158.384567 50.020993 12056.937037 158.528161 49.981209 10966.450340 90.000000 14.406733
158.656477 50.294994 12736.212666 158.482614 50.337226 14296.659837 158.513107 50.219570 12976.605753 90.000000 9.790444
158.374993 50.698733 19836.754821 158.225935 50.620945 20288.225084 158.411665 50.576708 17665.473821 90.000000 9.826641
159.652476 51.194876 13489.107582 159.659855 51.065996 12442.897195 159.839988 51.127809 11707.293417 90.000000 7.468644
156.574704 49.993766 36328.869067 156.432785 49.914511 37449.909830 156.608176 49.872332 31756.449410 90.000000 6.935702
159.648939 50.600276 9608.339889 159.774202 50.700207 9580.723839 159.555903 50.726823 10777.543868 90.000000 6.212598
159.981394 52.192489 21643.661883 160.175004 52.143553 18341.832120 160.147495 52.270600 20434.998605 90.000000 8.986263
159.017944 50.883528 15774.721143 158.834459 50.929571 18174.397975 158.863422 50.805533 16290.431866 90.000000 9.846676
156.600138 49.308130 18844.668463 156.774203 49.269758 16298.782015 156.739119 49.388331 18454.368480 90.000000 5.196574
161.737206 52.795683 10969.814111 161.867523 52.756348 10075.537386 161.864171 52.843890 10526.222681 90.000000 5.695281
155.974170 49.224242 27418.256413 155.936226 49.342266 31911.065654 155.797638 49.261101 32743.176921 90.000000 1.305579
158.384567 50.020993 12056.937037 158.225498 50.068278 13465.225717 158.244852 49.944893 12251.745777 90.000000 15.067494
158.775067 50.487814 13681.779132 158.595945 50.531577 15482.509962 158.628173 50.412568 14001.751752 90.000000 10.196445
157.160309 49.626806 17380.791794 157.193353 49.507112 15440.715860 157.334902 49.586180 15183.719598 90.000000 12.796067
158.263587 50.499804 18055.308521 158.077353 50.542892 20747.474463 158.115462 50.422408 18455.067518 90.000000 9.246727
156.323692 49.149034 19646.872300 156.287786 49.266491 22565.570726 156.149164 49.186874 23096.368136 90.000000 1.840939
159.076937 52.661542 56690.745263 159.114266 52.519826 51310.957599 159.244418 52.625891 50297.629940 90.000000 0.111952
159.277574 51.288899 18024.664569 159.089241 51.335671 21239.928330 159.118459 51.210582 18868.708037 90.000000 9.393501
160.465687 53.075390 29067.341836 160.261202 53.059944 33475.986880 160.389301 52.962648 28336.793145 90.000000 1.767901
160.526724 51.526689 10376.807722 160.745321 51.526124 9419.470563 160.632667 51.649142 10593.285705 90.000000 3.986023
156.608176 49.872332 31756.449410 156.432785 49.914511 37449.909830 156.466147 49.792208 32704.969177 90.000000 6.870967
160.037190 51.937770 17334.179359 159.844190 51.985412 20381.160785 159.873202 51.859215 18212.881378 90.000000 7.578255
160.745321 51.526124 9419.470563 160.870603 51.632308 9443.312466 160.632667 51.649142 10593.285705 90.000000 5.374981
157.529947 50.671405 33094.338145 157.714043 50.628500 28062.614367 157.680834 50.750658 31953.720951 90.000000 5.606767
157.635119 50.306538 22501.500420 157.668675 50.186051 19973.119624 157.818785 50.265860 19392.223971 90.000000 14.738714
157.782254 50.385752 21831.415009 157.818785 50.265860 19392.223971 157.963901 50.344015 18921.420896 90.000000 11.913374
157.678291 51.763705 69355.866207 157.546913 51.660219 69445.648612 157.754413 51.640416 62111.069651 90.000000 0.066889
158.045055 50.663902 23396.194717 158.077353 50.542892 20747.474463 158.225935 50.620945 20288.225084 90.000000 7.146724
159.652476 51.194876 13489.107582 159.464933 51.242037 15504.883642 159.493673 51.117000 14066.466381 90.000000 7.773154
157.481510 49.668822 14931.350417 157.625575 49.750208 14679.807086 157.448400 49.788818 16708.466932 90.000000 15.631092
157.734763 49.945173 15972.403067 157.764118 49.827146 14418.107858 157.905044 49.903615 14135.202657 90.000000 16.110063
156.462046 49.228545 19247.362338 156.287786 49.266491 22565.570726 156.323692 49.149034 19646.872300 90.000000 2.115759
159.221212 50.718875 12665.062581 159.073034 50.638066 12973.948170 159.257603 50.614921 11653.270379 90.000000 8.240477
158.836464 51.633573 33036.633471 158.675614 51.552421 34545.974633 158.869616 51.507462 28863.041004 90.000000 4.304107
158.922953 50.563047 13340.354979 158.894072 50.683332 14694.643455 158.745513 50.606739 15085.487520 90.000000 10.167117
156.774203 49.269758 16298.782015 156.913474 49.349486 15996.427726 156.739119 49.388331 18454.368480 90.000000 6.220009
156.564804 48.870419 13320.531718 156.389539 48.910861 15189.063698 156.423436 48.789814 13463.841650 90.000000 1.439667
161.051280 52.295316 12180.180647 161.220909 52.276378 11036.924804 161.161555 52.345306 11781.501712 90.000000 5.509252
157.193353 49.507112 15440.715860 157.227582 49.388476 13790.634025 157.369968 49.469818 13605.283897 90.000000 12.263499
158.628173 50.412568 14001.751752 158.447653 50.456365 15847.726994 158.482614 50.337226 14296.659837 90.000000 10.291041
159.815468 52.113652 22946.576699 159.844190 51.985412 20381.160785 160.009541 52.065106 19320.881906 90.000000 8.229182
159.624295 51.320145 14817.303336 159.464933 51.242037 15504.883642 159.652476 51.194876 13489.107582 90.000000 8.086260
159.808828 51.272442 12939.367377 159.652476 51.194876 13489.107582 159.839988 51.127809 11707.293417 90.000000 7.404637
161.537240 52.997662 13524.697953 161.373885 52.941665 14394.388940 161.509582 52.891099 12992.253859 90.000000 0.773042
159.652476 51.194876 13489.107582 159.493673 51.117000 14066.466381 159.659855 51.065996 12442.897195 90.000000 7.935075
159.815468 52.113652 22946.576699 160.009541 52.065106 19320.881906 159.981394 52.192489 21643.661883 90.000000 8.221666
156.564804 48.870419 13320.531718 156.529882 48.991506 14984.638391 156.389539 48.910861 15189.063698 90.000000 2.144987
157.377386 50.026872 21206.896972 157.412679 49.907020 18772.694406 157.556318 49.986078 18295.585562 90.000000 16.731021
156.287786 49.266491 22565.570726 156.112349 49.304551 26750.263912 156.149164 49.186874 23096.368136 90.000000 2.229238
160.175004 52.143553 18341.832120 160.009541 52.065106 19320.881906 160.202398 52.016552 16540.892662 90.000000 8.696524
157.233460 49.947106 21827.493747 157.269778 49.827324 19234.914145 157.412679 49.907020 18772.694406 90.000000 14.995370
158.775067 50.487814 13681.779132 158.745513 50.606739 15085.487520 158.595945 50.531577 15482.509962 90.000000 10.474217
156.010500 49.107089 23598.768640 155.874361 49.026715 24016.869524 156.044077 48.988042 20379.352944 90.000000 0.557415
157.896118 50.585506 24000.483824 157.929614 50.464561 21251.680861 158.077353 50.542892 20747.474463 90.000000 8.384191
159.954054 52.319725 24318.948148 160.147495 52.270600 20434.998605 160.111057 52.401879 23079.492591 90.000000 7.912587
156.389539 48.910861 15189.063698 156.529882 48.991506 14984.638391 156.355602 49.030456 17234.857123 90.000000 1.147034
157.488423 50.227286 23261.528540 157.522663 50.106664 20577.434870 157.668675 50.186051 19973.119624 90.000000 18.038679
160.507705 52.876524 24344.260905 160.389301 52.962648 28336.793145 160.307013 52.851122 27777.277081 90.000000 1.504637
159.739995 52.577052 34693.287110 159.661187 52.457788 33665.373163 159.896232 52.463452 28348.329897 90.000000 4.321997
157.494614 50.795448 37759.182837 157.529947 50.671405 33094.338145 157.680834 50.750658 31953.720951 90.000000 4.394576
159.305511 51.163839 16203.983900 159.277574 51.288899 18024.664569 159.118459 51.210582 18868.708037 90.000000 8.820210
160.366905 52.094294 15803.112895 160.202398 52.016552 16540.892662 160.390082 51.970652 14437.923310 90.000000 8.718245
159.017944 50.883528 15774.721143 159.045363 50.760156 14271.553091 159.201328 50.837640 13814.849642 90.000000 9.462645
157.590187 49.866736 16347.741625 157.412679 49.907020 18772.694406 157.448400 49.788818 16708.466932 90.000000 14.694213
161.213540 52.877300 15234.483454 161.213652 52.778788 14409.326387 161.362882 52.836087 13675.979379 90.000000 2.688275
158.194154 50.741938 22853.637408 158.225935 50.620945 20288.225084 158.374993 50.698733 19836.754821 90.000000 8.122658
156.529882 48.991506 14984.638391 156.671096 49.071367 14734.274527 156.496202 49.110225 16926.640299 90.000000 3.586677
158.153795 51.950530 62677.442447 158.366554 51.956165 56905.691854 158.267747 52.065775 63676.421156 90.000000 0.123136
156.395335 50.038568 42787.994393 156.432785 49.914511 37449.909830 156.574704 49.993766 36328.869067 90.000000 5.309624
157.460814 50.920372 42918.991223 157.494614 50.795448 37759.182837 157.648475 50.874864 36419.528254 90.000000 2.836894
159.650323 52.034249 24368.380213 159.844190 51.985412 20381.160785 159.815468 52.113652 22946.576699 90.000000 7.363460
157.089470 49.867059 22438.387886 157.125678 49.746852 19691.881860 157.269778 49.827324 19234.914145 90.000000 17.016178
156.706332 48.950977 13139.699902 156.671096 49.071367 14734.274527 156.529882 48.991506 14984.638391 90.000000 3.930326
160.496508 51.313337 9366.592290 160.620625 51.419800 9383.602603 160.403194 51.426947 10390.274253 90.000000 4.464990
156.635807 49.190137 16609.101989 156.600138 49.308130 18844.668463 156.462046 49.228545 19247.362338 90.000000 3.991262
156.563842 49.425762 21516.657453 156.600138 49.308130 18844.668463 156.739119 49.388331 18454.368480 90.000000 4.311774
158.836464 51.633573 33036.633471 158.643085 51.679561 39408.721300 158.675614 51.552421 34545.974633 90.000000 3.740556
157.796245 49.711072 13044.430031 157.960528 49.672198 11695.618459 157.936578 49.786790 12812.156771 90.000000 15.847678
159.436589 51.367474 17186.662890 159.277574 51.288899 18024.664569 159.464933 51.242037 15504.883642 90.000000 7.838690
156.093687 50.295278 62916.008241 155.974796 50.191982 63011.484392 156.160777 50.184318 55881.748376 90.000000 0.774728
159.624295 51.320145 14817.303336 159.652476 51.194876 13489.107582 159.808828 51.272442 12939.367377 90.000000 8.007715
161.054735 52.820017 16196.557477 161.213652 52.778788 14409.326387 161.213540 52.877300 15234.483454 90.000000 2.473705
159.650323 52.034249 24368.380213 159.678386 51.906152 21587.738359 159.844190 51.985412 20381.160785 90.000000 6.793700
159.659855 51.065996 12442.897195 159.493673 51.117000 14066.466381 159.513514 50.990680 12869.400512 90.000000 8.342359
156.355323 49.585304 29243.877175 156.214879 49.504408 30131.832532 156.389225 49.463290 25333.998194 90.000000 4.334733
156.246342 49.955289 44258.839312 156.284801 49.831538 38740.170832 156.432785 49.914511 37449.909830 90.000000 3.850076
157.366786 48.873989 8999.681177 157.511765 48.968262 8953.764359 157.330824 49.012777 9994.335921 90.000000 8.370304
157.262494 49.270193 12379.376489 157.401625 49.348893 12220.519297 157.227582 49.388476 13790.634025 90.000000 10.822948
160.066151 51.811163 15628.431513 160.037190 51.937770 17334.179359 159.873202 51.859215 18212.881378 90.000000 6.636171
157.412679 49.907020 18772.694406 157.269778 49.827324 19234.914145 157.448400 49.788818 16708.466932 90.000000 14.523305
158.370314 50.144047 13209.666227 158.193756 50.185689 14860.439718 158.225498 50.068278 13465.225717 90.000000 15.880140
156.975828 50.228878 33679.879395 156.835550 50.151262 34770.007505 157.015402 50.108385 29398.793214 90.000000 11.130107
160.603692 52.619092 19034.414648 160.597322 52.724636 20506.665433 160.427628 52.662593 22155.147871 90.000000 3.915303
159.248181 51.414572 20213.663494 159.089241 51.335671 21239.928330 159.277574 51.288899 18024.664569 90.000000 8.898967
160.282092 52.474014 21521.744613 160.446089 52.547460 20197.140058 160.262510 52.593647 23787.176895 90.000000 5.688236
157.648475 50.874864 36419.528254 157.494614 50.795448 37759.182837 157.680834 50.750658 31953.720951 90.000000 4.080607
160.216224 53.274466 40097.028064 160.094594 53.384930 46593.232091 159.988384 53.258254 46142.940713 90.000000 0.243477
159.045363 50.760156 14271.553091 159.073034 50.638066 12973.948170 159.221212 50.718875 12665.062581 90.000000 8.104633
158.464829 51.019993 24648.670514 158.618369 51.098999 23941.931268 158.432269 51.143842 28114.412422 90.000000 8.192057
161.537240 52.997662 13524.697953 161.561315 53.102748 14076.935368 161.358842 53.047897 15388.919527 90.000000 0.277594
158.557137 49.874776 10097.572465 158.732234 49.858629 9259.891955 158.672943 49.964591 10153.629627 90.000000 14.897753
159.513514 50.990680 12869.400512 159.493673 51.117000 14066.466381 159.332054 51.038568 14661.718694 90.000000 8.124292
159.436589 51.367474 17186.662890 159.464933 51.242037 15504.883642 159.624295 51.320145 14817.303336 90.000000 7.924515
159.066718 52.175425 42599.449978 159.099467 52.050115 37939.012390 159.266230 52.134861 35580.679664 90.000000 4.651775
158.513107 50.219570 12976.605753 158.339760 50.261472 14561.717345 158.370314 50.144047 13209.666227 90.000000 14.308251
159.981394 52.192489 21643.661883 160.147495 52.270600 20434.998605 159.954054 52.319725 24318.948148 90.000000 8.284018
159.045363 50.760156 14271.553091 159.221212 50.718875 12665.062581 159.201328 50.837640 13814.849642 90.000000 8.507080
159.400000 50.400000 9602.576256 159.524206 50.500206 9615.856657 159.329502 50.505682 10538.123118 90.000000 11.916964
159.570089 51.571338 18161.795135 159.380115 51.619490 21546.439995 159.407919 51.493222 19183.501675 90.000000 10.336741
157.635119 50.306538 22501.500420 157.818785 50.265860 19392.223971 157.782254 50.385752 21831.415009 90.000000 12.829671
159.981394 52.192489 21643.661883 159.954054 52.319725 24318.948148 159.789077 52.246407 25959.481191 90.000000 8.022815
156.134077 49.747747 40231.878936 156.178321 49.625940 34822.087353 156.322515 49.708363 33683.072643 90.000000 4.642370
161.388044 52.641743 12159.508915 161.237315 52.679213 13461.867879 161.262509 52.582627 12608.554894 90.000000 5.506987
156.792285 48.495142 9131.102553 156.935103 48.590113 9135.280022 156.745832 48.611361 10071.955058 90.000000 2.457643
160.620625 51.419800 9383.602603 160.745321 51.526124 9419.470563 160.526724 51.526689 10376.807722 90.000000 3.298195
157.262494 49.270193 12379.376489 157.227582 49.388476 13790.634025 157.088008 49.310083 14009.218369 90.000000 10.537801
159.815468 52.113652 22946.576699 159.981394 52.192489 21643.661883 159.789077 52.246407 25959.481191 90.000000 7.568097
157.488423 50.227286 23261.528540 157.668675 50.186051 19973.119624 157.635119 50.306538 22501.500420 90.000000 15.902878
159.066718 52.175425 42599.449978 159.266230 52.134861 35580.679664 159.235110 52.259761 39955.165790 90.000000 4.817619
159.620308 52.162515 27612.451446 159.815468 52.113652 22946.576699 159.789077 52.246407 25959.481191 90.000000 7.991903
159.650323 52.034249 24368.380213 159.815468 52.113652 22946.576699 159.620308 52.162515 27612.451446 90.000000 7.755668
159.147213 51.085631 16887.016703 159.305511 51.163839 16203.983900 159.118459 51.210582 18868.708037 90.000000 9.310862
158.628173 50.412568 14001.751752 158.595945 50.531577 15482.509962 158.447653 50.456365 15847.726994 90.000000 9.782954
157.377386 50.026872 21206.896972 157.556318 49.986078 18295.585562 157.522663 50.106664 20577.434870 90.000000 17.744933
158.804129 51.053577 20430.010696 158.650142 50.975122 21110.640556 158.834459 50.929571 18174.397975 90.000000 10.046147
157.896118 50.585506 24000.483824 158.077353 50.542892 20747.474463 158.045055 50.663902 23396.194717 90.000000 7.822174
157.782254 50.385752 21831.415009 157.963901 50.344015 18921.420896 157.929614 50.464561 21251.680861 90.000000 10.331277
157.159912 50.188272 28419.161586 156.975828 50.228878 33679.879395 157.015402 50.108385 29398.793214 90.000000 12.176904
156.975828 50.228878 33679.879395 156.791542 50.272775 39845.073897 156.835550 50.151262 34770.007505 90.000000 8.105091
157.088008 49.310083 14009.218369 157.053163 49.428330 15706.858545 156.913474 49.349486 15996.427726 90.000000 8.563687
157.564667 50.548396 29012.290908 157.379454 50.589929 34328.072845 157.416353 50.467883 30077.099680 90.000000 4.634435
158.989301 51.007645 17556.580409 158.834459 50.929571 18174.397975 159.017944 50.883528 15774.721143 90.000000 10.151785
159.248181 51.414572 20213.663494 159.277574 51.288899 18024.664569 159.436589 51.367474 17186.662890 90.000000 7.686399
158.935361 51.969246 40374.427596 158.966359 51.841229 35660.775730 159.129473 51.921612 33513.070430 90.000000 4.886845
158.045055 50.663902 23396.194717 158.225935 50.620945 20288.225084 158.194154 50.741938 22853.637408 90.000000 6.947908
159.542098 51.698446 20334.959746 159.380115 51.619490 21546.439995 159.570089 51.571338 18161.795135 90.000000 8.158005
158.989301 51.007645 17556.580409 159.017944 50.883528 15774.721143 159.175008 50.961020 15220.846142 90.000000 9.510012
159.099467 52.050115 37939.012390 158.935361 51.969246 40374.427596 159.129473 51.921612 33513.070430 90.000000 4.957867
156.948445 49.231225 14251.005382 156.913474 49.349486 15996.427726 156.774203 49.269758 16298.782015 90.000000 6.824634
158.900743 51.381993 25270.391976 158.930743 51.256841 22227.494483 159.089241 51.335671 21239.928330 90.000000 9.206529
158.903725 52.097669 45331.560901 158.935361 51.969246 40374.427596 159.099467 52.050115 37939.012390 90.000000 4.037476
157.233460 49.947106 21827.493747 157.412679 49.907020 18772.694406 157.377386 50.026872 21206.896972 90.000000 14.752780
157.089470 49.867059 22438.387886 157.269778 49.827324 19234.914145 157.233460 49.947106 21827.493747 90.000000 16.434453
158.743062 51.302755 26359.510073 158.773855 51.177916 23133.558096 158.930743 51.256841 22227.494483 90.000000 10.116674
158.244852 49.944893 12251.745777 158.225498 50.068278 13465.225717 158.080388 49.989979 13718.396562 90.000000 13.487837
159.089241 51.335671 21239.928330 158.930743 51.256841 22227.494483 159.118459 51.210582 18868.708037 90.000000 10.125519
156.462046 49.228545 19247.362338 156.425652 49.345968 22035.078318 156.287786 49.266491 22565.570726 90.000000 2.398418
158.930743 51.256841 22227.494483 158.960478 51.132084 19676.579317 159.118459 51.210582 18868.708037 90.000000 10.500405
156.395335 50.038568 42787.994393 156.574704 49.993766 36328.869067 156.526003 50.119284 41899.670467 90.000000 5.126926
156.287786 49.266491 22565.570726 156.250848 49.384619 26056.866981 156.112349 49.304551 26750.263912 90.000000 2.094707
159.175008 50.961020 15220.846142 159.017944 50.883528 15774.721143 159.201328 50.837640 13814.849642 90.000000 8.262334
158.643085 51.679561 39408.721300 158.804138 51.760591 37672.636596 158.610691 51.807059 44606.662040 90.000000 2.832390
157.960528 49.672198 11695.618459 157.992535 49.560177 10672.490175 158.112762 49.623300 10522.488766 90.000000 17.054710
158.903725 52.097669 45331.560901 159.099467 52.050115 37939.012390 159.066718 52.175425 42599.449978 90.000000 3.870849
158.804129 51.053577 20430.010696 158.834459 50.929571 18174.397975 158.989301 51.007645 17556.580409 90.000000 10.869507
158.834459 50.929571 18174.397975 158.650142 50.975122 21110.640556 158.682236 50.851664 18736.121525 90.000000 10.000894
157.159912 50.188272 28419.161586 157.015402 50.108385 29398.793214 157.197895 50.067611 24858.689237 90.000000 14.296185
158.930743 51.256841 22227.494483 158.773855 51.177916 23133.558096 158.960478 51.132084 19676.579317 90.000000 10.790624
160.257270 51.762272 13614.997491 160.066151 51.811163 15628.431513 160.090794 51.684936 14199.579551 90.000000 6.134615
158.960478 51.132084 19676.579317 159.147213 51.085631 16887.016703 159.118459 51.210582 18868.708037 90.000000 10.223852
156.246342 49.955289 44258.839312 156.432785 49.914511 37449.909830 156.395335 50.038568 42787.994393 90.000000 4.097770
158.989301 51.007645 17556.580409 159.175008 50.961020 15220.846142 159.147213 51.085631 16887.016703 90.000000 9.630611
155.797638 49.261101 32743.176921 155.759544 49.379968 38086.593915 155.620604 49.297872 39058.034777 90.000000 1.277077
156.498599 49.668084 28404.329515 156.355323 49.585304 29243.877175 156.530214 49.545104 24675.721238 90.000000 5.594040
159.059216 51.461264 24079.570808 159.089241 51.335671 21239.928330 159.248181 51.414572 20213.663494 90.000000 9.558490
159.514084 51.825962 22910.700260 159.678386 51.906152 21587.738359 159.485634 51.954095 25939.230572 90.000000 6.683020
159.485634 51.954095 25939.230572 159.678386 51.906152 21587.738359 159.650323 52.034249 24368.380213 90.000000 6.587288
155.483614 49.216057 39877.175073 155.527693 49.103521 34202.390006 155.661734 49.181122 33487.442119 90.000000 0.484637
160.109179 51.556392 12981.093035 160.090794 51.684936 14199.579551 159.922933 51.604296 14850.941768 90.000000 6.122124
158.194154 50.741938 22853.637408 158.374993 50.698733 19836.754821 158.345407 50.819220 22295.616308 90.000000 9.602514
160.132831 51.000121 9437.433487 160.250000 51.100000 9396.460533 160.051474 51.117836 10437.083101 90.000000 8.861109
157.564667 50.548396 29012.290908 157.416353 50.467883 30077.099680 157.601030 50.427319 25484.837876 90.000000 7.032489
158.900743 51.381993 25270.391976 159.089241 51.335671 21239.928330 159.059216 51.461264 24079.570808 90.000000 8.418392
158.771828 51.888119 42664.358463 158.739322 52.016254 47866.504312 158.577467 51.934814 50015.424340 90.000000 3.149524
158.586316 51.223365 27315.483125 158.554029 51.347986 31249.451262 158.398402 51.268322 32174.232175 90.000000 5.634772
160.009541 52.065106 19320.881906 159.844190 51.985412 20381.160785 160.037190 51.937770 17334.179359 90.000000 8.548133
158.804138 51.760591 37672.636596 158.771828 51.888119 42664.358463 158.610691 51.807059 44606.662040 90.000000 3.375622
159.189068 51.666836 25901.708205 159.218798 51.540484 22820.471901 159.380115 51.619490 21546.439995 90.000000 8.759534
159.028440 51.587270 27436.607941 158.997269 51.713807 31316.509385 158.836464 51.633573 33036.633471 90.000000 6.955329
160.965363 53.017241 19393.720000 160.861934 53.103745 22100.232913 160.780995 53.003790 21850.052413 90.000000 1.922377
158.618369 51.098999 23941.931268 158.586316 51.223365 27315.483125 158.432269 51.143842 28114.412422 90.000000 7.484422
158.836464 51.633573 33036.633471 158.804138 51.760591 37672.636596 158.643085 51.679561 39408.721300 90.000000 3.370190
158.903725 52.097669 45331.560901 159.066718 52.175425 42599.449978 158.882011 52.220701 49866.815314 90.000000 3.705419
159.661187 52.457788 33665.373163 159.454951 52.441674 38718.530386 159.588100 52.328542 32241.828336 90.000000 4.408889
160.184138 52.945585 32641.725298 159.971601 52.938027 37896.782319 160.104932 52.831265 31875.820655 90.000000 0.936708
158.743062 51.302755 26359.510073 158.930743 51.256841 22227.494483 158.900743 51.381993 25270.391976 90.000000 8.162249
159.739995 52.577052 34693.287110 159.534419 52.557674 39682.789324 159.661187 52.457788 33665.373163 90.000000 2.839666
159.814976 52.697286 35832.037085 159.613820 52.676575 40727.154967 159.739995 52.577052 34693.287110 90.000000 1.745529
160.111057 52.401879 23079.492591 160.282092 52.474014 21521.744613 160.093849 52.528265 25682.579639 90.000000 7.166727
158.577467 51.934814 50015.424340 158.521030 52.054229 55855.550117 158.366554 51.956165 56905.691854 90.000000 2.511027
161.250000 51.950000 9325.042725 161.361739 52.050172 9257.092546 161.168927 52.075813 10284.978095 90.000000 9.279630
158.739322 52.016254 47866.504312 158.935361 51.969246 40374.427596 158.903725 52.097669 45331.560901 90.000000 3.562564
156.134077 49.747747 40231.878936 156.322515 49.708363 33683.072643 156.284801 49.831538 38740.170832 90.000000 4.422776
156.809766 49.151427 14491.390533 156.635807 49.190137 16609.101989 156.671096 49.071367 14734.274527 90.000000 5.242325
160.780995 53.003790 21850.052413 160.667350 53.090496 25262.927016 160.593687 52.979847 24624.403663 90.000000 2.305148
160.465687 53.075390 29067.341836 160.341526 53.173959 34237.727693 160.261202 53.059944 33475.986880 90.000000 1.681709
158.513107 50.219570 12976.605753 158.482614 50.337226 14296.659837 158.339760 50.261472 14561.717345 90.000000 11.438102
158.804129 51.053577 20430.010696 158.989301 51.007645 17556.580409 158.960478 51.132084 19676.579317 90.000000 11.021913
156.635807 49.190137 16609.101989 156.462046 49.228545 19247.362338 156.496202 49.110225 16926.640299 90.000000 3.529698
156.584548 48.747313 11985.257080 156.423436 48.789814 13463.841650 156.444015 48.676501 12167.506869 90.000000 0.765070
160.257270 51.762272 13614.997491 160.090794 51.684936 14199.579551 160.275764 51.639607 12508.439268 90.000000 6.135626
159.129473 51.921612 33513.070430 158.966359 51.841229 35660.775730 159.158996 51.793768 29482.157841 90.000000 5.744971
159.514084 51.825962 22910.700260 159.706933 51.778911 19218.495295 159.678386 51.906152 21587.738359 90.000000 5.851579
158.398402 51.268322 32174.232175 158.364291 51.393419 36787.779860 158.210189 51.312699 37628.665582 90.000000 4.092337
158.312891 50.941538 25284.644708 158.345407 50.819220 22295.616308 158.497903 50.896696 21711.295518 90.000000 10.109486
160.093849 52.528265 25682.579639 160.282092 52.474014 21521.744613 160.262510 52.593647 23787.176895 90.000000 6.800377
159.189068 51.666836 25901.708205 159.380115 51.619490 21546.439995 159.350949 51.746303 24367.618993 90.000000 8.741853
160.016165 50.900121 9484.093986 160.132831 51.000121 9437.433487 159.944282 51.010697 10405.880787 90.000000 5.837952
157.416353 50.467883 30077.099680 157.379454 50.589929 34328.072845 157.229749 50.508338 35665.783024 90.000000 4.571256
158.577467 51.934814 50015.424340 158.739322 52.016254 47866.504312 158.521030 52.054229 55855.550117 90.000000 3.133283
159.246618 52.422563 44292.941992 159.114266 52.519826 51310.957599 159.036710 52.398427 50221.696903 90.000000 1.569725
157.088008 49.310083 14009.218369 157.227582 49.388476 13790.634025 157.053163 49.428330 15706.858545 90.000000 10.917179
157.366786 48.873989 8999.681177 157.330824 49.012777 9994.335921 157.178855 48.910909 10044.662252 90.000000 8.556423
156.671096 49.071367 14734.274527 156.635807 49.190137 16609.101989 156.496202 49.110225 16926.640299 90.000000 3.969079
160.446089 52.547460 20197.140058 160.603692 52.619092 19034.414648 160.427628 52.662593 22155.147871 90.000000 4.327445
158.771828 51.888119 42664.358463 158.935361 51.969246 40374.427596 158.739322 52.016254 47866.504312 90.000000 3.364916
158.370314 50.144047 13209.666227 158.339760 50.261472 14561.717345 158.193756 50.185689 14860.439718 90.000000 14.400344
158.989301 51.007645 17556.580409 159.147213 51.085631 16887.016703 158.960478 51.132084 19676.579317 90.000000 10.121030
158.103734 51.694962 54283.499736 158.298697 51.646632 47294.973692 158.269307 51.769867 52687.057715 90.000000 1.422910
158.836464 51.633573 33036.633471 158.997269 51.713807 31316.509385 158.804138 51.760591 37672.636596 90.000000 5.692885
156.462046 49.228545 19247.362338 156.323692 49.149034 19646.872300 156.496202 49.110225 16926.640299 90.000000 2.068730
158.771828 51.888119 42664.358463 158.966359 51.841229 35660.775730 158.935361 51.969246 40374.427596 90.000000 4.314900
159.059216 51.461264 24079.570808 159.248181 51.414572 20213.663494 159.218798 51.540484 22820.471901 90.000000 9.694900
159.661187 52.457788 33665.373163 159.534419 52.557674 39682.789324 159.454951 52.441674 38718.530386 90.000000 2.911266
157.227582 49.388476 13790.634025 157.401625 49.348893 12220.519297 157.369968 49.469818 13605.283897 90.000000 11.895273
158.869616 51.507462 28863.041004 158.675614 51.552421 34545.974633 158.711554 51.427724 30142.522779 90.000000 5.261514
160.257270 51.762272 13614.997491 160.229324 51.890104 14988.253271 160.066151 51.811163 15628.431513 90.000000 6.681508
157.017877 49.547063 17729.184915 157.193353 49.507112 15440.715860 157.160309 49.626806 17380.791794 90.000000 11.728746
159.028440 51.587270 27436.607941 159.189068 51.666836 25901.708205 158.997269 51.713807 31316.509385 90.000000 7.334032
156.948445 49.231225 14251.005382 156.774203 49.269758 16298.782015 156.809766 49.151427 14491.390533 90.000000 7.377127
159.678386 51.906152 21587.738359 159.706933 51.778911 19218.495295 159.873202 51.859215 18212.881378 90.000000 6.428420
158.773855 51.177916 23133.558096 158.804129 51.053577 20430.010696 158.960478 51.132084 19676.579317 90.000000 10.655771
157.053163 49.428330 15706.858545 157.227582 49.388476 13790.634025 157.193353 49.507112 15440.715860 90.000000 12.055192
159.028440 51.587270 27436.607941 159.218798 51.540484 22820.471901 159.189068 51.666836 25901.708205 90.000000 8.438395
159.248181 51.414572 20213.663494 159.436589 51.367474 17186.662890 159.407919 51.493222 19183.501675 90.000000 9.106636
158.210189 51.312699 37628.665582 158.176474 51.436769 42711.593490 158.028026 51.354799 43418.940252 90.000000 3.936268
160.104932 52.831265 31875.820655 159.890933 52.820516 37005.042643 160.014366 52.716503 31368.029933 90.000000 1.299731
159.293452 52.003044 31409.629256 159.485634 51.954095 25939.230572 159.459370 52.087089 29462.968709 90.000000 7.819376
159.350949 51.746303 24367.618993 159.380115 51.619490 21546.439995 159.542098 51.698446 20334.959746 90.000000 7.886549
157.401625 49.348893 12220.519297 157.548057 49.435485 12104.762282 157.369968 49.469818 13605.283897 90.000000 11.948448
159.844190 51.985412 20381.160785 159.678386 51.906152 21587.738359 159.873202 51.859215 18212.881378 90.000000 7.258713
159.624295 51.320145 14817.303336 159.808828 51.272442 12939.367377 159.783858 51.397932 14154.212274 90.000000 7.972012
157.342157 50.147703 24068.214236 157.522663 50.106664 20577.434870 157.488423 50.227286 23261.528540 90.000000 17.972249
158.143359 51.564280 48240.438206 158.331664 51.519413 41849.362232 158.298697 51.646632 47294.973692 90.000000 2.472307
158.804138 51.760591 37672.636596 158.966359 51.841229 35660.775730 158.771828 51.888119 42664.358463 90.000000 4.354904
155.574270 48.985259 28933.726287 155.409168 49.034149 34759.743496 155.445645 48.962374 31194.457598 90.000000 0.875037
158.804138 51.760591 37672.636596 158.997269 51.713807 31316.509385 158.966359 51.841229 35660.775730 90.000000 5.133340
159.350949 51.746303 24367.618993 159.542098 51.698446 20334.959746 159.514084 51.825962 22910.700260 90.000000 6.910005
158.850000 49.950000 9319.036484 158.959176 50.040211 9384.052207 158.784160 50.055525 10238.272326 90.000000 13.347883
158.618369 51.098999 23941.931268 158.650142 50.975122 21110.640556 158.804129 51.053577 20430.010696 90.000000 9.932243
158.959176 50.040211 9384.052207 159.068761 50.130317 9459.461882 158.889436 50.145796 10340.082846 90.000000 14.334004
159.068761 50.130317 9459.461882 159.178759 50.220318 9518.955799 159.005052 50.235007 10376.522995 90.000000 17.281844
159.178759 50.220318 9518.955799 159.289171 50.310213 9565.067932 159.119190 50.323047 10400.394762 90.000000 17.462367
159.289171 50.310213 9565.067932 159.400000 50.400000 9602.576256 159.222837 50.416463 10495.630431 90.000000 14.371597
156.981913 49.666536 20150.627531 157.160309 49.626806 17380.791794 157.125678 49.746852 19691.881860 90.000000 16.190669
156.112349 49.304551 26750.263912 156.074745 49.423288 31042.357354 155.936226 49.342266 31911.065654 90.000000 2.287774
159.514084 51.825962 22910.700260 159.542098 51.698446 20334.959746 159.706933 51.778911 19218.495295 90.000000 5.453473
158.903725 52.097669 45331.560901 158.882011 52.220701 49866.815314 158.676438 52.153000 54349.297214 90.000000 3.495968
158.398402 51.268322 32174.232175 158.554029 51.347986 31249.451262 158.364291 51.393419 36787.779860 90.000000 3.815263
158.656477 50.294994 12736.212666 158.694847 50.160529 11424.132893 158.832579 50.256979 11403.518289 90.000000 10.657680
158.618369 51.098999 23941.931268 158.804129 51.053577 20430.010696 158.773855 51.177916 23133.558096 90.000000 10.588832
159.059216 51.461264 24079.570808 159.218798 51.540484 22820.471901 159.028440 51.587270 27436.607941 90.000000 8.743862
158.739322 52.016254 47866.504312 158.903725 52.097669 45331.560901 158.676438 52.153000 54349.297214 90.000000 3.212985
156.948028 49.787052 23002.211230 157.125678 49.746852 19691.881860 157.089470 49.867059 22438.387886 90.000000 16.805660
159.555903 50.726823 10777.543868 159.389238 50.788690 12141.768548 159.370019 50.695035 11579.581825 90.000000 8.261611
159.783858 51.397932 14154.212274 159.808828 51.272442 12939.367377 159.963063 51.352947 12454.393378 90.000000 7.444509
159.266230 52.134861 35580.679664 159.293452 52.003044 31409.629256 159.459370 52.087089 29462.968709 90.000000 6.707609
158.176474 51.436769 42711.593490 158.364291 51.393419 36787.779860 158.331664 51.519413 41849.362232 90.000000 3.587071
158.586316 51.223365 27315.483125 158.398402 51.268322 32174.232175 158.432269 51.143842 28114.412422 90.000000 5.713383
158.586316 51.223365 27315.483125 158.773855 51.177916 23133.558096 158.743062 51.302755 26359.510073 90.000000 8.783311
156.746861 50.400481 45625.527464 156.938249 50.351533 38466.730671 156.897196 50.483466 44147.411964 90.000000 3.206807
160.799119 52.117743 12677.893260 160.916318 52.222460 12603.349230 160.703616 52.234162 14222.339690 90.000000 5.977123
155.620604 49.297872 39058.034777 155.579028 49.417056 45268.355847 155.440797 49.332688 46218.752474 90.000000 0.396836
160.390082 51.970652 14437.923310 160.229324 51.890104 14988.253271 160.418633 51.841386 13142.053289 90.000000 6.987223
159.944754 51.476293 13538.626783 159.963063 51.352947 12454.393378 160.160435 51.425871 11699.126816 90.000000 6.803257
158.863422 50.805533 16290.431866 158.834459 50.929571 18174.397975 158.682236 50.851664 18736.121525 90.000000 10.041991
159.739995 52.577052 34693.287110 159.613820 52.676575 40727.154967 159.534419 52.557674 39682.789324 90.000000 1.439419
159.900000 50.800000 9525.533676 160.016165 50.900121 9484.093986 159.836517 50.912394 10417.610610 90.000000 4.441753
156.703172 49.505801 21019.548360 156.739119 49.388331 18454.368480 156.878340 49.467693 18076.712610 90.000000 6.241873
157.748006 50.506647 24692.650409 157.929614 50.464561 21251.680861 157.896118 50.585506 24000.483824 90.000000 9.822273
159.189068 51.666836 25901.708205 159.350949 51.746303 24367.618993 159.158996 51.793768 29482.157841 90.000000 7.127998
159.944754 51.476293 13538.626783 160.160435 51.425871 11699.126816 160.109179 51.556392 12981.093035 90.000000 5.370104
158.103734 51.694962 54283.499736 158.269307 51.769867 52687.057715 158.064776 51.834052 60731.424001 90.000000 0.676789
160.216224 53.274466 40097.028064 159.988384 53.258254 46142.940713 160.139693 53.157280 39087.871243 90.000000 0.633581
156.010500 49.107089 23598.768640 156.044077 48.988042 20379.352944 156.183276 49.069061 20045.553159 90.000000 1.054951
158.771828 51.888119 42664.358463 158.577467 51.934814 50015.424340 158.610691 51.807059 44606.662040 90.000000 3.158571
158.894072 50.683332 14694.643455 158.863422 50.805533 16290.431866 158.713557 50.728171 16753.080979 90.000000 10.767469
158.900743 51.381993 25270.391976 159.059216 51.461264 24079.570808 158.869616 51.507462 28863.041004 90.000000 7.033155
156.355602 49.030456 17234.857123 156.183276 49.069061 20045.553159 156.216288 48.949520 17482.964704 90.000000 0.282743
160.390082 51.970652 14437.923310 160.202398 52.016552 16540.892662 160.229324 51.890104 14988.253271 90.000000 8.149510
157.299929 50.837636 44668.762156 157.494614 50.795448 37759.182837 157.460814 50.920372 42918.991223 90.000000 2.555253
158.586316 51.223365 27315.483125 158.743062 51.302755 26359.510073 158.554029 51.347986 31249.451262 90.000000 6.587101
158.618369 51.098999 23941.931268 158.773855 51.177916 23133.558096 158.586316 51.223365 27315.483125 90.000000 8.545738
158.997269 51.713807 31316.509385 159.189068 51.666836 25901.708205 159.158996 51.793768 29482.157841 90.000000 6.070338
158.162018 50.863177 25893.302365 158.345407 50.819220 22295.616308 158.312891 50.941538 25284.644708 90.000000 8.042990
160.974964 52.107945 11522.232970 160.916318 52.222460 12603.349230 160.799119 52.117743 12677.893260 90.000000 7.665176
160.389301 52.962648 28336.793145 160.261202 53.059944 33475.986880 160.184138 52.945585 32641.725298 90.000000 0.717109
157.337389 50.713157 39286.309161 157.529947 50.671405 33094.338145 157.494614 50.795448 37759.182837 90.000000 2.836567
160.132831 51.000121 9437.433487 160.051474 51.117836 10437.083101 159.944282 51.010697 10405.880787 90.000000 7.506969
156.913474 49.349486 15996.427726 157.053163 49.428330 15706.858545 156.878340 49.467693 18076.712610 90.000000 8.793894
159.454951 52.441674 38718.530386 159.534419 52.557674 39682.789324 159.333943 52.537124 44951.157951 90.000000 2.266430
157.053163 49.428330 15706.858545 157.193353 49.507112 15440.715860 157.017877 49.547063 17729.184915 90.000000 10.823660
161.486037 52.351524 9996.966374 161.586736 52.250174 9089.062629 161.600441 52.357657 9482.321606 90.000000 5.847860
158.143359 51.564280 48240.438206 158.298697 51.646632 47294.973692 158.103734 51.694962 54283.499736 90.000000 1.988276
157.528418 51.241667 53026.753978 157.719897 51.196979 45690.746110 157.693548 51.317684 51038.073663 90.000000 2.209906
158.176474 51.436769 42711.593490 158.331664 51.519413 41849.362232 158.143359 51.564280 48240.438206 90.000000 3.296281
158.339760 50.261472 14561.717345 158.482614 50.337226 14296.659837 158.307234 50.379344 16117.614150 90.000000 10.413952
158.521030 52.054229 55855.550117 158.739322 52.016254 47866.504312 158.676438 52.153000 54349.297214 90.000000 2.953885
159.454951 52.441674 38718.530386 159.333943 52.537124 44951.157951 159.246618 52.422563 44292.941992 90.000000 2.150907
158.210189 51.312699 37628.665582 158.364291 51.393419 36787.779860 158.176474 51.436769 42711.593490 90.000000 4.013946
159.246618 52.422563 44292.941992 159.333943 52.537124 44951.157951 159.114266 52.519826 51310.957599 90.000000 1.156251
159.028440 51.587270 27436.607941 158.836464 51.633573 33036.633471 158.869616 51.507462 28863.041004 90.000000 6.667794
158.595945 50.531577 15482.509962 158.745513 50.606739 15085.487520 158.561823 50.652321 17227.088455 90.000000 10.569493
159.783858 51.397932 14154.212274 159.963063 51.352947 12454.393378 159.944754 51.476293 13538.626783 90.000000 7.311350
156.706332 48.950977 13139.699902 156.529882 48.991506 14984.638391 156.564804 48.870419 13320.531718 90.000000 3.244509
159.380115 51.619490 21546.439995 159.218798 51.540484 22820.471901 159.407919 51.493222 19183.501675 90.000000 10.178168
159.436589 51.367474 17186.662890 159.624295 51.320145 14817.303336 159.596710 51.445544 16356.901326 90.000000 8.467208
157.377386 50.026872 21206.896972 157.522663 50.106664 20577.434870 157.342157 50.147703 24068.214236 90.000000 17.136500
156.093666 49.871057 46002.793587 156.284801 49.831538 38740.170832 156.246342 49.955289 44258.839312 90.000000 3.693010
156.395335 50.038568 42787.994393 156.526003 50.119284 41899.670467 156.350245 50.161724 48710.323083 90.000000 3.879327
157.342157 50.147703 24068.214236 157.306592 50.268316 27399.516928 157.159912 50.188272 28419.161586 90.000000 15.376212
157.159912 50.188272 28419.161586 157.123664 50.310474 32488.651250 156.975828 50.228878 33679.879395 90.000000 10.824262
159.218798 51.540484 22820.471901 159.248181 51.414572 20213.663494 159.407919 51.493222 19183.501675 90.000000 10.026225
156.981913 49.666536 20150.627531 156.948028 49.787052 23002.211230 156.811195 49.708155 23520.196638 90.000000 13.901151
156.975828 50.228878 33679.879395 156.938249 50.351533 38466.730671 156.791542 50.272775 39845.073897 90.000000 6.399572
156.739119 49.388331 18454.368480 156.913474 49.349486 15996.427726 156.878340 49.467693 18076.712610 90.000000 6.769800
156.791542 50.272775 39845.073897 156.746861 50.400481 45625.527464 156.602682 50.310361 46602.644342 90.000000 3.304834
156.602682 50.310361 46602.644342 156.545147 50.450152 53814.959209 156.413363 50.351086 54105.902997 90.000000 1.905604
158.482614 50.337226 14296.659837 158.447653 50.456365 15847.726994 158.307234 50.379344 16117.614150 90.000000 9.884670
158.464829 51.019993 24648.670514 158.497903 50.896696 21711.295518 158.650142 50.975122 21110.640556 90.000000 10.538662
159.534419 52.557674 39682.789324 159.613820 52.676575 40727.154967 159.414247 52.654426 45914.431106 90.000000 0.756014
158.743062 51.302755 26359.510073 158.900743 51.381993 25270.391976 158.711554 51.427724 30142.522779 90.000000 6.713425
157.299929 50.837636 44668.762156 157.261843 50.958038 50345.647626 157.089861 50.877351 52825.665213 90.000000 1.297957
157.379454 50.589929 34328.072845 157.192196 50.631783 40651.809367 157.229749 50.508338 35665.783024 90.000000 2.943481
155.797638 49.261101 32743.176921 155.936226 49.342266 31911.065654 155.759544 49.379968 38086.593915 90.000000 1.381887
159.570089 51.571338 18161.795135 159.407919 51.493222 19183.501675 159.596710 51.445544 16356.901326 90.000000 9.682569
160.066151 51.811163 15628.431513 160.229324 51.890104 14988.253271 160.037190 51.937770 17334.179359 90.000000 6.847137
160.014366 52.716503 31368.029933 159.890933 52.820516 37005.042643 159.814976 52.697286 35832.037085 90.000000 2.167432
157.017877 49.547063 17729.184915 157.160309 49.626806 17380.791794 156.981913 49.666536 20150.627531 90.000000 13.695959
157.379454 50.589929 34328.072845 157.337389 50.713157 39286.309161 157.192196 50.631783 40651.809367 90.000000 1.908380
159.266230 52.134861 35580.679664 159.099467 52.050115 37939.012390 159.293452 52.003044 31409.629256 90.000000 6.055208
157.896118 50.585506 24000.483824 158.045055 50.663902 23396.194717 157.863991 50.706667 27208.164732 90.000000 6.460289
157.758366 51.073327 40244.373264 157.719897 51.196979 45690.746110 157.568247 51.117116 47008.704768 90.000000 2.257415
156.389539 48.910861 15189.063698 156.355602 49.030456 17234.857123 156.216288 48.949520 17482.964704 90.000000 0.136947
157.944985 51.029396 34428.287423 157.909586 51.153183 39240.582777 157.758366 51.073327 40244.373264 90.000000 2.632522
156.948028 49.787052 23002.211230 157.089470 49.867059 22438.387886 156.909980 49.907398 26399.833592 90.000000 15.291305
158.194154 50.741938 22853.637408 158.345407 50.819220 22295.616308 158.162018 50.863177 25893.302365 90.000000 7.751503
156.981913 49.666536 20150.627531 157.125678 49.746852 19691.881860 156.948028 49.787052 23002.211230 90.000000 15.823006
158.162018 50.863177 25893.302365 158.129031 50.985478 29484.878552 157.978582 50.906143 30178.309067 90.000000 6.455028
157.782254 50.385752 21831.415009 157.929614 50.464561 21251.680861 157.748006 50.506647 24692.650409 90.000000 10.834400
157.944985 51.029396 34428.287423 158.129031 50.985478 29484.878552 158.096761 51.108789 33623.560987 90.000000 4.010213
157.342157 50.147703 24068.214236 157.488423 50.227286 23261.528540 157.306592 50.268316 27399.516928 90.000000 16.024744
162.250000 52.900000 8899.891853 162.150116 52.950041 9549.177153 162.156397 52.895807 9303.343901 90.000000 0.827049
158.966359 51.841229 35660.775730 158.997269 51.713807 31316.509385 159.158996 51.793768 29482.157841 90.000000 6.074039
157.568247 51.117116 47008.704768 157.528418 51.241667 53026.753978 157.379530 51.163668 54645.840856 90.000000 1.510966
157.748006 50.506647 24692.650409 157.714043 50.628500 28062.614367 157.564667 50.548396 29012.290908 90.000000 7.628230
158.554029 51.347986 31249.451262 158.743062 51.302755 26359.510073 158.711554 51.427724 30142.522779 90.000000 6.180707
159.059216 51.461264 24079.570808 159.028440 51.587270 27436.607941 158.869616 51.507462 28863.041004 90.000000 8.104220
157.564667 50.548396 29012.290908 157.529947 50.671405 33094.338145 157.379454 50.589929 34328.072845 90.000000 3.909869
158.210189 51.312699 37628.665582 158.028026 51.354799 43418.940252 158.060785 51.231900 38342.496736 90.000000 4.002485
160.418633 51.841386 13142.053289 160.257270 51.762272 13614.997491 160.450242 51.713505 11983.349509 90.000000 6.230907
158.464829 51.019993 24648.670514 158.650142 50.975122 21110.640556 158.618369 51.098999 23941.931268 90.000000 10.204640
158.312891 50.941538 25284.644708 158.497903 50.896696 21711.295518 158.464829 51.019993 24648.670514 90.000000 10.497850
160.202398 52.016552 16540.892662 160.009541 52.065106 19320.881906 160.037190 51.937770 17334.179359 90.000000 8.016595
157.680834 50.750658 31953.720951 157.714043 50.628500 28062.614367 157.863991 50.706667 27208.164732 90.000000 6.103163
155.995831 49.665021 41491.903268 156.178321 49.625940 34822.087353 156.134077 49.747747 40231.878936 90.000000 3.141690
159.407919 51.493222 19183.501675 159.436589 51.367474 17186.662890 159.596710 51.445544 16356.901326 90.000000 9.093767
159.814976 52.697286 35832.037085 159.691198 52.795234 41815.336736 159.613820 52.676575 40727.154967 90.000000 0.521527
156.462046 49.228545 19247.362338 156.600138 49.308130 18844.668463 156.425652 49.345968 22035.078318 90.000000 3.363692
156.975828 50.228878 33679.879395 157.123664 50.310474 32488.651250 156.938249 50.351533 38466.730671 90.000000 7.622847
156.791542 50.272775 39845.073897 156.938249 50.351533 38466.730671 156.746861 50.400481 45625.527464 90.000000 4.194987
156.602682 50.310361 46602.644342 156.746861 50.400481 45625.527464 156.545147 50.450152 53814.959209 90.000000 2.379554
157.437748 49.229278 11011.993192 157.401625 49.348893 12220.519297 157.262494 49.270193 12379.376489 90.000000 10.334653
157.159912 50.188272 28419.161586 157.306592 50.268316 27399.516928 157.123664 50.310474 32488.651250 90.000000 13.058898
159.624295 51.320145 14817.303336 159.783858 51.397932 14154.212274 159.596710 51.445544 16356.901326 90.000000 8.380221
156.093666 49.871057 46002.793587 156.061161 49.996082 51894.121771 155.896214 49.922090 54873.876539 90.000000 2.201863
158.162018 50.863177 25893.302365 158.312891 50.941538 25284.644708 158.129031 50.985478 29484.878552 90.000000 7.828110
157.748006 50.506647 24692.650409 157.896118 50.585506 24000.483824 157.714043 50.628500 28062.614367 90.000000 8.778756
158.193756 50.185689 14860.439718 158.339760 50.261472 14561.717345 158.162134 50.303257 16447.367587 90.000000 12.577038
159.514084 51.825962 22910.700260 159.485634 51.954095 25939.230572 159.321863 51.874004 27660.294720 90.000000 6.791592
160.418633 51.841386 13142.053289 160.229324 51.890104 14988.253271 160.257270 51.762272 13614.997491 90.000000 6.329358
157.337389 50.713157 39286.309161 157.494614 50.795448 37759.182837 157.299929 50.837636 44668.762156 90.000000 2.480938
157.299929 50.837636 44668.762156 157.460814 50.920372 42918.991223 157.261843 50.958038 50345.647626 90.000000 2.105497
157.437748 49.229278 11011.993192 157.576329 49.312724 10931.847377 157.401625 49.348893 12220.519297 90.000000 11.242320
156.093666 49.871057 46002.793587 156.246342 49.955289 44258.839312 156.061161 49.996082 51894.121771 90.000000 2.816767
160.104932 52.831265 31875.820655 159.971601 52.938027 37896.782319 159.890933 52.820516 37005.042643 90.000000 1.237099
159.321863 51.874004 27660.294720 159.485634 51.954095 25939.230572 159.293452 52.003044 31409.629256 90.000000 7.050068
156.134077 49.747747 40231.878936 156.284801 49.831538 38740.170832 156.093666 49.871057 46002.793587 90.000000 3.407211
157.568247 51.117116 47008.704768 157.719897 51.196979 45690.746110 157.528418 51.241667 53026.753978 90.000000 2.297617
159.836517 50.912394 10417.610610 160.016165 50.900121 9484.093986 159.944282 51.010697 10405.880787 90.000000 5.314113
160.229324 51.890104 14988.253271 160.202398 52.016552 16540.892662 160.037190 51.937770 17334.179359 90.000000 7.486132
158.049848 49.325043 8939.262139 158.150000 49.400000 8981.719971 158.000382 49.419137 9689.658516 90.000000 14.359984
154.888354 49.208267 59405.250529 154.963097 49.304148 61492.607235 154.836922 49.270732 64429.721879 90.000000 0.093222
156.563842 49.425762 21516.657453 156.739119 49.388331 18454.368480 156.703172 49.505801 21019.548360 90.000000 5.205138
158.900743 51.381993 25270.391976 158.869616 51.507462 28863.041004 158.711554 51.427724 30142.522779 90.000000 6.176664
159.485634 51.954095 25939.230572 159.650323 52.034249 24368.380213 159.459370 52.087089 29462.968709 90.000000 7.328567
159.814976 52.697286 35832.037085 159.890933 52.820516 37005.042643 159.691198 52.795234 41815.336736 90.000000 0.567423
157.379454 50.589929 34328.072845 157.529947 50.671405 33094.338145 157.337389 50.713157 39286.309161 90.000000 2.560213
157.564667 50.548396 29012.290908 157.714043 50.628500 28062.614367 157.529947 50.671405 33094.338145 90.000000 5.416823
157.978582 50.906143 30178.309067 158.129031 50.985478 29484.878552 157.944985 51.029396 34428.287423 90.000000 4.866869
157.758366 51.073327 40244.373264 157.909586 51.153183 39240.582777 157.719897 51.196979 45690.746110 90.000000 2.573898
158.162134 50.303257 16447.367587 158.339760 50.261472 14561.717345 158.307234 50.379344 16117.614150 90.000000 11.025227
160.257270 51.762272 13614.997491 160.275764 51.639607 12508.439268 160.450242 51.713505 11983.349509 90.000000 6.437842
158.784160 50.055525 10238.272326 158.959176 50.040211 9384.052207 158.889436 50.145796 10340.082846 90.000000 12.956870
159.068761 50.130317 9459.461882 159.005052 50.235007 10376.522995 158.889436 50.145796 10340.082846 90.000000 15.385059
159.005052 50.235007 10376.522995 159.178759 50.220318 9518.955799 159.119190 50.323047 10400.394762 90.000000 16.603003
159.289171 50.310213 9565.067932 159.222837 50.416463 10495.630431 159.119190 50.323047 10400.394762 90.000000 15.494351
156.246342 49.955289 44258.839312 156.395335 50.038568 42787.994393 156.216169 50.073317 49638.415489 90.000000 3.134500
157.944985 51.029396 34428.287423 158.096761 51.108789 33623.560987 157.909586 51.153183 39240.582777 90.000000 2.929824
159.333943 52.537124 44951.157951 159.534419 52.557674 39682.789324 159.414247 52.654426 45914.431106 90.000000 1.342289
156.287786 49.266491 22565.570726 156.425652 49.345968 22035.078318 156.250848 49.384619 26056.866981 90.000000 1.999815
156.703172 49.505801 21019.548360 156.878340 49.467693 18076.712610 156.843934 49.586271 20551.064133 90.000000 8.742553
157.233460 49.947106 21827.493747 157.377386 50.026872 21206.896972 157.197895 50.067611 24858.689237 90.000000 15.731609
156.909980 49.907398 26399.833592 157.052553 49.987471 25664.760428 156.878637 50.028223 30176.743908 90.000000 14.576727
156.183276 49.069061 20045.553159 156.044077 48.988042 20379.352944 156.216288 48.949520 17482.964704 90.000000 0.519315
157.714043 50.628500 28062.614367 157.896118 50.585506 24000.483824 157.863991 50.706667 27208.164732 90.000000 7.140334
157.648475 50.874864 36419.528254 157.680834 50.750658 31953.720951 157.830939 50.828908 30981.224291 90.000000 5.199112
157.960528 49.672198 11695.618459 158.105791 49.741681 11425.221937 157.936578 49.786790 12812.156771 90.000000 14.642133
157.088008 49.310083 14009.218369 156.913474 49.349486 15996.427726 156.948445 49.231225 14251.005382 90.000000 7.332283
158.745513 50.606739 15085.487520 158.894072 50.683332 14694.643455 158.713557 50.728171 16753.080979 90.000000 11.698658
157.615621 49.190308 9870.544656 157.576329 49.312724 10931.847377 157.437748 49.229278 11011.993192 90.000000 10.392313
160.603692 52.619092 19034.414648 160.761520 52.687362 17928.041385 160.597322 52.724636 20506.665433 90.000000 4.625078
156.112349 49.304551 26750.263912 156.250848 49.384619 26056.866981 156.074745 49.423288 31042.357354 90.000000 2.531230
156.425652 49.345968 22035.078318 156.600138 49.308130 18844.668463 156.563842 49.425762 21516.657453 90.000000 3.626308
156.061161 49.996082 51894.121771 156.246342 49.955289 44258.839312 156.216169 50.073317 49638.415489 90.000000 2.556634
157.053163 49.428330 15706.858545 157.017877 49.547063 17729.184915 156.878340 49.467693 18076.712610 90.000000 9.600346
156.564804 48.870419 13320.531718 156.423436 48.789814 13463.841650 156.584548 48.747313 11985.257080 90.000000 2.028754
159.158996 51.793768 29482.157841 159.350949 51.746303 24367.618993 159.321863 51.874004 27660.294720 90.000000 6.694666
156.036696 49.543711 35962.689608 156.214879 49.504408 30131.832532 156.178321 49.625940 34822.087353 90.000000 2.973032
157.635119 50.306538 22501.500420 157.782254 50.385752 21831.415009 157.601030 50.427319 25484.837876 90.000000 11.734687
158.561823 50.652321 17227.088455 158.745513 50.606739 15085.487520 158.713557 50.728171 16753.080979 90.000000 11.824578
159.129473 51.921612 33513.070430 159.158996 51.793768 29482.157841 159.321863 51.874004 27660.294720 90.000000 5.958384
160.184138 52.945585 32641.725298 160.056614 53.044288 38375.875517 159.971601 52.938027 37896.782319 90.000000 0.750580
160.209658 53.488260 46109.978941 160.306774 53.386107 40569.064350 160.397833 53.482638 40594.642656 90.000000 0.100417
157.764118 49.827146 14418.107858 157.796245 49.711072 13044.430031 157.936578 49.786790 12812.156771 90.000000 15.858112
156.981913 49.666536 20150.627531 156.811195 49.708155 23520.196638 156.843934 49.586271 20551.064133 90.000000 12.793609
160.262510 52.593647 23787.176895 160.446089 52.547460 20197.140058 160.427628 52.662593 22155.147871 90.000000 4.601712
159.350949 51.746303 24367.618993 159.514084 51.825962 22910.700260 159.321863 51.874004 27660.294720 90.000000 6.791694
161.509582 52.891099 12992.253859 161.497307 52.791159 12409.744080 161.622337 52.831101 11856.014513 90.000000 3.887590
157.342157 50.147703 24068.214236 157.159912 50.188272 28419.161586 157.197895 50.067611 24858.689237 90.000000 16.313658
156.395335 50.038568 42787.994393 156.350245 50.161724 48710.323083 156.216169 50.073317 49638.415489 90.000000 2.879181
156.036696 49.543711 35962.689608 156.178321 49.625940 34822.087353 155.995831 49.665021 41491.903268 90.000000 2.519083
157.377386 50.026872 21206.896972 157.342157 50.147703 24068.214236 157.197895 50.067611 24858.689237 90.000000 17.074492
158.312891 50.941538 25284.644708 158.464829 51.019993 24648.670514 158.280588 51.064677 28810.323762 90.000000 9.062565
158.045055 50.663902 23396.194717 158.194154 50.741938 22853.637408 158.013267 50.784755 26498.458284 90.000000 6.663780
158.464829 51.019993 24648.670514 158.432269 51.143842 28114.412422 158.280588 51.064677 28810.323762 90.000000 7.543363
156.498599 49.668084 28404.329515 156.530214 49.545104 24675.721238 156.671621 49.628701 24104.543968 90.000000 6.403729
158.129031 50.985478 29484.878552 158.312891 50.941538 25284.644708 158.280588 51.064677 28810.323762 90.000000 6.914363
157.658205 49.633470 13237.521972 157.625575 49.750208 14679.807086 157.481510 49.668822 14931.350417 90.000000 15.811791
156.074745 49.423288 31042.357354 156.250848 49.384619 26056.866981 156.214879 49.504408 30131.832532 90.000000 2.945174
157.905044 49.903615 14135.202657 157.764118 49.827146 14418.107858 157.936578 49.786790 12812.156771 90.000000 15.366217
160.713358 53.396797 30415.606675 160.624960 53.297687 30315.775014 160.812007 53.296487 26265.140599 90.000000 0.912230
156.074745 49.423288 31042.357354 156.214879 49.504408 30131.832532 156.036696 49.543711 35962.689608 90.000000 2.629632
157.511765 48.968262 8953.764359 157.657292 49.062356 8923.167775 157.474297 49.101024 9913.907281 90.000000 7.567420
159.129473 51.921612 33513.070430 159.321863 51.874004 27660.294720 159.293452 52.003044 31409.629256 90.000000 6.539849
157.197895 50.067611 24858.689237 157.015402 50.108385 29398.793214 157.052553 49.987471 25664.760428 90.000000 14.381924
157.782254 50.385752 21831.415009 157.748006 50.506647 24692.650409 157.601030 50.427319 25484.837876 90.000000 11.748972
158.889436 50.145796 10340.082846 159.005052 50.235007 10376.522995 158.832579 50.256979 11403.518289 90.000000 13.698737
157.748006 50.506647 24692.650409 157.564667 50.548396 29012.290908 157.601030 50.427319 25484.837876 90.000000 8.879812
156.909980 49.907398 26399.833592 157.089470 49.867059 22438.387886 157.052553 49.987471 25664.760428 90.000000 15.826941
159.873202 51.859215 18212.881378 159.706933 51.778911 19218.495295 159.900513 51.732561 16383.340207 90.000000 6.906556
158.398402 51.268322 32174.232175 158.210189 51.312699 37628.665582 158.247242 51.188017 32899.700115 90.000000 3.947758
157.863991 50.706667 27208.164732 158.045055 50.663902 23396.194717 158.013267 50.784755 26498.458284 90.000000 5.888120
158.096761 51.108789 33623.560987 158.129031 50.985478 29484.878552 158.280588 51.064677 28810.323762 90.000000 4.699944
158.162018 50.863177 25893.302365 157.978582 50.906143 30178.309067 158.013267 50.784755 26498.458284 90.000000 6.542776
157.893555 51.736379 61788.150454 157.754413 51.640416 62111.069651 157.950016 51.610736 55211.132806 90.000000 0.404994
158.194154 50.741938 22853.637408 158.162018 50.863177 25893.302365 158.013267 50.784755 26498.458284 90.000000 7.385559
156.847300 49.031885 12943.392434 156.671096 49.071367 14734.274527 156.706332 48.950977 13139.699902 90.000000 4.913032
157.017877 49.547063 17729.184915 156.981913 49.666536 20150.627531 156.843934 49.586271 20551.064133 90.000000 12.039895
160.184138 52.945585 32641.725298 160.261202 53.059944 33475.986880 160.056614 53.044288 38375.875517 90.000000 0.221619
160.593687 52.979847 24624.403663 160.507705 52.876524 24344.260905 160.720806 52.895073 21142.538256 90.000000 1.985810
155.620604 49.297872 39058.034777 155.759544 49.379968 38086.593915 155.579028 49.417056 45268.355847 90.000000 0.681657
156.878340 49.467693 18076.712610 157.017877 49.547063 17729.184915 156.843934 49.586271 20551.064133 90.000000 9.802447
155.547672 49.532762 51341.929205 155.720406 49.500051 44017.848139 155.675033 49.628154 50877.313834 90.000000 0.234810
155.310342 49.249708 46819.482178 155.440797 49.332688 46218.752474 155.254980 49.354253 53556.299336 90.000000 0.682493
157.306592 50.268316 27399.516928 157.453614 50.347624 26394.930035 157.269385 50.388596 31251.637179 90.000000 11.792897
158.522252 50.094815 11865.248202 158.528161 49.981209 10966.450340 158.647773 50.051748 10868.239902 90.000000 13.933453
157.601030 50.427319 25484.837876 157.416353 50.467883 30077.099680 157.453614 50.347624 26394.930035 90.000000 9.332845
158.554029 51.347986 31249.451262 158.711554 51.427724 30142.522779 158.521077 51.472369 35719.105874 90.000000 4.564585
157.306592 50.268316 27399.516928 157.488423 50.227286 23261.528540 157.453614 50.347624 26394.930035 90.000000 14.734682
158.331664 51.519413 41849.362232 158.364291 51.393419 36787.779860 158.521077 51.472369 35719.105874 90.000000 3.298128
159.596710 51.445544 16356.901326 159.783858 51.397932 14154.212274 159.757902 51.524267 15576.925975 90.000000 8.025553
157.089470 49.867059 22438.387886 157.233460 49.947106 21827.493747 157.052553 49.987471 25664.760428 90.000000 16.078118
160.341526 53.173959 34237.727693 160.216224 53.274466 40097.028064 160.139693 53.157280 39087.871243 90.000000 1.040768
157.233460 49.947106 21827.493747 157.197895 50.067611 24858.689237 157.052553 49.987471 25664.760428 90.000000 14.817631
159.706933 51.778911 19218.495295 159.542098 51.698446 20334.959746 159.729094 51.649661 17262.248856 90.000000 6.519243
155.579028 49.417056 45268.355847 155.759544 49.379968 38086.593915 155.720406 49.500051 44017.848139 90.000000 0.612581
155.759544 49.379968 38086.593915 155.936226 49.342266 31911.065654 155.897734 49.461991 37061.822768 90.000000 1.443502
158.107029 49.497467 9720.388769 158.265576 49.491959 9040.519171 158.240604 49.582184 9666.694850 90.000000 15.697343
159.099467 52.050115 37939.012390 159.129473 51.921612 33513.070430 159.293452 52.003044 31409.629256 90.000000 6.429928
158.060785 51.231900 38342.496736 158.028026 51.354799 43418.940252 157.876662 51.276630 44428.116336 90.000000 3.175097
157.052553 49.987471 25664.760428 157.015402 50.108385 29398.793214 156.878637 50.028223 30176.743908 90.000000 13.935966
158.331664 51.519413 41849.362232 158.521077 51.472369 35719.105874 158.488162 51.599208 40717.168757 90.000000 2.576290
159.650323 52.034249 24368.380213 159.620308 52.162515 27612.451446 159.459370 52.087089 29462.968709 90.000000 6.858427
157.262494 49.270193 12379.376489 157.088008 49.310083 14009.218369 157.122506 49.192171 12572.338187 90.000000 9.557653
155.936226 49.342266 31911.065654 156.074745 49.423288 31042.357354 155.897734 49.461991 37061.822768 90.000000 2.008587
157.635119 50.306538 22501.500420 157.601030 50.427319 25484.837876 157.453614 50.347624 26394.930035 90.000000 11.863771
157.488423 50.227286 23261.528540 157.635119 50.306538 22501.500420 157.453614 50.347624 26394.930035 90.000000 14.526892
156.526003 50.119284 41899.670467 156.652626 50.202247 41258.685642 156.466666 50.243765 48215.322106 90.000000 4.199299
158.711554 51.427724 30142.522779 158.675614 51.552421 34545.974633 158.521077 51.472369 35719.105874 90.000000 4.079078
157.648475 50.874864 36419.528254 157.830939 50.828908 30981.224291 157.796812 50.950824 35296.728642 90.000000 3.962350
159.739995 52.577052 34693.287110 159.896232 52.463452 28348.329897 159.938317 52.597720 30406.280574 90.000000 4.472140
161.042621 53.111976 19564.640662 161.155201 53.031230 17272.182999 161.218079 53.135151 17648.654847 90.000000 0.702176
160.974964 52.107945 11522.232970 160.799119 52.117743 12677.893260 160.863983 52.021633 11652.055591 90.000000 7.905412
156.466147 49.792208 32704.969177 156.498599 49.668084 28404.329515 156.639538 49.749702 27663.388723 90.000000 7.278719
159.783858 51.397932 14154.212274 159.944754 51.476293 13538.626783 159.757902 51.524267 15576.925975 90.000000 6.953090
159.570089 51.571338 18161.795135 159.596710 51.445544 16356.901326 159.757902 51.524267 15576.925975 90.000000 8.664952
158.096761 51.108789 33623.560987 158.280588 51.064677 28810.323762 158.247242 51.188017 32899.700115 90.000000 4.204126
155.720406 49.500051 44017.848139 155.759544 49.379968 38086.593915 155.897734 49.461991 37061.822768 90.000000 0.970652
155.254980 49.354253 53556.299336 155.440797 49.332688 46218.752474 155.383794 49.453338 53626.850168 90.000000 0.618199
158.280588 51.064677 28810.323762 158.432269 51.143842 28114.412422 158.247242 51.188017 32899.700115 90.000000 5.675742
156.706332 48.950977 13139.699902 156.564804 48.870419 13320.531718 156.726521 48.835000 11916.634836 90.000000 4.137398
156.809766 49.151427 14491.390533 156.671096 49.071367 14734.274527 156.847300 49.031885 12943.392434 90.000000 5.962315
160.261202 53.059944 33475.986880 160.341526 53.173959 34237.727693 160.139693 53.157280 39087.871243 90.000000 1.083240
158.298697 51.646632 47294.973692 158.331664 51.519413 41849.362232 158.488162 51.599208 40717.168757 90.000000 2.394430
157.222351 48.779538 9055.528263 157.366786 48.873989 8999.681177 157.178855 48.910909 10044.662252 90.000000 8.469244
156.584548 48.747313 11985.257080 156.444015 48.676501 12167.506869 156.588732 48.626267 10929.674468 90.000000 1.279983
158.364291 51.393419 36787.779860 158.554029 51.347986 31249.451262 158.521077 51.472369 35719.105874 90.000000 3.801048
156.425652 49.345968 22035.078318 156.563842 49.425762 21516.657453 156.389225 49.463290 25333.998194 90.000000 3.602071
161.537240 52.997662 13524.697953 161.509582 52.891099 12992.253859 161.680815 52.934570 12112.490626 90.000000 0.976186
156.847300 49.031885 12943.392434 156.706332 48.950977 13139.699902 156.884489 48.910513 11613.583023 90.000000 5.244340
156.214879 49.504408 30131.832532 156.250848 49.384619 26056.866981 156.389225 49.463290 25333.998194 90.000000 2.930251
160.910783 51.849467 10400.640424 161.015649 51.968424 10518.261024 160.829215 51.935567 11320.692003 90.000000 6.073548
158.577467 51.934814 50015.424340 158.366554 51.956165 56905.691854 158.424070 51.845114 51231.286350 90.000000 2.157506
156.897196 50.483466 44147.411964 156.938249 50.351533 38466.730671 157.085089 50.432210 37108.429589 90.000000 3.472176
159.570089 51.571338 18161.795135 159.757902 51.524267 15576.925975 159.729094 51.649661 17262.248856 90.000000 8.000559
160.912208 52.754623 16991.653966 161.054735 52.820017 16196.557477 160.892732 52.852564 18292.107921 90.000000 2.389849
156.847300 49.031885 12943.392434 156.884489 48.910513 11613.583023 157.028343 48.993125 11439.752922 90.000000 6.186496
158.521077 51.472369 35719.105874 158.675614 51.552421 34545.974633 158.488162 51.599208 40717.168757 90.000000 2.957776
156.074745 49.423288 31042.357354 156.036696 49.543711 35962.689608 155.897734 49.461991 37061.822768 90.000000 1.859776
157.453614 50.347624 26394.930035 157.416353 50.467883 30077.099680 157.269385 50.388596 31251.637179 90.000000 9.332299
160.056614 53.044288 38375.875517 160.261202 53.059944 33475.986880 160.139693 53.157280 39087.871243 90.000000 0.592730
160.090794 51.684936 14199.579551 160.066151 51.811163 15628.431513 159.900513 51.732561 16383.340207 90.000000 6.651723
160.014366 52.716503 31368.029933 159.814976 52.697286 35832.037085 159.938317 52.597720 30406.280574 90.000000 3.591171
161.409411 52.546561 11444.620585 161.262509 52.582627 12608.554894 161.290889 52.491682 11845.718215 90.000000 5.304609
159.922933 51.604296 14850.941768 160.090794 51.684936 14199.579551 159.900513 51.732561 16383.340207 90.000000 6.884719
156.250848 49.384619 26056.866981 156.425652 49.345968 22035.078318 156.389225 49.463290 25333.998194 90.000000 2.249594
158.269307 51.769867 52687.057715 158.298697 51.646632 47294.973692 158.456084 51.725911 46025.650051 90.000000 1.883374
159.542098 51.698446 20334.959746 159.570089 51.571338 18161.795135 159.729094 51.649661 17262.248856 90.000000 7.675134
157.437748 49.229278 11011.993192 157.262494 49.270193 12379.376489 157.298142 49.151855 11162.088520 90.000000 8.455762
155.351911 49.139159 40642.946705 155.224462 49.065123 41338.338122 155.409168 49.034149 34759.743496 90.000000 0.296358
157.015402 50.108385 29398.793214 156.835550 50.151262 34770.007505 156.878637 50.028223 30176.743908 90.000000 12.052299
158.675614 51.552421 34545.974633 158.643085 51.679561 39408.721300 158.488162 51.599208 40717.168757 90.000000 2.879254
157.960528 49.672198 11695.618459 158.112762 49.623300 10522.488766 158.105791 49.741681 11425.221937 90.000000 14.872172
156.350245 50.161724 48710.323083 156.526003 50.119284 41899.670467 156.466666 50.243765 48215.322106 90.000000 3.519325
158.298697 51.646632 47294.973692 158.488162 51.599208 40717.168757 158.456084 51.725911 46025.650051 90.000000 2.665178
156.884489 48.910513 11613.583023 156.706332 48.950977 13139.699902 156.726521 48.835000 11916.634836 90.000000 4.419177
156.564804 48.870419 13320.531718 156.584548 48.747313 11985.257080 156.726521 48.835000 11916.634836 90.000000 3.330338
157.416353 50.467883 30077.099680 157.229749 50.508338 35665.783024 157.269385 50.388596 31251.637179 90.000000 6.010409
157.693548 51.317684 51038.073663 157.719897 51.196979 45690.746110 157.876662 51.276630 44428.116336 90.000000 2.250268
161.237315 52.679213 13461.867879 161.077850 52.716498 15040.237837 161.109077 52.617328 13978.654175 90.000000 4.937173
160.632667 51.649142 10593.285705 160.791254 51.752388 10435.506771 160.594850 51.794168 11713.179874 90.000000 6.250587
157.088008 49.310083 14009.218369 156.948445 49.231225 14251.005382 157.122506 49.192171 12572.338187 90.000000 8.441200
157.944985 51.029396 34428.287423 157.758366 51.073327 40244.373264 157.796812 50.950824 35296.728642 90.000000 2.708955
158.432269 51.143842 28114.412422 158.398402 51.268322 32174.232175 158.247242 51.188017 32899.700115 90.000000 4.670438
161.262509 52.582627 12608.554894 161.237315 52.679213 13461.867879 161.109077 52.617328 13978.654175 90.000000 4.916715
155.897734 49.461991 37061.822768 156.036696 49.543711 35962.689608 155.848641 49.587426 43271.355359 90.000000 0.926355
157.796812 50.950824 35296.728642 157.758366 51.073327 40244.373264 157.610721 50.994088 41357.130054 90.000000 2.418422
155.720406 49.500051 44017.848139 155.897734 49.461991 37061.822768 155.848641 49.587426 43271.355359 90.000000 0.807160
156.847300 49.031885 12943.392434 157.028343 48.993125 11439.752922 156.985886 49.112640 12751.617865 90.000000 7.487786
157.123664 50.310474 32488.651250 157.306592 50.268316 27399.516928 157.269385 50.388596 31251.637179 90.000000 10.992539
156.355323 49.585304 29243.877175 156.389225 49.463290 25333.998194 156.530214 49.545104 24675.721238 90.000000 4.549303
158.269307 51.769867 52687.057715 158.456084 51.725911 46025.650051 158.424070 51.845114 51231.286350 90.000000 2.264097
160.233694 52.721585 26689.162676 160.427628 52.662593 22155.147871 160.449427 52.775488 23628.079614 90.000000 2.770413
158.247242 51.188017 32899.700115 158.210189 51.312699 37628.665582 158.060785 51.231900 38342.496736 90.000000 3.727563
157.298142 49.151855 11162.088520 157.262494 49.270193 12379.376489 157.122506 49.192171 12572.338187 90.000000 8.638201
158.488162 51.599208 40717.168757 158.643085 51.679561 39408.721300 158.456084 51.725911 46025.650051 90.000000 3.304134
156.948445 49.231225 14251.005382 156.809766 49.151427 14491.390533 156.985886 49.112640 12751.617865 90.000000 8.691502
156.278751 50.279154 55667.429532 156.350245 50.161724 48710.323083 156.466666 50.243765 48215.322106 90.000000 1.651191
156.036696 49.543711 35962.689608 155.995831 49.665021 41491.903268 155.848641 49.587426 43271.355359 90.000000 1.313079
158.643085 51.679561 39408.721300 158.610691 51.807059 44606.662040 158.456084 51.725911 46025.650051 90.000000 3.163677
158.143359 51.564280 48240.438206 158.103734 51.694962 54283.499736 157.950016 51.610736 55211.132806 90.000000 1.885834
157.269385 50.388596 31251.637179 157.229749 50.508338 35665.783024 157.085089 50.432210 37108.429589 90.000000 5.120927
158.694847 50.160529 11424.132893 158.522252 50.094815 11865.248202 158.647773 50.051748 10868.239902 90.000000 13.460906
155.675033 49.628154 50877.313834 155.720406 49.500051 44017.848139 155.848641 49.587426 43271.355359 90.000000 0.778734
156.809766 49.151427 14491.390533 156.847300 49.031885 12943.392434 156.985886 49.112640 12751.617865 90.000000 7.486107
160.742359 53.198963 25830.149593 160.919282 53.203438 22701.435753 160.812007 53.296487 26265.140599 90.000000 2.247947
159.963063 51.352947 12454.393378 159.808828 51.272442 12939.367377 159.986032 51.227606 11457.242502 90.000000 8.005934
160.233694 52.721585 26689.162676 160.014366 52.716503 31368.029933 160.106001 52.629177 27441.552466 90.000000 4.510137
161.900000 52.550000 9010.459900 161.950000 52.600000 9008.448601 161.849427 52.610683 9484.010470 90.000000 9.265616
155.750345 49.840972 57007.310324 155.708651 49.964084 63804.433870 155.577381 49.877689 65296.584005 90.000000 0.118639
159.896232 52.463452 28348.329897 159.661187 52.457788 33665.373163 159.776003 52.361794 28692.164534 90.000000 5.450719
159.774202 50.700207 9580.723839 159.900000 50.800000 9525.533676 159.713123 50.818768 10518.130075 90.000000 5.480262
161.290889 52.491682 11845.718215 161.138806 52.521395 13057.787027 161.188769 52.425671 12093.890210 90.000000 5.183708
157.123664 50.310474 32488.651250 157.269385 50.388596 31251.637179 157.085089 50.432210 37108.429589 90.000000 7.544426
156.588732 48.626267 10929.674468 156.745832 48.611361 10071.955058 156.736589 48.717921 10895.164777 90.000000 3.024144
157.909586 51.153183 39240.582777 158.096761 51.108789 33623.560987 158.060785 51.231900 38342.496736 90.000000 2.972748
158.556504 52.258499 61553.959015 158.676438 52.153000 54349.297214 158.719506 52.262443 56465.394861 90.000000 1.650014
159.414247 52.654426 45914.431106 159.613820 52.676575 40727.154967 159.487635 52.771676 47097.604927 90.000000 0.204090
156.938249 50.351533 38466.730671 157.123664 50.310474 32488.651250 157.085089 50.432210 37108.429589 90.000000 5.227424
155.224462 49.065123 41338.338122 155.188922 49.175456 47414.134044 155.079803 49.116355 48272.255649 90.000000 0.182897
157.680834 50.750658 31953.720951 157.863991 50.706667 27208.164732 157.830939 50.828908 30981.224291 90.000000 6.227467
161.138806 52.521395 13057.787027 161.262509 52.582627 12608.554894 161.109077 52.617328 13978.654175 90.000000 4.804699
158.456084 51.725911 46025.650051 158.610691 51.807059 44606.662040 158.424070 51.845114 51231.286350 90.000000 2.497250
156.389225 49.463290 25333.998194 156.563842 49.425762 21516.657453 156.530214 49.545104 24675.721238 90.000000 4.148692
160.066151 51.811163 15628.431513 159.873202 51.859215 18212.881378 159.900513 51.732561 16383.340207 90.000000 7.027812
156.563842 49.425762 21516.657453 156.703172 49.505801 21019.548360 156.530214 49.545104 24675.721238 90.000000 5.302046
157.863991 50.706667 27208.164732 158.013267 50.784755 26498.458284 157.830939 50.828908 30981.224291 90.000000 6.080600
161.188769 52.425671 12093.890210 161.138806 52.521395 13057.787027 161.007095 52.456942 13569.072930 90.000000 5.114205
157.758366 51.073327 40244.373264 157.568247 51.117116 47008.704768 157.610721 50.994088 41357.130054 90.000000 2.479414
157.830939 50.828908 30981.224291 157.978582 50.906143 30178.309067 157.796812 50.950824 35296.728642 90.000000 4.472739
158.013267 50.784755 26498.458284 157.978582 50.906143 30178.309067 157.830939 50.828908 30981.224291 90.000000 5.706726
160.109179 51.556392 12981.093035 160.160435 51.425871 11699.126816 160.309146 51.528048 11513.824227 90.000000 4.320854
158.096761 51.108789 33623.560987 158.247242 51.188017 32899.700115 158.060785 51.231900 38342.496736 90.000000 3.230858
160.418633 51.841386 13142.053289 160.450242 51.713505 11983.349509 160.594850 51.794168 11713.179874 90.000000 7.303110
156.811195 49.708155 23520.196638 156.948028 49.787052 23002.211230 156.781501 49.828288 26885.127772 90.000000 11.819044
156.530214 49.545104 24675.721238 156.703172 49.505801 21019.548360 156.671621 49.628701 24104.543968 90.000000 6.901158
160.051474 51.117836 10437.083101 160.175365 51.217432 10345.028282 159.986032 51.227606 11457.242502 90.000000 9.313391
161.401979 52.260582 9988.957854 161.339375 52.354102 10781.583026 161.220909 52.276378 11036.924804 90.000000 5.808924
156.897196 50.483466 44147.411964 157.085089 50.432210 37108.429589 157.052219 50.550356 41920.636267 90.000000 1.641176
157.909586 51.153183 39240.582777 158.060785 51.231900 38342.496736 157.876662 51.276630 44428.116336 90.000000 3.093195
156.160777 50.184318 55881.748376 155.974796 50.191982 63011.484392 156.056795 50.100662 56197.296551 90.000000 1.196103
158.610691 51.807059 44606.662040 158.577467 51.934814 50015.424340 158.424070 51.845114 51231.286350 90.000000 2.356897
158.153795 51.950530 62677.442447 158.064776 51.834052 60731.424001 158.264386 51.876385 56825.087844 90.000000 0.107608
159.659855 51.065996 12442.897195 159.513514 50.990680 12869.400512 159.666617 50.939957 11525.482624 90.000000 7.620988
156.843934 49.586271 20551.064133 156.811195 49.708155 23520.196638 156.671621 49.628701 24104.543968 90.000000 10.932386
157.122506 49.192171 12572.338187 156.948445 49.231225 14251.005382 156.985886 49.112640 12751.617865 90.000000 9.189922
159.658097 53.072800 50725.611914 159.735581 52.931417 44336.234016 159.865504 53.047765 43821.757597 90.000000 0.306044
159.257603 50.614921 11653.270379 159.447828 50.606243 10580.521623 159.370019 50.695035 11579.581825 90.000000 7.691833
161.218079 53.135151 17648.654847 161.251945 53.243102 18390.777913 161.080255 53.218096 20399.437306 90.000000 0.356021
161.991415 52.752663 9467.805254 162.048751 52.801711 9415.140547 161.944825 52.801868 9908.397148 90.000000 5.343387
157.719897 51.196979 45690.746110 157.909586 51.153183 39240.582777 157.876662 51.276630 44428.116336 90.000000 2.716493
157.610721 50.994088 41357.130054 157.568247 51.117116 47008.704768 157.423120 51.037546 48336.682373 90.000000 2.659670
157.648475 50.874864 36419.528254 157.796812 50.950824 35296.728642 157.610721 50.994088 41357.130054 90.000000 2.713240
159.447828 50.606243 10580.521623 159.555903 50.726823 10777.543868 159.370019 50.695035 11579.581825 90.000000 7.210641
159.988384 53.258254 46142.940713 159.796916 53.167262 49258.321811 159.970776 53.134245 43187.634085 90.000000 0.774116
157.978582 50.906143 30178.309067 157.944985 51.029396 34428.287423 157.796812 50.950824 35296.728642 90.000000 3.930865
159.814976 52.697286 35832.037085 159.739995 52.577052 34693.287110 159.938317 52.597720 30406.280574 90.000000 3.457241
157.568247 51.117116 47008.704768 157.379530 51.163668 54645.840856 157.423120 51.037546 48336.682373 90.000000 1.503242
158.366554 51.956165 56905.691854 158.153795 51.950530 62677.442447 158.264386 51.876385 56825.087844 90.000000 0.309224
162.000000 52.650000 9004.067421 162.050000 52.700000 8995.855331 161.945718 52.697678 9435.921743 90.000000 6.039195
161.497307 52.791159 12409.744080 161.625366 52.750182 11356.590746 161.622337 52.831101 11856.014513 90.000000 5.757182
157.229749 50.508338 35665.783024 157.192196 50.631783 40651.809367 157.052219 50.550356 41920.636267 90.000000 1.874548
158.381584 49.583802 9093.281697 158.289417 49.688762 10119.098386 158.240604 49.582184 9666.694850 90.000000 12.245769
160.526724 51.526689 10376.807722 160.632667 51.649142 10593.285705 160.439363 51.614859 11367.982684 90.000000 4.321019
159.440283 52.233221 33542.395076 159.588100 52.328542 32241.828336 159.354008 52.337961 38704.308714 90.000000 4.966817
161.894434 53.072030 11538.428774 161.704253 53.040591 12603.150178 161.807185 52.987185 11617.384249 90.000000 0.217710
161.290889 52.491682 11845.718215 161.262509 52.582627 12608.554894 161.138806 52.521395 13057.787027 90.000000 5.436099
158.260668 49.820097 11178.250930 158.434054 49.786656 10087.884243 158.400283 49.903211 11056.297239 90.000000 14.075682
157.754413 51.640416 62111.069651 157.808103 51.518279 55602.404407 157.950016 51.610736 55211.132806 90.000000 0.932231
158.176474 51.436769 42711.593490 158.143359 51.564280 48240.438206 157.995174 51.476381 48781.940873 90.000000 3.050303
155.142253 49.276421 53771.597061 155.310342 49.249708 46819.482178 155.254980 49.354253 53556.299336 90.000000 0.260211
160.307013 52.851122 27777.277081 160.233694 52.721585 26689.162676 160.449427 52.775488 23628.079614 90.000000 2.286339
162.150000 52.800000 8962.578773 162.200000 52.850000 8935.307503 162.103467 52.851207 9368.864439 90.000000 3.838024
156.835550 50.151262 34770.007505 156.791542 50.272775 39845.073897 156.652626 50.202247 41258.685642 90.000000 7.483695
160.275764 51.639607 12508.439268 160.109179 51.556392 12981.093035 160.309146 51.528048 11513.824227 90.000000 5.251032
156.703172 49.505801 21019.548360 156.843934 49.586271 20551.064133 156.671621 49.628701 24104.543968 90.000000 8.547339
159.900000 50.800000 9525.533676 159.836517 50.912394 10417.610610 159.713123 50.818768 10518.130075 90.000000 4.644154
154.856910 49.124055 56360.227853 154.888354 49.208267 59405.250529 154.779929 49.167361 61329.005222 90.000000 0.124132
157.460814 50.920372 42918.991223 157.648475 50.874864 36419.528254 157.610721 50.994088 41357.130054 90.000000 2.820741
161.746143 52.868080 11319.713958 161.864171 52.843890 10526.222681 161.827347 52.921027 11134.640530 90.000000 3.661019
159.066718 52.175425 42599.449978 159.235110 52.259761 39955.165790 159.030734 52.288900 47136.747264 90.000000 3.457718
162.100000 52.750000 8982.431412 162.150000 52.800000 8962.578773 162.048751 52.801711 9415.140547 90.000000 4.296784
162.050000 52.700000 8995.855331 162.100000 52.750000 8982.431412 161.991415 52.752663 9467.805254 90.000000 5.398427
157.085089 50.432210 37108.429589 157.229749 50.508338 35665.783024 157.052219 50.550356 41920.636267 90.000000 2.297174
158.796266 50.371645 12518.191208 158.832579 50.256979 11403.518289 158.962571 50.341508 11320.584111 90.000000 12.453500
157.876662 51.276630 44428.116336 158.028026 51.354799 43418.940252 157.846800 51.396316 49728.171635 90.000000 2.674669
155.974796 50.191982 63011.484392 155.872917 50.065727 61638.908610 156.056795 50.100662 56197.296551 90.000000 0.916481
160.390082 51.970652 14437.923310 160.418633 51.841386 13142.053289 160.556489 51.919738 12840.444825 90.000000 7.235629
159.588100 52.328542 32241.828336 159.454951 52.441674 38718.530386 159.354008 52.337961 38704.308714 90.000000 4.186939
155.188922 49.175456 47414.134044 155.034632 49.204320 54017.443119 155.079803 49.116355 48272.255649 90.000000 0.186268
160.597322 52.724636 20506.665433 160.761520 52.687362 17928.041385 160.751309 52.788429 19265.188996 90.000000 3.945146
162.048751 52.801711 9415.140547 161.989610 52.853143 9922.376426 161.944825 52.801868 9908.397148 90.000000 4.095491
161.401979 52.260582 9988.957854 161.220909 52.276378 11036.924804 161.286860 52.173267 10156.606699 90.000000 7.815850
157.460814 50.920372 42918.991223 157.610721 50.994088 41357.130054 157.423120 51.037546 48336.682373 90.000000 3.009685
159.963063 51.352947 12454.393378 159.986032 51.227606 11457.242502 160.125964 51.319288 11210.634955 90.000000 8.622664
158.832579 50.256979 11403.518289 159.005052 50.235007 10376.522995 158.962571 50.341508 11320.584111 90.000000 14.603886
159.222837 50.416463 10495.630431 159.118689 50.513356 11707.916457 159.082552 50.414132 11193.711819 90.000000 13.739447
156.608176 49.872332 31756.449410 156.466147 49.792208 32704.969177 156.639538 49.749702 27663.388723 90.000000 7.717738
156.726521 48.835000 11916.634836 156.736589 48.717921 10895.164777 156.872145 48.809313 10882.337105 90.000000 4.908969
161.109077 52.617328 13978.654175 160.939039 52.651008 15714.557345 160.967527 52.548616 14582.888142 90.000000 4.786690
161.220909 52.276378 11036.924804 161.339375 52.354102 10781.583026 161.161555 52.345306 11781.501712 90.000000 5.081619
160.892732 52.852564 18292.107921 161.054735 52.820017 16196.557477 161.060108 52.929245 17241.635817 90.000000 1.811522
154.963097 49.304148 61492.607235 154.800000 49.350000 69835.975647 154.836922 49.270732 64429.721879 90.000000 0.027321
157.122506 49.192171 12572.338187 156.985886 49.112640 12751.617865 157.158945 49.075561 11342.488310 90.000000 8.714476
159.036710 52.398427 50221.696903 158.860579 52.468922 58101.062475 158.870708 52.350665 54225.915098 90.000000 1.462083
158.000382 49.419137 9689.658516 158.150000 49.400000 8981.719971 158.107029 49.497467 9720.388769 90.000000 15.946800
159.808828 51.272442 12939.367377 159.839988 51.127809 11707.293417 159.986032 51.227606 11457.242502 90.000000 7.979940
156.985886 49.112640 12751.617865 157.028343 48.993125 11439.752922 157.158945 49.075561 11342.488310 90.000000 8.332291
161.850000 52.500000 9011.543274 161.900000 52.550000 9010.459900 161.794639 52.545109 9437.062553 90.000000 11.038708
160.507705 52.876524 24344.260905 160.449427 52.775488 23628.079614 160.623398 52.815944 21439.411035 90.000000 2.431546
157.261843 50.958038 50345.647626 157.460814 50.920372 42918.991223 157.423120 51.037546 48336.682373 90.000000 2.270201
161.286860 52.173267 10156.606699 161.220909 52.276378 11036.924804 161.101077 52.194884 11282.512184 90.000000 7.964431
156.723237 50.810089 62781.984395 156.637163 50.687464 60569.581587 156.807500 50.713569 55794.879585 90.000000 0.274170
156.266468 48.702315 13610.785120 156.205404 48.585753 12742.524948 156.336863 48.618837 12253.755686 90.000000 0.797988
162.047992 52.918270 9921.134749 162.050000 53.000000 10276.861191 161.929189 52.967498 10790.259006 90.000000 0.108906
157.298142 49.151855 11162.088520 157.122506 49.192171 12572.338187 157.158945 49.075561 11342.488310 90.000000 8.271207
157.808103 51.518279 55602.404407 157.618828 51.542068 62363.002868 157.663739 51.426014 56225.300807 90.000000 0.613754
155.547672 49.532762 51341.929205 155.511208 49.650963 57894.041050 155.397240 49.556313 57869.866651 90.000000 0.667718
155.741956 48.951601 24476.227039 155.611697 48.872727 24782.164200 155.763560 48.848832 21539.358524 90.000000 0.241917
160.624960 53.297687 30315.775014 160.742359 53.198963 25830.149593 160.812007 53.296487 26265.140599 90.000000 1.805548
156.639538 49.749702 27663.388723 156.811195 49.708155 23520.196638 156.781501 49.828288 26885.127772 90.000000 10.612577
159.789077 52.246407 25959.481191 159.954054 52.319725 24318.948148 159.776003 52.361794 28692.164534 90.000000 7.542772
159.221212 50.718875 12665.062581 159.257603 50.614921 11653.270379 159.370019 50.695035 11579.581825 90.000000 8.773619
161.827347 52.921027 11134.640530 161.864171 52.843890 10526.222681 161.931658 52.900793 10447.033781 90.000000 3.161515
156.745832 48.611361 10071.955058 156.894157 48.709960 10064.906785 156.736589 48.717921 10895.164777 90.000000 4.131236
156.574704 49.993766 36328.869067 156.608176 49.872332 31756.449410 156.744094 49.949532 30921.198723 90.000000 8.348241
160.892732 52.852564 18292.107921 160.720806 52.895073 21142.538256 160.751309 52.788429 19265.188996 90.000000 1.680722
161.737206 52.795683 10969.814111 161.864171 52.843890 10526.222681 161.746143 52.868080 11319.713958 90.000000 5.039100
160.287315 51.327091 10391.712029 160.160435 51.425871 11699.126816 160.125964 51.319288 11210.634955 90.000000 7.612541
159.114266 52.519826 51310.957599 159.333943 52.537124 44951.157951 159.244418 52.625891 50297.629940 90.000000 0.842071
159.222837 50.416463 10495.630431 159.400000 50.400000 9602.576256 159.329502 50.505682 10538.123118 90.000000 12.908062
161.042621 53.111976 19564.640662 161.218079 53.135151 17648.654847 161.080255 53.218096 20399.437306 90.000000 0.810932
160.449427 52.775488 23628.079614 160.597322 52.724636 20506.665433 160.623398 52.815944 21439.411035 90.000000 2.889511
158.939889 50.447868 12260.333269 158.796266 50.371645 12518.191208 158.962571 50.341508 11320.584111 90.000000 13.248389
161.864171 52.843890 10526.222681 161.867523 52.756348 10075.537386 161.944825 52.801868 9908.397148 90.000000 5.931995
156.599570 48.513119 10031.129213 156.792285 48.495142 9131.102553 156.745832 48.611361 10071.955058 90.000000 1.714051
158.434054 49.786656 10087.884243 158.557137 49.874776 10097.572465 158.400283 49.903211 11056.297239 90.000000 14.900099
156.526003 50.119284 41899.670467 156.574704 49.993766 36328.869067 156.701859 50.074718 35703.259252 90.000000 7.340590
156.948028 49.787052 23002.211230 156.909980 49.907398 26399.833592 156.781501 49.828288 26885.127772 90.000000 12.954013
160.912208 52.754623 16991.653966 160.892732 52.852564 18292.107921 160.751309 52.788429 19265.188996 90.000000 2.722404
156.160777 50.184318 55881.748376 156.350245 50.161724 48710.323083 156.278751 50.279154 55667.429532 90.000000 1.577361
159.735581 52.931417 44336.234016 159.513955 52.976793 52314.718561 159.561960 52.870784 47737.737513 90.000000 0.424655
155.527693 49.103521 34202.390006 155.351911 49.139159 40642.946705 155.409168 49.034149 34759.743496 90.000000 0.641014
158.064776 51.834052 60731.424001 158.269307 51.769867 52687.057715 158.264386 51.876385 56825.087844 90.000000 0.290411
159.661187 52.457788 33665.373163 159.588100 52.328542 32241.828336 159.776003 52.361794 28692.164534 90.000000 5.184472
161.540869 52.524460 10576.594912 161.435759 52.453650 10773.656742 161.568151 52.438083 10002.142468 90.000000 6.649049
156.736589 48.717921 10895.164777 156.894157 48.709960 10064.906785 156.872145 48.809313 10882.337105 90.000000 4.951891
161.080255 53.218096 20399.437306 161.099567 53.319787 21471.871366 160.954220 53.292197 23502.232570 90.000000 0.511339
155.939368 49.795433 48308.682277 155.750345 49.840972 57007.310324 155.795296 49.717942 50285.798561 90.000000 0.525314
161.849427 52.610683 9484.010470 161.748070 52.643608 10117.691645 161.749398 52.590752 9854.575208 90.000000 9.302818
158.882011 52.220701 49866.815314 158.870708 52.350665 54225.915098 158.719506 52.262443 56465.394861 90.000000 2.818705
159.986032 51.227606 11457.242502 160.175365 51.217432 10345.028282 160.125964 51.319288 11210.634955 90.000000 9.310656
155.511208 49.650963 57894.041050 155.359049 49.653108 63757.443275 155.397240 49.556313 57869.866651 90.000000 0.575306
154.888354 49.208267 59405.250529 154.784355 49.221706 63903.704412 154.779929 49.167361 61329.005222 90.000000 0.251447
161.054735 52.820017 16196.557477 161.213540 52.877300 15234.483454 161.060108 52.929245 17241.635817 90.000000 1.860913
160.139693 53.157280 39087.871243 159.988384 53.258254 46142.940713 159.970776 53.134245 43187.634085 90.000000 0.973365
161.800000 52.450000 9013.016701 161.850000 52.500000 9011.543274 161.762640 52.494815 9357.759233 90.000000 10.978898
160.275764 51.639607 12508.439268 160.309146 51.528048 11513.824227 160.439363 51.614859 11367.982684 90.000000 5.473525
159.713123 50.818768 10518.130075 159.836517 50.912394 10417.610610 159.666617 50.939957 11525.482624 90.000000 6.656440
161.900000 52.550000 9010.459900 161.849427 52.610683 9484.010470 161.794639 52.545109 9437.062553 90.000000 9.997624
155.243422 49.551126 63341.386442 155.383794 49.453338 53626.850168 155.397240 49.556313 57869.866651 90.000000 0.615998
160.791254 51.752388 10435.506771 160.713768 51.871952 11562.039680 160.594850 51.794168 11713.179874 90.000000 6.489088
161.704253 53.040591 12603.150178 161.537240 52.997662 13524.697953 161.680815 52.934570 12112.490626 90.000000 0.846697
161.007095 52.456942 13569.072930 161.138806 52.521395 13057.787027 160.967527 52.548616 14582.888142 90.000000 5.576528
159.532509 50.862362 11799.544635 159.713123 50.818768 10518.130075 159.666617 50.939957 11525.482624 90.000000 7.624703
162.050000 52.700000 8995.855331 161.991415 52.752663 9467.805254 161.945718 52.697678 9435.921743 90.000000 6.160359
161.290889 52.491682 11845.718215 161.188769 52.425671 12093.890210 161.313697 52.431310 11351.359850 90.000000 5.142900
156.608176 49.872332 31756.449410 156.781501 49.828288 26885.127772 156.744094 49.949532 30921.198723 90.000000 10.763637
160.919282 53.203438 22701.435753 161.080255 53.218096 20399.437306 160.954220 53.292197 23502.232570 90.000000 1.017962
160.507705 52.876524 24344.260905 160.307013 52.851122 27777.277081 160.449427 52.775488 23628.079614 90.000000 1.956152
156.781501 49.828288 26885.127772 156.909980 49.907398 26399.833592 156.744094 49.949532 30921.198723 90.000000 12.776225
161.625366 52.750182 11356.590746 161.737206 52.795683 10969.814111 161.622337 52.831101 11856.014513 90.000000 6.086186
162.150000 52.800000 8962.578773 162.103467 52.851207 9368.864439 162.048751 52.801711 9415.140547 90.000000 4.115901
159.235110 52.259761 39955.165790 159.440283 52.233221 33542.395076 159.354008 52.337961 38704.308714 90.000000 5.411682
161.991415 52.752663 9467.805254 162.100000 52.750000 8982.431412 162.048751 52.801711 9415.140547 90.000000 4.927714
158.028026 51.354799 43418.940252 158.176474 51.436769 42711.593490 157.995174 51.476381 48781.940873 90.000000 3.259951
156.574704 49.993766 36328.869067 156.744094 49.949532 30921.198723 156.701859 50.074718 35703.259252 90.000000 8.684718
161.251945 53.243102 18390.777913 161.099567 53.319787 21471.871366 161.080255 53.218096 20399.437306 90.000000 0.463164
158.424070 51.845114 51231.286350 158.366554 51.956165 56905.691854 158.264386 51.876385 56825.087844 90.000000 1.446614
161.138806 52.521395 13057.787027 161.109077 52.617328 13978.654175 160.967527 52.548616 14582.888142 90.000000 4.885681
156.909980 49.907398 26399.833592 156.878637 50.028223 30176.743908 156.744094 49.949532 30921.198723 90.000000 13.299281
158.400283 49.903211 11056.297239 158.557137 49.874776 10097.572465 158.528161 49.981209 10966.450340 90.000000 15.103105
156.217976 50.391013 62483.366326 156.093687 50.295278 62916.008241 156.278751 50.279154 55667.429532 90.000000 1.216194
155.547672 49.532762 51341.929205 155.675033 49.628154 50877.313834 155.511208 49.650963 57894.041050 90.000000 0.420158
155.462457 49.769060 65030.113555 155.511208 49.650963 57894.041050 155.629810 49.754778 57940.112816 90.000000 0.112862
156.608176 49.872332 31756.449410 156.639538 49.749702 27663.388723 156.781501 49.828288 26885.127772 90.000000 9.541465
161.849427 52.610683 9484.010470 161.950000 52.600000 9008.448601 161.918961 52.647683 9338.062079 90.000000 8.681503
155.763560 48.848832 21539.358524 155.611697 48.872727 24782.164200 155.642085 48.791352 22132.910209 90.000000 0.070189
159.005052 50.235007 10376.522995 159.119190 50.323047 10400.394762 158.962571 50.341508 11320.584111 90.000000 15.914810
158.882011 52.220701 49866.815314 159.030734 52.288900 47136.747264 158.870708 52.350665 54225.915098 90.000000 3.225951
157.618828 51.542068 62363.002868 157.483706 51.441936 62641.959837 157.663739 51.426014 56225.300807 90.000000 0.174609
162.048751 52.801711 9415.140547 162.103467 52.851207 9368.864439 161.989610 52.853143 9922.376426 90.000000 3.435444
156.216169 50.073317 49638.415489 156.350245 50.161724 48710.323083 156.160777 50.184318 55881.748376 90.000000 1.817330
159.118689 50.513356 11707.916457 158.939889 50.447868 12260.333269 159.082552 50.414132 11193.711819 90.000000 12.788711
160.530890 52.046822 14020.526835 160.390082 51.970652 14437.923310 160.556489 51.919738 12840.444825 90.000000 7.785976
159.659855 51.065996 12442.897195 159.666617 50.939957 11525.482624 159.789440 51.011423 11263.487968 90.000000 7.837893
156.937207 50.787895 54399.021825 156.723237 50.810089 62781.984395 156.807500 50.713569 55794.879585 90.000000 0.073069
161.929189 52.967498 10790.259006 161.894434 53.072030 11538.428774 161.807185 52.987185 11617.384249 90.000000 0.151099
161.750000 52.400000 9015.972137 161.800000 52.450000 9013.016701 161.704225 52.451411 9425.858176 90.000000 8.938458
156.413363 50.351086 54105.902997 156.217976 50.391013 62483.366326 156.278751 50.279154 55667.429532 90.000000 1.478978
155.462457 49.769060 65030.113555 155.359049 49.653108 63757.443275 155.511208 49.650963 57894.041050 90.000000 0.219997
156.791542 50.272775 39845.073897 156.602682 50.310361 46602.644342 156.652626 50.202247 41258.685642 90.000000 4.934514
160.306774 53.386107 40569.064350 160.512629 53.396207 35330.249628 160.397833 53.482638 40594.642656 90.000000 0.067202
159.513955 52.976793 52314.718561 159.381467 52.878429 53489.705819 159.561960 52.870784 47737.737513 90.000000 0.114232
162.000000 52.650000 9004.067421 161.945718 52.697678 9435.921743 161.918961 52.647683 9338.062079 90.000000 7.059873
158.939889 50.447868 12260.333269 158.962571 50.341508 11320.584111 159.082552 50.414132 11193.711819 90.000000 13.490440
160.761520 52.687362 17928.041385 160.912208 52.754623 16991.653966 160.751309 52.788429 19265.188996 90.000000 3.411831
156.744094 49.949532 30921.198723 156.878637 50.028223 30176.743908 156.701859 50.074718 35703.259252 90.000000 10.965363
156.851458 50.606532 50118.054641 157.052219 50.550356 41920.636267 156.998066 50.673705 47996.039374 90.000000 0.142886
156.652626 50.202247 41258.685642 156.602682 50.310361 46602.644342 156.466666 50.243765 48215.322106 90.000000 3.554322
161.704225 52.451411 9425.858176 161.762640 52.494815 9357.759233 161.681790 52.519895 9840.701719 90.000000 9.613300
157.846800 51.396316 49728.171635 157.808103 51.518279 55602.404407 157.663739 51.426014 56225.300807 90.000000 0.988443
158.882011 52.220701 49866.815314 159.066718 52.175425 42599.449978 159.030734 52.288900 47136.747264 90.000000 3.409947
157.367151 51.324199 61649.374736 157.528418 51.241667 53026.753978 157.535700 51.342209 56836.911031 90.000000 0.788815
157.192196 50.631783 40651.809367 157.147654 50.751553 46187.236628 156.998066 50.673705 47996.039374 90.000000 1.106735
156.413363 50.351086 54105.902997 156.278751 50.279154 55667.429532 156.466666 50.243765 48215.322106 90.000000 1.681682
155.905548 48.915992 20876.303939 155.741956 48.951601 24476.227039 155.763560 48.848832 21539.358524 90.000000 0.205025
159.454951 52.441674 38718.530386 159.246618 52.422563 44292.941992 159.354008 52.337961 38704.308714 90.000000 3.568354
156.602682 50.310361 46602.644342 156.413363 50.351086 54105.902997 156.466666 50.243765 48215.322106 90.000000 2.323119
156.448918 48.488769 10524.258050 156.599570 48.513119 10031.129213 156.453773 48.580832 11247.819574 90.000000 0.270621
157.693548 51.317684 51038.073663 157.846800 51.396316 49728.171635 157.663739 51.426014 56225.300807 90.000000 1.438861
156.878637 50.028223 30176.743908 156.835550 50.151262 34770.007505 156.701859 50.074718 35703.259252 90.000000 10.129557
161.704253 53.040591 12603.150178 161.680815 52.934570 12112.490626 161.807185 52.987185 11617.384249 90.000000 0.593581
161.737206 52.795683 10969.814111 161.746143 52.868080 11319.713958 161.622337 52.831101 11856.014513 90.000000 5.110384
160.427628 52.662593 22155.147871 160.597322 52.724636 20506.665433 160.449427 52.775488 23628.079614 90.000000 3.127019
158.860579 52.468922 58101.062475 158.688970 52.363894 60594.244174 158.870708 52.350665 54225.915098 90.000000 0.867961
157.663739 51.426014 56225.300807 157.483706 51.441936 62641.959837 157.535700 51.342209 56836.911031 90.000000 0.162601
157.025679 48.813204 10133.368289 156.884489 48.910513 11613.583023 156.872145 48.809313 10882.337105 90.000000 5.376461
158.676438 52.153000 54349.297214 158.882011 52.220701 49866.815314 158.719506 52.262443 56465.394861 90.000000 3.006202
161.950000 52.600000 9008.448601 162.000000 52.650000 9004.067421 161.918961 52.647683 9338.062079 90.000000 7.520606
159.235110 52.259761 39955.165790 159.354008 52.337961 38704.308714 159.158958 52.341425 44638.224872 90.000000 4.648452
159.389238 50.788690 12141.768548 159.221212 50.718875 12665.062581 159.370019 50.695035 11579.581825 90.000000 8.791320
159.796916 53.167262 49258.321811 159.865504 53.047765 43821.757597 159.970776 53.134245 43187.634085 90.000000 0.692437
160.919282 53.203438 22701.435753 161.042621 53.111976 19564.640662 161.080255 53.218096 20399.437306 90.000000 1.494317
155.383794 49.453338 53626.850168 155.547672 49.532762 51341.929205 155.397240 49.556313 57869.866651 90.000000 0.674810
159.513514 50.990680 12869.400512 159.532509 50.862362 11799.544635 159.666617 50.939957 11525.482624 90.000000 8.052017
157.423120 51.037546 48336.682373 157.379530 51.163668 54645.840856 157.245632 51.081077 55741.033403 90.000000 0.580983
157.693548 51.317684 51038.073663 157.663739 51.426014 56225.300807 157.535700 51.342209 56836.911031 90.000000 0.956081
156.216169 50.073317 49638.415489 156.160777 50.184318 55881.748376 156.056795 50.100662 56197.296551 90.000000 1.772816
158.962571 50.341508 11320.584111 159.119190 50.323047 10400.394762 159.082552 50.414132 11193.711819 90.000000 14.231198
160.160435 51.425871 11699.126816 159.963063 51.352947 12454.393378 160.125964 51.319288 11210.634955 90.000000 7.606133
161.762640 52.494815 9357.759233 161.850000 52.500000 9011.543274 161.794639 52.545109 9437.062553 90.000000 11.166056
160.175365 51.217432 10345.028282 160.287315 51.327091 10391.712029 160.125964 51.319288 11210.634955 90.000000 8.999602
161.700000 52.350000 9021.188736 161.750000 52.400000 9015.972137 161.661316 52.398382 9385.966616 90.000000 7.504976
156.726521 48.835000 11916.634836 156.584548 48.747313 11985.257080 156.736589 48.717921 10895.164777 90.000000 3.663565
158.557137 49.874776 10097.572465 158.672943 49.964591 10153.629627 158.528161 49.981209 10966.450340 90.000000 14.415832
155.359049 49.653108 63757.443275 155.243422 49.551126 63341.386442 155.397240 49.556313 57869.866651 90.000000 0.439270
158.870708 52.350665 54225.915098 158.688970 52.363894 60594.244174 158.719506 52.262443 56465.394861 90.000000 1.578634
157.052219 50.550356 41920.636267 157.192196 50.631783 40651.809367 156.998066 50.673705 47996.039374 90.000000 0.410401
155.254980 49.354253 53556.299336 155.156868 49.456452 61982.738519 155.088560 49.363996 59936.927875 90.000000 0.047187
159.354008 52.337961 38704.308714 159.246618 52.422563 44292.941992 159.158958 52.341425 44638.224872 90.000000 3.314122
160.014366 52.716503 31368.029933 159.938317 52.597720 30406.280574 160.106001 52.629177 27441.552466 90.000000 4.286555
156.599570 48.513119 10031.129213 156.588732 48.626267 10929.674468 156.453773 48.580832 11247.819574 90.000000 1.041593
156.205404 48.585753 12742.524948 156.201047 48.470609 11636.703313 156.320515 48.527212 11487.366214 90.000000 0.162849
162.200000 52.850000 8935.307503 162.250000 52.900000 8899.891853 162.156397 52.895807 9303.343901 90.000000 1.677328
162.103467 52.851207 9368.864439 162.200000 52.850000 8935.307503 162.156397 52.895807 9303.343901 90.000000 2.612343
158.028026 51.354799 43418.940252 157.995174 51.476381 48781.940873 157.846800 51.396316 49728.171635 90.000000 2.838677
159.865504 53.047765 43821.757597 160.056614 53.044288 38375.875517 159.970776 53.134245 43187.634085 90.000000 0.982647
156.444015 48.676501 12167.506869 156.266468 48.702315 13610.785120 156.336863 48.618837 12253.755686 90.000000 0.813521
157.995174 51.476381 48781.940873 157.808103 51.518279 55602.404407 157.846800 51.396316 49728.171635 90.000000 1.760990
156.894157 48.709960 10064.906785 157.025679 48.813204 10133.368289 156.872145 48.809313 10882.337105 90.000000 5.307128
160.713768 51.871952 11562.039680 160.910783 51.849467 10400.640424 160.829215 51.935567 11320.692003 90.000000 6.142332
157.483706 51.441936 62641.959837 157.367151 51.324199 61649.374736 157.535700 51.342209 56836.911031 90.000000 0.163099
158.265576 49.491959 9040.519171 158.381584 49.583802 9093.281697 158.240604 49.582184 9666.694850 90.000000 13.686233
155.079803 49.116355 48272.255649 155.034632 49.204320 54017.443119 154.964193 49.146312 53648.763822 90.000000 0.190126
160.812007 53.296487 26265.140599 160.919282 53.203438 22701.435753 160.954220 53.292197 23502.232570 90.000000 1.149001
161.794639 52.545109 9437.062553 161.849427 52.610683 9484.010470 161.749398 52.590752 9854.575208 90.000000 10.020343
160.093849 52.528265 25682.579639 160.262510 52.593647 23787.176895 160.106001 52.629177 27441.552466 90.000000 6.284025
158.688970 52.363894 60594.244174 158.556504 52.258499 61553.959015 158.719506 52.262443 56465.394861 90.000000 0.860379
159.030734 52.288900 47136.747264 159.235110 52.259761 39955.165790 159.158958 52.341425 44638.224872 90.000000 3.339110
155.762885 48.755814 19522.351642 155.763560 48.848832 21539.358524 155.642085 48.791352 22132.910209 90.000000 0.139276
158.528161 49.981209 10966.450340 158.672943 49.964591 10153.629627 158.647773 50.051748 10868.239902 90.000000 13.063786
160.515663 52.168563 15202.435752 160.530890 52.046822 14020.526835 160.644331 52.115831 13737.639142 90.000000 9.394189
160.556489 51.919738 12840.444825 160.713768 51.871952 11562.039680 160.695433 51.996803 12510.599331 90.000000 5.972069
160.530890 52.046822 14020.526835 160.695433 51.996803 12510.599331 160.644331 52.115831 13737.639142 90.000000 7.061582
159.381467 52.878429 53489.705819 159.487635 52.771676 47097.604927 159.561960 52.870784 47737.737513 90.000000 0.124619
156.599570 48.513119 10031.129213 156.745832 48.611361 10071.955058 156.588732 48.626267 10929.674468 90.000000 1.563033
156.061161 49.996082 51894.121771 156.216169 50.073317 49638.415489 156.056795 50.100662 56197.296551 90.000000 1.839978
160.056614 53.044288 38375.875517 160.139693 53.157280 39087.871243 159.970776 53.134245 43187.634085 90.000000 0.897408
157.261843 50.958038 50345.647626 157.423120 51.037546 48336.682373 157.245632 51.081077 55741.033403 90.000000 1.137281
159.119190 50.323047 10400.394762 159.222837 50.416463 10495.630431 159.082552 50.414132 11193.711819 90.000000 14.637746
154.961238 49.078409 50478.518501 155.074662 49.032376 44573.613141 155.079803 49.116355 48272.255649 90.000000 0.102693
158.672943 49.964591 10153.629627 158.784160 50.055525 10238.272326 158.647773 50.051748 10868.239902 90.000000 13.799446
161.945718 52.697678 9435.921743 161.849667 52.679979 9798.882014 161.918961 52.647683 9338.062079 90.000000 7.481722
156.093687 50.295278 62916.008241 156.160777 50.184318 55881.748376 156.278751 50.279154 55667.429532 90.000000 1.359203
157.528418 51.241667 53026.753978 157.693548 51.317684 51038.073663 157.535700 51.342209 56836.911031 90.000000 1.771463
160.965363 53.017241 19393.720000 160.780995 53.003790 21850.052413 160.891335 52.945025 19443.878935 90.000000 1.567063
159.333943 52.537124 44951.157951 159.414247 52.654426 45914.431106 159.244418 52.625891 50297.629940 90.000000 0.877915
159.246618 52.422563 44292.941992 159.036710 52.398427 50221.696903 159.158958 52.341425 44638.224872 90.000000 2.393352
159.836517 50.912394 10417.610610 159.944282 51.010697 10405.880787 159.789440 51.011423 11263.487968 90.000000 7.259913
159.030734 52.288900 47136.747264 159.036710 52.398427 50221.696903 158.870708 52.350665 54225.915098 90.000000 2.790811
160.450242 51.713505 11983.349509 160.275764 51.639607 12508.439268 160.439363 51.614859 11367.982684 90.000000 6.187462
159.938317 52.597720 30406.280574 160.093849 52.528265 25682.579639 160.106001 52.629177 27441.552466 90.000000 5.459458
162.047992 52.918270 9921.134749 161.929189 52.967498 10790.259006 161.931658 52.900793 10447.033781 90.000000 1.374182
159.487635 52.771676 47097.604927 159.691198 52.795234 41815.336736 159.561960 52.870784 47737.737513 90.000000 0.152480
161.800000 52.450000 9013.016701 161.762640 52.494815 9357.759233 161.704225 52.451411 9425.858176 90.000000 9.809147
160.597322 52.724636 20506.665433 160.751309 52.788429 19265.188996 160.623398 52.815944 21439.411035 90.000000 3.053951
154.961238 49.078409 50478.518501 155.079803 49.116355 48272.255649 154.964193 49.146312 53648.763822 90.000000 0.238505
154.784355 49.221706 63903.704412 154.888354 49.208267 59405.250529 154.836922 49.270732 64429.721879 90.000000 0.247008
161.435759 52.453650 10773.656742 161.290889 52.491682 11845.718215 161.313697 52.431310 11351.359850 90.000000 5.191857
160.695433 51.996803 12510.599331 160.713768 51.871952 11562.039680 160.829215 51.935567 11320.692003 90.000000 5.691088
160.892732 52.852564 18292.107921 161.060108 52.929245 17241.635817 160.891335 52.945025 19443.878935 90.000000 1.300043
158.269307 51.769867 52687.057715 158.424070 51.845114 51231.286350 158.264386 51.876385 56825.087844 90.000000 1.132828
156.884489 48.910513 11613.583023 156.726521 48.835000 11916.634836 156.872145 48.809313 10882.337105 90.000000 4.853699
161.989610 52.853143 9922.376426 162.047992 52.918270 9921.134749 161.931658 52.900793 10447.033781 90.000000 2.230665
161.700000 52.350000 9021.188736 161.661316 52.398382 9385.966616 161.600441 52.357657 9482.321606 90.000000 6.843530
160.720806 52.895073 21142.538256 160.507705 52.876524 24344.260905 160.623398 52.815944 21439.411035 90.000000 1.979744
161.188769 52.425671 12093.890210 161.007095 52.456942 13569.072930 161.059533 52.374490 12628.007400 90.000000 4.940037
155.750345 49.840972 57007.310324 155.577381 49.877689 65296.584005 155.629810 49.754778 57940.112816 90.000000 0.148489
161.661316 52.398382 9385.966616 161.750000 52.400000 9015.972137 161.704225 52.451411 9425.858176 90.000000 8.080902
161.929189 52.967498 10790.259006 161.827347 52.921027 11134.640530 161.931658 52.900793 10447.033781 90.000000 2.012945
155.795296 49.717942 50285.798561 155.750345 49.840972 57007.310324 155.629810 49.754778 57940.112816 90.000000 0.147586
154.700000 49.250000 68532.821655 154.700000 49.200000 65987.434387 154.784355 49.221706 63903.704412 90.000000 0.103788
161.827347 52.921027 11134.640530 161.929189 52.967498 10790.259006 161.807185 52.987185 11617.384249 90.000000 1.073018
161.060108 52.929245 17241.635817 160.965363 53.017241 19393.720000 160.891335 52.945025 19443.878935 90.000000 1.083232
155.409168 49.034149 34759.743496 155.319117 48.949744 33948.882794 155.445645 48.962374 31194.457598 90.000000 0.392417
160.922164 53.386915 25699.811938 160.812007 53.296487 26265.140599 160.954220 53.292197 23502.232570 90.000000 0.266531
160.530890 52.046822 14020.526835 160.556489 51.919738 12840.444825 160.695433 51.996803 12510.599331 90.000000 6.833507
159.666617 50.939957 11525.482624 159.836517 50.912394 10417.610610 159.789440 51.011423 11263.487968 90.000000 7.605413
156.320515 48.527212 11487.366214 156.448918 48.488769 10524.258050 156.453773 48.580832 11247.819574 90.000000 0.198507
156.205404 48.585753 12742.524948 156.320515 48.527212 11487.366214 156.336863 48.618837 12253.755686 90.000000 0.611015
156.336863 48.618837 12253.755686 156.320515 48.527212 11487.366214 156.453773 48.580832 11247.819574 90.000000 0.622982
159.036710 52.398427 50221.696903 159.030734 52.288900 47136.747264 159.158958 52.341425 44638.224872 90.000000 3.038644
154.856910 49.124055 56360.227853 154.961238 49.078409 50478.518501 154.964193 49.146312 53648.763822 90.000000 0.232075
154.888354 49.208267 59405.250529 154.856910 49.124055 56360.227853 154.964193 49.146312 53648.763822 90.000000 0.250808
160.863983 52.021633 11652.055591 160.695433 51.996803 12510.599331 160.829215 51.935567 11320.692003 90.000000 6.606648
160.751309 52.788429 19265.188996 160.720806 52.895073 21142.538256 160.623398 52.815944 21439.411035 90.000000 2.217778
155.034632 49.204320 54017.443119 154.888354 49.208267 59405.250529 154.964193 49.146312 53648.763822 90.000000 0.190128
154.784355 49.221706 63903.704412 154.700000 49.200000 65987.434387 154.779929 49.167361 61329.005222 90.000000 0.144882
156.588732 48.626267 10929.674468 156.444015 48.676501 12167.506869 156.453773 48.580832 11247.819574 90.000000 1.034450
156.444015 48.676501 12167.506869 156.336863 48.618837 12253.755686 156.453773 48.580832 11247.819574 90.000000 0.727225
156.500000 48.350000 9338.177681 156.550000 48.350000 9155.740738 156.520064 48.412041 9665.722669 90.000000 0.330226
161.161555 52.345306 11781.501712 161.188769 52.425671 12093.890210 161.059533 52.374490 12628.007400 90.000000 4.845679
161.051280 52.295316 12180.180647 161.161555 52.345306 11781.501712 161.059533 52.374490 12628.007400 90.000000 5.470358
161.586736 52.250174 9089.062629 161.700000 52.350000 9021.188736 161.600441 52.357657 9482.321606 90.000000 5.581143
156.350698 48.410405 10373.610217 156.500000 48.350000 9338.177681 156.520064 48.412041 9665.722669 90.000000 0.122825
