# vtk DataFile Version 2.0
slab_mesh, Created by Gmsh 4.13.1 
ASCII
DATASET UNSTRUCTURED_GRID
POINTS 6152 double
333.7934981759194 5374.320354546886 -9.329900741577148
341.33634276333 5379.665154741412 -9.242597579956055
334.1208155546452 5385.434955780414 -9.975214004516602
312.1910219615469 5391.687456436574 -11.88210201263428
330.6023492267441 5391.102134696835 -10.56264305114746
349.0140849423981 5390.577205340588 -9.436746597290039
316.0554667493054 5397.12283486662 -12.05297756195068
334.4486418077011 5396.54972123113 -10.6900634765625
352.8422213983375 5396.036982910619 -9.527979850769043
305.2130836719025 5403.052920135067 -13.54909038543701
323.5877392536341 5402.443711244451 -11.91800308227539
341.9628321194085 5401.894874192583 -10.55743789672852
360.3383161633832 5401.406392067153 -9.400139808654785
298.0641215796686 5408.870719715556 -14.94783687591553
316.4203180665139 5408.237502757105 -13.03654479980469
334.7769759493398 5407.664650830725 -11.48005104064941
353.1340484821632 5407.152146342592 -10.16840744018555
279.9276469754153 5415.121404170852 -18.28342437744141
298.2650436991293 5414.427964827866 -15.62821292877197
316.6029549367084 5413.794895617774 -13.56972122192383
334.9413331698819 5413.222177164459 -11.90568542480469
353.2801310931912 5412.709791935338 -10.51400375366211
371.6193015926202 5412.257724241929 -9.348267555236816
283.8108034265462 5420.535037951009 -18.58341407775879
302.1300027370169 5419.853835566102 -15.86330699920654
320.449713071669 5419.232984778698 -13.74756813049316
338.7698863985714 5418.672466647777 -12.03687286376953
357.0904748941475 5418.172264069506 -10.61276721954346
375.411430921855 5417.732361777774 -9.42885684967041
276.7064928686235 5426.381540371081 -20.95008277893066
295.0071535958995 5425.676360899237 -17.67524719238281
313.30835086276 5425.031526390769 -15.16181564331055
331.6100359914921 5424.447017238989 -13.17504405975342
349.9121605210983 5423.92281566769 -11.55075168609619
368.214676185983 5423.458905731703 -10.20276737213135
386.5175348946383 5423.055273317415 -9.10032844543457
273.2734834957112 5432.086936627015 -22.89814567565918
291.555695105439 5431.369860054555 -19.16905403137207
309.8384593529997 5430.713117663337 -16.3137321472168
328.1217269597597 5430.116689551008 -14.08421516418457
346.4054488678941 5429.580557639089 -12.28882789611816
364.6895762190625 5429.104705673557 -10.81203460693359
382.9740603331257 5428.68911922538 -9.600841522216797
255.2374586044716 5438.421328748582 -29.29987907409668
273.5007112903266 5437.64408804334 -24.14816284179688
291.7645730070136 5436.927188061362 -20.13386535644531
310.0289936803664 5436.270607153931 -17.05417823791504
328.2939234781541 5435.674325489063 -14.66017150878906
346.5593127887648 5435.138325052158 -12.74966430664062
364.8251121998992 5434.662589646598 -11.19177627563477
383.0912724773069 5434.247104894293 -9.917984962463379
240.8878026345145 5444.643407478724 -36.1883659362793
259.1321553057963 5443.818083882506 -29.76199340820312
277.3771645519802 5443.05310420277 -24.51663589477539
295.6227795381934 5442.348445420008 -20.42232513427734
313.8689496883496 5441.704086324366 -17.27356719970703
332.1156246638284 5441.12000751636 -14.82578468322754
350.3627543421654 5440.596191407538 -12.87978839874268
368.610288795796 5440.132622221066 -11.30241203308105
386.8581782707966 5439.729285992269 -10.018235206604
233.8582874158384 5450.547205752542 -41.16114807128906
252.0839696510098 5449.697953019197 -33.99380874633789
270.3103363699432 5448.90903826516 -27.9281063079834
288.5373360780056 5448.180437831963 -23.07456398010254
306.7649175476577 5447.512129863977 -19.31437873840332
324.9930297971235 5446.904094309165 -16.41355895996094
343.2216220691058 5446.356312919788 -14.14483547210693
361.4506438095308 5445.868769253013 -12.33415126800537
379.6800446463008 5445.441448671489 -10.86788845062256
397.9097743680855 5445.074338343841 -9.677845001220703
230.4851543647378 5456.281049454303 -44.91697311401367
248.6922845638183 5455.419947172001 -37.27553176879883
266.9001171677047 5454.619171964253 -30.64033126831055
285.1086000770045 5453.87869989811 -25.21846199035645
303.3176814634289 5453.198508836798 -20.97127151489258
321.5273097484917 5452.578578440497 -17.69372749328613
339.7374335822413 5452.018890167051 -15.15183162689209
357.948001822 5451.519427272619 -13.14798259735107
376.1589635111578 5451.080174812265 -11.53963565826416
394.3702678579597 5450.701119640454 -10.23490905761719
412.5818642143333 5450.382250411532 -9.173405647277832
230.7572773528096 5461.837828129382 -47.17433166503906
248.9459847718768 5460.976949514259 -39.26383209228516
267.1354021644073 5460.176381937524 -32.30325698852539
285.3254768836514 5459.436101552228 -26.55087471008301
303.5161565537132 5458.756086301096 -22.00996208190918
321.7073890482708 5458.1363159173 -18.4974193572998
339.8991224693272 5457.576771925194 -15.78259658813477
358.091305125971 5457.077437640966 -13.65802955627441
376.2838855131889 5456.638298173227 -11.96440505981445
394.4768122906733 5456.259340423531 -10.59281158447266
412.6700342616687 5455.940553086853 -9.471170425415039
216.4939423182497 5468.126586319586 -56.39337921142578
234.6636006141168 5467.217679832947 -47.78295135498047
252.8340191958218 5466.369088457183 -39.76536178588867
271.0051446388736 5465.580787005448 -32.71133422851562
289.1769238064148 5464.85275207337 -26.88324928283691
307.349303827946 5464.184962039898 -22.27618026733398
325.5222320780552 5463.577397068097 -18.70937538146973
343.695656155195 5463.03003910585 -15.95633316040039
361.869523860486 5462.542871886523 -13.80820083618164
380.0437831765292 5462.115880929542 -12.09993934631348
398.2183822462558 5461.749053540907 -10.71479320526123
416.3932693517972 5461.442378813657 -9.575296401977539
213.1511000528821 5473.872197593702 -60.63542938232422
231.3021413522422 5472.951470311547 -51.78781890869141
249.4539617324245 5472.091046896018 -43.38857650756836
267.6065071646332 5471.290901896418 -35.81146621704102
285.7597239117051 5470.551011637825 -29.40647506713867
303.913558506822 5469.87135422197 -24.26431274414062
322.0679577322721 5469.251909528041 -20.25528526306152
340.2228685982426 5468.692659213428 -17.1640796661377
358.3782383216206 5468.193586714386 -14.77027034759521
376.5340143048456 5467.754677246648 -12.88540172576904
394.6901441147583 5467.375917805959 -11.36730098724365
412.8465754614856 5467.05729716855 -10.11825656890869
431.0032561773445 5466.798805891541 -9.080682754516602
209.8158984129978 5479.620145510385 -64.93843841552734
227.9483034266261 5478.687605801793 -55.90228271484375
246.081506524822 5477.81535856496 -47.18724060058594
264.2154530752047 5477.003378087988 -39.13670349121094
282.3500887409851 5476.251640428053 -32.16739273071289
300.485359459721 5475.560123412304 -26.47058296203613
318.6212114220749 5474.928806638693 -21.98280143737793
336.7575910506215 5474.357671476731 -18.51223945617676
354.8944449786827 5473.846701068191 -15.8355884552002
373.0317200291706 5473.395880327726 -13.74654102325439
391.1693631934701 5473.005195943435 -12.07882118225098
409.3073216103414 5472.67463637734 -10.71201038360596
427.4455425448213 5472.404191865829 -9.571859359741211
191.9979731673899 5486.16932229699 -76.84461212158203
210.1110287443416 5485.176734015225 -67.43166351318359
228.2249460358053 5484.244448703568 -58.28280258178711
246.3396695515432 5483.372438982411 -49.3824577331543
264.4551441179079 5482.560679233708 -41.07463073730469
282.5713148565555 5481.809145601966 -33.80453491210938
300.6881271632216 5481.117815995151 -27.80509948730469
318.8055266865012 5480.486670085532 -23.04666709899902
336.9234593066773 5479.915689310449 -19.35410308837891
355.0418711145769 5479.404856873018 -16.50687980651855
373.1607083904343 5478.95415774276 -14.29243278503418
391.2799175827952 5478.563578656166 -12.5320930480957
409.3994452874395 5478.233108117191 -11.09156322479248
427.5192382263027 5477.962736397693 -9.886609077453613
181.4555493260245 5492.349998788188 -85.31051635742188
199.5495455168125 5491.321499600268 -75.56282043457031
217.64444585838 5490.35330342714 -66.20159912109375
235.7401941210061 5489.445381937067 -57.00292587280273
253.8367344040097 5488.597708552713 -48.0858268737793
271.9340111144801 5487.810258452187 -39.88532638549805
290.0319689460273 5487.083008569998 -32.81797027587891
308.1305528575926 5486.415937597963 -27.04132270812988
326.2297080522627 5485.809025986014 -22.47920608520508
344.3293799561302 5485.262255942956 -18.94156265258789
362.4295141971818 5484.775611437151 -16.20869255065918
380.530056584192 5484.34907819712 -14.07434368133545
398.6309530856556 5483.982643712103 -12.36519145965576
416.7321498087389 5483.676297232511 -10.9536190032959
434.8335929782284 5483.430029770359 -9.766594886779785
185.3957830536494 5497.695718251315 -85.88595581054688
203.4714371440298 5496.679566407876 -76.17891693115234
221.5479929618352 5495.723694382639 -66.77490997314453
239.6253938069394 5494.828074297663 -57.47848510742188
257.703583303676 5493.992680023091 -48.47060012817383
275.7825053795819 5493.217487178176 -40.2172737121582
293.8621042442031 5492.502473132256 -33.12219619750977
311.9423243679066 5491.847617005626 -27.32246017456055
330.0231104607405 5491.252899670367 -22.73310089111328
348.1044074513223 5490.718303751082 -19.16432571411133
366.1861604657356 5490.243813625581 -16.40131187438965
384.2683148064672 5489.829415425476 -14.24073791503906
402.3508159313642 5489.475097036728 -12.50737476348877
420.433609432591 5489.180848100099 -11.07159996032715
438.5166410156299 5488.946660011564 -9.861759185791016
167.661388242422 5504.328139906233 -98.85803985595703
185.7175330634455 5503.251983786736 -88.45521545410156
203.7746460202246 5502.236119427788 -78.67871856689453
221.8326695307935 5501.280517314027 -69.18865203857422
239.8915463585674 5500.38514967052 -59.76980972290039
257.9512195910895 5499.549990463875 -50.58417129516602
276.0116326187982 5498.775015403294 -42.09691619873047
294.0727291138553 5498.060201941545 -34.73506546020508
312.1344530089799 5497.405529275847 -28.66645050048828
330.1967484763306 5496.810978348714 -23.82745361328125
348.2595599064162 5496.276531848696 -20.04074096679688
366.3228318870132 5495.802174211062 -17.10017585754395
384.3865091821253 5495.387891618419 -14.80464744567871
402.4505367109614 5495.033672001244 -12.97173118591309
420.5148595269136 5494.739505038366 -11.45945167541504
438.5794227965795 5494.505382157362 -10.18529319763184
456.6441717787686 5494.331296534895 -9.120182991027832
175.2168538704369 5509.446543676228 -97.21750640869141
193.2548325327709 5508.394809197198 -87.02519226074219
211.2937653788465 5507.403336642822 -77.32420349121094
229.3335944326178 5506.472097300704 -67.77369689941406
247.3742620545625 5505.601064192788 -58.27290725708008
265.4157109204685 5504.790212076457 -49.12043762207031
283.4578840002367 5504.039517445565 -40.81278991699219
301.5007245367467 5503.348958531388 -33.70769500732422
319.5441760247246 5502.718515303496 -27.89168357849121
337.5881821896596 5502.148169470568 -23.25730514526367
355.6326869667461 5501.637904481114 -19.6214656829834
373.6776344798338 5501.187705524144 -16.78964805603027
391.722969020416 5500.797559529758 -14.56947994232178
409.7686350266378 5500.467455169657 -12.78377246856689
427.8145770623015 5500.197382857606 -11.30029582977295
445.8607397959156 5499.987334749804 -10.04936027526855
463.9070679797276 5499.83730474519 -9.009968757629395
179.1540306722216 5514.787558544444 -97.72593688964844
197.1736326981253 5513.748179705618 -87.57517242431641
215.1941862770279 5512.769038928259 -77.84032440185547
233.2156329684941 5511.850107952371 -68.19359588623047
251.2379146640228 5510.991360245981 -58.59463500976562
269.2609735658452 5510.192771006244 -49.39314270019531
287.2847521657865 5509.454317160456 -41.08587646484375
305.3091932241323 5508.775977367015 -33.99776458740234
323.3342397485443 5508.157732016281 -28.18423271179199
341.3598349730042 5507.599563231382 -23.52663803100586
359.3859223367645 5507.101454868934 -19.85183525085449
377.4124454633519 5506.663392519701 -16.98107719421387
395.4393481395626 5506.285363509175 -14.72878932952881
413.4665742944955 5505.967356898087 -12.91684055328369
431.4940679786015 5505.709363482844 -11.41154479980469
449.5217733427306 5505.511375795903 -10.1430835723877
165.0838544880839 5521.218400153619 -109.0718994140625
183.0840596369829 5520.131128009511 -98.23542785644531
201.0852727378734 5519.104099524146 -88.10494995117188
219.0874345378741 5518.137285166805 -78.31356811523438
237.0904861326336 5517.230657127311 -68.56041717529297
255.0943689451407 5516.384189317208 -58.87067413330078
273.0990247045723 5515.597857370849 -49.63815689086914
291.1043954251575 5514.871638646409 -41.35016250610352
309.1104233851004 5514.205512226841 -34.29161071777344
327.1170511055068 5513.599458920726 -28.48333358764648
345.1242213293558 5513.053461263074 -23.79847717285156
363.1318770004968 5512.567503516046 -20.08004760742188
381.139961242653 5512.141571669591 -17.16804122924805
399.148417338462 5511.77565344203 -14.88344383239746
417.157188708534 5511.469738280552 -13.04655838012695
435.1662188905078 5511.223817361641 -11.52163124084473
453.1754515181477 5511.037883591443 -10.23772716522217
471.1848303004234 5510.911931606051 -9.171639442443848
179.8140864127452 5525.899984662896 -102.9573822021484
197.7965032901045 5524.861217065671 -92.61090850830078
215.7798896323846 5523.882651017273 -82.68116760253906
233.7641859367667 5522.964258468936 -72.82611846923828
251.7493330316582 5522.106013086846 -62.9801139831543
269.7352720555373 5521.307890253261 -53.46351623535156
287.7219444358627 5520.56986706755 -44.77095794677734
305.7092918679859 5519.89192234716 -37.24921798706055
323.6972562941132 5519.274036628512 -30.97172164916992
341.6857798822955 5518.71619216781 -25.83601570129395
359.6748050054244 5518.218372941785 -21.70425415039062
377.6642742202798 5517.780564648363 -18.44377136230469
395.6541302465703 5517.402754707257 -15.89507007598877
413.644315946011 5517.084932260493 -13.87300968170166
431.6347743014163 5516.827088172852 -12.21629428863525
449.6254483957908 5516.629215032258 -10.8259162902832
467.616281391448 5516.491307150071 -9.661281585693359
172.9592473617712 5531.8884673395 -109.9840774536133
190.9226430065086 5530.825928693043 -99.24854278564453
208.8870411456911 5529.823584720252 -89.09265899658203
226.8523816092556 5528.881406794946 -79.12813568115234
244.8186045664502 5527.999367998878 -69.14570617675781
262.785650504709 5527.177443122906 -59.30815887451172
280.7534602085606 5526.415608668067 -50.07290649414062
298.7219747385552 5525.713842846593 -41.87705993652344
316.6911354102369 5525.072125582838 -34.90244674682617
334.6608837731468 5524.49043851413 -29.0975284576416
352.6311615898319 5523.968764991553 -24.33841705322266
370.6019108149067 5523.507090080648 -20.5200252532959
388.5730735741085 5523.105400562044 -17.52344703674316
406.5445921433903 5522.763684932016 -15.17848587036133
424.5164089280299 5522.481933402963 -13.29891109466553
442.488466441737 5522.260137903827 -11.74210071563721
460.4607072857975 5522.098292080418 -10.43217277526855
478.4330741282026 5521.996391295696 -9.341516494750977
187.6530695009419 5536.590008775957 -103.9496917724609
205.5986490028727 5535.575934240686 -93.59630584716797
223.5451915194309 5534.622012671357 -83.50529479980469
241.492636626034 5533.728216911028 -73.40918731689453
259.440924220159 5532.894521505099 -63.3860969543457
277.3899945002527 5532.120902702429 -53.84800720214844
295.3397879446988 5531.407338456354 -45.25858688354492
313.2902452907928 5530.753808425658 -37.85292816162109
331.2413075137609 5530.160293975432 -31.60777473449707
349.1929158058062 5529.626778177893 -26.40744590759277
367.145011555164 5529.153245813099 -22.16943359375
385.0975363251935 5528.739683369605 -18.81506156921387
403.0504318334894 5528.386079045038 -16.20129203796387
421.003639930994 5528.092422746598 -14.13641834259033
438.9571025811493 5527.858706091492 -12.44942092895508
456.9107618390363 5527.684922407287 -11.03418922424316
474.8645598305415 5527.571066732189 -9.845149993896484
191.5618039435119 5541.938853018328 -104.4551620483398
209.4889461211246 5540.937116666121 -94.06636047363281
227.417047756659 5539.995508880625 -83.86515045166016
245.3460479653739 5539.114002946948 -73.64056396484375
263.2758861800106 5538.292573846243 -63.54697036743164
281.206502129752 5537.531198256808 -54.02918243408203
299.1378358191966 5536.829854555116 -45.51563262939453
317.0698275073796 5536.188522816757 -38.17217636108398
335.002417686822 5535.607184817314 -31.93049430847168
352.9355470625878 5535.085824033159 -26.68391418457031
370.8691565313911 5534.624425642162 -22.38784980773926
388.803187160698 5534.222976524346 -18.98921966552734
406.7375801678654 5533.881465262438 -16.34833335876465
424.6722768992958 5533.599882142382 -14.26719856262207
442.607218809589 5533.378219153738 -12.56841373443604
460.5423474407334 5533.21646999004 -11.14172554016113
478.4776044012783 5533.114630049058 -9.939569473266602
191.8817382497917 5547.495346929473 -107.107048034668
209.7902320711424 5546.493918962685 -96.59322357177734
227.6996938817927 5545.552600548306 -86.26284027099609
245.6100622722204 5544.671365073117 -75.90699005126953
263.5212761500293 5543.850187613411 -65.68342590332031
281.4332747189324 5543.089044936104 -56.0346794128418
299.3459974577505 5542.387915499781 -47.3812255859375
317.2593840994585 5541.746779455646 -39.87273025512695
335.173374610257 5541.165618648405 -33.42473220825195
353.0879091686542 5540.644416617062 -27.9351921081543
371.0029281445966 5540.183158595657 -23.39082145690918
388.9183720785946 5539.781831513897 -19.77652168273926
406.8341816608834 5539.440423997742 -16.97378540039062
424.7502977106025 5539.158926369895 -14.78236198425293
442.66666115497 5538.937330650231 -13.00770950317383
460.5832130084959 5538.775630556141 -11.52054119110107
478.4998943521787 5538.673821502801 -10.26133728027344
496.4166463127266 5538.631900603383 -9.211012840270996
202.9356866063714 5552.44397969516 -103.3741912841797
220.8261118554823 5551.478920651549 -92.87883758544922
238.7174764027384 5550.5739358547 -82.39627075195312
256.6097185078964 5549.728999802702 -71.93979644775391
274.5027767348822 5548.944088677315 -61.87125015258789
292.3965899307991 5548.219180345041 -52.65605926513672
310.2910972049955 5547.554254358134 -44.54897308349609
328.1862379081338 5546.949291955511 -37.51383209228516
346.0819516113024 5546.404276063592 -31.42120742797852
363.9781780851538 5545.919191297067 -26.24461936950684
381.8748572790462 5545.49402395958 -22.02619171142578
399.7719293002225 5545.128762044333 -18.72649383544922
417.6693343930054 5544.823395234625 -16.17860412597656
435.5670129179904 5544.577914904306 -14.16446781158447
453.4649053312779 5544.392314118158 -12.5052661895752
471.362952163689 5544.266587632207 -11.09943866729736
489.2610940000077 5544.200731893939 -9.908699989318848
199.6706536901253 5558.200867122325 -108.1967010498047
217.542211627638 5557.224096738801 -97.52989959716797
235.4147295250484 5556.307386566527 -86.90815734863281
253.2881450567972 5555.45071086603 -76.27869415283203
271.1623962053263 5554.654045574763 -65.95728302001953
289.0374212401346 5553.917368308199 -56.41598129272461
306.9131586968356 5553.240658360863 -47.95282363891602
324.7895473562646 5552.623896707275 -40.55347061157227
342.6665262236098 5552.067066002804 -34.06821441650391
360.5440345075515 5551.570150584474 -28.45611763000488
378.4220115994498 5551.133136471643 -23.79495429992676
396.3003970525248 5550.756011366662 -20.10877227783203
414.1791305610725 5550.438764655405 -17.27080535888672
432.0581519396966 5550.181387407757 -15.05962467193604
449.9374011025366 5549.983872378016 -13.26477336883545
467.8168180425234 5549.846214005207 -11.75047969818115
485.6963428106426 5549.768408413339 -10.45837020874023
503.5759154951876 5549.750453411575 -9.373543739318848
217.8366897017739 5562.781093163365 -100.1462173461914
235.6905302909052 5561.864673162529 -89.36722564697266
253.5452762461125 5561.008268212265 -78.57948303222656
271.4008650289936 5560.211854342527 -68.11492156982422
289.2572343878709 5559.475409254784 -58.44789123535156
307.1143223368746 5558.798912323051 -49.85958480834961
324.9720671350738 5558.182344594843 -42.30624008178711
342.8304072656335 5557.625688792047 -35.61689376831055
360.6892814149768 5557.12892931171 -29.75863265991211
378.5486284519983 5556.692052226758 -24.8447265625
396.4083874072671 5556.31504528663 -20.93869018554688
414.2684974522682 5555.997897917839 -17.93502807617188
432.1288978786566 5555.740601224442 -15.60960865020752
449.9895280775106 5555.54314798846 -13.7342643737793
467.8503275186095 5555.405532670193 -12.15440368652344
485.7112357297225 5555.327751408473 -10.80087566375732
503.5721922758833 5555.309802020845 -9.656665802001953
221.698337542515 5568.150088695602 -100.6459732055664
239.5336749432018 5567.245962736326 -89.68661499023438
257.3699127845441 5566.401827315412 -78.76048278808594
275.2069880677324 5565.617658888221 -68.27199554443359
293.0448380761534 5564.893435575333 -58.68253326416016
310.8834003545318 5564.229137163574 -50.1870231628418
328.7226126880743 5563.624745106958 -42.66103363037109
346.5624130816548 5563.080242527549 -35.92581939697266
364.4027397390269 5562.595614216249 -29.99816513061523
382.2435310420371 5562.170846633499 -25.03449058532715
400.0847255298767 5561.80592790991 -21.10596466064453
417.9262618783488 5561.500847846801 -18.09448432922363
435.7680788791326 5561.255597916677 -15.76206207275391
453.610115419087 5561.07017126362 -13.8733606338501
471.452310459537 5560.944562703601 -12.27419662475586
489.2946030155873 5560.878768724718 -10.89992904663086
507.1369321354402 5560.872787487358 -9.737112045288086
214.863120383297 5574.085527611227 -107.8029251098633
232.6793738981708 5573.157698191942 -96.69882202148438
250.4965609287805 5572.28984938978 -85.54457855224609
268.3146178397766 5571.481957088103 -74.65325164794922
286.1334812860181 5570.73399882855 -64.51966857910156
303.95308819173 5570.045953812103 -55.46128082275391
321.7733757296596 5569.41780290007 -47.43415069580078
339.594281300279 5568.849528614991 -40.21215438842773
357.4157425110113 5568.341115141458 -33.71614456176758
375.2376971554626 5567.89254832686 -28.09589195251465
393.0600831926894 5567.503815682046 -23.51899719238281
410.8828387264846 5567.174906381908 -19.97224807739258
428.7059019846602 5566.905811265887 -17.25859069824219
446.5292112983703 5566.696522838397 -15.11672019958496
464.3527050814186 5566.547035269178 -13.33690738677979
482.1763218095921 5566.457344393567 -11.80840873718262
500.0000000000018 5566.427447712687 -10.49838733673096
517.8236781904097 5566.457344393567 -9.401769638061523
225.8403938904326 5579.078825159761 -103.9223327636719
243.6385003677317 5578.187277639458 -92.58153533935547
261.4375096036126 5577.355676137079 -81.34117889404297
279.2373576228201 5576.583997620693 -70.68669128417969
297.0379807274717 5575.872220710776 -61.04647827148438
314.8393154762304 5575.22032568126 -52.49838638305664
332.6412986635215 5574.628294460466 -44.8178825378418
350.443867298775 5574.096110631969 -37.81789016723633
368.2469585856736 5573.623759435377 -31.57901000976562
386.0505099014381 5573.211227767039 -26.32534980773926
403.8544587761312 5572.85850418066 -22.16304397583008
421.6587428719588 5572.565578887843 -18.97736930847168
439.4632999626127 5572.332443758549 -16.51409339904785
457.2680679125984 5572.15909232149 -14.51721096038818
475.0729846565894 5572.045519764421 -12.82024097442627
492.8779881787908 5571.991722934375 -11.35649585723877
510.6830164922882 5571.997700337809 -10.11361026763916
229.6840404278518 5584.452999826164 -104.4820175170898
247.4636057971905 5583.57373265822 -92.93228912353516
265.244068442735 5582.754386675727 -81.57182312011719
283.0253639312621 5581.994939265693 -70.92622375488281
300.8074281024136 5581.29536946126 -61.36755752563477
318.5901970479183 5580.655657942718 -52.87434387207031
336.3736070908401 5580.075787038443 -45.17082977294922
354.1575947648318 5579.555740725754 -38.0997428894043
371.942096793439 5579.095504631674 -31.79877090454102
389.7270500693956 5578.695066033632 -26.51699256896973
407.5123916339563 5578.354413860071 -22.35023880004883
425.2980586562437 5578.073538690972 -19.16305923461914
443.0839884125916 5577.852432758312 -16.68726348876953
460.870118265926 5577.691089946426 -14.66553592681885
478.6563856451283 5577.58950579231 -12.93957328796387
496.4427280244242 5577.547677485823 -11.45127201080322
514.2290829027759 5577.565603869826 -10.19014930725098
233.5204374064194 5589.829719594391 -105.0487060546875
251.2814486012825 5588.962726393619 -93.2906494140625
269.043351375114 5588.155629466244 -81.82865142822266
286.8060808372267 5587.408406615652 -71.20639801025391
304.5695723653245 5586.721037285071 -61.72265625
322.3337615847372 5586.093502558585 -53.26094436645508
340.0985843477007 5585.525785162059 -45.51429748535156
357.8639767126581 5585.017869463978 -38.36849975585938
375.6298749235681 5584.569741476222 -32.0141716003418
393.3962153892481 5584.181388854731 -26.71461296081543
411.1629346627352 5583.852800900115 -22.54884910583496
428.9299694206424 5583.583968558168 -19.35927200317383
446.6972564425573 5583.374884420308 -16.8657341003418
464.4647325904223 5583.225542723934 -14.81356048583984
482.232334787943 5583.135939352703 -13.05571460723877
500.0000000000018 5583.106071836728 -11.54277896881104
517.7676652120588 5583.135939352703 -10.26409721374512
226.7045630015809 5595.750566774295 -112.7840576171875
244.4464440127382 5594.859907166309 -100.8245239257812
262.1892500352809 5594.029132692718 -88.96071624755859
279.9329155532869 5593.258220591094 -77.74561309814453
297.6773753271922 5592.547149731929 -67.62355041503906
315.4225643730418 5591.895900619676 -58.62884521484375
333.1684179417848 5591.304455393725 -50.46327972412109
350.9148714985936 5590.77279782929 -42.8790397644043
368.6618607021896 5590.300913338204 -35.95126342773438
386.409321384204 5589.888788969641 -29.96657752990723
404.1571895285576 5589.536413410753 -25.12577438354492
421.9054012508375 5589.243776987227 -21.38265991210938
439.6538927777153 5589.010871663752 -18.4938850402832
457.4026004263491 5588.837691044422 -16.17170524597168
475.1514605838128 5588.724230373044 -14.21152973175049
492.9004096865336 5588.670486533368 -12.52352046966553
510.6493841997155 5588.67645804924 -11.08480453491211
528.3983205967936 5588.742145084681 -9.87972354888916
241.1714510855745 5600.590790395129 -106.1988906860352
258.8953145010224 5599.748325630313 -94.05036926269531
276.6200574589582 5598.965707073197 -82.44441986083984
294.3456141553523 5598.242913352205 -71.89157867431641
312.0719190456179 5597.579924723032 -62.51373672485352
329.7989068239109 5596.976723069643 -54.04092788696289
347.5265124024697 5596.433291905167 -46.1644401550293
365.2546708909791 5595.949616372737 -38.87686920166016
382.9833175759372 5595.525683246226 -32.44931030273438
400.7123879000575 5595.1614809309 -27.14270782470703
418.4418174416865 5594.856999464007 -22.9881420135498
436.1715418942171 5594.612230515256 -19.78332710266113
453.9014970455415 5594.427167387244 -17.23398780822754
471.6316187574863 5594.301805015777 -15.104323387146
489.3618429452732 5594.236139970127 -13.27690410614014
507.0921055569859 5594.230170453197 -11.71623611450195
524.8223425530213 5594.283896301613 -10.40389060974121
244.9860519607553 5605.975139310066 -106.7815551757812
262.6913216565366 5605.144928842206 -94.46099853515625
280.3974645568721 5604.374539426976 -82.80976104736328
298.1044144018615 5603.663950101459 -72.29080963134766
315.8121051865739 5603.01314152373 -62.93525314331055
333.5204711403973 5602.422095973836 -54.42310333251953
351.2294467064097 5601.890797354695 -46.47051620483398
368.9389665207575 5601.419231192905 -39.12378311157227
386.648965392069 5601.007384639489 -32.67791366577148
404.3593782808842 5600.655246470526 -27.37958717346191
422.0701402790847 5600.362807087728 -23.23122787475586
439.7811865893621 5600.130058518912 -20.00996398925781
457.4924525046713 5599.95699441841 -17.42114067077637
475.2038733877108 5599.843610067377 -15.24537181854248
492.9153846504109 5599.789902374034 -13.3817892074585
510.6269217334077 5599.795869873819 -11.79841709136963
528.3384200855483 5599.861512729463 -10.46931648254395
245.2561489787701 5611.532799091977 -109.9039535522461
262.9426302987151 5610.702874420375 -97.34734344482422
280.6299916479643 5609.93274986893 -85.46150207519531
298.3181662586904 5609.222404558003 -74.71925354003906
316.0070876177131 5608.571819222454 -65.15918731689453
333.6966894458736 5607.98097621264 -56.46162414550781
351.3869056774331 5607.449859495307 -48.32867050170898
369.0776704394779 5606.97845465443 -40.78551483154297
386.7689180313581 5606.566748891934 -34.12041854858398
404.4605829041452 5606.214731028355 -28.5959415435791
422.1525996400874 5605.922391503404 -24.2379207611084
439.8449029321035 5605.689722376455 -20.83671379089355
457.5374275632624 5605.516717326951 -18.09848976135254
475.2301083862897 5605.403371654717 -15.80044269561768
492.9228803030808 5605.349682280208 -13.83859634399414
510.6156782442011 5605.355647744652 -12.17658996582031
528.3084371484169 5605.421268210139 -10.78202056884766
546.0010919421991 5605.546545459601 -9.610292434692383
259.660511573726 5616.421995909071 -102.8515014648438
277.3289059197187 5615.640184481366 -90.53995513916016
294.9981332594458 5614.918135293856 -79.30891418457031
312.6681265237613 5614.255828836489 -69.30450439453125
330.3388188813548 5613.653247208028 -60.26462936401367
348.0101437181723 5613.110374116997 -51.84817886352539
365.6820346168598 5612.627194882508 -43.98458862304688
383.3544253362085 5612.203696435032 -36.91179656982422
401.0272497906369 5611.839867317069 -30.92637252807617
418.7004420296855 5611.535697683737 -26.1297492980957
436.3739362175087 5611.29117930328 -22.36713409423828
454.0476666124054 5611.106305557497 -19.35223579406738
471.7215675463314 5610.981071442067 -16.8397159576416
489.3955734044375 5610.915473566821 -14.70298194885254
507.069618604613 5610.909510155905 -12.89510917663574
524.7436375770144 5610.963181047878 -11.37941932678223
542.4175647436224 5611.076487695713 -10.1053352355957
256.3861355723122 5622.143426591844 -108.5647583007812
274.0355441071342 5621.349938296372 -95.84733581542969
291.685805561867 5620.616195090835 -84.11762237548828
309.3368523121904 5619.942177222884 -73.63058471679688
326.9886169754315 5619.327866542314 -64.20831298828125
344.6410323900082 5618.773246502018 -55.49739074707031
362.2940315948778 5618.278302158858 -47.3361930847168
379.9475478090313 5617.843020174446 -39.88757705688477
397.6015144109794 5617.46738881584 -33.45499420166016
415.2558649182718 5617.151397956159 -28.20779609680176
432.9105329670311 5616.895039075105 -24.05592346191406
450.5654522914817 5616.698305259412 -20.73371696472168
468.2205567035056 5616.561191203203 -17.9798698425293
485.8757800722044 5616.483693208257 -15.64618587493896
503.5310563034511 5616.465809184218 -13.67521667480469
521.1863193194708 5616.507538648684 -12.02632141113281
538.841503038397 5616.608882727249 -10.64270401000977
556.4965413538454 5616.769844153431 -9.471970558166504
274.2761031425542 5626.908144520469 -98.85041809082031
291.9075464791006 5626.174660368036 -86.85428619384766
309.5397810705312 5625.500880205624 -76.10167694091797
327.1727390302292 5624.88678595588 -66.44408416748047
344.8063526923805 5624.332361138077 -57.54094314575195
362.4405545914494 5623.837590868994 -49.20975112915039
380.0752774416998 5623.402461863699 -41.57993698120117
397.7104541167084 5623.026962436257 -34.94258117675781
415.3460176289109 5622.711082500343 -29.48008728027344
432.9819011091626 5622.454813569772 -25.12077522277832
450.6180377862935 5622.25814875895 -21.60935020446777
468.254360966691 5622.121082783235 -18.68964004516602
485.8908040138884 5622.043611959201 -16.21809005737305
503.5273003281429 5622.025734204858 -14.13867664337158
521.1637833260426 5622.067449039734 -12.40564727783203
538.8001864200893 5622.168757584917 -10.95355319976807
556.4364429982984 5622.329662562993 -9.72324275970459
278.0392904735324 5632.314963708831 -99.38975524902344
295.6520671694765 5631.593678852902 -87.35540008544922
313.2656273655695 5630.932072729753 -76.56642150878906
330.8799027184922 5630.33012765282 -66.84635162353516
348.4948251013338 5629.787827525883 -57.87364196777344
366.110326583116 5629.305157843928 -49.4998779296875
383.7263394083213 5628.882105693926 -41.86949157714844
401.3427959764539 5628.518659755518 -35.25980758666992
418.9596288216159 5628.214810301632 -29.81968688964844
436.5767705920798 5627.970549198981 -25.44556999206543
454.1941540298972 5627.785869908511 -21.87691116333008
471.811711950492 5627.660767485748 -18.88265037536621
489.4293772222775 5627.595238581051 -16.3494815826416
507.0470827462786 5627.589281439798 -14.23159027099609
524.6647614357404 5627.64289590248 -12.47407245635986
542.2823461957636 5627.756083404697 -11.0006217956543
559.8997699029132 5627.928846977099 -9.750914573669434
278.2764258448889 5637.87329047001 -102.4971008300781
295.8703587735789 5637.15226478726 -90.17427062988281
313.4650810263314 5636.490896141662 -79.09153747558594
331.0605237588262 5635.889166918175 -69.11796569824219
348.6566183428625 5635.347061085635 -59.95237731933594
366.2532963459134 5634.864564197621 -51.42063522338867
383.8504895106794 5634.441663393248 -43.6250114440918
401.4481297346779 5634.078347397853 -36.82430648803711
419.046149049847 5633.774606523607 -31.17643356323242
436.6444796021435 5633.530432670037 -26.59329032897949
454.2430536311804 5633.345819324462 -22.82446479797363
471.8418034498464 5633.220761562343 -19.64758110046387
489.4406614239493 5633.155256047544 -16.95932579040527
507.0395599518662 5633.149301032518 -14.71920299530029
524.6384314441779 5633.202896358396 -12.86843490600586
542.2372083033317 5633.316043454993 -11.3215970993042
559.8358229032766 5633.488745340739 -10.0105676651001
278.5137311779994 5643.431650721523 -105.6752853393555
296.0888069202943 5642.710886408639 -93.05693054199219
313.6646777932176 5642.049757255808 -81.66675567626953
331.2412744529516 5641.448245719488 -71.42698669433594
348.8185277715086 5640.906335833555 -62.06393051147461
366.3963688163121 5640.42401321017 -53.37907028198242
383.9747288297787 5640.001265040576 -45.42826461791992
401.5535392089358 5639.638080095794 -38.44628524780273
419.132731485051 5639.334448727232 -32.596435546875
436.7122373032598 5639.090362867219 -27.80453300476074
454.2919884022288 5638.905816029442 -23.83001136779785
471.8719165938024 5638.780803309289 -20.46026611328125
489.4519537426747 5638.715321384129 -17.60461235046387
507.0320317460649 5638.709368513488 -15.23108768463135
524.6120825133803 5638.762944539135 -13.27911186218262
542.1920379459051 5638.876050885106 -11.65441989898682
559.7718299164634 5639.048690557611 -10.28019428253174
278.7512062936851 5648.990044451815 -108.9181365966797
296.3074114447733 5648.269543704692 -95.999267578125
313.8644175156807 5647.608656059115 -84.2899169921875
331.4221546645988 5647.007364043027 -73.77219390869141
348.9805532652577 5646.465651755324 -64.20686340332031
366.5395438865331 5645.98350486673 -55.37295150756836
384.0990572720583 5645.56091062061 -47.27658081054688
401.6590243198685 5645.197857833648 -40.12345886230469
419.2193760620587 5644.894336896486 -34.07869720458984
436.7800436444383 5644.650339774244 -29.08009719848633
454.3409583062219 5644.465860006965 -24.89601898193359
471.9020513597043 5644.34089270997 -21.32402610778809
489.4632541699582 5644.275434574121 -18.2884635925293
507.0244981345385 5644.269483866016 -15.76944828033447
524.5857146631711 5644.323040428068 -13.70730590820312
542.1468351574706 5644.436105678525 -11.99962139129639
559.7077909906291 5644.608682611387 -10.5600471496582
286.0036781661861 5654.253225572619 -106.8032531738281
303.5413304674576 5653.556829119191 -94.02968597412109
321.079761297885 5652.920016379552 -82.49512481689453
338.6189004077268 5652.342770578791 -72.13465881347656
356.1586777543273 5651.825076506855 -62.70137405395508
373.6990234817708 5651.366920519404 -54.01079559326172
391.2398679005252 5650.968290538573 -46.11874008178711
408.7811414671206 5650.629176053643 -39.22786712646484
426.3227747638413 5650.349568121634 -33.42818069458008
443.8646984784123 5650.129459367793 -28.57876777648926
461.4068433837218 5649.968843986018 -24.44395637512207
478.9491403175265 5649.867717739172 -20.88419342041016
496.4915201621794 5649.826077959317 -17.87835884094238
514.0339138243633 5649.843923547866 -15.40987777709961
531.5762522148074 5649.921254975646 -13.39594459533691
549.1184662280324 5650.058074282864 -11.72386646270752
566.6604867220665 5650.254385079 -10.31736946105957
286.2339326436297 5659.811796102809 -110.0396957397461
303.7526899482198 5659.115658627095 -96.94203948974609
321.2722313383764 5658.479082473412 -85.07820892333984
338.7924860692651 5657.902050935707 -74.45234680175781
356.3133836028521 5657.384548866334 -64.84000396728516
373.8348535875858 5656.926562676901 -56.01853942871094
391.3568258380701 5656.528080339055 -47.99161529541016
408.8792303147698 5656.189091385146 -40.93864059448242
426.4019971037316 5655.909586908825 -34.95261764526367
443.9250563962983 5655.689559565546 -29.89960479736328
461.4483384688596 5655.529003572976 -25.54916572570801
478.9717736625842 5655.427914711324 -21.77443313598633
496.4952923631768 5655.386290323573 -18.57519149780273
514.0188249806383 5655.404129315635 -15.95116424560547
531.5423019290106 5655.481432156406 -13.82168483734131
549.0656536061491 5655.618200877745 -12.0654182434082
566.5888103734668 5655.814439074357 -10.59527397155762
584.1117025356918 5656.07015190359 -9.380934715270996
303.9641999617605 5664.674524598616 -99.89658355712891
321.464838525871 5664.038186970683 -87.69706726074219
338.966195476695 5663.461371454603 -76.79917144775391
356.4681997823305 5662.944062965113 -67.00565338134766
373.9707805970989 5662.486247969761 -58.05742263793945
391.4738672412454 5662.087914489684 -49.90427780151367
408.9773891806749 5661.74905210029 -42.69936752319336
426.4812760066998 5661.469651931854 -36.53606033325195
443.9854574157827 5661.249706670023 -31.28482437133789
461.4898631893158 5661.089210556231 -26.71780967712402
478.9944231733809 5660.988159388024 -22.71988487243652
496.4990672585341 5660.946550519305 -19.31415367126465
514.003725359594 5660.964382860481 -16.52120399475098
531.5083273954152 5661.041656878521 -14.26620006561279
549.0128032686875 5661.178374596939 -12.42021179199219
566.5170828457091 5661.374539595663 -10.88430786132812
584.0210959361713 5661.63015701085 -9.618312835693359
304.1758603484651 5670.233427020655 -102.8882064819336
321.6575827150883 5669.597329857544 -90.34886932373047
339.1400284990469 5669.020732121005 -79.17371368408203
356.6231261760834 5668.503618788141 -69.19680786132812
374.1068044079018 5668.045976382416 -60.1248893737793
391.5909920218982 5667.647792974447 -51.85321426391602
409.0756179909239 5667.309058182685 -44.50637054443359
426.5606114130625 5667.02976317402 -38.17572021484375
444.0459014914014 5666.809900664279 -32.73336791992188
461.5314175138386 5666.649464918654 -27.95077323913574
479.0170888328717 5666.548451752032 -23.72284317016602
496.5028448454104 5666.506858529227 -20.09797859191895
513.9886149725936 5666.524684165141 -17.12234687805176
531.4743286395898 5666.601929124818 -14.73111820220947
548.9599152554259 5666.738595423417 -12.78924655914307
566.4453041927876 5666.93468662611 -11.18509387969971
583.9304247678328 5667.190207847862 -9.866933822631836
314.8652551843649 5675.403714947298 -98.01761627197266
332.3284937088401 5674.803548004954 -85.98642730712891
349.7924174334132 5674.262848461738 -75.34273529052734
367.2569544568358 5673.781602280948 -65.79669189453125
384.7220330514063 5673.359796966292 -57.08858489990234
402.1875816427567 5672.997421562614 -49.22926330566406
419.6535287896529 5672.694466656532 -42.34749603271484
437.1198031637902 5672.450924376987 -36.40563201904297
454.5863335296254 5672.266788395704 -31.18190383911133
472.0530487241916 5672.142053927555 -26.50397682189941
489.5198776369363 5672.076717730835 -22.39154434204102
506.9867491895657 5672.070778107463 -18.9439754486084
524.4535923158735 5672.124234903064 -16.16593360900879
541.9203359415974 5672.237089506983 -13.94148635864258
559.3869089642484 5672.409344852216 -12.12962055206299
576.8532402329555 5672.641005415223 -10.64137935638428
594.3192585283057 5672.932077215676 -9.438260078430176
322.0434815170124 5680.715730744178 -95.73959350585938
339.4880648641354 5680.139573837839 -84.0003662109375
356.9333091392442 5679.622855546093 -73.65013122558594
374.3791420233489 5679.165562504184 -64.33583831787109
391.8254913626815 5678.767682881645 -55.8455810546875
409.2722851485165 5678.429206382972 -48.24311447143555
426.719451497006 5678.150124248237 -41.60993576049805
444.1669186290087 5677.930429253614 -35.81270599365234
461.6146148499541 5677.770115711786 -30.60966110229492
479.0624685296889 5677.669179472295 -25.90783500671387
496.5104080823464 5677.627617921775 -21.81005096435547
513.9583619462204 5677.645429984109 -18.42756271362305
531.4062585636234 5677.722616120491 -15.72955513000488
548.8540263607717 5677.8591783294 -13.57492923736572
566.3015937276426 5678.055120146486 -11.82499504089355
583.7488889978462 5678.310446644353 -10.39993190765381
308.2966583036819 5686.778524842757 -109.2127227783203
325.7217055250038 5686.155048018296 -95.93962097167969
343.1474765489095 5685.590998389021 -84.23320007324219
360.5738984218248 5685.086361424344 -73.94717407226562
378.0008983712929 5684.641124120885 -64.69132995605469
395.4284037858142 5684.25527500326 -56.26415252685547
412.856342194699 5683.928804124749 -48.73565673828125
430.2846412479171 5683.6617030679 -42.14838790893555
447.713228695983 5683.453964945025 -36.3194580078125
465.1420323698263 5683.305584398612 -31.0064868927002
482.5709801606841 5683.216557601637 -26.16815948486328
500.0000000000018 5683.186882257796 -21.95927047729492
517.4290198393177 5683.216557601637 -18.50691223144531
534.8579676301773 5683.305584398612 -15.77032089233398
552.2867713040206 5683.453964945025 -13.59720516204834
569.7153587520847 5683.6617030679 -11.84404754638672
587.1436578053045 5683.928804124749 -10.42607593536377
311.9862781728808 5692.208224743265 -109.3964157104492
329.3925085065931 5691.596873435787 -96.10270690917969
346.7994528111937 5691.044922911725 -84.45867156982422
364.207037684545 5690.552359005573 -74.25076293945312
381.6151899013474 5690.11916907276 -65.05805206298828
399.0238363929934 5689.745341990424 -56.6994514465332
416.4329042274532 5689.430868158075 -49.24887847900391
433.8423205891733 5689.175739498168 -42.70209121704102
451.2520127589688 5688.9799494566 -36.82714080810547
468.6619080939411 5688.843493003093 -31.39077949523926
486.0719340074024 5688.766366631499 -26.41083908081055
503.4820179487871 5688.748568360013 -22.09295845031738
520.8920873835938 5688.790097731289 -18.57540702819824
538.3020697733012 5688.890955812465 -15.80514335632324
555.7118925553028 5689.051145195102 -13.61855602264404
573.121483122838 5689.270669995031 -11.86661815643311
590.5307688049018 5689.549535852099 -10.45798397064209
326.1008340267637 5697.273772974928 -101.3435974121094
343.48866446207 5696.710165324923 -89.10703277587891
360.8771545035009 5696.205923488214 -78.47011566162109
378.2662304069146 5695.761034570523 -68.98472595214844
395.655818588656 5695.375487192697 -60.35954284667969
413.0458456054706 5695.049271491403 -52.61703109741211
430.4362381344117 5694.782379119737 -45.78574752807617
447.8269229527859 5694.574803247726 -39.65542602539062
465.2178269180802 5694.426538562729 -33.94461441040039
482.6088769479151 5694.337581269784 -28.6131649017334
500.0000000000018 5694.307929091815 -23.88103485107422
517.3911230520868 5694.337581269784 -19.96308708190918
534.7821730819232 5694.426538562729 -16.87209701538086
552.1730770472176 5694.574803247726 -14.4576473236084
569.56376186559 5694.782379119737 -12.54647064208984
586.954154394533 5695.049271491403 -11.01812648773193
604.3441814113459 5695.375487192697 -9.795726776123047
336.7118188210371 5702.488041191023 -96.35489654541016
354.0810662949048 5701.960264002728 -84.91139221191406
371.4509331759912 5701.491821046055 -74.88116455078125
388.8213453351534 5701.082700386369 -65.82142639160156
406.1922287914647 5700.732891598173 -57.61764907836914
423.5635096921478 5700.442385765748 -50.33185195922852
440.9351142925452 5700.211175483692 -43.84053421020508
458.3069689360732 5700.039254857385 -37.82382965087891
475.6790000342012 5699.926619503341 -32.10250091552734
493.0511340464373 5699.873266549484 -26.83234596252441
510.4232974603006 5699.879194635311 -22.31126403808594
527.795416771322 5699.944403911994 -18.6832332611084
545.1674184630199 5700.068896042357 -15.86372375488281
562.5392289868917 5700.252674200773 -13.66597652435303
579.9107747424033 5700.495743072983 -11.92756080627441
597.2819820569557 5700.798108855793 -10.54014873504639
326.480496403423 5708.39265260924 -106.8218002319336
343.8303330356259 5707.829493809488 -94.06366729736328
361.1808379764061 5707.325653248716 -83.06627655029297
378.5319365160295 5706.881118141657 -73.33980560302734
395.8835541047723 5706.495877205324 -64.51979064941406
413.2356163328953 5706.16992065971 -56.58761215209961
430.5880489106107 5705.903240228407 -49.55492401123047
447.9407776480872 5705.695829139101 -43.17282485961914
465.2937284354371 5705.54768212401 -37.1025276184082
482.6468272227285 5705.458795420195 -31.28855133056641
500.0000000000018 5705.429166769802 -26.01227760314941
517.3531727772732 5705.458795420195 -21.5875358581543
534.7062715645665 5705.54768212401 -18.09788131713867
552.0592223519163 5705.695829139101 -15.40741348266602
569.4119510893911 5705.903240228407 -13.31683731079102
586.7643836671083 5706.16992065971 -11.6670389175415
604.1164458952295 5706.495877205324 -10.34822845458984
333.6027698251596 5713.719861494933 -104.1429672241211
350.9338677259182 5713.180648990986 -91.90277862548828
368.2656081693843 5712.700725396139 -81.31938934326172
385.597916031627 5712.280078577854 -71.86435699462891
402.9307163404831 5711.918697899743 -63.29568481445312
420.2639342555657 5711.616574222245 -55.64783477783203
437.5974950482673 5711.373699903193 -48.82772064208984
454.9313240817971 5711.1900687983 -42.47597885131836
472.2653467912026 5711.065676261534 -36.30066680908203
489.5994886634128 5711.000519145409 -30.40336799621582
506.9336752172878 5710.994595801194 -25.16341781616211
524.2678319836517 5711.047906078998 -20.87005996704102
541.6018844853551 5711.160451327797 -17.53420448303223
558.9357582173086 5711.332234395332 -14.97756481170654
576.2693786265324 5711.563259627947 -12.99517154693604
593.6026710922021 5711.853532870307 -11.43018531799316
610.9355609056694 5712.203061465042 -10.17072105407715
344.1724812387938 5718.948983718556 -99.09988403320312
361.484947924687 5718.445550576857 -87.73014068603516
378.798015897574 5718.001374701048 -77.74246215820312
396.1116096477664 5717.616444904227 -68.71996307373047
413.4256538051375 5717.290751489651 -60.61254501342773
430.7400731191511 5717.02428625135 -53.41383361816406
448.0547924389265 5716.81704247463 -46.82772445678711
465.3697366932861 5716.669014936522 -40.44330978393555
482.6848308708279 5716.580199906097 -34.17326354980469
500.0000000000018 5716.550595144698 -28.35105323791504
517.3151691291739 5716.580199906097 -23.3928050994873
534.6302633067174 5716.669014936522 -19.46567344665527
551.945207561077 5716.81704247463 -16.46210098266602
569.2599268808507 5717.02428625135 -14.16478633880615
586.5743461948661 5717.290751489651 -12.3766918182373
603.8883903522354 5717.616444904227 -10.95173931121826
621.2019841024295 5718.001374701048 -9.785381317138672
354.7197146019167 5724.199744268164 -94.50468444824219
372.0135144581038 5723.732058298611 -83.87387847900391
389.3078738167861 5723.323598368928 -74.37091064453125
406.6027167765903 5722.974354230402 -65.79615020751953
423.8979675635208 5722.684317118441 -58.17466735839844
441.193550511052 5722.453479753142 -51.31997680664062
458.4893900402022 5722.281836339756 -44.77810287475586
475.7854106396349 5722.169382569054 -38.25767517089844
493.0815368457636 5722.116115617604 -31.95039749145508
510.3776932228448 5722.12203414795 -26.33269309997559
527.6738043430986 5722.187138308701 -21.74297523498535
544.9697947668046 5722.311429734518 -18.19887351989746
562.2655890224141 5722.494911546007 -15.50957870483398
579.5611115866587 5722.737588349527 -13.44773960113525
596.8562868646382 5723.039466236891 -11.82826805114746
614.151039169927 5723.400552784981 -10.51526355743408
347.9699307280615 5729.963293758628 -101.7166137695312
365.2444340296186 5729.472116803621 -90.30419158935547
382.5195309526812 5729.040145868412 -80.25763702392578
399.7951450631352 5728.667370157526 -71.20428466796875
417.071200062014 5728.353780352955 -63.12246704101562
434.3476197656094 5728.099368614763 -55.93933486938477
451.6243280855743 5727.90412858159 -49.24420547485352
468.9012490090519 5727.768055371062 -42.57904052734375
486.178306578809 5727.691145580112 -35.91946029663086
503.4554248733578 5727.673397285191 -29.70368957519531
520.7325279871072 5727.714810042394 -24.41639137268066
538.0095400104884 5727.815384887492 -20.24386215209961
555.2863850100983 5727.975124335861 -17.07295608520508
572.5629870088403 5728.194032382328 -14.67044162750244
589.8392699660446 5728.472114500897 -12.81446170806885
607.1151577576087 5728.809377644418 -11.33236408233643
624.3905741561042 5729.205830244118 -10.10314559936523
355.0397086841226 5735.319731969847 -99.41239929199219
372.2953954528969 5734.852433050314 -88.4410400390625
389.5516487685812 5734.444310959274 -78.67860412597656
406.8083917787592 5734.095355536288 -69.9075927734375
424.0655477579981 5733.805558092235 -62.13959121704102
441.3230400880033 5733.574911409881 -55.15196990966797
458.5807922377541 5733.403409744353 -48.41480255126953
475.8387277436659 5733.291048823503 -41.56403732299805
493.0967701897574 5733.237825848191 -34.78657150268555
510.3548431878039 5733.24373949247 -28.63091850280762
527.6128703575203 5733.308789903671 -23.53210830688477
544.8707753067176 5733.432978702386 -19.57427597045898
562.1284816114764 5733.616308982375 -16.58514213562012
579.3859127963173 5733.858785310357 -14.31876373291016
596.6429923143498 5734.160413725711 -12.55507469177246
613.8996435274414 5734.521201740087 -11.12579822540283
631.1557896863521 5734.94115833692 -9.921028137207031
362.0944435769761 5740.685847409804 -97.25132751464844
379.3312912675687 5740.242406241003 -86.6507568359375
396.5686780635344 5739.858112802277 -77.16117858886719
413.8065266923343 5739.532957563189 -68.70225524902344
431.0447600002822 5739.266932458467 -61.23123931884766
448.2833009327325 5739.06003088852 -54.34706115722656
465.5220725142522 5738.912247719892 -47.4749641418457
482.7609978288149 5738.823579285581 -40.42593383789062
500.0000000000018 5738.794023385294 -33.59120559692383
517.2390021711868 5738.823579285581 -27.56417846679688
534.4779274857514 5738.912247719892 -22.68841743469238
551.716699067271 5739.06003088852 -18.95022583007812
568.9552399997197 5739.266932458467 -16.13587188720703
586.1934733076691 5739.532957563189 -13.99409675598145
603.4313219364674 5739.858112802277 -12.30825805664062
620.6687087324348 5740.242406241004 -10.91839408874512
637.9055564230274 5740.685847409804 -9.730988502502441
376.0212443576971 5745.886692707089 -90.94949340820312
393.2394440578591 5745.490737555599 -81.11049652099609
410.4581239630202 5745.153897388449 -72.33822631835938
427.6772064253979 5744.876163883701 -64.6177978515625
444.8966139000381 5744.657530178612 -57.60548782348633
462.116268925043 5744.497990870101 -50.67996597290039
479.3360941017782 5744.397542015095 -43.50482177734375
496.5560120751034 5744.356181130797 -36.36709594726562
513.7759455136064 5744.373907194857 -29.89011573791504
530.9958170898219 5744.450720645425 -24.52868843078613
548.2155494604763 5744.586623381138 -20.36428451538086
565.4350652467054 5744.781618760979 -17.22220420837402
582.6542870142872 5745.035711604066 -14.84767818450928
599.8731372538682 5745.348908189328 -13.00138187408447
617.0915383611699 5745.721216255082 -11.49627113342285
634.3094126172011 5746.152644998529 -10.21477794647217
369.2792202286332 5751.621928003683 -97.56087493896484
386.4781061102597 5751.202502518061 -87.10572052001953
403.677506395605 5750.842170553323 -77.77630615234375
420.8773429199044 5750.540923242956 -69.56394195556641
438.0775376289635 5750.29875317304 -62.27588272094727
455.2780125594124 5750.115654382758 -55.32003021240234
472.4786898189436 5749.991622364783 -48.13752746582031
489.679491566571 5749.92665406559 -40.74660491943359
506.8803399928946 5749.920747885656 -33.70931625366211
524.0811573003499 5749.973903679565 -27.62742805480957
541.2818656834846 5750.086122756027 -22.76534461975098
558.4823873092079 5750.257407877781 -19.05196380615234
575.6826442970558 5750.48776326141 -16.25641441345215
592.8825586994521 5750.777194577066 -14.12043571472168
610.0820524819464 5751.125708948083 -12.41993141174316
627.2810475034703 5751.533314950502 -10.99550914764404
644.4794654965606 5752.000022612492 -9.766297340393066
379.732221659265 5756.923632967943 -93.40330505371094
396.9123143253591 5756.539829101906 -83.47738647460938
414.0928772969255 5756.215087905946 -74.70981597900391
431.2738320090359 5755.949401420145 -67.03038787841797
448.4550999953312 5755.742763131106 -59.96601486206055
465.6366028682874 5755.595167972393 -52.8318977355957
482.8182622995045 5755.506612324885 -45.34944915771484
500.0000000000018 5755.477094017008 -37.90224838256836
517.1817377004973 5755.506612324885 -31.15817832946777
534.3633971317162 5755.595167972393 -25.56691360473633
551.5449000046723 5755.742763131106 -21.20339393615723
568.7261679909659 5755.949401420145 -17.89895248413086
585.907122703078 5756.215087905946 -15.39949989318848
603.0876856746427 5756.539829101906 -13.45408630371094
620.2677783407385 5756.923632967944 -11.86199378967285
637.4473220181465 5757.366508909961 -10.49975299835205
654.6262378856146 5757.868467779207 -9.325042724609375
386.7303755437491 5762.323587725305 -91.48785400390625
403.8915425190685 5761.96356528772 -81.87528991699219
421.053150979633 5761.662576640882 -73.46820831298828
438.2151219349064 5761.420614435952 -66.04574584960938
455.377376484886 5761.23767276442 -58.96354293823242
472.5398358004019 5761.113747158511 -51.5975227355957
489.7024211034415 5761.048834591486 -43.91973495483398
506.8650536474765 5761.042933477858 -36.49164199829102
524.0276546977763 5761.096043673486 -29.95644950866699
541.1901455117476 5761.208166475597 -24.63872337341309
558.3524473192474 5761.37930462269 -20.52190017700195
575.5144813029119 5761.609462294358 -17.40555000305176
592.6761685784808 5761.898645110993 -15.03210353851318
609.8374301750983 5762.246860133401 -13.15797996520996
626.9981870156349 5762.65411586233 -11.59902763366699
644.1583598969726 5763.120422237875 -10.25528717041016
383.4282950576656 5767.963250602023 -95.78659820556641
400.5702272506141 5767.59158195293 -85.7674560546875
417.7126194428529 5767.278923028141 -77.004638671875
434.8553921575623 5767.025266224601 -69.34386444091797
451.9984660122278 5766.830605373108 -62.18967819213867
469.1417616989885 5766.69493573875 -54.83340454101562
486.2851999649921 5766.618254021221 -47.07889556884766
503.4287015927364 5766.600558355052 -39.38857269287109
520.5721873804397 5766.641848309746 -32.43745803833008
537.7155781223867 5766.742124889795 -26.64801597595215
554.8587945892913 5766.901390534626 -22.08948135375977
572.0017575086579 5767.11964911842 -18.60963821411133
589.1443875451206 5767.396905949849 -15.9660177230835
606.2866052808051 5767.733167771714 -13.90518283843994
623.4283311956568 5768.128442760471 -12.21768760681152
640.569485647778 5768.58274052567 -10.77433013916016
657.7099888537558 5769.096072109291 -9.532619476318359
393.8320868321258 5773.293885382437 -91.75213623046875
410.9551560881064 5772.957770711298 -82.33897399902344
428.0786400607113 5772.680635162771 -74.17965698242188
445.2024588676865 5772.462472024006 -66.84052276611328
462.3265327091645 5772.303276009902 -59.56308746337891
479.4507818480327 5772.20304326348 -51.86491394042969
496.5751265903227 5772.161771356144 -43.95128631591797
513.6994872656032 5772.179459287859 -36.47048187255859
530.823784207358 5772.256107487211 -29.98799896240234
547.9479377333901 5772.391717811389 -24.72904777526855
565.0718681261978 5772.586293546045 -20.63994979858398
582.195495613367 5772.83983940507 -17.52351760864258
599.3187403479574 5773.152361530264 -15.13018321990967
616.4415223888674 5773.523867490911 -13.22184944152832
633.5637616812085 5773.954366283248 -11.62254333496094
650.685378036669 5774.44386832983 -10.24555397033691
387.1094323041492 5779.005542205347 -98.08766937255859
404.2131505658493 5778.64599229029 -87.97243499755859
421.3173181174233 5778.345398521299 -79.20510864257812
438.4218545754081 5778.10375364703 -71.52591705322266
455.526679646428 5777.921051837341 -64.24095916748047
472.6317131075929 5777.797288683705 -56.66222381591797
489.7368747869178 5777.732461199518 -48.68850326538086
506.8420845437482 5777.726567820309 -40.83005905151367
523.9472622491687 5777.779608403854 -33.73055267333984
541.0523277664403 5777.891584230178 -27.77000617980957
558.1572009314093 5778.062498001472 -23.01697731018066
575.2618015329333 5778.292353841901 -19.3465404510498
592.3660492933019 5778.581157297313 -16.53944206237793
609.4698638486356 5778.928915334847 -14.3493766784668
626.5731647293034 5779.335636342448 -12.56192207336426
643.6758713403065 5779.801330128271 -11.04058170318604
660.7779029416695 5780.326007919985 -9.738828659057617
397.4866248994404 5784.343574567566 -93.94701385498047
414.5714481463266 5784.019543241769 -84.48828887939453
431.6566747486082 5783.754437319908 -76.31761932373047
448.7422239179227 5783.54825043195 -68.88567352294922
465.8280149440978 5783.400977622952 -61.41332626342773
482.9139671756024 5783.312615353423 -53.50346374511719
500.0000000000018 5783.283161499563 -45.43358993530273
517.0860328243994 5783.312615353423 -37.8348274230957
534.1719850559057 5783.400977622952 -31.21439170837402
551.2577760820808 5783.54825043195 -25.77463722229004
568.3433252513936 5783.754437319908 -21.48427391052246
585.4285518536769 5784.019543241769 -18.17986869812012
602.5133751005613 5784.343574567566 -15.63278198242188
619.5977141059292 5784.726539081977 -13.60785484313965
636.6814878663334 5785.168445983762 -11.92147350311279
653.764615241427 5785.669305885117 -10.47928237915039
670.8470149343788 5786.22913081091 -9.266180992126465
418.0805381006049 5789.522860677551 -84.65556335449219
435.1466510218412 5789.269652289877 -76.56788635253906
452.2130721104788 5789.075335465059 -69.09637451171875
469.2797202097301 5788.939905552211 -61.48586654663086
486.3465142174513 5788.863359309588 -53.45379257202148
503.4133730666146 5788.845694904824 -45.35481262207031
520.4802157058089 5788.886911915056 -37.79924011230469
537.5469610797155 5788.987011326953 -31.23235511779785
554.6135281096009 5789.145995536662 -25.82126808166504
571.6798356738079 5789.363868349614 -21.53347396850586
588.7458025882261 5789.640634980263 -18.21694564819336
605.8113475867829 5789.976302051714 -15.65304088592529
622.8763893019036 5790.370877595239 -13.61138153076172
639.9408462449785 5790.824371049709 -11.91145896911621
657.0046367868237 5791.336793260906 -10.46302890777588
674.0676791381105 5791.90815648075 -9.252255439758301
418.1726754015435 5795.083958416964 -86.5404052734375
435.2195905545779 5794.830864064553 -78.31768798828125
452.2668156171501 5794.636634728596 -70.74650573730469
469.3142689741171 5794.501265779186 -63.07470703125
486.3618690648875 5794.424753989201 -55.00437545776367
503.4095343639263 5794.407097534538 -46.8530158996582
520.4571833612889 5794.448295994236 -39.19563674926758
537.5047345431295 5794.548350350526 -32.46735000610352
554.5521063722274 5794.707262988737 -26.85262298583984
571.5992172685109 5794.925037697141 -22.35101318359375
588.6459855895602 5795.201679666672 -18.8430347442627
605.6923296111327 5795.537195490548 -16.13101196289062
622.7381675076555 5795.931593163796 -13.9868221282959
639.783417332726 5796.384882082672 -12.21754169464111
656.8279969996058 5796.897073043983 -10.71734046936035
673.8718242616844 5797.468178244291 -9.461684226989746
414.8593793858324 5800.702758455482 -90.23946380615234
431.8870114877382 5800.438010576117 -81.64329528808594
448.9149716580492 5800.232102076658 -73.88945770263672
465.9431778115971 5800.085028068911 -66.21016693115234
482.9715479215566 5799.996785061064 -58.17733383178711
500.0000000000018 5799.967370957919 -49.96680450439453
517.0284520784451 5799.996785061064 -42.09654998779297
534.0568221884064 5800.085028068911 -35.02592086791992
551.0850283419542 5800.232102076658 -28.99500465393066
568.1129885122637 5800.438010576117 -24.062744140625
585.1406206141711 5800.702758455482 -20.16526412963867
602.1678424847078 5801.026351998954 -17.1458568572998
619.1945718636517 5801.408798886287 -14.78776168823242
636.2207263740485 5801.850108192229 -12.87683200836182
653.2462235027386 5802.350290385853 -11.27155208587646
670.2709805808752 5802.909357329794 -9.921061515808105
408.1522352593835 5806.386240023572 -96.04347991943359
425.1604879249935 5806.098086445293 -86.74959564208984
442.1691035171751 5805.868747672196 -78.60648345947266
459.1779994668034 5805.698218282402 -70.88054656982422
476.1870932707649 5805.586494243926 -62.95528030395508
493.1963024725442 5805.53357291496 -54.74698257446289
510.2055446427968 5805.539453044082 -46.64115524291992
527.2147373599503 5805.604134770343 -39.11765670776367
544.2237981907795 5805.72761962325 -32.49817657470703
561.2326446709983 5805.909910522664 -26.92493629455566
578.24119428585 5806.151011778577 -22.41238975524902
595.249364450675 5806.4509290908 -18.87392425537109
612.2570724914996 5806.809669548536 -16.1338996887207
629.2642356255939 5807.227241629865 -13.96868228912354
646.2707709420357 5807.703655201105 -12.18691635131836
663.2765953822671 5808.238921516097 -10.68736362457275
680.2816257206233 5808.833053215357 -9.443371772766113
421.8472839895288 5811.712270769635 -90.34073638916016
438.8365969639178 5811.471280444559 -81.85768127441406
455.8262084373471 5811.289073396073 -73.9910888671875
472.8160354413477 5811.165645333859 -66.07370758056641
489.8059950578394 5811.100993351381 -57.88937759399414
506.7960043997545 5811.095115926112 -49.70895767211914
523.7859805916452 5811.148012919636 -41.97401428222656
540.7758407503193 5811.259685577666 -35.02618026733398
557.7655019654486 5811.430136529949 -29.05070114135742
574.7548812801928 5811.65936979007 -24.11461067199707
591.7438956718191 5811.947390755155 -20.18865776062012
608.7324620323014 5812.294206205464 -17.14350891113281
625.7204971489369 5812.699824303895 -14.76818943023682
642.7079176849305 5813.164254595368 -12.8472843170166
659.6946401599862 5813.687508006109 -11.24269390106201
676.6805809308885 5814.269596842844 -9.903285980224609
421.9358223613183 5817.27357516004 -92.19062042236328
438.9058856384831 5817.03269650075 -83.5350341796875
455.8762490427419 5816.850573858902 -75.54084777832031
472.8468291534793 5816.727202963834 -67.56125640869141
489.817542600381 5816.662580922333 -59.36874771118164
506.7883060440909 5816.656706218843 -51.1854248046875
523.7590361568527 5816.709578715585 -43.4014778137207
540.7296496031792 5816.821199652566 -36.33569717407227
557.7000630204946 5816.991571647479 -30.18098258972168
574.6701929997915 5817.220698695521 -25.03208541870117
591.6399560662862 5817.508586169078 -20.8980655670166
608.6092686600493 5817.85524081733 -17.68292617797852
625.5780471166582 5818.260670765741 -15.18806648254395
642.5462076478151 5818.724885515447 -13.18906879425049
659.5136663219721 5819.247895942542 -11.53011226654053
676.4803390449474 5819.829714297251 -10.14510917663574
693.4461415405129 5820.470354203015 -9.011543273925781
435.5850343679629 5822.637613475687 -86.90294647216797
452.5360830169307 5822.443830464055 -78.68807220458984
469.4873663138266 5822.308772521066 -70.65853118896484
486.4388004291719 5822.232436492572 -62.48606109619141
503.3903015682421 5822.214820595714 -54.27752304077148
520.3417859517687 5822.255924419052 -46.3582649230957
537.2931697966154 5822.355748922604 -39.03833389282227
554.2443692964728 5822.514296437768 -32.53313064575195
571.1953006025497 5822.731570667142 -26.97594833374023
588.1458798042454 5823.007576684253 -22.4296989440918
605.0960229098426 5823.342320933164 -18.8586540222168
622.0456458271686 5823.735811227987 -16.10167121887207
638.9946643442661 5824.188056752292 -13.92830753326416
655.942994110056 5824.699068058409 -12.14816951751709
672.8905506149714 5825.268857066615 -10.66283226013184
689.8372491716082 5825.897437064243 -9.434919357299805
432.2719528612699 5828.244883783995 -90.38777923583984
449.2036697734953 5828.039451821017 -81.89393615722656
466.1356394528193 5827.892718117201 -73.76421356201172
483.0677776114114 5827.804679260001 -65.59334564208984
500.0000000000018 5827.775333201787 -57.37823867797852
516.9322223885903 5827.804679260001 -49.36565399169922
533.8643605471841 5827.892718117201 -41.83913421630859
550.7963302265082 5828.039451821017 -35.0235481262207
567.7280471387317 5828.244883783995 -29.08041572570801
584.659426938193 5828.50901878333 -24.11847877502441
601.5903852021005 5828.831862960504 -20.16402053833008
618.5208374112572 5829.213423820813 -17.10776519775391
635.4506989307492 5829.653710232802 -14.7297191619873
652.3798849906451 5830.152732427569 -12.81175804138184
669.3083106666845 5830.710501997991 -11.21992874145508
686.23589086094 5831.327031897826 -9.895755767822266
432.3490976348272 5833.806395906911 -92.17224884033203
449.2615267871347 5833.601061132015 -83.50355529785156
466.1742100492453 5833.454396832431 -75.26175689697266
483.0870626858175 5833.366399611441 -67.05500793457031
500.0000000000018 5833.337067430911 -58.84866333007812
516.9129373141843 5833.366399611441 -50.83266830444336
533.8257899507582 5833.454396832431 -43.24868774414062
550.7384732128688 5833.601061132015 -36.30939483642578
567.6509023651746 5833.806395906911 -30.18634796142578
584.5629926146059 5834.070405912158 -25.01559066772461
601.4746590911017 5834.393097260746 -20.86096000671387
618.385816828367 5834.774477423147 -17.64331436157227
635.2963807445965 5835.214555226738 -15.15175628662109
652.2062656232093 5835.713340855114 -13.15840721130371
669.1153860935715 5836.270845847297 -11.5120325088501
686.0236566116936 5836.887083096852 -10.13976192474365
702.9309914409308 5837.56206685087 -9.004067420959473
456.0767504819189 5839.097042186298 -81.76015472412109
472.9702126457317 5838.973903720925 -73.46982574462891
489.8638110153844 5838.90940341345 -65.23243713378906
506.7574604580035 5838.903539776185 -57.08267211914062
523.6510758522338 5838.956312673878 -49.1934700012207
540.5445720690437 5839.067723323742 -41.76882553100586
557.4378639525047 5839.237774295349 -34.99943923950195
574.3308663005864 5839.46646951044 -29.05627059936523
591.2234938459476 5839.753814242605 -24.08379936218262
608.1156612367065 5840.099815116887 -20.13133239746094
625.0072830172295 5840.504480109257 -17.08331489562988
641.8982736088876 5840.967818545995 -14.71096611022949
658.7885472908206 5841.489841102956 -12.79916858673096
675.6780181806924 5842.070559804744 -11.21497344970703
692.5666002154176 5842.709988023757 -9.891866683959961
442.6277963893255 5844.79944039551 -90.31784057617188
459.501775376406 5844.629470976983 -81.66718292236328
476.3759597635126 5844.518113748838 -73.31484222412109
493.2502639503034 5844.465366153515 -65.07009124755859
510.1246023632724 5844.471226979491 -56.96083831787109
526.9988894365898 5844.535696361381 -49.12284851074219
543.8730395929166 5844.658775779926 -41.73411178588867
560.7469672242361 5844.840468061877 -34.9776725769043
577.6205866726826 5845.080777379768 -29.03342628479004
594.4938122113497 5845.379709251598 -24.06178283691406
611.3665580251194 5845.737270540388 -20.11590957641602
628.2387381914597 5846.153469453643 -17.07345962524414
645.1102666612306 5846.628315542713 -14.70370006561279
661.9810572394825 5847.161819702024 -12.79444026947021
678.851023566228 5847.75399416824 -11.21201801300049
695.7200790972178 5848.404852519268 -9.885677337646484
442.6935008620702 5850.361152627951 -92.09145355224609
459.5481539767338 5850.191265280921 -83.27809143066406
476.4030135543315 5850.079961814154 -74.83458709716797
493.2579935516738 5850.027239682094 -66.564697265625
510.1130079523586 5850.033097678902 -58.45365905761719
526.9679707476459 5850.097535938564 -50.59012985229492
543.8227959173079 5850.22055593487 -43.12672424316406
560.6773974104942 5850.402160481305 -36.2411003112793
577.5316891265971 5850.642353730816 -30.12115669250488
594.3855848960936 5850.941141175495 -24.94961547851562
611.23899846141 5851.298529646134 -20.81135749816895
628.091843457755 5851.714527311688 -17.61093139648438
644.9440333939604 5852.189143678623 -15.12763214111328
661.7954816333148 5852.722389590159 -13.14119338989258
678.6461013743717 5853.31427722541 -11.50121021270752
695.4958056317598 5853.964820098406 -10.12308120727539
712.3445072169824 5854.674033057017 -8.962578773498535
462.9616542238036 5855.726172009345 -83.19704437255859
479.7972071518127 5855.626633375054 -74.7100830078125
496.6328638243482 5855.585647251963 -66.44154357910156
513.4685377867488 5855.603212706616 -58.35958480834961
530.3041425881665 5855.679330139071 -50.52724838256836
547.1395917624776 5855.81400128286 -43.08475112915039
563.9747988091668 5856.007229204859 -36.20713043212891
580.8096771742249 5856.259018305042 -30.09044647216797
597.6441402310447 5856.569374316126 -24.9268913269043
614.4781012612938 5856.938304303111 -20.79804420471191
631.3114734357996 5857.365816662718 -17.60172843933105
648.1441697954241 5857.851921122713 -15.1190013885498
664.9761032319135 5858.396628741128 -13.13321971893311
681.8071864687637 5858.999951905367 -11.49215888977051
698.6373320420473 5859.661904331215 -10.10739517211914
715.466452281246 5860.382501061727 -8.935307502746582
473.0939288507217 5861.221355814459 -79.68267059326172
489.9102042031882 5861.156980388818 -71.27642822265625
506.7265316897144 5861.15112810394 -63.09419631958008
523.5428244204544 5861.203798827105 -55.12075042724609
540.3589954979426 5861.31499375279 -47.44241714477539
557.1749579980121 5861.484715402568 -40.21414566040039
573.990624950731 5861.712967624915 -33.62149810791016
590.8059093213332 5861.999755594888 -27.87471771240234
607.6207239911289 5862.345085813716 -23.13631057739258
624.4349817384352 5862.748966108268 -19.40761184692383
641.2485952194729 5863.211405630426 -16.52513313293457
658.0614769492727 5863.732414856342 -14.26351451873779
674.8735392825722 5864.312005585584 -12.42911529541016
691.6846943946856 5864.950190940182 -10.89336490631104
708.4948542623769 5865.646985363564 -9.58634090423584
463.0468238660334 5866.850020116115 -86.60476684570312
479.8436627233066 5866.750579202038 -77.91119384765625
496.6406063786263 5866.709633313151 -69.54767608642578
513.4375674994008 5866.727181524828 -61.41284942626953
530.2344587568382 5866.803224233337 -53.4979248046875
547.0311928069276 5866.937763155818 -45.90486145019531
563.8276822713933 5867.130801330132 -38.79491806030273
580.623839718665 5867.382343114627 -32.36271667480469
597.4195776448424 5867.692394187767 -26.82042503356934
614.2148084546418 5868.060961547684 -22.29883766174316
631.0094444423498 5868.488053511597 -18.75699996948242
647.8033977727712 5868.973679715141 -16.0143871307373
664.5965804621496 5869.517851111574 -13.85051250457764
681.3889043591043 5870.120579970882 -12.08145618438721
698.180281125531 5870.781879878776 -10.58766174316406
714.9706222175047 5871.501765735571 -9.310267448425293
469.8004180653926 5872.365241471773 -84.81644439697266
486.5779331591262 5872.289236473222 -76.17291259765625
503.3555184654767 5872.27169696334 -67.85280609130859
520.1330862190542 5872.312622547746 -59.75528717041016
536.9105486506644 5872.412014146657 -51.89329147338867
553.6878179683166 5872.569873994813 -44.38727951049805
570.4648063382306 5872.786205641296 -37.40409851074219
587.2414258658231 5873.061013949232 -31.14579963684082
604.017588576716 5873.394305095399 -25.81379699707031
620.7932063977141 5873.786086569716 -21.50043296813965
637.5681911377923 5874.236367174623 -18.13210487365723
654.3424544690753 5874.745157024364 -15.51932525634766
671.1159079077916 5875.312467544144 -13.44546031951904
687.8884627952417 5875.938311469194 -11.73427200317383
704.66003027873 5876.622702843706 -10.2768611907959
721.4305212924999 5877.365657019683 -9.028347969055176
476.5385544197526 5877.889906215724 -83.06072235107422
493.2967192503123 5877.837313810671 -74.46937561035156
510.0549193605821 5877.843157393788 -66.18196868896484
526.8130665509067 5877.907437095908 -58.11112976074219
543.5710726102486 5878.030154356146 -50.30249786376953
560.3288492972326 5878.211311921787 -42.8911247253418
577.0863083211872 5878.450913848053 -36.04721450805664
593.8433613231649 5878.748965497768 -29.97381401062012
610.5999198569856 5879.105473540919 -24.85042572021484
627.3558953702466 5879.520445954094 -20.73359107971191
644.1111991853439 5879.993892019826 -17.52766799926758
660.8657424804844 5880.525822325818 -15.03654670715332
677.6194362706736 5881.116248764065 -13.04491710662842
694.3721913887078 5881.765184529858 -11.3843412399292
711.123918466154 5882.472644120682 -9.959681510925293
727.8745279142996 5883.238643335013 -8.741697311401367
489.9567216038606 5883.405310421761 -77.87947082519531
506.6955201125097 5883.399469774893 -69.45789337158203
523.4342831680677 5883.452035752951 -61.27386093139648
540.172922129866 5883.563009527739 -53.33031463623047
556.9113483307359 5883.732393572968 -45.74149322509766
573.6494730580862 5883.960191664052 -38.65974426269531
590.3872075349789 5884.246408877791 -32.26784515380859
607.1244629011824 5884.591051591942 -26.75582695007324
623.8611501942461 5884.994127484694 -22.23467254638672
640.5971803305412 5885.45564553402 -18.67557144165039
657.3324640863121 5885.975616016924 -15.92101573944092
674.0669120787171 5886.554050508579 -13.75165748596191
690.8004347468449 5887.190961881357 -11.96920871734619
707.5329423327335 5887.886364303738 -10.44726085662842
724.2643448623762 5888.640273239123 -9.137117385864258
489.9683702965149 5888.967510424538 -79.65258026123047
506.6877543231651 5888.961672731734 -71.13001251220703
523.4071027239802 5889.014212122449 -62.86167144775391
540.1263264264477 5889.125129762826 -54.83795166015625
556.845336331605 5889.294428114634 -47.16465759277344
573.5640432951549 5889.522110935055 -39.98120498657227
590.2823581085754 5889.808183276365 -33.45042419433594
607.0001914802118 5890.152651485515 -27.75354194641113
623.717454016385 5890.55552320359 -23.02266120910645
640.4340562024713 5891.016807365167 -19.26964569091797
657.1499083839885 5891.536514197554 -16.36661529541016
673.8649207476745 5892.114655219928 -14.0965747833252
690.5790033025398 5892.751243242362 -12.24522399902344
707.2920658609238 5893.446292364726 -10.66861629486084
483.300054060353 5894.548428514744 -85.04450988769531
500.0000000000017 5894.519254884306 -76.25653076171875
516.6999459396487 5894.548428514744 -67.79122161865234
533.3998023818019 5894.635950050781 -59.56987380981445
550.0994798101115 5894.781821426533 -51.65532684326172
566.798888670522 5894.986045865341 -44.16940689086914
583.4979393524216 5895.248627879504 -37.24235534667969
600.1965421697695 5895.569573269888 -31.03122901916504
616.8946073422466 5895.948889125436 -25.70126914978027
633.5920449763717 5896.386583822561 -21.35359573364258
650.2887650466295 5896.882667024441 -17.95503997802734
666.984677376589 5897.43714968018 -15.33221626281738
683.6796916199976 5898.050044023887 -13.25101089477539
700.3737172418791 5898.721363573615 -11.51582527160645
486.6555911321631 5900.100215692379 -85.16612243652344
503.3361040154036 5900.082720493472 -76.31572723388672
520.0165989140128 5900.123542684136 -67.78329467773438
536.696985899555 5900.222683162586 -59.51513671875
553.3771750210162 5900.380144110129 -51.58853912353516
570.0570762859908 5900.595928990976 -44.11544418334961
586.73659964185 5900.870042551943 -37.20415878295898
603.4156549569317 5901.202490822052 -30.99318504333496
620.0941520017001 5901.593281111998 -25.64725494384766
636.772000429915 5902.042422013537 -21.28329467773438
653.4491097597951 5902.549923398738 -17.87878608703613
670.1253893551542 5903.115796419136 -15.25672435760498
686.8007484065542 5903.740053504769 -13.17485523223877
703.4750959124216 5904.422708363104 -11.43428421020508
503.3322134117849 5905.645066092629 -78.13211059570312
519.9932551727135 5905.685867230711 -69.46698760986328
536.65418850807 5905.784956577197 -61.08855819702148
553.3149230397981 5905.942336302731 -53.07021331787109
569.9753683485314 5906.15800985459 -45.51156234741211
586.6354339547977 5906.431981956383 -38.49325561523438
603.2950293002461 5906.764258607641 -32.12545013427734
619.9540637288435 5907.154847083303 -26.57377243041992
636.6124464680807 5907.603755933083 -21.99139976501465
653.2700866101728 5908.110994980725 -18.39936447143555
669.9268930932334 5908.676575323157 -15.64214324951172
686.5827746824635 5909.300509329519 -13.47188949584961
503.3283202438121 5911.207458601256 -79.99162292480469
519.9698960457354 5911.248238562291 -71.17881011962891
536.6113629114913 5911.347276474545 -62.67932510375977
553.2526300375735 5911.504574498008 -54.56434631347656
569.8936065792461 5911.720136063035 -46.92126083374023
586.534201631787 5911.993965870043 -39.80180358886719
603.17432421175 5912.326069889103 -33.28429412841797
619.8138832381985 5912.716455359422 -27.53042793273926
636.4527875139504 5913.165130788703 -22.72662544250488
653.0909457068138 5913.672105952407 -18.93880271911621
669.7282663308 5914.237391892897 -16.03740501403809
686.3646577273495 5914.861000918462 -13.77282333374023
506.6488482992611 5916.773391586832 -80.07138061523438
523.2709307434193 5916.82579563842 -71.16419982910156
539.8928854996504 5916.93642753506 -62.60801315307617
556.5146213338579 5917.105289678936 -54.48444747924805
573.1360469670506 5917.332385736279 -46.85837936401367
589.7570710566388 5917.617720637048 -39.74750900268555
606.3776021777089 5917.961300574502 -33.21332931518555
622.9975488043178 5918.363133004634 -27.43060684204102
639.6168192907564 5918.823226645538 -22.60857391357422
656.2353218528226 5919.341591476627 -18.81942176818848
672.8529645490845 5919.91823873775 -15.92459774017334
506.641051720158 5922.335876006337 -81.97824096679688
523.2436425391858 5922.388252510187 -72.90164947509766
539.8461050790604 5922.498826244944 -64.21004486083984
556.4483476834373 5922.667599600902 -55.98390579223633
573.0502786511673 5922.894576226146 -48.27346801757812
589.6518062176293 5923.179761026234 -41.06417846679688
606.2528385360424 5923.523160163748 -34.38365173339844
622.853283658798 5923.924781057764 -28.40079879760742
639.4530495187605 5924.384632383179 -23.3554515838623
656.0520439105784 5924.902724069942 -19.36435699462891
672.6501744719852 5925.479067302175 -16.31838989257812
519.8997265271272 5927.935633028777 -76.48499298095703
536.4827172146132 5928.034514826277 -67.55854797363281
553.0655053753383 5928.19156486561 -59.11752319335938
569.6479988980313 5928.406786526447 -51.21546173095703
586.2301056117921 5928.680184439746 -43.8173942565918
602.8117332674672 5929.011764487336 -36.89471435546875
619.392789518995 5929.401533801397 -30.56963348388672
635.9731819047638 5929.849500763811 -25.10080337524414
652.5528178289597 5930.35567500542 -20.68600082397461
513.2508805518872 5933.474937516764 -82.07379913330078
529.8144091200049 5933.550512429656 -72.79927062988281
546.3777712389735 5933.68422360984 -64.01548004150391
562.9408743971276 5933.876073922012 -55.7953987121582
579.5036260307393 5934.126067476041 -48.11775970458984
596.0659335054243 5934.434209626602 -40.89737701416016
612.6277040975292 5934.800506972684 -34.15448379516602
629.1888449755284 5935.22496735701 -28.10764694213867
645.7492631814141 5935.707599865305 -23.03740310668945
513.2352567360132 5939.037554870513 -84.0072021484375
529.7792552086254 5939.113089299024 -74.54507446289062
546.3230864805874 5939.246728844381 -65.61508178710938
562.8666576228152 5939.438476356923 -57.28697204589844
579.4098756542671 5939.688335925924 -49.52205657958984
595.9526475233893 5939.996312879213 -42.20270538330078
612.4948800895401 5940.362413782694 -35.31693267822266
629.0364801044253 5940.78664643975 -29.0750560760498
645.5773541935271 5941.269019890528 -23.78263092041016
523.13431104847 5944.638546426393 -80.11375427246094
539.6586771230878 5944.748884142306 -70.78851318359375
556.1828192466822 5944.917297201034 -62.08708572387695
572.7066440454643 5945.143789178225 -54.01251220703125
589.2300580826858 5945.428364882015 -46.43808746337891
605.7529678401039 5945.771030352581 -39.25138092041016
622.2752796994631 5946.171792861588 -32.55014038085938
638.7968999239497 5946.630660911521 -26.6354923248291
529.7088786564391 5950.238382455595 -78.10667419433594
546.213610061695 5950.371877508493 -68.86028289794922
562.7180790128401 5950.563417667367 -60.29538726806641
579.222191699017 5950.813006980347 -52.34635162353516
595.7258542391445 5951.120650721648 -44.83999252319336
612.22897266342 5951.486355391084 -37.69776153564453
628.7314528948306 5951.910128713464 -31.09490585327148
536.267746640038 5955.847506169708 -76.0731201171875
552.7528149143898 5956.004133324089 -66.94342803955078
569.2375818970727 5956.218775352852 -58.52592086791992
585.7219533389091 5956.49143677158 -50.68341064453125
602.2058349132651 5956.822123315524 -43.22425842285156
618.6891321975884 5957.210841939082 -36.1310920715332
532.9315434305156 5961.385892753279 -79.78916931152344
549.3970787865107 5961.530837729781 -70.34565734863281
565.8623304598627 5961.733764947177 -61.66085815429688
582.3272038038132 5961.994678655287 -53.6210823059082
598.7916040979793 5962.313584317475 -46.00716400146484
615.255436529954 5962.690488610137 -38.71707153320312
536.1815627897956 5966.97302673563 -79.631591796875
552.6274542235965 5967.129481389625 -70.17051696777344
569.0730417402422 5967.3438869799 -61.49740600585938
585.5182302704893 5967.61624797602 -53.46184539794922
601.9629246679636 5967.946570054789 -45.82768249511719
539.4237057182686 5972.56249656849 -79.45378112792969
555.8499363345935 5972.730447698587 -69.98255157470703
572.2758426386522 5972.956318323952 -61.32140350341797
588.7013291396639 5973.240113131418 -53.28734970092773
605.1263002661995 5973.581838008752 -45.63295364379883
555.7832306060483 5978.293214686531 -71.60691070556641
572.1895152546371 5978.518958973017 -62.80397796630859
588.5953783131395 5978.80259500244 -54.66972351074219
549.1617248262298 5983.781979819061 -77.0765380859375
565.5485175815764 5983.984454792494 -67.77783966064453
581.9349254959592 5984.244786895134 -59.28476715087891
552.3762471999006 5989.380726176536 -76.84531402587891
568.7433241214995 5989.594651044319 -67.55259704589844
585.1099952468431 5989.866401229756 -59.07304382324219
565.3913082462827 5995.110070742029 -70.91731262207031
581.7384077945009 5995.37010727557 -62.15668106079102
575.1091369651815 6000.821947619796 -67.06751251220703
170.1503541793174 5515.332471914858 -103.1447029113103
166.3726213652529 5512.773270029927 -103.9649696350101
179.3759841742164 5498.048847084052 -89.27951304107442
177.2964190222459 5503.747695380362 -93.24850972503714
172.2594419369202 5500.335426200249 -94.34219868981393
176.857495631516 5496.34271249418 -89.826357523575
318.2104316341921 5699.739316547203 -108.5723698934023
324.4345850955035 5707.270408351141 -107.7483240763555
330.658738556988 5714.801500155288 -106.9242782592856
336.8828920182993 5722.332591959225 -106.1002324422388
343.1070454797928 5729.863683763383 -105.2761866251678
349.331198941067 5737.394775567275 -104.4521408081258
355.5553524024518 5744.925867371302 -103.6280949910692
361.7795058638883 5752.456959175391 -102.8040491740057
368.0036593252327 5759.988050979368 -101.9800033569545
374.2278127867007 5767.519142783495 -101.1559575398869
380.4519662479339 5775.050234587338 -100.3319117228503
386.6761197094248 5782.581326391493 -99.50786590577968
392.900273170774 5790.112418195476 -98.68382008872778
399.1244266322333 5797.643509999593 -97.85977427166131
405.3485800936211 5805.174601803623 -97.0357284546043
411.5727335549155 5812.705693607541 -96.21168263755966
417.7968870164157 5820.236785411706 -95.38763682048778
424.0210404777449 5827.767877215665 -94.56359100343853
430.2451939392474 5835.298969019834 -93.73954518636634
436.4693474005766 5842.830060823793 -92.91549936931709
436.3408850426424 5842.872605985194 -92.70005955415628
429.9882692232147 5835.384059342438 -93.30866555606649
423.6356534037915 5827.895512699687 -93.91727155797624
417.2830375843638 5820.40696605693 -94.52587755988642
410.9304217649361 5812.918419414174 -95.13448356179661
404.5778059455083 5805.429872771418 -95.74308956370682
398.2251901260805 5797.941326128661 -96.35169556561701
391.872574306662 5790.452779485916 -96.96030156752632
385.5199584874135 5782.96423284337 -97.56890756941934
379.167342667995 5775.475686200625 -98.17751357132865
372.8147268485765 5767.987139557879 -98.78611957323795
366.4621110291488 5760.498592915123 -99.39472557514816
360.1094952097254 5753.010046272371 -100.0033315770579
353.7568793903058 5745.521499629624 -100.6119375789673
347.4042635708769 5738.032952986867 -101.2205435808776
341.0516477516319 5730.544406344326 -101.8291495827703
334.6990319322078 5723.055859701573 -102.4377555846802
328.3464161127718 5715.567313058807 -103.0463615865912
321.9938002931614 5708.078766415836 -103.6549675885189
315.6411844737254 5700.590219773069 -104.2635735904298
309.2885686542985 5693.101673130314 -104.87217959234
302.9359528348527 5685.613126487537 -105.4807855942519
296.5833370154065 5678.124579844758 -106.0893915961638
290.2307211959603 5670.63603320198 -106.6979975980758
283.8781053765238 5663.147486559214 -107.3066035999868
277.5254895570955 5655.658939916456 -107.9152096018971
271.1728737376571 5648.170393273687 -108.5238156038083
264.8202579182131 5640.681846630911 -109.13242160572
258.467642098769 5633.193299988136 -109.7410276076318
252.1150262793222 5625.704753345357 -110.3496336095438
245.7624104598943 5618.2162067026 -110.958239611454
239.4097946404665 5610.727660059843 -111.5668456133642
233.0571788210262 5603.239113417072 -112.1754516152756
233.2646949380921 5603.170386618353 -112.5234697781974
239.8248268735174 5610.590206461183 -112.2628819392504
246.3849588105914 5618.010026305878 -112.002294100238
252.945090746478 5625.429846149229 -111.7417062612727
259.5052226826775 5632.849665992935 -111.481118422295
266.0653546195024 5640.269485837348 -111.2205305832925
272.6254865548761 5647.689305680119 -110.9599427443476
279.185618491716 5655.109125524549 -110.6993549053444
285.7457504279307 5662.528945368272 -110.4387670663661
292.3058823636541 5669.948765211439 -110.1781792274073
298.8660143007643 5677.368585056174 -109.9175913883934
305.4261462363567 5684.788404899193 -109.6570035494398
413.9091128599744 5813.715392124484 -95.3848088582193
419.6659904601275 5821.044544224839 -94.7261377970551
425.42286806071 5828.37369632574 -94.06746673584178
431.1797456613093 5835.702848426663 -93.40879567462652
436.9366232614709 5843.032000527029 -92.75012461346135
318.3973419785876 5699.820092428548 -108.5062199910565
324.8084057844574 5707.431960114024 -107.6160242716412
331.2194695901914 5715.043827799339 -106.7258285522447
337.6305333960941 5722.655695484854 -105.8356328328248
344.041597201709 5730.267563170027 -104.9454371134449
350.4526610074051 5737.879430855297 -104.0552413940536
356.8637248131259 5745.491298540596 -103.165045674659
363.2747886188642 5753.103166225916 -102.2748499552619
369.6858524246033 5760.715033911237 -101.3846542358647
376.0969162304929 5768.326901596736 -100.4944585164466
382.5079800361245 5775.938769281929 -99.60426279706437
388.9190438420455 5783.550636967466 -98.71406707764191
395.3301076477928 5791.162504652797 -97.82387135824359
401.7411714536697 5798.774372338281 -96.93367563882727
176.3866668872602 5528.894226001196 -106.4707298278788
169.0215509249334 5526.553433746568 -109.5279884338386
172.4489704504015 5523.559192408253 -106.0146408081109
353.2972531032017 5735.377952319889 -100.6776790618902
358.6245754783312 5740.792610881139 -99.63874435425119
363.9518978534822 5746.207269442411 -98.59980964660801
373.7367732474682 5758.467831554031 -97.69257354736199
378.1943262663033 5765.313735104381 -97.82427215575912
382.6518792853075 5772.159638654988 -97.95597076416126
381.5180749359615 5771.999506712739 -98.60609000071378
375.9267175678466 5764.993471220223 -99.12451062886223
370.3353602000154 5757.987435728061 -99.64293125698437
364.7440028322383 5750.981400235968 -100.1613518851015
359.1526454643898 5743.975364743785 -100.6797725132252
353.5612880962503 5736.969329251237 -101.198193141376
179.6370989438028 5538.466567285151 -109.5372333526649
186.3149505258344 5545.044667230801 -109.0903892517166
192.9928021080713 5551.622767176653 -108.6435451507545
205.0774355523266 5565.710807052594 -109.114172363266
210.4842174149269 5573.220746983417 -110.031643676795
215.8909992767546 5580.730686913168 -110.949114990193
221.2977811393646 5588.240626844005 -111.8665863037236
220.7328612638448 5588.654777948232 -112.4729487101248
214.7611595261132 5581.558989122173 -112.1618398030623
208.789457788377 5574.463200296109 -111.8507308959995
202.8177560506357 5567.367411470039 -111.5396219889365
196.8460543127441 5560.27162264379 -111.2285130818657
190.8743525749982 5553.175833817714 -110.9174041748025
184.9026508372538 5546.080044991641 -110.6062952677393
178.9309490995166 5538.984256165575 -110.2951863606765
589.2154805319988 5664.501114559634 -9.409597396850586
589.5358975627036 5663.900791586467 -9.376635331373873
594.9600925895417 5671.731431269092 -9.372335947476888
600.384287616376 5679.562070951712 -9.368036563579906
605.8084826432035 5687.392710634323 -9.363737179682929
611.2326776700418 5695.223350316948 -9.359437795785944
616.6568726970457 5703.053989999814 -9.355138411888827
622.0810677238844 5710.88462968244 -9.350839027991842
627.5052627509033 5718.715269365327 -9.346539644094713
632.9294577777415 5726.545909047953 -9.342240260197729
638.3536528047459 5734.376548730818 -9.33794087630061
643.7778478315985 5742.207188413465 -9.333641492403615
649.2020428586029 5750.03782809633 -9.329342108506498
649.1437852166358 5750.146977727791 -9.335335211320606
643.6613325480391 5742.425487676912 -9.345627698031119
638.1788798792219 5734.703997625723 -9.355920184742047
632.6964272103269 5726.982507574424 -9.36621267145312
627.2139745414421 5719.261017523139 -9.376505158164173
621.7315218727142 5711.539527472076 -9.386797644874934
616.2490692036986 5703.818037420608 -9.397090131586234
610.7666165347579 5696.096547369245 -9.407382618297392
605.284163865911 5688.375057318013 -9.417675105008376
599.8017111972845 5680.653567267093 -9.427967591718945
546.0526305360565 5981.755855196069 -77.39762674966359
539.7290138720408 5974.130984215395 -77.94993947346325
533.4053972080203 5966.506113234715 -78.50225219726335
527.081780544007 5958.881242254045 -79.05456492106281
520.7581638799841 5951.256371273363 -79.6068776448631
514.4345472159731 5943.631500292694 -80.15919036866235
508.1109305521293 5936.006629312228 -80.711503092447
501.7873138882974 5928.381758331776 -81.26381581623062
495.4636972244481 5920.756887351303 -81.81612854001575
489.1400805604305 5913.132016370627 -82.36844126381558
482.816463896413 5905.507145389951 -82.9207539876154
476.4928472323955 5897.882274409275 -83.47306671141523
470.169230568378 5890.257403428599 -84.02537943521506
463.8456139043605 5882.632532447923 -84.57769215901487
457.521997240517 5875.007661467456 -85.13000488279951
451.1983805766735 5867.38279048699 -85.68231760658414
444.874763912656 5859.757919506314 -86.23463033038395
438.5511472486385 5852.133048525639 -86.78694305418378
432.227530584621 5844.508177544963 -87.33925577798361
425.9039139206035 5836.883306564287 -87.89156850178344
419.580297256586 5829.258435583611 -88.44388122558325
413.2566805927192 5821.633564603117 -88.99619394936991
406.9330639288862 5814.008693622663 -89.54850667315364
400.6094472650195 5806.383822642169 -90.10081939694028
394.2858306009989 5798.758951661489 -90.65313212074038
387.9622139369664 5791.134080680795 -91.20544484454152
381.6385972729435 5783.509209700112 -91.75775756834182
375.3149806089133 5775.884338719421 -92.31007029214274
368.9913639450504 5768.259467738932 -92.86238301592907
362.6677472812082 5760.634596758468 -93.41469573971358
356.3441306173546 5753.009725777989 -93.9670084634991
350.0205139533292 5745.384854797303 -94.5193211872996
343.696897289299 5737.759983816612 -95.07163391110053
337.3732806252762 5730.135112835929 -95.62394663490083
331.0496639612436 5722.510241855236 -96.17625935870197
324.7260472972231 5714.885370874556 -96.72857208250205
318.4024306333563 5707.260499894061 -97.28088480628871
312.0788139695175 5699.635628913601 -97.83319753007294
305.7551973054825 5692.010757932904 -98.38551025387429
299.4315806414619 5684.385886952225 -98.93782297767437
293.1079639774252 5676.761015971526 -99.49013570147588
286.7843473133885 5669.136144990826 -100.0424484252774
280.4607306493517 5661.511274010127 -100.5947611490789
274.137113985315 5653.886403029428 -101.1470738728804
267.8134973214523 5646.261532048939 -101.6993865966667
261.4898806575895 5638.636661068449 -102.251699320453
255.1662639935528 5631.01179008775 -102.8040120442545
248.8426473295161 5623.386919107051 -103.356324768056
242.5190306654794 5615.762048126352 -103.9086374918575
236.1954140014425 5608.137177145652 -104.460950215659
229.8717973374058 5600.512306164954 -105.0132629394605
223.5481806733691 5592.887435184254 -105.565575663262
217.2245640095122 5585.262564203772 -106.1178883870478
210.9009473456437 5577.637693223276 -106.6702011108347
204.5773306816069 5570.012822242576 -107.2225138346361
198.2537140175702 5562.387951261878 -107.7748265584377
191.9300973535334 5554.763080281178 -108.3271392822392
185.6064806894967 5547.13820930048 -108.8794520060407
179.2828640256224 5539.513338319975 -109.431764729828
232.9674800054312 5603.320377532074 -112.0929279327352
239.2303970092815 5610.890188289854 -111.401798248283
245.4933140130062 5618.459999047482 -110.7106685638446
251.7562310167976 5626.02980980519 -110.0195388793988
258.019148020649 5633.599620562971 -109.3284091949464
264.2820650244972 5641.169431320748 -108.6372795104944
270.5449820281739 5648.739242078317 -107.9461498260613
276.8078990320232 5656.309052836095 -107.2550201416091
283.0708160358641 5663.878863593864 -106.5638904571579
289.3337330396565 5671.448674351574 -105.872760772712
295.5966500433838 5679.018485109204 -105.1816310882733
301.8595670472241 5686.588295866972 -104.4905014038222
308.1224840510644 5694.158106624739 -103.799371719371
314.3854010549156 5701.727917382519 -103.1082420349186
320.6483180587587 5709.29772814029 -102.4171123504672
326.9112350624812 5716.867538897915 -101.725982666029
333.1741520662736 5724.437349655625 -101.0348529815831
339.4370690701204 5732.0071604134 -100.3437232971312
345.6999860739727 5739.576971171182 -99.65259361267876
351.9629030776394 5747.146781928739 -98.96146392824676
358.2258200814796 5754.716592686506 -98.27033424379559
364.4887370853251 5762.28640344428 -97.57920455934386
370.7516540891202 5769.856214201993 -96.88807487489768
377.0145710928404 5777.426024959615 -96.19694519045979
383.2774880966383 5784.995835717332 -95.50581550601329
389.5404051003652 5792.565646474962 -94.81468582157464
395.8033221042231 5800.13545723275 -94.12355613712155
402.0662391080899 5807.70526799055 -93.43242645266746
408.3291561118303 5815.275078748196 -92.74129676822731
414.5920731156327 5822.844889505918 -92.05016708378034
420.8549901194885 5830.414700263704 -91.35903739932746
427.1179071233522 5837.9845110215 -90.66790771487372
433.3808241270444 5845.554321779088 -89.97677803043891
439.6437411309002 5853.124132536874 -89.28564834598603
445.9066581347612 5860.693943294666 -88.59451866153259
452.1695751386236 5868.263754052461 -87.90338897707898
458.4324921424904 5875.83356481026 -87.21225929262489
464.6954091463505 5883.403375568051 -86.52112960817155
470.9583261502063 5890.973186325838 -85.82999992371869
477.2212431540731 5898.542997083637 -85.13887023926459
483.4841601579358 5906.112807841431 -84.44774055481095
489.7470771617917 5913.682618599218 -83.75661087035809
496.0099941656474 5921.252429357004 -83.06548118590521
502.2729111695123 5928.8222401148 -82.37435150145134
508.5358281733715 5936.392050872591 -81.68322181699808
514.7987451770592 5943.961861630174 -80.99209213256377
521.0616621809302 5951.531672387979 -80.3009624481092
527.3245791847902 5959.10148314577 -79.60983276365587
533.5874961886091 5966.671293903511 -78.91870307920708
539.8504131923447 5974.241104661152 -78.22757339476746
546.1133301961586 5981.810915418888 -77.53644371031922
507.3567770798585 5931.647854683642 -84.68088976542072
501.4782974237423 5924.25815449682 -85.35457738239953
495.5998177674887 5916.868454309824 -86.0282649993941
489.7213381113725 5909.478754123002 -86.70195261637289
483.8428584551978 5902.089053936105 -87.37564023335841
477.9643787990631 5894.699353749259 -88.04932785033934
472.0858991429283 5887.309653562413 -88.72301546732028
466.2074194867622 5879.919953375527 -89.3967030843048
460.3289398305557 5872.530253188591 -90.07039070129397
454.4504601743482 5865.140553001654 -90.74407831828324
448.5719805182077 5857.750852814801 -91.41776593526484
448.9737994718786 5857.466733065495 -91.10212053574655
455.2540980820857 5864.57231350349 -90.11278751918421
461.5343966921841 5871.677893941361 -89.12345450263899
467.8146953018368 5878.783474378728 -88.13412148616399
474.0949939121282 5885.889054816818 -87.14478846958836
480.3752925223546 5892.994635254835 -86.15545545302298
491.9715242529218 5907.887683527989 -84.93433837890674
497.2874573736798 5915.675151363598 -84.70255432129008
502.6033904944463 5923.46261919922 -84.47077026367305
507.9193236152262 5931.250087034861 -84.23898620605543
546.7846771337308 5982.188844561519 -77.86844090051186
541.1931070674241 5974.996962946325 -78.89156777516988
535.6015370011737 5967.805081331203 -79.91469464981759
530.0099669347732 5960.613199715889 -80.93782152449276
524.4183968685228 5953.421318100767 -81.96094839914048
518.8268268021829 5946.229436485531 -82.98407527380455
518.4729465324659 5945.742543210111 -83.09651794433564
523.7106363288605 5952.447531549634 -82.18583374024392
528.9483261251844 5959.152519889067 -81.27514953616446
534.1860159218159 5965.857508228893 -80.36446533203154
543.7412195454256 5978.168573104435 -78.58429209392357
548.0587333725745 5983.774649640371 -77.71480305991909
506.8679079863813 5931.408955135068 -84.64668782551861
500.5005592368694 5923.780355399767 -85.28617350258767
494.1332104871616 5916.151755664231 -85.9256591796764
487.7658617376773 5908.523155928963 -86.56514485674268
481.3985129878449 5900.894556193278 -87.20463053384393
475.0311642382682 5893.265956457899 -87.84411621091949
468.6638154884503 5885.637356722232 -88.48360188801928
462.2964667388213 5878.00875698679 -89.12308756510011
455.9291179891107 5870.38015725125 -89.76257324218911
449.5617692393744 5862.75155751568 -90.40205891928071
443.1944204897928 5855.122957780296 -91.04154459635676
436.8270717401223 5847.494358044804 -91.68103027344175
430.459722990649 5839.865758309549 -92.32051595050693
424.0923742409094 5832.237158573976 -92.96000162759886
417.7250254914305 5824.608558838714 -93.59948730466459
411.3576767417387 5816.979959103197 -94.23897298175171
404.9903279921867 5809.351359367848 -94.8784586588248
398.6229792425872 5801.722759632442 -95.51794433590265
392.2556304929205 5794.094159896955 -96.15743001298726
385.8882817434307 5786.465560161681 -96.79691569005411
379.5209329936362 5778.836960426041 -97.43640136715155
373.1535842440417 5771.208360690641 -98.07588704422889
366.7862354942093 5763.579760954955 -98.71537272133014
360.4188867446148 5755.951161219555 -99.35485839840749
354.0515379948154 5748.322561483909 -99.99434407550542
347.6841892451512 5740.693961748426 -100.6338297525898
341.3168404954544 5733.065362012903 -101.2733154296774
334.949491745659 5725.436762277262 -101.9128011067749
328.5821429960894 5717.808162541892 -102.5522867838498
322.2147942463725 5710.179562806345 -103.1917724609394
315.8474454968792 5702.550963071066 -103.8312581380066
309.4800967471358 5694.922363335488 -104.4707438150989
303.1127479976496 5687.293763600217 -105.1102294921654
296.7453992478172 5679.665163864532 -105.7497151692666
290.3780504981976 5672.036564129102 -106.3892008463465
284.0107017484484 5664.407964393517 -107.0286865234394
277.6433529987329 5656.779364657971 -107.6681722005289
271.2760042490788 5649.1507649225 -108.3076578776123
264.9086554992392 5641.522165186806 -108.9471435547142
258.5413067497211 5633.893565451497 -109.5866292317839
252.1739579999896 5626.264965715933 -110.226114908875
245.8066092505052 5618.636365980665 -110.8656005859413
239.4392605007765 5611.007766245103 -111.5050862630321
233.0719117512386 5603.379166509771 -112.1445719401038
172.1189425801587 5518.002979349028 -103.3989181518507
179.4840585424834 5520.34377160367 -100.3416595458984
317.698129718417 5447.141332382426 -17.48364734649638
314.1461136480944 5450.045354152244 -18.50405311584257
312.4224956059946 5452.888543638646 -19.33249950408318
642.2730815526819 5941.169130388414 -24.83644771575928
516.5674916315702 5933.486593949645 -80.24609756469727
516.5753035395072 5930.70528527277 -79.27939605712891
426.2998820409734 5826.951356936084 -93.14005661010627
420.2506664471198 5820.096317965258 -94.10786437988051
414.2014508532469 5813.24127899441 -95.07567214965782
415.0440288103444 5811.829907591801 -94.11705017090026
427.1424599980696 5825.539985533471 -92.18143463134766
437.5212992484424 5842.083774267421 -92.13185119628911
450.2339428784229 5487.448173874068 -9.11030793190004
443.8237139780772 5480.56505121324 -9.100432872772249
437.4134850777006 5473.68192855238 -9.090557813644409
437.5840185379055 5473.406505662355 -9.066539955138978
444.1647808981712 5480.014205432873 -9.052397155761991
450.74554325869 5486.621905203645 -9.038254356384458
457.3263056191554 5493.229604974364 -9.024111557007041
449.3739788452611 5490.69754094672 -9.335653622944974
442.1037859117714 5487.063785358553 -9.551124254861591
432.918424577787 5475.114417830952 -9.423638820648293
447.5804063972095 5491.638978273232 -9.490971088409008
540.36560919197 5597.728705246573 -9.568587875367164
534.7301264414191 5589.910865033098 -9.526883316039564
529.09464369119 5582.09302482007 -9.485178756714344
523.459160940639 5574.275184606595 -9.443474197386744
523.3483729280335 5573.644844359249 -9.411798340933645
528.8730676657062 5580.832344324995 -9.421827043805857
534.3977624032646 5588.019844290591 -9.43185574667786
539.9224571409741 5595.207344256385 -9.441884449550138
545.4471518785488 5602.394844222003 -9.45191315242217
550.9718466162051 5609.582344187727 -9.461941855294352
551.2488166480222 5611.158194806516 -9.541131496429443
549.4570530487339 5613.923165924572 -9.788652896881104
535.3630009460196 5608.248877952926 -10.44367790222168
537.154764545308 5605.48390683487 -10.19615650177002
551.0590845495001 5630.622414372711 -10.50559473037833
551.0365156033263 5633.402394397866 -10.6660823822005
533.574970093407 5611.015075468694 -10.71236228942871
547.6690221961433 5616.68936344034 -10.05733728408667
513.0744239586293 5560.888380732857 -9.392361005147219
508.3251697269884 5555.319417072309 -9.382952372233191
499.9962809039571 5544.191177007479 -9.292278289794922
501.7684042823191 5545.588261551152 -9.258702039720157
507.1201622516499 5552.544622498581 -9.306391239166988
512.4719202209849 5559.500983446015 -9.354080438613854
505.3564238153139 5555.311620449467 -9.555327892303467
512.480305162925 5563.665065940462 -9.569440841674805
478.4553392647404 5527.555510672377 -9.640542984008789
484.4275981897182 5527.541561064932 -9.298015276590927
490.4221222511991 5533.086730834136 -9.254514058431132
487.4471253570429 5535.873265326233 -9.575291156767154
474.9202782824037 5538.690608840758 -10.51950407029501
465.9526498022166 5538.74152881113 -11.12058210372923
469.5099759209947 5533.165550019549 -10.54064750671461
473.2626475580632 5566.495041234011 -12.54721879959106
476.8143161345645 5563.700953548584 -12.04130268096924
469.7128448690303 5569.296277516813 -13.07857418060176
544.2927152722399 5978.172238193765 -78.26515960693587
518.9718332501354 5946.021422837616 -82.91329956041784
524.7084097628954 5953.00529080306 -81.81939697265797
530.4449862756377 5959.989158768483 -80.72549438490147
519.8006856341165 5946.487000831363 -82.60119120281323
526.3661145324123 5953.93644679243 -81.19518025714771
542.7893207881532 5964.251932232705 -74.98862457275391
544.4103922523969 5967.046667149128 -74.89971923827463
351.6872208866012 5554.597919688257 -32.03650569915421
351.6052803655793 5551.818608293639 -31.26216602325483
395.5120271546312 5630.492994301394 -38.04820887242835
389.6812583325516 5632.467328847356 -40.83661015830965
392.5345676923681 5628.700382724723 -38.56464958191648
387.4245127522709 5553.724031796707 -22.47674942016352
387.3612043259661 5550.944573919153 -21.95186328888378
387.4785079296433 5556.503548756694 -22.89170837402112
353.2077718047483 5671.38323362494 -72.26977157592773
356.7782176576638 5674.063237167117 -71.42346954345703
334.9300874303392 5646.895508149139 -71.78082275390625
326.1605178754247 5647.184131049513 -76.96105575560826
317.3722195455583 5647.48488681769 -82.08094024658281
319.5235433464811 5641.849253410367 -78.25349934894734
325.3824088996881 5641.648749564929 -74.84024302165813
326.2509579812419 5649.96369021129 -78.13365936279297
312.8789327081288 5684.757593476563 -104.7216796874966
317.4612071125654 5682.736662110372 -100.230636596683
318.6910804022675 5684.546562077247 -100.2918675741027
315.338679287631 5688.377393410191 -104.8441416421986
321.1432297409731 5688.172773593281 -100.4252192179261
316.5647539569321 5690.190499168271 -104.9108174641826
325.9112697758838 5691.714410496612 -98.64160919189453
319.0435560998299 5694.7409988591 -105.3700065612749
327.1859876129262 5677.759639374566 -90.86301040649414
329.0250996169237 5680.479298011622 -90.96302413940161
326.89666611735 5669.420867487813 -86.84174728393641
326.99303821198 5672.200438931256 -88.16764831542324
321.8505321160503 5675.156530300861 -93.04423141479492
331.4063264239004 5699.880907082976 -98.84924697875977
333.0521636638047 5697.04245731339 -96.22880172729457
383.5437878710422 5698.421867478451 -67.40307617187253
385.2182676182504 5695.600934729565 -65.43973922729492
354.8797116430197 5729.759738119005 -96.95854187011719
351.3448226649852 5727.081519013399 -98.11064910889085
359.7862125322345 5740.753797314392 -98.79522450765731
364.5327163805212 5746.187862659138 -98.17804972329972
365.6868319027946 5746.153887706728 -97.40610122680621
360.1420713568654 5732.395924386737 -94.85829544067849
363.669438803332 5735.078982106589 -93.77775955192539
359.9820743157519 5726.835930535884 -92.40443801880511
237.373045025184 5447.595306615627 -38.67475700377884
228.0357609614544 5455.191960534249 -46.06663343638144
222.2132345070119 5459.836715316002 -50.97211880152302
216.3907080527393 5464.48147009762 -55.87760416652159
210.5681815981267 5469.126224879509 -60.78308953180657
204.745655143845 5473.770979661134 -65.68857489681272
198.9231286892087 5478.415734443042 -70.59406026211764
193.1006022349077 5483.060489224683 -75.49954562714011
187.2780757804369 5487.705244006458 -80.4050309923056
187.3987746567326 5487.579339657354 -80.39830131542405
193.341999987601 5482.808680526393 -75.48608627329379
199.2852253184739 5478.038021395427 -70.57387123115971
205.2284506493959 5473.267362264422 -65.66165618898513
211.1716759803381 5468.496703133401 -60.74944114679387
217.1149013112865 5463.726044002375 -55.83722610459746
223.0581266422208 5458.955384871359 -50.9250110624127
229.0013519730953 5454.184725740393 -46.0127960202774
234.9445773038125 5449.414066609553 -41.10058097827203
231.0297093525259 5467.394649220464 -49.48107528686513
223.8980418352598 5470.539028315571 -54.09059906005429
223.6256098355228 5464.982207224487 -51.78385543823687
266.7430443416289 5493.605083600633 -44.34393692016603
270.5991081500252 5499.003849627316 -44.66885566711426
261.5596471120685 5499.391446049768 -48.79551887512176
259.1459392609651 5485.579193893207 -44.58022880553783
261.0793637107919 5488.2766796284 -44.77261543273926
264.8187972090781 5490.901469237639 -44.17796325683594
241.2752859898519 5452.983576462279 -39.21833992003776
244.7900435990788 5450.031677325242 -36.73194885252686
273.7550998826847 5420.946385315279 -21.03753805160285
267.5825527899435 5426.771366459717 -23.79165172576903
261.4100056972129 5432.596347604144 -26.54576539993048
248.062630619485 5441.532368113656 -32.74412250519186
247.3944433578446 5439.723073594195 -33.20420900987664
253.9010840811654 5434.802739709672 -30.2200520834783
260.4077248049482 5429.8824058248 -27.235895156868
266.9143655287294 5424.96207193993 -24.25173823025849
273.4210062520834 5420.041738055383 -21.26758130384488
248.6299439295868 5438.783153067771 -33.9501605034004
256.3720852246658 5432.922898656813 -31.71195507051956
264.1142265198937 5427.062644245743 -29.47374963759567
271.8563678149727 5421.202389834785 -27.23554420471483
279.5985091100517 5415.342135423828 -24.99733877183399
287.3406504052119 5409.481881012809 -22.75913333892968
295.0827917004123 5403.621626601759 -20.52092790601375
302.8249329954978 5397.761372190796 -18.28272247313103
310.56707429062 5391.901117779807 -16.04451704023772
318.309215585722 5386.040863368831 -13.80631160735021
326.0513568808285 5380.180608957852 -11.56810617446142
326.0983765758389 5380.149075921745 -10.60897554670202
318.4032549756973 5385.977797296649 -11.88805035183706
310.7081333757647 5391.806518671397 -13.16712515693735
303.0130117756561 5397.635240046277 -14.4461999620669
295.3178901756868 5403.463961421051 -15.72527476717328
287.6227685755135 5409.29268279598 -17.00434957231358
305.7383469643223 5396.374245983428 -13.16236648559535
299.2856719671707 5401.06103553023 -14.44263095854195
292.8329969698827 5405.74782507713 -15.72289543151564
286.3803219726779 5410.43461462397 -17.00315990447279
326.5926727711272 5380.109388510116 -10.18063449859635
319.3918473663551 5385.898422473331 -11.03136825561318
379.0684182436147 5417.656498779661 -9.224298000335935
380.9644829082557 5420.393817547599 -9.264592647552224
406.0657818843758 5443.550506137967 -9.155136346816922
399.549699554507 5436.718761864496 -9.13686704635626
393.033617224617 5429.887017591001 -9.11859774589554
392.8726379349835 5429.304349399392 -9.097521918160593
399.2277409753817 5435.553425481421 -9.094715390886593
405.582844015757 5441.802501563428 -9.091908863612602
411.9379470561581 5448.05157764546 -9.0891023363386
418.293050096556 5454.30065372749 -9.0862958090646
424.6481531369768 5460.549729809542 -9.083489281790589
424.8627921896591 5461.326620731525 -9.111590385437086
418.7223282020434 5455.85443557157 -9.142498016357221
353.3129930594175 5548.98721332403 -29.93866252899364
237.3459442459933 5595.210254994755 -105.6237983703608
233.9380070435988 5598.170678584719 -109.4914741516018
230.1125002039983 5592.790143184345 -108.9163818359396
238.9834407095665 5592.344813380345 -102.9366149902391
204.734809254481 5563.495753951923 -108.0654424031585
209.7989648189413 5568.790640781629 -107.9341837565095
218.8102679226263 5581.307207332069 -109.4633026122632
222.7574154622491 5588.528887053449 -111.1236801147866
220.3517571368523 5576.582176385488 -105.862628936772
226.2724784460068 5587.414695967028 -108.3531951904297
218.2807289629001 5571.11780815342 -104.224449157721
223.7693657164744 5573.614456927683 -102.2841529846197
227.8782425232588 5455.636079544559 -46.25878579271181
221.8981976305674 5460.72495333667 -51.35642351422992
215.9181527380568 5465.813827128628 -56.45406123559382
209.9381078452598 5470.902700920829 -61.55169895720194
203.9580629527321 5475.991574712802 -66.64933667858045
197.9780180600093 5481.080448504939 -71.7469744001253
186.7267612467156 5489.259660542584 -81.07756423949523
228.0701723833356 5456.406999274863 -46.23855845131118
222.2820573507645 5462.266792797253 -51.31596883139322
210.3699500305186 5472.637270313949 -61.50618743897833
204.2459577428157 5477.147954308291 -66.61899566650737
198.1219654550879 5481.658638302652 -71.73180389405711
180.3063184621006 5503.571130963705 -91.55173110955522
188.6968781105795 5491.932520274048 -81.36528396598248
192.4726642852437 5494.508608925786 -80.72438812254927
197.9372815824392 5483.986263368178 -72.87588755299959
203.8765899977144 5481.803204439283 -68.90716298426619
204.6827219649068 5485.470822555324 -70.25062942504712
722.847433077438 5883.002965129403 -9.082732677459717
718.4484867868754 5868.874079040712 -8.981827735900916
719.6024774923068 5868.001215152901 -8.870770772297508
723.7385027032203 5875.619929243804 -8.806234041850731
715.2185372493753 5865.942133398649 -9.122787475585938
638.6030283161932 5896.529614689352 -20.27647018432617
626.8430984890359 5898.98993246728 -23.50042533874512
628.4330762158254 5901.817851562769 -23.46527481078633
636.6745024263433 5846.390892498178 -15.88857984542872
635.0685059001736 5843.560643999819 -15.89221286773682
631.7675594680217 5840.6840123402 -16.11260795593435
630.1518318809131 5837.859517667997 -16.11753559112549
628.1333353760979 5912.940793074064 -25.1285266876153
628.2034256213969 5910.159988936003 -24.6501989364624
640.8612225430732 5932.778550314549 -24.06910324097014
637.3850409143568 5938.240080837666 -25.86814785003662
621.9934447123923 5957.300308661801 -34.9059886932373
633.7641764093636 5949.270394812506 -28.86519908906205
632.9115340754361 5950.645617836185 -29.65588712693016
627.0261682269414 5954.660574760836 -32.67628192902146
621.1408023784669 5958.675531685473 -35.6966767311024
513.2703891236426 5925.135754517558 -79.23161697387695
509.9459661361121 5927.905406761702 -82.02602005005012
509.9381542280826 5930.686715438418 -82.99272155761628
504.9846859819842 5916.771667303794 -80.98493194580026
499.9792315242261 5914.923989235092 -83.0408681233618
493.3174113281146 5907.512102463646 -84.10349527995538
492.2131675026984 5903.802629995328 -83.44128926595499
497.770743873248 5907.505044298287 -81.71645609538209
541.2406783508908 5953.109691839087 -72.46670150755075
537.963211881563 5950.298195156007 -73.43081665039062
547.8053444241045 5955.951357619142 -69.60297012329178
542.8324127132744 5958.689171949744 -73.20938873291016
536.2246547149168 5961.410266452669 -77.85235595703125
533.1309862116146 5933.573802062658 -71.05181121826652
538.0706971688505 5936.391699484291 -69.17353057861328
534.7189661659478 5941.930986720717 -72.66679382320751
547.0853922847026 5861.375882219339 -44.49480628967285
552.157274880229 5858.649358342705 -41.64944839477992
552.1030754024699 5864.211239279193 -43.05950355529785
533.7717307528015 5841.801709842568 -45.44583702088229
535.4359645147719 5844.597236070654 -45.42848014830727
463.0042390449185 5861.28809606273 -84.90090560913086
456.2623828644734 5861.3537309532 -88.4336624146152
449.4779418636559 5855.857441790887 -90.26255798332708
449.4495519828596 5852.149492421805 -89.12665049225735
456.2056031029965 5853.937832215486 -86.16184743255506
427.1038876113815 5822.759229472111 -91.28919982908631
428.7604283646406 5819.955594317864 -89.54678344726562
451.1208274193846 5850.276208954436 -87.68477249146419
437.4884470120712 5839.302918151206 -91.24504470825288
474.6017085321154 5827.848698688601 -69.67877960205078
476.2775719626019 5825.056725890527 -68.1259384155337
440.7378113173915 5828.142167802505 -86.14085769652874
442.3943520707119 5825.338532648345 -84.39844131470358
443.5854790604982 5829.961766516352 -85.32004038499404
437.9672883478093 5831.884081211581 -88.74614461257364
457.6696546131483 5827.966084969109 -77.82907485962347
461.106194967438 5833.494880151673 -77.76218414301164
452.6402101277101 5833.568247003662 -81.82704544067377
459.3358612348578 5825.168274290621 -76.22614288330701
680.850837396193 5839.478821450798 -10.67736768722534
680.9569545208054 5836.698795851296 -10.555364608766
578.0587193773358 5649.03482567178 -9.473429679873071
572.0057362192243 5641.999499440254 -9.56592464447141
565.9527530611128 5634.964173208728 -9.65841960906975
558.1981556283794 5622.349345565265 -9.611442565917969
562.0195735906498 5624.629905704082 -9.453763389585967
567.5426058267226 5632.489967253692 -9.435556221007843
573.0656380627852 5640.350028803287 -9.417349052429753
578.5886702988728 5648.210090352918 -9.399141883851581
578.0427326276177 5650.424800262905 -9.538342952727501
571.973762719508 5644.779448622186 -9.695751190184929
565.9047928113745 5639.134096981446 -9.853159427642977
551.0910580493163 5627.842465190898 -10.37576818466343
415.1417472767586 5497.60348010402 -12.12161207199307
416.9907169107076 5500.353430968222 -12.18814611434873
406.3074958164975 5508.871505170051 -13.900142192838
404.4585261825499 5506.121554305843 -13.83360815048218
474.808952214303 5516.454161450859 -9.256577968597178
473.0246777598434 5519.243849222893 -9.501399040221633
467.5459491400788 5505.374618175626 -9.090804100036696
469.3253310351338 5506.303070721444 -9.043476104735749
474.7435940907196 5512.768836697912 -9.076983451843214
480.1618571461305 5519.234602674171 -9.110490798949598
485.5801202015505 5525.700368650441 -9.143998146056038
490.9983832571455 5532.16613462692 -9.17750549316356
490.1086923095175 5531.701908353903 -9.201169490814001
483.8007383065951 5524.771916104739 -9.191326141357454
477.4927843036526 5517.841923855553 -9.181482791900875
471.2404206110014 5522.031186941141 -9.753215789795091
467.7034536356184 5530.393768361122 -10.49343776703054
454.779490847521 5694.509602156993 -37.32548522949219
458.2349198385059 5691.703244009657 -35.38587760925677
512.3455418270378 5622.046591622296 -13.27216196060721
514.1054330361915 5624.828365239754 -13.31861877441006
484.2005470301007 5644.291519561651 -19.24440288543701
484.2061972437506 5647.071576156643 -19.58632850646769
501.7860961379405 5560.868624866773 -10.07752656936694
482.2828581664637 5597.039875018763 -14.26113796234525
484.0596290190828 5599.816756220705 -14.31358051299818
475.1776669857618 5594.28392022021 -14.72845077514648
482.2566517645238 5591.480185171577 -13.74421691894658
496.418504747617 5546.975592652764 -9.641121864318126
494.6361291529262 5549.759430912457 -9.91595697402887
483.8693492006537 5538.65768097151 -9.924134731292694
476.7565804266051 5549.807311209272 -11.1044249534591
478.5296474871755 5547.017498022777 -10.77890443801837
480.5529442291583 5610.943532431394 -15.72331428527961
478.7986738092794 5613.732382325166 -16.24295091628931
480.4163537273612 5572.023425092935 -12.37399101257292
462.6114116736733 5572.119062607799 -14.00122165679894
467.9715514612765 5574.868304855416 -13.7428884506201
388.63019094488 5770.628567992222 -93.76936721802367
390.470759568146 5776.149713793885 -94.91990280150566
385.2688636809074 5773.484396403685 -96.9371337890625
373.9955785053738 5757.069035536921 -96.96944936111565
378.7119367809156 5762.516143068774 -96.37802378341678
369.05784396732 5743.28627005844 -94.10041046143326
372.6502322931693 5748.754310355383 -94.25518417357993
421.9137219738561 5706.029479993999 -52.98984336853146
425.425991583095 5708.759907225322 -52.60137939452729
425.5020036873669 5714.320430236801 -54.53083419799624
430.6640610148809 5711.463763239878 -51.48437881469727
453.0669459444466 5697.307029052565 -38.73962783813179
447.7700758243844 5689.014384096376 -37.98744201660156
422.0809509095423 5717.15044567034 -56.91125106811452
418.6618106843375 5719.98753430405 -59.39360618591112
416.8447940303516 5714.453662855948 -58.13018989562988
433.7022222058562 5678.056313722439 -39.27700996398713
437.2257799384629 5680.796066160757 -38.98054695129394
444.1064100602051 5672.370164958946 -34.27303695678711
430.5121435225112 5700.342809674073 -47.67033576965332
419.9982069598037 5694.936626961917 -49.79036521911671
423.4345711809232 5692.106623638902 -47.51731300354231
430.3604396911644 5689.222041093818 -43.96706771850586
423.3587727376697 5686.546285612994 -45.69863319397765
449.3161175105134 5669.538344529991 -31.9576358795166
449.3766260793171 5675.098608824659 -33.49730491638184
451.1497811128042 5677.860376670365 -33.75068092346191
409.6190371984727 5697.891081544783 -55.11734008788697
402.6080325922323 5695.239116794303 -57.15855026245159
406.0348409992049 5692.397306740903 -54.65824127198055
418.3046776488246 5697.745828628584 -51.47444152831698
348.5031401902161 5568.588176579762 -36.87185478210507
351.9890777963157 5565.710678834495 -34.82098197937366
405.1673403380248 5645.133628074714 -38.83707618713343
410.3431353469734 5639.486264411514 -35.52136039734552
413.9569364761028 5644.98181239042 -35.91215133665898
409.8582239112195 5611.683064492268 -28.40186882019004
411.5805124669154 5608.875214356046 -27.3628454208374
408.1415573544543 5614.495632636614 -29.56708431243896
406.4286896646765 5617.309393385998 -30.8313951492158
406.4831595174754 5620.089180196213 -31.57518863678541
390.7183967624993 5625.954534065098 -38.40603637696086
388.8928657791847 5623.214712149978 -38.2612590789868
385.9173564313838 5621.424104181105 -38.87162272138934
391.7594354212787 5619.44574649844 -36.16330846147974
393.8980839110068 5609.203308104505 -32.52339553832798
392.1852162211798 5612.017068853898 -33.7877063751214
395.6147504677018 5606.390739960146 -31.35818004609711
430.4173999316575 5561.323206245167 -16.43409967422527
423.3160819315222 5564.203329556352 -17.67653751373154
425.0275798784841 5558.620724535629 -16.85204648971882
388.6881303674034 5528.664188543199 -18.2563333511358
395.8117527037422 5525.74573980352 -16.8623695373587
395.9268094971305 5531.304527784677 -17.5952558517384
394.7342352999729 5561.909430484357 -22.22884368896894
389.0876271657565 5548.12501766311 -21.06748199463275
392.6093845655597 5545.26892144028 -19.94264698028564
385.3390222198692 5539.858500241968 -20.50770568847783
339.8585710507727 5635.618114001907 -64.53517150882637
342.8515037129097 5637.380789296913 -63.77724711099108
337.0463890830189 5639.414517508169 -67.60211690260536
319.4632931150879 5639.996227143263 -77.48382568359321
325.2619084369177 5637.942697030733 -73.30089569094608
327.2986241761282 5663.84591513199 -84.06443532309025
333.1324098264057 5663.653643293297 -80.43180338542574
335.6473445927713 5669.132459729772 -81.39279937743612
309.7335437539588 5662.60937722355 -94.95712534587192
315.5028875461185 5660.544229848499 -90.01766713464789
315.6312923378615 5664.250299513326 -91.76357269285202
309.7977461497849 5664.462412055972 -95.83007812500868
317.5683244270355 5653.043869266274 -84.68406295776443
326.3471930014876 5652.74322325822 -79.42520141601562
320.2191831978517 5627.909429342837 -71.50525283816941
325.0084776008706 5630.530776011797 -70.08637491860914
319.1370524832421 5630.731424370774 -73.32639821368693
335.9895458613356 5624.609573546977 -61.99251365660067
337.8431277054813 5627.331244395429 -62.19364738461356
413.2147592799634 5600.509026779127 -25.30540752411381
413.2653615916334 5603.288769058036 -25.91358470916186
411.4005978612678 5597.756122967273 -25.18386459351133
395.5641481561041 5603.610997681236 -30.75000286102949
339.6873639099458 5630.05897758935 -62.35999679563761
342.6833913205308 5631.821607323302 -61.62174987790848
336.8719575397284 5633.85538712072 -65.36985778804309
388.7745311099662 5617.655204495144 -36.67128562928674
372.8147912129364 5615.235107528473 -41.93608283996844
371.1207897019829 5618.060661166651 -43.61188507078885
373.0928020123931 5626.353809853819 -45.53990745545273
374.9183329957187 5629.093631768927 -45.68468475341797
357.3025758421887 5629.546492684906 -53.68675994874768
360.2924238364024 5631.319125591151 -52.98404439288115
354.4745210896062 5633.333093338402 -56.46821085612428
355.7866686379223 5573.948427933603 -35.90794372558491
361.2022766752527 5576.589750080566 -34.83937644958496
363.0554676491785 5579.320814449664 -34.97375488280424
362.8313505482485 5570.982437288371 -32.64757728578514
309.4147275730627 5670.039119772957 -98.95709991455078
318.1650468551196 5669.720950958987 -92.85734176635472
318.2614189497339 5672.500522402414 -94.18324279784322
311.5809567439772 5681.091119895107 -103.6151695252252
331.5961576122347 5705.440346900129 -101.5883483886671
326.2906652150934 5702.833212792084 -104.0826988220215
321.6490903273833 5702.997843321484 -107.6800053912953
316.81768424894 5697.603034031044 -108.538210551084
331.8528549846178 5713.785312896623 -105.5455036163247
337.2252135657369 5719.177973183929 -104.2692070007337
342.5975721468668 5724.570633471245 -102.9929103851402
381.0465387140343 5771.944253245688 -98.96108245850218
374.9836451240442 5764.882964286173 -99.8344955444278
368.9207515339394 5757.821675326524 -100.7079086303699
362.8578579439023 5750.760386366956 -101.5813217163023
356.7949643538316 5743.699097407347 -102.4547348022395
350.732070763733 5736.637808447706 -103.3281478881808
344.6691771736959 5729.576519488136 -104.2015609741132
338.6062835835799 5722.515230528475 -105.0749740600569
332.5433899935626 5715.453941568929 -105.9483871459864
401.8697938088473 5798.848271760838 -96.87258148194385
395.5873523583378 5791.310303498136 -97.70168304445058
389.3049109079418 5783.77233523557 -98.53078460694233
383.0224694576408 5776.234366973118 -99.35988616942156
376.7400280072005 5768.696398710499 -100.1889877319191
370.457586556763 5761.158430447883 -101.0180892944164
364.1751451063258 5753.620462185268 -101.8471908569136
357.8927036558709 5746.082493922631 -102.6762924194131
351.6102622054206 5738.54452566 -103.505393981912
345.3278207549657 5731.006557397363 -104.3344955444115
339.0453793045049 5723.46858913472 -105.1635971069118
332.7629378539773 5715.930620871996 -105.9926986694209
392.3701330431633 5785.850716660171 -97.57662200925738
397.6308337817582 5792.695891114449 -97.06557464599689
402.8915345203694 5799.541065568748 -96.55452728273481
392.2385819619094 5698.229093789529 -63.09048461913683
388.6355042449539 5692.74732813271 -62.70879745484996
395.542111187235 5689.815381097978 -58.31184768676758
388.5217968435738 5687.187222038013 -60.66110229492634
400.9240236900771 5698.054189395443 -58.98859596252006
371.1039680279323 5687.596741563223 -69.47104644774465
369.2930898538159 5684.858960755025 -69.29330062878988
378.1335643891038 5690.201079345704 -66.83802795410156
371.2366340457472 5693.156696788054 -71.61774444579427
367.4765202225735 5682.12596196427 -69.14150619507762
353.6866756165092 5688.065642168034 -79.20292282104494
351.8663809752157 5685.333889228913 -79.05440139770855
360.7255264626629 5690.646142456279 -76.20864486694336
353.8383036573726 5693.625423199979 -81.46439361571188
268.5933692899761 5604.888132370464 -90.57725270589567
274.4954169234043 5604.631335898721 -86.6935068766425
274.5791864708381 5606.483984424769 -87.65562184650173
268.7609083847614 5608.593429422578 -92.50148264567564
269.6556895577474 5602.055317957702 -88.45270919799805
292.2020977868469 5603.900813209965 -75.79712677003029
286.2997811719195 5604.137676318468 -79.30344390866117
287.3715393560815 5601.308726389604 -77.3506698608639
240.4920216017964 5586.70172612631 -98.99049758911872
245.9550249049641 5589.216819912266 -96.87840652465887
277.3529881485482 5559.966372646615 -64.89257812503853
283.3051112681829 5559.720890950701 -61.67023468020944
282.2321112278215 5562.546534071494 -63.35994338987871
221.1576796671179 5464.178074031125 -52.56791051225653
225.8214170158602 5460.229561742771 -48.74244181319054
239.5887194642592 5455.850498313152 -41.09625244141416
242.7139488267692 5457.559240824478 -40.57513173423776
236.7356130898897 5459.698534476894 -43.87473169958302
240.3725535694605 5472.516519198945 -47.48509597778367
238.6918239385459 5475.383414438258 -49.48752975463437
224.886469498792 5489.984071543152 -62.52885627750177
228.6440935414293 5492.584538159849 -61.8889179229677
222.9346959470478 5487.29887606538 -62.24220085147397
270.7136717696334 5501.782613739875 -45.60867691040039
279.6201946899056 5498.628502311865 -40.5150318145749
284.8223048119117 5492.859980155215 -36.66973495482644
282.907237162797 5490.15024787409 -36.51762199402252
288.6599941222199 5498.270995288911 -36.96749305725098
242.0587811732475 5469.654363364475 -45.58576393128131
241.0399318362746 5486.40891045974 -53.19269180297852
240.9108503228492 5483.630370251087 -52.0950832367559
249.9591204644158 5483.206533558836 -47.63653373718262
276.6776166899411 5470.916213716761 -32.4393634796137
278.3824342752872 5468.065899321636 -31.05890464782764
274.9782979528753 5473.771271162258 -33.9894294738606
279.176910118064 5487.513316390079 -37.01090431213824
277.2526629855111 5484.80970202708 -36.84493064880757
286.1910288435025 5481.667324499021 -32.49268150329559
277.1420499277286 5482.030949440124 -36.02635955810843
276.9262424565702 5521.006733019463 -49.8555316925051
280.4104845701813 5518.083862219187 -47.20455741883529
284.2377023222116 5523.492737867809 -47.42193222045898
275.2443661320659 5523.861749460671 -51.76821136474087
310.6342752106123 5400.087877500839 -12.80103397369269
308.7020528166467 5397.370188285948 -12.71559619905427
309.3664788368812 5416.82436559193 -14.71651411056225
303.6715432044597 5411.453377850585 -14.70619869232178
310.9080193042109 5408.423907876331 -13.55940580368025
253.6607141277407 5444.059640883889 -31.64684391021729
255.6080624783716 5446.758018450877 -31.87790107728936
246.4858861427532 5447.170680248956 -35.09108734131035
302.7730883735724 5403.142965289297 -13.92592525483383
307.4820551674632 5397.415210863053 -12.904013633755
288.9958842775708 5411.996061943194 -16.61563062667315
262.393803359355 5434.408065955989 -26.51661364231008
269.5501481137022 5430.394803163696 -23.73334821073199
267.261475199016 5434.198400667402 -25.03205680833514
261.2494669011402 5436.309864708204 -27.16596794143018
278.3170699220246 5420.751472270947 -19.61675357818169
308.3969556140579 5441.891368508796 -18.18427848812743
319.1614585792602 5435.972466321497 -15.85717487335205
321.0814365832952 5438.689205906697 -15.96686935424021
319.0753603200533 5433.193648352473 -15.5691967010514
301.1938485429255 5444.930287641992 -19.86835193634033
299.4702305008185 5447.773477128413 -20.69679832458549
302.8258866092619 5439.309526286977 -18.7382516861004
300.8967833436792 5436.598897607647 -18.59402179718199
312.9852576249101 5469.556884339199 -22.12949085235857
311.2673849645213 5472.400080430357 -23.12355709074797
322.4254597370855 5480.368916312234 -22.23100376128607
294.2131407701851 5453.538604367455 -23.09486675263187
294.3215791735676 5456.317305194504 -23.7610731124793
278.1653107612526 5462.508444278842 -29.63110446930357
285.5426003976783 5464.993556595026 -27.97867488861084
303.7148575302679 5464.313720261542 -23.13713741302671
296.3465401800726 5461.804419187229 -24.44660568237013
296.5452411566281 5467.362053147674 -25.57378101348705
312.5217331511308 5455.667332370786 -19.85184478759086
294.4208167187343 5459.09609392666 -24.28041839598311
405.2458192911996 5447.728294377684 -9.425625324249605
403.4760660361686 5450.541685025993 -9.70415735244622
394.1123612102409 5437.734650001643 -9.485339482623861
390.3149480524829 5430.394961659613 -9.292833964031413
369.9169888893007 5417.858314986819 -9.775517463684317
362.6525755400652 5420.815584900605 -10.4077672958374
364.3548882433744 5415.214994155722 -9.980517387390961
358.7143955287323 5409.7893280685 -10.00645351411144
365.9788088779902 5406.83205815453 -9.374203681945854
379.9727302118312 5417.643053004855 -9.175281286239548
373.4279255290372 5412.230832692306 -9.250234127044376
366.8831208462168 5406.818612379735 -9.325186967849504
354.0043250301885 5394.159312958752 -9.347625732423172
347.670333896544 5386.912233849836 -9.295111656187828
347.7907987824114 5385.863743109723 -9.22227341788054
354.2452548002478 5392.062331476838 -9.201949255808945
360.6997108193251 5398.260919845145 -9.181625093733443
367.1541668384081 5404.459508213457 -9.161300931657923
373.6086228574853 5410.658096581763 -9.140976769582421
380.0630788755265 5416.856684949074 -9.120652607510181
337.2635879137939 5429.84862359505 -13.18652153015461
337.3496861730339 5432.627441564073 -13.47449970245233
337.4266181334858 5435.40632527061 -13.70491790771209
367.7306171132616 5479.085745882348 -14.97761678693695
367.7951112938248 5481.864884589947 -15.25056266784369
358.6619795879394 5479.311156252681 -16.02214050293004
363.9630825039047 5473.621290697959 -14.79106473922982
340.6276631107871 5543.784947356002 -32.42296981811388
338.919950416937 5546.61634232561 -33.74647331237824
327.4692819039407 5524.717165301978 -31.2897481918338
329.1790700336035 5521.882237571309 -30.03462505341029
323.9662214620232 5527.616209779143 -33.25511074065614
221.3161356208031 5526.382028906102 -80.90465164185116
219.6625405759116 5529.25233184432 -83.09323120117227
222.9699080735629 5523.509345980873 -78.72085189819316
183.7335779568397 5531.244996719422 -103.4535369873042
180.3061584313784 5534.239238057736 -106.9668846130281
210.2389491169916 5554.834038216976 -100.4520454406791
211.5850256484964 5557.549686866641 -101.0855000813627
205.6278396692915 5557.875276994484 -104.6411005655953
206.3629593387508 5549.468949328928 -99.98370742798454
213.6662218493883 5551.85900785074 -97.06156158447243
216.3499050425352 5568.433310387297 -103.974571228028
211.7813443645576 5561.254351149685 -102.8297119140625
205.7259990273504 5559.727609136007 -105.5132064819296
204.8302871305885 5488.249116807739 -71.4972419738681
213.7301721356851 5484.986724468757 -65.57001876830994
665.8795195623362 5929.70938602407 -18.38181037904109
659.1088646528399 5933.939704745871 -20.44523086545754
652.3382097431549 5938.170023467788 -22.50865135193145
645.5675548336286 5942.400342189607 -24.57207183835702
652.345559263157 5937.321531743431 -21.91657066344788
659.1137643327401 5933.374043596361 -20.05051040649857
665.8819694023692 5929.426555449264 -18.18445014953652
695.7688655522867 5909.68679809789 -12.65531063080243
688.0626351923145 5914.950887832564 -13.87633705137399
680.3564048321499 5920.21497756737 -15.09736347197606
679.5074160996661 5920.17003411032 -15.04560661315942
692.0681371223374 5911.381570066698 -12.99331029256679
697.7716165174312 5907.90213921487 -12.21379725137886
678.2548338878266 5908.988542326337 -14.55701637268351
678.1457754103686 5911.768788120839 -14.7074832916172
695.0289352974021 5906.861608846323 -12.45308685303222
695.1379221594441 5904.081380933935 -12.3045697212265
629.7251681591166 5915.764131896675 -25.07861614227905
631.3071840475576 5918.593179825087 -25.01959037780168
617.2264795906569 5812.49701525468 -15.95584917067955
618.9887848202183 5809.754746926215 -15.45104455947876
567.9937629755592 5808.784640156352 -25.51977348328391
566.2601916228207 5811.544753160009 -26.58265590667724
605.450152258499 5806.660279102199 -17.14468288421631
607.2124574881202 5803.918010773754 -16.63987827300859
659.2439458977127 5774.711040014638 -9.635724067687988
655.7316404891692 5777.384938124907 -9.992191314697266
641.1925109597828 5746.342935011128 -9.748642921447694
639.3944390568809 5749.07633380551 -9.990537643432617
643.4791169103546 5746.413387532731 -9.595673243209655
649.0526773982803 5752.140927656273 -9.460357983902336
649.5528516911208 5754.934245195869 -9.545670032499777
612.8228140275187 5926.462346982573 -32.47664260864258
609.4402713167858 5929.161833568216 -34.26906776428223
614.5530610973613 5923.723970610755 -31.39222526552416
628.6547494963944 5893.471053513085 -22.18812847137179
628.7265975852995 5890.690355653616 -21.79413414001549
621.9058030090425 5896.074402157794 -24.33495807647705
605.2079232185791 5895.677571153761 -29.37336349486641
611.7549034792751 5901.397885967024 -28.3202199936044
611.6848593428875 5904.178668952677 -28.78347873687744
595.2918748523763 5889.907991073842 -31.64953708648656
595.2394501391883 5892.688878273136 -32.24082660674661
586.9425734437002 5889.747518378647 -34.75510025024414
617.2305350255979 5882.049800512798 -23.54254913330433
615.4928065477349 5884.792589538319 -24.4952497482244
598.755835218098 5884.418730234866 -29.51183605193521
600.4839121121736 5881.670008544855 -28.36482048034668
603.6605025353256 5890.080312431153 -28.89352798471193
622.3271782959802 5879.390107027205 -21.86755275726318
615.6965631273499 5876.445780055317 -23.17542934417725
612.4073641558136 5873.583217544302 -23.574631690979
609.1161985156762 5870.727633321543 -24.05631732940769
605.5710257389492 5878.99267834367 -26.28481197357178
598.930474949925 5876.071635296591 -27.8938055038515
565.3968278177316 5875.498758781541 -40.14761161804199
562.078265784313 5872.671056625959 -40.84302139282227
555.4313879831643 5867.027294698691 -42.30071258544922
558.7577501198689 5869.850337662465 -41.5910987853927
563.90124054028 5861.569015267496 -37.50102424621582
617.1552545744642 5815.277438485597 -16.16578769684021
621.7640602142434 5834.858951965035 -17.09554004669189
613.2507390325535 5837.437146270008 -18.88732337951255
613.3182493239818 5834.65661946885 -18.61954879760743
618.1869205211505 5843.120875324832 -18.59961223602828
619.8026481083126 5845.945369997016 -18.59468460082592
614.8761874267369 5840.255873981777 -18.87961196899634
619.7292007414804 5848.725898926054 -18.86342048644372
619.6654209595825 5851.506528478912 -19.21114444732666
629.4132327817983 5926.887140910796 -26.75080108642138
631.1531665887386 5924.15470672047 -25.87812519074721
631.2252991615392 5921.373882693906 -25.39302921295166
642.6011563500821 5930.046116124233 -23.19642734527615
624.2908172472617 5932.313250579204 -29.3386402130127
626.0210643170874 5929.574874207252 -28.25422286987655
588.8993894485292 5990.020260280695 -59.17301065780161
596.0603711024854 5984.670413285873 -56.18934025484226
603.2213527564837 5979.32056629102 -53.20566985186542
610.3823344104864 5973.970719296163 -50.22199944888669
617.5433160644891 5968.620872301307 -47.23832904590797
624.7042977183642 5963.271025306546 -44.25465864298243
631.86527937237 5957.921178311687 -41.27098824000242
639.0262610263443 5952.571331316852 -38.28731783703556
646.1872426803727 5947.221484321976 -35.30364743404615
653.348224334347 5941.871637327141 -32.31997703107926
660.5092059883528 5936.521790332282 -29.33630662809922
667.6701876423813 5931.171943337406 -26.3526362251098
674.8311692964097 5925.822096342531 -23.36896582212037
681.9921509504381 5920.472249347655 -20.38529541913095
689.1531326044876 5915.122402352764 -17.40162501613273
696.3141142584952 5909.772555357903 -14.417954613152
695.9241571506946 5910.093251848885 -14.70682705155335
688.3732183891242 5915.763795334549 -17.9793698928337
680.8222796274027 5921.434338820326 -21.25191273417956
673.2713408658993 5927.10488230594 -24.52445557543092
665.7204021043301 5932.775425791602 -27.79699841671076
658.1694633427311 5938.445969277288 -31.06954125800355
650.6185245812543 5944.116512762881 -34.34208409924338
643.0675858196776 5949.78705624855 -37.61462694052649
635.5166470581719 5955.457599734164 -40.88716978177885
627.9657082965431 5961.128143219872 -44.15971262308454
620.4147695350232 5966.798686705498 -47.43225546434301
612.8638307733936 5972.469230191206 -50.70479830564903
605.3128920117985 5978.139773676889 -53.97734114694018
597.7619532502442 5983.810317162541 -57.24988398821351
590.2110144884975 5989.480860648337 -60.52242682957034
582.6600757269011 5995.15140413402 -63.79496967086198
588.7316206158006 5989.993873431497 -58.63065866325896
595.7248334372933 5984.617639587277 -55.1046362656296
602.7180462584944 5979.24140574328 -51.57861386814735
609.7112590799138 5973.865171899116 -48.05259147055497
616.7044719012351 5968.488938055027 -44.52656907301204
623.6976847224159 5963.112704211046 -41.00054667553995
630.6908975440276 5957.736470366733 -37.47452427785063
637.6841103652027 5952.360236522756 -33.94850188038143
644.6773231865241 5946.984002678667 -30.42247948283848
651.6705360079917 5941.607768834466 -26.89645708522182
658.6637488291926 5936.231534990468 -23.37043468773955
665.6569616506753 5930.855301146255 -19.84441229011533
552.4724777161297 5981.037597252804 -74.34172439575968
554.0797389030158 5983.836970431398 -74.22611236565896
562.7923683178276 5945.000947012145 -58.79117965698242
554.4678170805217 5950.460715262608 -64.51525688173408
557.7354469636877 5953.283775495688 -63.61940765376006
551.198214654176 5947.64458735477 -65.47368431092166
521.5170187877669 5936.287089727422 -78.2993736266734
518.1847838922566 5941.838050648462 -82.06047821044329
528.0329272394871 5953.012219589827 -79.95146179199237
533.1485631672995 5930.792513627975 -70.1789093017654
526.4743600842419 5939.094529428017 -76.45651245116697
524.857067823566 5930.743072729217 -74.64213180541992
526.4567831285476 5941.875817862709 -77.32941436767578
541.4302442268087 5930.859369218068 -65.78701400756289
543.111938159017 5928.091524927392 -64.11276245117188
543.0182241810354 5939.216553876065 -67.4019966125441
525.2553975840501 5855.650667382834 -52.85544013977051
538.6347720743018 5866.863503949729 -49.66785430908423
541.9708707288595 5869.674888651203 -48.89907646175443
552.2752185017055 5847.530468130616 -38.98760604858398
552.310003408538 5844.749621920902 -38.35589218141181
553.9084945864859 5853.108080882083 -39.66292572021484
558.9261777042532 5855.943437941937 -38.22762298583984
518.546286555406 5847.28438145901 -53.77548408510309
518.5404893499932 5850.065316808733 -54.52189445496031
518.5617458999037 5844.503461670436 -53.04184341431936
501.6874331567969 5844.468296566503 -61.0154647827105
500.0038622041462 5841.684452964852 -61.07638168335393
559.2621886826595 5828.142167802506 -32.05198192595048
560.9862082175788 5825.379590110872 -30.80677318573597
530.4123396936081 5838.995046597013 -46.18576812749811
468.07037635839 5864.03568796528 -83.14371871947387
468.0277915372469 5858.473763911894 -81.4398574829156
471.4471734580572 5866.793298643116 -82.24955749511719
430.4208539998743 5817.153135830396 -87.86282730103886
427.5694138956222 5815.339476921511 -88.74630737298327
433.2030054296139 5813.405378683088 -85.3019943237941
444.0547777059789 5822.536074160872 -82.71448516845867
445.7209843276896 5819.738263482395 -81.11155319214483
450.1861008378239 5813.203614430932 -77.17240397129879
444.5459932380218 5815.118155465886 -80.35371907556745
447.3314027004981 5811.380176920317 -77.92438507086301
452.3705900477013 5805.76058773637 -73.94027328491215
454.0464855624182 5802.965160179526 -72.38500213623284
477.9573033824454 5822.265941111918 -66.57730102539062
484.8131118569349 5844.491739951176 -69.1924667358267
483.1198853894412 5841.713758581147 -69.27363967895943
445.9446615881667 5839.20025076387 -86.91069793707685
449.3522734356222 5841.948241290904 -86.0389976501465
440.8053122109633 5833.703728519464 -87.83790206910081
681.3581149529344 5825.578373097527 -10.02043247222924
679.5632207379924 5828.297944482237 -10.27929401397494
666.2021084685085 5822.258376504595 -11.0964722633338
667.9970026834142 5819.538805119895 -10.83761072159186
696.3841203062942 5831.729751957579 -9.219493389128825
698.1885664907114 5829.016210526924 -9.007805347442636
694.5834411509549 5834.444549374355 -9.449911594389832
683.1587941083145 5822.863575680763 -9.790014266965821
684.9632402927302 5820.150034250133 -9.57832622528076
710.4196807396796 5860.160509210291 -9.274459838867188
703.5660931522121 5862.65444484739 -9.84686803817749
705.4909196295148 5857.167968694116 -9.534986972808838
487.9288840092862 5736.030702566886 -37.60625267028809
484.4696522038119 5733.257362432847 -38.17269706726074
429.1227936645989 5725.391842866619 -57.05700111388438
432.5438464423802 5722.561827433056 -54.67658424377441
549.3593945970117 5625.042872983852 -10.36193227768118
547.6389730183276 5619.469272645114 -10.18297338485822
451.2524557874321 5497.159315642302 -9.584771633140441
442.18869040594 5494.466997380935 -9.955559730534056
438.6774038872776 5502.848349116317 -10.73045253753482
435.0367453875905 5500.107372820103 -10.79841899871826
467.6626335581501 5524.834679406296 -10.13866138458331
460.5015273632654 5527.657381035229 -10.78694915771484
402.6039915830908 5503.37640933942 -13.75628089904913
431.564421140009 5511.268225827851 -11.8139195442202
440.5134793432169 5505.605576055716 -10.78549575805592
420.6405756783985 5503.082369877847 -12.10856819152832
433.1969999294233 5497.351382507493 -10.74279451370417
433.1656090389239 5494.572021434629 -10.5810275077876
349.68562553537 5482.333556407978 -17.72422122954949
349.6119124673966 5479.554478505584 -17.38857555389694
355.2669608242612 5487.746957594113 -17.68650913238336
351.5731392829472 5485.061580312054 -17.83560276031588
465.2557776767587 5699.987110343369 -35.5235710144043
528.0941673640876 5644.34209975738 -13.33752822875966
547.6183147091497 5622.249210073955 -10.33839797973941
529.99325286976 5619.338148116794 -11.48993730545166
529.9819848730659 5622.118103312326 -11.67960023880005
530.0139111789118 5616.558210687966 -11.33451271057302
515.838995698044 5633.176098695458 -13.79381895065077
515.8427570952082 5630.396088899091 -13.55001258850253
531.7925703077439 5613.786031887578 -11.011061668394
537.1697560138737 5602.704029094532 -10.03980445861816
515.9009987818465 5610.931593196679 -12.10145568847641
514.1279689620515 5613.708524402298 -12.46071529388369
517.6796579105886 5608.159414396257 -11.77800464630235
519.462057696298 5605.388457977395 -11.47930526733485
512.35868781145 5616.486673916451 -12.85076904296978
512.3474198147468 5619.266629111976 -13.04043197631836
496.4783387752102 5624.810486392955 -15.24407911300659
498.2382299843218 5627.592260010425 -15.29053592681358
475.4105284556645 5644.32426052423 -20.6722297668457
480.6619351682278 5638.748062346709 -19.03243923187431
478.5817730946107 5558.136157056045 -11.53753614425856
483.9437787696573 5560.89254790102 -11.30464220046997
498.2213640122652 5571.987562599092 -10.9748296737531
485.7671869119595 5574.790614363342 -12.14803457260132
487.5271549941739 5569.224533663962 -11.58245229721143
508.9099743138642 5566.435243912583 -9.925361156463623
505.341508246145 5569.212574025249 -10.30599880218506
503.5628722583849 5574.772688911805 -10.7824411392185
505.341508246145 5577.551886087268 -10.8281946182251
483.8804941760932 5541.43727669837 -10.08501863479614
482.0981185814041 5544.22111495806 -10.35985374450666
466.1015163000141 5560.976283969686 -12.74565553665161
476.7807816241329 5555.366642039333 -11.47763967514289
476.7733351646161 5552.586970541769 -11.30638694763279
464.5620356310834 5597.129399717091 -16.26273202896042
457.4475264655102 5594.397342731416 -16.79642295837402
464.5171095919168 5591.5697480301 -15.63801431655891
466.3481629462348 5599.900302242893 -16.33325624465405
482.3128408953444 5608.159422610762 -15.25171232223659
496.4633148539443 5613.690641375519 -14.18909931182861
494.7034181879045 5616.474751196237 -14.66070127486326
487.5551614832792 5577.563831143631 -12.20610523225276
489.3375314061931 5580.341808419259 -12.25349330901992
485.7970888666048 5588.686039661409 -13.16630935668935
476.9039231144696 5583.156868082679 -13.57555150985754
459.1363593461369 5583.264390495426 -15.41862058639552
468.0481756739608 5588.763673869866 -14.95894193649319
469.8080965871088 5585.974886548484 -14.51254510879566
471.5605591177753 5580.407524258122 -13.87656688690186
469.7688586235058 5577.635531244177 -13.81690073013306
529.863179876916 5925.211383668239 -70.23009872435857
531.5448738090882 5922.443539377566 -68.555847167987
531.5585179112398 5919.662310941682 -67.6871223449707
526.5290258295896 5927.969382469912 -72.85046005249032
514.9423471297488 5922.362064258263 -77.43994522090522
514.9462454191979 5919.580822048501 -76.48651504517707
514.9598895213315 5916.799593612626 -75.6177902221726
478.2367465118979 5887.623826415257 -85.43457412718766
473.1734389632087 5880.699224315451 -85.82463836669803
468.110131414504 5873.774622215623 -86.2147026062096
474.3002967304553 5879.759637152888 -84.89246622721483
478.8001753952843 5887.154032833619 -84.96848805745304
448.4944370332431 5856.673620611768 -91.08474731445492
454.2953732044377 5862.986088595607 -90.07804107665999
460.0963093756844 5869.298556579504 -89.071334838856
465.8972455467179 5875.611024563168 -88.06462860108903
471.6981817179653 5881.923492547066 -87.05792236328492
477.4991178891714 5888.235960530918 -86.05121612548798
494.9958475738093 5900.091468092925 -80.74092483519129
493.3277955660893 5897.30973528834 -80.71132659911652
505.0119291692843 5894.522196612603 -73.72286987304688
501.6796977571005 5858.36838767799 -64.76786994931786
503.3729358883388 5852.809372465438 -62.44760131836804
508.4197698210381 5855.592112891416 -60.7739276885964
501.6835690341522 5863.930380708555 -66.32093620301454
496.6367351014873 5861.147640282557 -67.99460983276367
420.4845838127674 5725.519048735699 -60.64856719970703
415.2484269335758 5722.822265921303 -61.86750602722168
401.6885349211529 5736.976734169279 -73.53438568114802
398.1819115633348 5734.262741479902 -74.18273162841797
411.9397959203993 5731.224567944614 -66.51502990721818
415.4388633771719 5733.94336895808 -65.91236114502341
394.5515094400559 5725.995484263276 -72.78759765622125
392.7097417322717 5720.470021636582 -71.54543685913471
397.9533773554497 5723.141907530873 -69.9621238708489
387.4528949242589 5717.801838473547 -73.11763381961543
390.8547628396802 5714.948261741032 -70.29216003418462
384.0529448571964 5720.662486534997 -76.05668640136194
382.1979659646005 5715.140726639451 -74.80340957641602
381.5802583584631 5762.443441784976 -94.59495162963729
374.5057209439412 5754.27278048581 -95.48208999634102
377.8767330084799 5751.405162837513 -92.17639923095632
381.2496752339864 5748.544597612579 -89.0276069641084
383.1051638847623 5754.063067743003 -90.25451278686523
386.6042408270044 5756.763045121683 -89.29678726196289
390.2812311879309 5767.80873655386 -91.61999511718726
382.9046986889076 5745.722454379522 -86.87823867797809
439.2663046704482 5705.792437693302 -46.33412742608474
435.7615816015573 5703.057207856062 -46.69772911072921
435.6856762134785 5697.496777301714 -44.81314086914062
431.9196273303909 5675.300524312616 -39.00778388977409
426.6400314550343 5672.589943711128 -39.8928279876709
431.840207288392 5669.740343775486 -37.29067611694912
421.5761778622295 5683.790496203156 -45.42940711975098
440.8346217709889 5691.87527137295 -41.1787586212138
440.7777746425621 5686.314852221603 -39.51077461243415
437.3887174408657 5694.69345749094 -43.27131271362408
439.0046196090604 5683.553084375924 -39.2573986053671
440.5526302897177 5666.850315523618 -33.84522819524167
449.2858954727041 5666.758247532864 -31.23336410522461
452.7376603025181 5661.169458613127 -29.00131702423909
458.0380983594706 5666.677999475967 -28.94985675811768
449.1028283922936 5647.297659687391 -26.7373933792197
449.1330073512765 5650.077709786238 -27.39781188964056
440.3525500203683 5650.169949669895 -29.4898509979248
418.3995630125216 5703.306153212729 -53.45973205566406
413.1407309691834 5700.609596075584 -54.60232162476559
413.3306350690164 5711.730336074681 -58.60007858276367
408.0831663366764 5709.044309279734 -59.9416484832847
408.1781850728103 5714.604724694697 -61.95411491394043
404.5614725659739 5706.325794748958 -60.45666694641113
396.8892868323443 5670.322607268539 -50.54123878478586
396.8307244420011 5667.54266802615 -49.56677055358887
400.1180280764008 5656.358585862101 -44.46512794495398
403.0774426235977 5658.155365753324 -43.92718633015813
397.2756549324175 5660.121640121506 -46.91573206583797
405.2691273173225 5650.693474609402 -40.53104972839393
396.5079250789653 5650.862969086355 -44.05753707886046
345.0190742995394 5571.472819623486 -39.01502227782929
341.2123442829555 5563.237608703522 -37.91452407837019
318.8781629788847 5588.994701589134 -55.94489479065315
326.0663342043205 5591.535112814108 -53.65093612670861
322.6107355985126 5594.436311844672 -56.33488655089177
364.9030367530645 5582.05668704782 -35.08363533019277
370.3019787478152 5584.698208984936 -33.87501716613669
363.2629187074324 5587.659391401095 -37.15988159179495
373.5898969744508 5573.494026479267 -29.94733142852783
371.4756840955041 5559.643833221507 -27.42144584656071
376.8931628037313 5562.292300276807 -26.47030925750651
369.8202184472535 5565.244081271559 -29.04702854156341
366.3248491623514 5568.109686825816 -30.78858757019091
427.9224843941864 5639.212405797226 -30.20048427580942
427.8886055435701 5636.432440698643 -29.59486293793655
431.5175060335317 5644.719965494447 -30.61635684968063
431.5514092041549 5647.49995394793 -31.25413894652692
422.7277531244528 5644.842008424444 -33.01230812072831
440.2884678907552 5644.609911117382 -28.19165039061626
435.1635267500552 5655.799573237185 -32.42611122130187
431.5910203740805 5650.27996334154 -32.01635742187752
414.0002587646112 5647.761756475053 -36.65328216551671
414.0493031884184 5650.541714140811 -37.50866889953333
422.8106865828984 5650.40196190266 -34.51565742492716
417.6406137092607 5656.049339146985 -37.94562911986965
413.3065912721441 5606.068561265879 -26.41693115233689
410.1512123990753 5628.366735028575 -32.5397472381467
408.3444068026824 5625.61487112793 -32.36994743347168
406.5282358727994 5622.8690224683 -32.21133422851879
424.1639593690058 5622.582948035058 -27.30043125153354
425.9707649654066 5625.334811935695 -27.47023105620757
410.2998441293827 5636.706343309704 -34.81135940552117
427.8453143259848 5633.652519596822 -28.88486194610866
375.8225891390397 5592.913298292206 -34.20028686524018
375.961142048379 5598.472457219552 -35.78654670713828
368.8004136114777 5595.860072265718 -37.53752326970017
423.1986976654495 5555.86924957114 -16.77231836319137
407.1766114910815 5558.901912913871 -19.52049636840617
405.3384424297461 5556.156471602235 -19.43685913086301
424.8637431663694 5547.502391321198 -15.61911439895487
428.4042248251428 5544.670156888816 -14.92099332809422
430.1586553142699 5541.868420637087 -14.47341489792022
423.1633246959865 5553.089642662797 -16.49732637405329
440.9977765210726 5550.082629892887 -14.16219902039016
441.0331494906164 5552.862236801222 -14.43719100951888
442.7522070101858 5547.280893641132 -13.71462059021483
446.3020311287265 5544.460601514083 -13.13624143600369
391.3935666310433 5573.099440857836 -25.01799488067551
378.9963033474665 5576.153366199345 -29.06206035612929
380.6441035284416 5570.551888046945 -27.21062088012838
389.3259592246698 5559.242945960057 -22.98659038543189
387.6518071173808 5564.837331157782 -24.27674388885251
384.1470204717376 5567.691037200269 -25.6799201965332
356.8159718381028 5546.107283600768 -28.19565486907959
349.5087493369451 5540.745050048376 -29.05256080627441
379.7661290107875 5660.500192092848 -54.70215352374477
385.5614774242719 5658.514136216006 -51.34688440966834
382.7223239191995 5662.287081229722 -53.98085021971382
382.5958397128096 5656.727321507979 -52.00507736206895
396.4494461101968 5648.083074186111 -43.1210994720459
396.39670355479 5645.303185317119 -42.28251266475061
387.6072983651587 5645.484777789585 -45.77350234985416
392.7641340193476 5639.819672568186 -41.93727493286514
370.1871987370561 5651.45503377181 -55.69574546813935
319.3302286038151 5636.290319733834 -75.76701354981292
325.1953761813256 5636.089743326004 -72.44248962402473
325.0749621544508 5632.383717149097 -70.92808024087684
319.2700215904002 5634.437306645376 -75.00980885822497
353.1303086077888 5668.603455713566 -71.17419433604121
347.7171976294959 5663.202717209859 -71.90241241456022
344.3793064550596 5668.862109958176 -76.07095336913989
365.2194901897553 5662.715155467436 -62.53153800962278
362.2570843841865 5660.938229535673 -63.34328206373615
368.0459689857445 5658.932396106336 -59.68091074631319
343.8865196672682 5652.183851345508 -69.32960510253223
343.7997268364864 5649.404211167061 -68.17076110840289
335.107320366932 5652.454707489367 -74.11227035522461
332.9524011589768 5658.094394781609 -77.99430084228032
327.1123162486809 5658.28673862751 -81.53625488280748
327.2407210404497 5661.992808292317 -83.28216044099359
333.0166035546474 5659.947429614086 -78.86725362153618
335.7342611039517 5671.912140062973 -82.58007049559731
344.4662229662301 5671.641790291372 -77.25822448730469
309.5205577664227 5672.81857098398 -100.4529113769496
306.236259326074 5678.505975931708 -106.0504646301278
276.2762644937216 5632.39071749524 -100.6737594604492
270.9796624211182 5632.630002510924 -104.5196533201957
263.6828989961155 5627.386714550953 -106.5422058106547
262.3494580956753 5623.731665901372 -105.3266448974886
268.3127806191423 5625.319905210928 -102.0885314941395
315.4174337238381 5625.296182122373 -72.88247934973145
321.2950863769223 5625.091484039131 -69.66328175866698
321.1723383404694 5621.385537763415 -68.17276763915697
315.3560597055073 5623.443208984517 -72.13722229003271
318.1627346438109 5619.635021882599 -68.91944885253908
321.8448821252809 5606.521911472913 -61.5804926554323
327.6826766327643 5604.4720037234 -58.00179799402174
324.8518885317933 5608.276397717547 -60.81040573120117
338.8182679367139 5620.811092986651 -59.14628855389543
332.9955034835236 5622.848939471248 -62.79518636065535
335.8148246827237 5619.050556522166 -59.85285186767389
339.1688609179521 5613.37711135734 -55.97950744628807
340.8534165819755 5610.545675164802 -54.15490150453191
353.4675319924521 5618.525774330437 -51.41679191588933
355.1520876565341 5615.694338137931 -49.59218597411824
356.464805293906 5620.296321818645 -50.73777643847652
350.6355789933878 5622.314341478276 -54.13935979197153
319.8283717495875 5616.791847689398 -66.7564086914094
321.4978522965666 5613.949842882378 -64.68375015258837
303.8275092854404 5614.582290890444 -74.17491912841797
305.4931463912083 5611.73911669724 -72.01187896729178
304.2144733783618 5609.005542779487 -71.53256479899244
310.1107804980246 5608.788681000971 -68.34587605795045
323.1729532495394 5611.112533215243 -62.71190834045225
337.4899256356725 5616.21324685502 -57.88101005554498
412.5756680893764 5561.586402149874 -18.95363807678223
405.4837821281895 5564.490417145913 -20.53910636901763
404.2582839047209 5595.095829940639 -26.25268077850342
411.2995034851125 5592.196706437377 -24.0569581985488
374.512609124238 5612.410737414421 -40.33654594421524
390.477969873594 5614.835542625437 -35.18339538574219
376.2160478878629 5609.591075544738 -38.84865570067826
377.9232942354083 5606.772601773182 -37.45296669006714
342.374958923422 5602.156446664265 -50.44680976866846
340.523491771419 5599.427693939508 -50.29377174378296
345.3851942863722 5603.92085697396 -49.80088551831147
339.5409418660045 5605.950916593341 -53.13125483197711
371.2579160165653 5623.620026366347 -45.39484405517982
368.2762189973232 5621.839400637474 -46.10235977172154
374.1118834031417 5619.841210405972 -42.99496841432205
355.4676898463845 5626.812709197441 -53.54169654846631
353.623453641915 5624.084976003535 -53.37534713745117
375.0518929283335 5634.653113795433 -47.5228233337238
372.0776440333775 5632.870411363057 -48.23692067464479
377.9019917208572 5630.876258528489 -45.05320612589232
357.4549573444239 5635.105812641626 -55.68650627134488
347.1280895562587 5582.54076294391 -41.80702018738194
345.2712258232378 5579.810947897015 -41.66609382629395
350.4402595530493 5696.502593457227 -84.68503189086914
357.4791103992071 5699.083093745468 -81.69075393676356
361.0289962399535 5701.765788368465 -80.76819610595703
340.1002416415458 5699.59910325798 -92.7309646606528
343.6594987488479 5702.269829567205 -91.58535003662109
348.7848653784874 5699.335214663825 -87.00921249389648
348.9556996652758 5704.894878906101 -89.48752975462935
336.4405864843154 5694.153519380349 -92.6048698425373
332.6048851945753 5683.147310928065 -89.96999359130363
334.4402866853643 5685.868223636812 -90.05153656005859
339.3140466815912 5674.580152979423 -81.58703994750977
344.6402411487798 5677.201211149785 -79.67155075072783
349.4460979203553 5721.57436399336 -96.80228424072266
346.0712059834287 5724.456138738595 -100.408248901368
335.1572943230978 5708.10395134298 -100.248931884767
338.7165514303975 5710.774677652207 -99.10331726073744
338.8876255319918 5716.334422606752 -101.6214256286549
344.0014071372098 5713.389238764022 -96.5817756652832
338.3918234594956 5719.134338916205 -103.3341827392518
343.1808770937254 5724.548816337356 -102.5253982544005
401.0378914481059 5703.614384401755 -61.06871986390004
395.7696863467138 5700.935682198996 -62.4396667480416
399.5211629941295 5714.767571401982 -66.007823944088
395.9975818762694 5712.056161054776 -66.61987686157227
390.7407350681996 5709.387977891589 -68.19207382202148
387.2096306833902 5706.681389482112 -68.84289169311523
381.3614657113496 5679.000460543589 -60.88995742797852
379.5505875373594 5676.262679735249 -60.71221160889949
374.2429732156254 5673.605769443299 -62.2303638458252
379.4144187295541 5670.702886674304 -58.60673713686942
388.1565125366571 5670.503794970366 -54.47089958190546
388.0979501463258 5667.723855727989 -53.49643135070801
379.3464068242417 5667.923022468016 -57.57300376892189
363.9154264393303 5679.433981852646 -69.87193298339844
362.0951317980283 5676.702228913528 -69.72341156006749
370.6818794323688 5670.913789331682 -62.96079063415527
361.9400403164514 5671.142610534541 -67.49674987793232
370.6138675269813 5668.133925125331 -61.92705726621922
361.8625771195832 5668.362832623031 -66.40117263793945
287.1392648543196 5595.750566971649 -74.81859588623047
280.1651900550795 5598.816380009035 -80.27768707275391
272.8317044170398 5593.560668269726 -82.13653564453155
274.4881334641923 5590.706925028665 -79.78713226318665
269.4046537471196 5596.497419882958 -85.70256805419922
262.4402858459088 5599.587030767462 -91.71085739135762
265.6163007051935 5591.092381079485 -85.39468383789473
244.71624798674 5600.41752323805 -103.8030395507074
251.9406832308997 5602.861732470185 -100.4159622192283
251.6708792568678 5597.304116398307 -97.43744659424414
256.7895650912581 5605.421665664827 -98.56785074871048
250.8878085260574 5605.698402487445 -102.6747029622105
272.2407130327714 5579.669192148212 -76.12925720215323
274.140354498967 5582.369813543468 -76.25767135620116
263.716659239008 5588.391759684222 -85.26626968383789
273.7759877312901 5574.032977354394 -72.66997146606744
271.7608029537416 5568.549807988173 -71.46262359620336
277.2221728452762 5571.100828254456 -69.47934341430664
269.8577414343845 5565.846905715317 -71.38408660888797
266.7793431412563 5577.118171881913 -78.11253738403192
264.8760637216905 5574.418816612594 -77.99721527100014
248.9800833629849 5577.931791024002 -89.23843383789193
255.9670352661639 5574.822762763414 -83.44287872315705
254.4505577004251 5580.464704397639 -87.13673400876952
227.1888557203387 5570.65389344377 -98.67239761352688
229.2598838943036 5576.118261675851 -100.3105773925761
239.851631062264 5461.407388821824 -43.21908187869656
241.804792693004 5464.097314673601 -43.52339172362854
249.1999732521507 5466.533998205138 -41.32620429992676
231.8442487738123 5484.066493869425 -56.45260429382271
233.9927044593476 5478.396856722849 -52.99726867676281
240.0371054920914 5478.106107643905 -50.09225463867122
222.2211228724469 5473.407096060698 -56.14783096313438
215.8600334175138 5479.309298940856 -61.92638651531283
221.9041684220536 5478.998452371326 -58.91433461508642
222.7963746424451 5484.520454614532 -61.05194091802664
313.3758821398338 5480.672372118328 -24.51206207275391
313.4680397720657 5483.451303841737 -25.04399490355743
256.8347074038425 5474.547212492012 -41.26263999938161
258.5247361355103 5471.686233272583 -39.45103263854997
260.2202631801899 5468.829995176789 -37.78841400147489
259.0260937396016 5482.800543320357 -43.61126518249992
268.0747320948386 5482.406818270082 -39.51101493835413
255.1484797999902 5477.409368326475 -43.16197204590871
273.2827709080949 5476.627509258021 -35.65204811096191
281.2428823144849 5448.46590205043 -24.86754894256524
277.7094682235356 5451.393869081656 -26.57328414915862
229.5553829172121 5558.465288765502 -91.32084401454453
223.6960363096167 5560.623190964388 -95.73353068027477
223.4997175934175 5556.918526681377 -93.9893188476705
229.4572235592279 5556.612956623952 -90.44873809815462
231.5572117033404 5550.929993557305 -86.58549880980775
233.2085851422656 5548.063268201503 -84.32955551147461
267.3418361776926 5549.252116594108 -65.82035446167045
269.0120264423984 5546.397138145336 -63.77733802797402
260.0654973289629 5546.789593708056 -68.81161117553711
263.8860573566287 5552.191522688738 -68.94853973387961
265.2043124891619 5554.919600671851 -69.39775339761684
259.2462287729866 5555.185155768941 -72.83822377522033
247.3303398795339 5555.736269432863 -79.82184855144045
241.372534702339 5556.021827999693 -83.36500295000815
246.0028107297463 5553.012323360358 -79.33748245240163
242.1637693374773 5547.62265046391 -79.15163040161332
249.4491036644193 5550.061037969448 -76.09284210204645
251.1098903900501 5547.200182437906 -73.9233932495147
269.4981228106846 5515.750330629596 -51.42832946771617
272.6363030923217 5504.483893204769 -45.74502944946289
276.3594287830553 5507.116144225898 -45.10296630858512
278.2784543524083 5509.818687408203 -45.22547340392748
280.1918884351651 5512.526087265658 -45.36201667786509
287.5033483008245 5515.012092114002 -42.92841720581042
280.9799811691499 5531.97340346228 -52.05104446405529
273.5626332779024 5526.714396477855 -53.65576171875037
252.6627408228499 5502.575527328318 -54.42853927610565
252.5389226790947 5499.796872107967 -53.37175369265027
251.6775201381614 5494.271144781278 -51.47322845455783
245.6514569725413 5494.549609539471 -54.47585678099439
246.7310641054643 5491.712891425193 -52.78215599060734
243.4998279307566 5500.214569245233 -57.87569618225156
242.9825316792372 5489.100256640044 -53.43047142029307
233.5995935252819 5495.126614325986 -60.57729339597353
227.5737932436058 5495.425154354311 -63.67610168453475
250.9778832366265 5544.421501374816 -72.79018020630015
245.0823262659121 5533.556685472913 -71.39313507080078
252.1297643932987 5530.446944751987 -66.26590156555407
252.3934860927913 5536.004262226013 -68.51333045957664
242.0317621840542 5544.843969400828 -78.018417358401
323.3289079880154 5394.112484781732 -11.30781030655003
327.0950442402678 5396.772922970516 -11.24032306669623
321.3966855941124 5391.394795566706 -11.22237253189324
316.2378924079154 5402.680168812039 -12.54476118089327
320.0953470951712 5408.119303431113 -12.74386215209961
310.8167008692173 5405.645211446091 -13.29281759262043
339.0077424297227 5427.013787439049 -12.73193597793402
342.5876676332254 5424.126512143423 -12.16285037994361
345.4884585308972 5396.236039766595 -9.997092247010258
347.402526758873 5398.965928551602 -10.04270887374878
354.6762005528907 5395.991798703871 -9.418443202972412
345.1752138528714 5385.12118004101 -9.339672088623233
289.0963453373158 5414.774684499357 -16.9558186531004
291.0379235628195 5417.481501389445 -17.1058135032691
296.6360986475152 5420.052162863549 -16.65173006057687
289.4089785112411 5423.105699425131 -18.12933063506932
301.7390636854358 5408.740442481598 -14.58865165712846
287.6832492659889 5425.952449002777 -18.87623405456515
284.1310939870509 5428.875700212824 -20.05956840514901
282.4145893006071 5431.728398340784 -21.03359985350911
314.9556528997342 5419.413211004271 -14.36576843261719
307.7191767999067 5422.442680978444 -15.5125613212574
331.5765836794521 5482.862357648241 -20.91665458679722
333.4732848837145 5485.584294490399 -21.04360198974333
337.1762452084353 5488.257577806662 -20.83733177185059
339.0637589560635 5490.985601710723 -20.94871330260598
319.0860162101018 5488.828321495813 -24.90083312987699
315.3739255272039 5486.167143545579 -25.18456363677979
320.9827174143443 5491.550258337996 -25.02778053283163
302.9022143060749 5492.175045068941 -30.22232818602871
300.9963285508898 5489.459205365113 -30.08175945282329
312.6117728010241 5458.446201109196 -20.2536907195983
314.528346438135 5461.160638978587 -20.3867998123099
330.7224113152561 5455.077603042175 -16.82462549209595
330.6323716653447 5452.298734303775 -16.42277956009215
276.2304395239563 5459.806241744879 -29.42706584932731
273.1264681351864 5458.077154591083 -29.94165865583654
279.1175341062207 5455.977927244553 -27.58006032304716
267.3709546645202 5465.733641916971 -34.0573616027832
259.9847106800955 5463.272735197362 -36.03430938721695
258.0406934681275 5460.576665725892 -35.78354454041083
431.1395677616104 5477.917110818222 -9.669227123262754
398.9449424252681 5500.6595177552 -13.85026025771942
397.0867528656718 5497.91561576551 -13.77060556411995
385.2646156845366 5450.89064722636 -10.88727235794226
385.3270766855842 5453.669708906837 -11.09965705871487
387.0251562521204 5448.071284155968 -10.5513987541203
347.5484403007949 5404.523510267592 -10.36292266845672
352.9881349402503 5401.594564626606 -9.848193645477295
344.3410234598348 5421.297641157733 -11.79381227493286
332.3652316896824 5449.461492238108 -15.78269529342651
319.4309897427275 5444.304090316761 -16.84356307983468
326.6434766376389 5441.289209899114 -15.536865234375
339.3374687263059 5438.129166284255 -13.78772449493274
335.9265291230311 5446.5694488417 -14.98880815505965
400.2383424018947 5472.839916160387 -11.3954157829293
403.9691373479985 5478.328640044721 -11.53860092163086
394.9001581395628 5478.493919827769 -12.22200632095337
367.0534826665899 5451.299801042442 -12.34380912780664
368.8048036603344 5448.474472032635 -11.9368934631353
369.2017690826658 5465.148774566586 -13.34680128097534
369.0767046868468 5459.590585029871 -12.88630294799685
376.4089499090172 5462.196487709937 -12.42490339279175
367.4506219448512 5467.969376107147 -13.77737092971789
383.8516887491382 5470.379936595034 -12.48211145401109
382.1005416113424 5473.20053813558 -12.91268110275066
343.9689823746947 5535.346504425237 -29.30720424652398
340.5421846490679 5541.005730440459 -31.67585086822483
334.8316507299845 5530.048811665722 -30.51401138305664
298.406843646581 5517.381780496788 -39.29969024657943
298.2067943246449 5511.823808006712 -37.67396354675293
305.5092425460533 5514.333949856924 -35.62349128718364
324.7836432427326 5496.985707486931 -25.31239223480225
324.8704622505276 5499.764746826106 -25.85956859588623
312.4266846244448 5505.747246335249 -30.9447240829398
308.7218231165536 5503.090753321435 -31.33210754394729
315.743250196236 5497.283066154448 -27.60707187651992
330.8889674393233 5519.044948717423 -28.79043102264375
314.3272997049318 5508.462013765147 -31.09164714812051
312.9007793976651 5519.638818904834 -34.59702873229951
311.2002136391202 5522.482023965003 -36.07583236694149
316.4038398396175 5516.73977442768 -32.63166618346926
309.4997685793966 5525.322865386419 -37.5510730743414
288.0466240766659 5528.911473562223 -47.66574668883082
291.5308661902807 5525.988602761952 -45.01477241516113
288.2731450372395 5534.469268356575 -49.64388465880472
212.3334653890379 5526.853117868763 -85.88691329956055
216.2161163325743 5532.222798695809 -86.29897689818829
197.4087124280689 5549.969663312311 -105.2406196594281
195.7761959699642 5552.848107025907 -107.6518745422371
197.2487452749297 5547.191416356733 -103.9146766662609
179.2667443245826 5537.090760536272 -109.0250676472772
185.5742412869412 5542.293053732669 -108.06605784101
189.7674038753668 5542.042677852715 -105.5283699035645
206.2123163637462 5546.690548180644 -98.72027587890884
203.5132320619334 5541.271028783523 -97.52929433186094
197.5375180027445 5541.604940900924 -100.9922281900877
198.5802264731831 5538.757393629511 -99.02573394776104
209.1879936334107 5535.380350693239 -91.57950973513098
216.5170688202841 5537.779564668736 -88.78582763671403
633.9765378503577 5882.48804574404 -19.70458126068679
632.2291652625635 5885.224886509362 -20.45512199398244
637.094612653379 5890.921114678411 -20.01458358767607
645.9572984790575 5874.483785867484 -16.77102756500244
649.2268268272967 5877.36952452205 -16.52349662779053
679.608811138217 5917.389619828106 -14.84871053695679
678.3540820188861 5906.208152874357 -14.36430692671893
678.4630688808323 5903.427924961952 -14.2157897949246
661.7872495574746 5902.832859908937 -16.56775522232056
661.688001426591 5905.613249360976 -16.7604646682635
628.2832550984621 5907.379301508193 -24.28258609771729
628.3532992348528 5904.598518522526 -23.81932735443947
537.4163314694413 5805.672356823419 -35.02605056762695
539.1403101895767 5802.906323846071 -33.76204872131751
533.9952890551523 5808.431910174012 -37.07191848754353
549.2706713578642 5811.344911053808 -32.03844070435265
550.9946500781266 5808.578878076604 -30.77443885802902
557.8923755216128 5800.3085867557 -26.88877964019775
556.1588365064927 5803.07100629967 -27.95997047423982
554.4252651537014 5805.831119303303 -29.02285289764404
563.1063726890176 5792.035516616888 -24.08614063263723
563.0756618203899 5794.816150342939 -24.60181808471132
475.9953088242142 5766.65839521099 -51.73121833801257
474.2962717735106 5769.448989501116 -53.34915924072266
546.0802445946582 5789.066503431807 -28.52681159973145
544.4023685808813 5786.267630879458 -28.50349617005066
546.0495337260091 5791.847137157857 -29.04248905180915
597.4374751081614 5692.462511522413 -10.12685537338076
592.4250136666037 5681.240806533888 -9.948122024536133
597.6608994893693 5680.413213874795 -9.557415644329591
601.0025404502823 5687.894350533577 -9.676571210223631
615.5827165387917 5710.45941219834 -9.788829803466761
609.9634489749836 5702.917449695405 -9.792278289794957
598.7997127907638 5680.443626796746 -9.49611361821627
603.2801670528215 5687.955176377145 -9.553967157997194
607.760621315272 5695.466725958202 -9.611820697783189
612.2410755777224 5702.978275539259 -9.669674237569184
616.7215298399597 5710.489825119958 -9.727527777352426
649.055528921628 5751.223952266035 -9.401765823365944
643.4848199578987 5744.579436753169 -9.478488922118968
637.9141109939853 5737.934921240084 -9.555212020874528
632.3434020300721 5731.290405726999 -9.631935119630088
626.7726930663428 5724.645890214133 -9.708658218383112
632.3376989827176 5733.124356506735 -9.749119440714878
626.7698415427393 5725.562865604116 -9.767250378926235
567.3457343101644 5730.905170682348 -15.62779188156018
562.1970353169453 5728.055610264187 -16.04736042022667
567.4142880156103 5725.344471964158 -15.09001016616959
570.75911350428 5733.730482420397 -15.40315675735474
601.9909132415066 5809.37256764814 -18.00871658324959
665.8124589380407 5783.277569365458 -9.502504825591267
662.0889975472165 5774.807091676393 -9.443806648256023
666.4680062407465 5780.518111243584 -9.354993820192281
656.1681133696852 5763.482269944249 -9.428831100463867
658.6814321478029 5764.958633537128 -9.310327291488658
662.7366264099912 5772.048799295048 -9.295611858367939
666.7918206721795 5779.13896505297 -9.280896425247223
688.9263162195406 5813.622109524979 -9.062470817563051
684.4064908982184 5806.773864846414 -9.113398361204261
679.8866655767002 5799.925620167552 -9.164325904847681
675.3668402553647 5793.077375488966 -9.215253448489044
659.478725842385 5765.693703582035 -9.285855293274668
664.3312137994126 5773.518939385277 -9.246667861937883
669.1837017561096 5781.344175187986 -9.20748043060377
674.0361897129595 5789.169410990943 -9.16829299926842
678.8886776699686 5796.994646794155 -9.129105567931784
683.741165626678 5804.819882596885 -9.089918136597571
688.5936535837055 5812.645118400127 -9.050730705260786
688.601525940325 5813.329804773057 -9.071721315378786
683.7569103393943 5806.189255342004 -9.131899356841016
678.9122947384635 5799.048705910952 -9.192077398303246
644.3189126967666 5757.560222425183 -10.01079225540161
649.3922988913113 5760.494445008532 -9.790164947508199
647.4218689668207 5768.782145283853 -10.25042057037354
645.6274318422401 5771.51330442776 -10.50994205474767
650.9341743754013 5766.108247173599 -9.893953323362281
635.1226247737726 5779.56140613351 -11.77200841903702
631.6273262978184 5782.252041163105 -12.24169778823853
632.7326011517766 5740.546901667724 -10.0679030418396
625.9122492093935 5737.591782288961 -10.41971111297607
627.4890606748553 5743.197525619782 -10.56658601760672
622.5296414442695 5734.724118242561 -10.51076984405518
626.1788868943132 5726.471266518852 -9.853204727171795
622.7962791292686 5723.603602472589 -9.944263458252118
607.7197186825138 5931.90613573002 -35.52459907531303
599.3821903954336 5934.504038683266 -39.54870986938064
614.6875754910056 5918.162216789568 -30.32196807861598
614.6154429182352 5920.943040816127 -30.80706405640182
613.0957427079492 5915.338877966964 -30.37187862396433
611.4941037249346 5912.521262624261 -30.40736103059232
598.0673366172123 5917.789510605776 -36.48041915892043
596.4656976341944 5914.971895263076 -36.51590156555176
598.0049547963586 5920.570440400405 -37.06558036803614
582.819990633069 5934.184260182771 -46.66972541805786
595.0761272994206 5901.036266686998 -34.09867191313592
593.4665709057834 5898.219807910926 -34.11769390107409
588.5094788752127 5895.339112914154 -35.32729148864746
594.9048790832376 5909.37902592273 -35.88877487183758
594.8542629217877 5912.160017879573 -36.54304885863505
579.8351242993569 5914.663175803186 -43.33009147647301
581.4465590118634 5917.475053186664 -43.30294418334159
578.2139041055166 5911.857050966539 -43.36153221130372
610.1551311496761 5898.57568997371 -28.34722709652345
611.9473994112132 5893.050770305466 -26.72740554809902
612.0095351217051 5890.269970358678 -26.22854804992777
620.3778787682404 5890.471508305074 -23.96797084808647
611.6245465145648 5906.959552845473 -29.34961128234198
611.5544562692223 5909.740356983531 -29.8279390335083
594.9652316275219 5906.598120282012 -35.30935287475586
595.0158144710481 5903.817150579792 -34.66480445861816
602.6324321111031 5859.457230064931 -24.03160095214552
604.4415693462095 5853.933951981137 -22.86912441254204
609.429861226221 5856.821807730073 -21.9738340378119
605.8191562839224 5867.869695454558 -24.47505378723145
586.0571994420366 5845.230243315683 -26.54760456084603
584.4220402592979 5842.417295811193 -26.55861282349261
597.9842356512257 5839.886403256171 -22.46137142181396
596.3490764685084 5837.073455751683 -22.47237968445333
601.3047367240281 5842.739762184242 -22.0965576171875
602.9301851182134 5845.558489895992 -22.08884620666996
602.8664053363798 5848.339119448866 -22.4365701675415
625.901325420032 5871.137070040656 -20.12871646881104
629.1826699063497 5874.004249732689 -19.74529552456929
595.6314694840017 5873.220679842773 -28.39711952209645
602.5201508180015 5865.018740000733 -24.97836780547525
597.5318589379436 5862.130884251947 -25.87365818023682
621.2849723595428 5854.326415807393 -19.20448780059382
614.3464548579678 5862.499632925397 -21.54844093322754
636.5179384258315 5851.951835495155 -16.36928176880269
638.1277534148988 5854.777480170664 -16.36468029021874
636.5913857927488 5849.171306566147 -16.10054588317419
642.1226784940422 5774.192035326971 -10.9074559211731
638.6198165107575 5776.877848205759 -11.33156251907349
647.0522696160485 5838.340579700554 -13.9346866607666
647.139079299777 5835.560275486771 -13.76136207580375
655.5842161407328 5835.821286765263 -12.8054633140564
648.65826614222 5841.170828198913 -13.93105363845825
651.9494069760257 5844.059078322834 -13.75143432617188
628.8839664996279 5946.348387576607 -30.08498096466064
633.9166900141662 5943.708653675622 -27.85527420044479
632.5048310045153 5935.318073601906 -27.08792972569238
623.7102925462057 5954.560485326275 -33.61299896240426
613.742204596687 5957.08842200061 -38.20741653442383
558.8837777231075 5992.245398459289 -73.88131332396739
570.2502226057321 5997.966009180913 -68.99241256713867
567.5315070433952 5997.008207138696 -70.32677968344217
559.9538771217486 5993.194466657666 -73.58604685461721
546.0255799709325 5969.845988979057 -74.81214904785156
552.6901345689931 5961.566807356857 -68.55697250366211
552.5058305804163 5978.256213758817 -73.52954483031742
547.6368210263977 5972.646472133539 -74.71816635133757
531.3202110435237 5955.812137604597 -78.94792175295392
534.6837778897755 5947.493633298944 -74.44759368895599
529.7440669325322 5944.675735877309 -76.32587432861328
561.5731183083915 5911.612355280521 -50.74280357361683
563.2041139565725 5914.412712870977 -50.70285415648255
564.8253341504909 5917.218837707608 -50.67141342161403
560.0880318457994 5897.683094987723 -47.87897300718542
555.1112556763106 5894.837286112381 -49.3765983581543
561.8221125010635 5892.140236989987 -45.66703224182129
546.4558052272038 5925.345195555279 -61.66378402709791
548.1472263812132 5922.583212922923 -60.09697532655576
546.2683482711412 5944.809303176437 -67.2376823425293
551.2529528636594 5942.082013022722 -63.85108375548436
549.6942959279494 5933.719146855018 -62.36630249024732
554.6241623110103 5936.554431033323 -60.60230445861816
538.4116561630013 5894.673906462706 -57.17654418945312
555.2995831495263 5878.15113378389 -45.06438636779785
561.855118500629 5889.359219719155 -44.9554500579834
545.3011327085895 5872.483958755978 -48.10367965698068
548.6294452893098 5875.300014175465 -47.34488868711789
550.2412104704923 5880.881273964557 -48.02199554443359
535.2967271273769 5864.05910899307 -50.47017097473949
525.1837724879726 5869.557923390527 -56.62660598753246
521.8379553197543 5866.758210687425 -57.43801879882812
530.2693006725024 5861.241277186204 -52.01258659362789
535.3315690430388 5858.497161945921 -48.98483276367671
528.5237626538725 5872.355330664622 -55.80452728271484
531.8618076007723 5875.15972562129 -55.00221061707359
552.250096663901 5850.311358208088 -39.68391227722168
535.395383332477 5850.159045936717 -46.85842704772949
537.0634692528014 5852.949943036944 -46.82698631283106
542.0908957076252 5855.76777484383 -45.28457069396973
535.4108426769847 5847.378126148138 -46.12478637694037
569.1045432685261 5850.52225710606 -33.18112850189921
570.753243967882 5853.324791467838 -33.16414356231689
569.1393281754331 5847.741410896352 -32.54941463469981
569.1837769484396 5844.960622720822 -32.00554943085412
567.5389167623497 5842.153468786183 -32.01697158816157
503.3787302290026 5833.339436488985 -57.23045539855957
508.4661111943051 5827.790006230895 -53.37194633483458
511.8448414232969 5833.354109518093 -53.22416305541993
510.1612619784077 5825.009749927854 -51.82158851623845
491.533888805687 5827.790006230895 -61.48579216004369
494.9319055076813 5833.342368307632 -61.3053379058929
486.4657943134009 5833.357041336731 -65.4128913879393
511.8602642163257 5822.230692739406 -50.27553939819603
511.8351988861006 5836.13496969381 -53.95767021178791
513.5187698387284 5838.918813295466 -53.89675331115723
554.1170970895065 5833.638613058183 -35.01149368286133
562.5829555456477 5833.741329039641 -32.03992748258803
550.6554517727106 5841.948275037638 -38.36677551269531
513.5650459977843 5819.456315318887 -48.77184486394341
479.8204349375597 5861.188606288546 -76.31063842773438
474.8220403943621 5869.557910336898 -81.36381912230591
430.3419404767055 5811.591775607098 -86.09920883179599
431.9985424444383 5808.784683444919 -84.30363845825815
414.9997596244394 5809.049255396597 -93.19210815430385
418.3533316876774 5806.207514612553 -90.29010009765621
411.505807322547 5803.544499239579 -93.14147186284578
420.009933655327 5803.400422450342 -88.49452972415023
428.5237497063658 5803.268048510705 -84.19644546508789
435.3618042258217 5805.954645510327 -81.7504882812498
461.0059442477857 5822.371645988057 -74.65253067016513
462.681807678267 5819.579673189977 -73.09968948364875
464.3615390980924 5816.788888411368 -71.55105209351441
447.3910673406034 5816.941635179826 -79.53794097900818
443.5820392466736 5780.826002039495 -70.20579528808382
446.9723413928555 5778.005361228137 -67.86309814456068
436.6386233665393 5772.564509935984 -70.43489074710341
440.0289255126161 5769.7438691243 -68.09219360351764
464.0772738266312 5777.852126816428 -60.48820686340332
460.6773472952652 5780.661014730148 -62.82714271545348
453.8698758784535 5783.498193651199 -66.66866683959961
459.0205435273032 5786.238156543999 -65.25485038756484
453.7625728293279 5772.375828605224 -63.21531867980957
457.1624993606961 5769.566940691505 -60.87638282775879
450.3645692570407 5775.191761930665 -65.54074096680104
443.7432030858918 5794.733749396574 -74.53209686278061
440.8840844062924 5792.912354531473 -75.24391682956407
446.5485782587485 5790.993844998144 -72.17014567044448
442.0672811063135 5797.531483070605 -76.10357284545898
455.7224075420503 5800.167426505616 -70.81352615356587
479.6428147913171 5819.4798197282 -65.02365875244459
493.2194002145783 5825.003884847176 -59.93214988708816
482.9965441642366 5808.343743797627 -60.42232894899901
481.3110152496116 5811.13331934262 -61.98154258727158
464.3211219393656 5811.227359364966 -70.03239822386846
465.997017454067 5808.431931808127 -68.47712707519835
467.1694399752029 5813.060621508855 -69.22942097978577
461.5228445089464 5814.955597683886 -72.38513437906757
472.7506811224349 5800.043880011546 -63.01499366760265
471.065135541181 5802.835761156419 -64.58272361755371
469.3796066264662 5805.625336701375 -66.1419372558595
459.1049967143474 5797.360831398742 -68.47833633423723
460.7905422956151 5794.568950253891 -66.91060638428564
460.7463961600513 5789.007620508635 -65.29112052919851
463.6087520123539 5790.838815277622 -64.57274627677354
457.937783814616 5792.737725003154 -67.65962600711313
467.9755837655238 5850.135613547537 -79.05633926392046
469.6823338889315 5852.903066911806 -79.01581573494794
465.1574225722838 5848.300214770241 -79.95700836184184
470.7666911679171 5846.409164259533 -76.63592529297026
474.7484712025266 5855.650658814307 -77.25862884521484
467.9388675699504 5844.57379236291 -77.49101257324659
451.0647858828746 5844.714455686246 -85.99251174926307
448.2962590330177 5848.450592077798 -88.61669667592719
453.899017205363 5846.540031527168 -85.14193979874142
461.1254802656014 5836.275719509354 -78.51095581053445
462.837992712828 5839.041933904703 -78.46446990966571
664.4109884943376 5824.979198970277 -11.37502050399751
662.625652388407 5827.704785028216 -11.68404912948353
664.0484289787739 5836.100171550452 -12.0095486640898
660.8440978286648 5830.43161721278 -12.01584339141846
677.7721007638123 5831.018766947908 -10.55784225463867
672.4931644236938 5836.390530901377 -11.21745109558105
647.4630463192301 5824.438808971508 -13.00041341781616
645.6872746674371 5827.170394589923 -13.37003278732453
649.2446008789356 5821.711976786928 -12.66861915588379
651.0299369849156 5818.986390728995 -12.35959053039336
634.0621273822148 5818.492778140593 -14.18856763839979
632.2863557304991 5821.224363759033 -14.55818700790059
634.1333523984124 5815.712354909684 -13.97862911224024
665.990825194138 5877.919144934981 -14.24100351333618
672.5914099932543 5880.933259026361 -13.59855890274048
667.466327279619 5883.539936417207 -14.39410209655584
652.9324373610391 5866.353047285733 -15.13895082473461
647.9737837840922 5863.412800419103 -15.56669425965774
653.1028233723157 5860.792167989508 -14.69125795364662
656.2019657091762 5869.238785940346 -14.89141988754197
705.3835808866703 5898.934500363922 -11.05145025253344
715.7782053616296 5891.04328280193 -9.902866840364389
717.3345952121413 5893.901084947306 -9.902839660672157
710.4048455626844 5899.161896654899 -10.66856193539409
715.8986435975548 5888.26331877143 -9.792189121246338
698.4088065837891 5865.221892104995 -10.3475284576416
703.3375676939539 5868.21443262117 -10.08700132369995
716.2772198793092 5879.919150570191 -9.494014739991835
717.6941316642651 5885.556458679903 -9.548399448394775
713.0472703418318 5876.987204928119 -9.634974479674884
689.4012455381787 5837.018509960792 -9.893811225891113
697.7487958281743 5840.136027437314 -9.447967052459717
693.5902500132204 5859.457505519301 -10.50822305679369
703.920156424327 5854.319426577709 -9.54282999039
487.8831838582873 5719.348157761846 -33.06183052063167
484.4315687248184 5722.135672743104 -35.04636192321777
493.0891535177605 5727.676970732898 -33.36848449707031
481.0085171611491 5730.491097201855 -38.74174880986269
477.587410922723 5738.844295419301 -42.53442955017144
541.8559969954746 5680.582381364006 -14.67262506484985
538.3891517858874 5677.771336952797 -14.85590362548828
551.0045191099175 5636.182367006309 -10.80089569091678
563.2161583191918 5644.651537818187 -10.29878187179526
563.2481548126716 5641.87156520987 -10.16396856307983
575.3860946288992 5653.162268491302 -9.849152088164212
453.0829725607464 5499.921336165405 -9.631633281708222
456.7144206612386 5502.674340270542 -9.576526165007792
442.3439961165992 5508.36759657878 -10.83235740661813
449.5736108692607 5511.070295414081 -10.48449993133545
442.3958336431493 5513.926516196949 -11.17377376556396
453.2681051174203 5522.157068719783 -10.93005275726338
455.043077840803 5519.363753556342 -10.62904453277556
395.5467391930665 5511.844059108216 -15.31192970275879
399.3522810400333 5522.894416876153 -16.04818105697646
413.5554451202504 5511.526144579114 -13.39492511747751
406.3963666422559 5514.430292851269 -14.3782267570482
376.7808883065915 5478.872479262292 -13.91044235229099
385.8497098888362 5478.677137070272 -13.07658243179225
334.4014154939012 5516.157825544267 -27.15967464447021
388.2896546911202 5509.213467589378 -15.9484152793863
386.4314651315094 5506.469565599701 -15.86876058579108
388.3970457446019 5514.772163188421 -16.53155565261926
384.8565174083877 5517.623486115827 -17.34574413299594
528.0640082960908 5649.902236292237 -13.76449537277222
536.861543686139 5647.178680327085 -12.69778299331665
536.8445685432406 5649.958768917466 -12.91065311431885
540.3039777676461 5655.549816517077 -12.94355154036812
545.6062443818099 5650.027153278135 -12.03251981735229
550.9819339311842 5638.962370721359 -10.96730709075928
533.4020602296868 5638.819497712121 -12.46676588058065
533.4152346950387 5636.03947362175 -12.26142740249653
533.4378198737328 5633.259469906694 -12.09501600265697
536.8841450803352 5644.398652930398 -12.52518224716532
531.7324739279148 5624.905826743699 -11.71381282806397
533.473553815774 5627.699489653589 -11.73734712600524
533.4509848695561 5630.479469678743 -11.89783477783072
515.8559220909985 5627.616088671139 -13.35283136367907
528.3683703411709 5594.301828907072 -10.17452001571655
534.2659110458176 5594.343611876851 -9.789913177481733
540.1335014931983 5599.945078667452 -9.700102806099455
524.8734397948418 5581.313878188014 -9.720405578621246
521.3485589923642 5573.885611290239 -9.56108760832956
523.0829929044436 5585.939042218702 -10.07191038131651
517.7956717012343 5574.796641873135 -9.83293342590332
521.2950038825463 5588.709917827168 -10.33399391174329
501.7711531919093 5599.792886123927 -12.59010314941406
500.0037451036604 5597.010036413631 -12.54901266098469
519.482670909478 5599.828691301642 -11.13386678695679
517.7246321432144 5597.039883087717 -11.10115385055542
519.4676794409123 5602.60856904198 -11.29021883010864
505.3246920998412 5585.891264942975 -11.31379175186232
503.5460527784938 5588.668121144962 -11.62950754165649
517.7358633763971 5591.480177175438 -10.74434757232528
510.6381529665616 5594.23616396153 -11.44161081314087
499.9962576217694 5591.450328493286 -12.11987829208319
492.9078971684723 5594.230194453701 -12.95265483856201
487.5663722372208 5585.903212943026 -12.78961753845302
494.6715688553771 5583.109082009915 -11.98739624026521
494.7090521709719 5622.03467308203 -15.17838335037748
480.6205445864174 5627.628003033399 -17.61606597899921
478.851257982161 5624.852189722486 -17.55037021637516
477.0725824903453 5622.082347371218 -17.45386505126173
477.065070519379 5619.302387995768 -17.16791296006434
477.0481683878786 5616.52244220573 -16.81302785873101
427.7681997068584 5628.092679750306 -27.63262844085434
427.811459820936 5630.872577861302 -28.31100177765788
463.0273827908074 5630.503293405114 -20.85355758667639
463.0424285405134 5633.283290443403 -21.23602294921875
445.4776454672388 5636.218091095835 -25.31449890136188
445.4437666166301 5633.43812599725 -24.70887756348338
475.5237359487921 5666.56510665778 -24.61193084716478
466.7714559567484 5666.615632241887 -26.61089324951183
470.2421431813167 5661.038684972127 -24.7188472747875
510.5329727851309 5644.276646030545 -15.32048273086335
519.3229981689692 5644.303434043399 -14.34449481962149
515.8220571297006 5638.736156526311 -14.25509977340942
519.3098142437842 5647.083481987958 -14.55859184264861
452.7168979423029 5658.389355121506 -28.41699504852895
452.6866974325476 5655.609281569261 -27.72438526154343
457.8946483875343 5649.997431789961 -25.22259235382021
466.6544473717292 5647.154868347985 -22.88399124145028
466.6393799887573 5644.374823647659 -22.45211124420351
466.6751949142915 5649.934948141463 -23.43659591674416
491.086295597189 5566.435245829546 -11.12821245193481
494.6473015077858 5563.653108218698 -10.69915819168124
494.6417140027586 5555.318776714659 -10.22877073288247
496.4333976457482 5558.094285372777 -10.27829742431529
498.2269683032659 5610.907745732213 -13.75690650939941
499.9962494538373 5608.129596218053 -13.36685276031558
501.7692792736189 5605.352665012429 -13.0075931549093
484.0764943446413 5605.376526967463 -14.81951951981077
528.3237218403422 5905.735411903954 -65.27777290346731
528.3023090420808 5908.51657185262 -66.07315635682036
544.9534092728392 5908.644765537609 -57.82645225524217
544.9319964745682 5911.425925486276 -58.62183570860067
528.2906294785605 5911.297757518418 -66.92906761172132
529.9411468274772 5914.086536056474 -66.92176246641675
513.3093721723678 5914.010815074615 -75.6250953675187
511.6491081447824 5911.227848581773 -75.58521652221219
510.0180249775332 5897.315574504105 -72.05347442626504
511.6938501313165 5891.755050623189 -69.46061706545984
511.6627342923232 5905.665466661671 -73.79954910274471
511.6646795940325 5902.884293862083 -72.89135742188569
494.9939022719653 5902.872640892501 -81.64911651611692
511.6510547286792 5908.446652327433 -74.65546035769984
486.6342121784434 5891.757969469633 -82.34854507445526
486.6283878321068 5888.976869468253 -81.46199035644531
494.9841851482505 5891.743382654417 -77.95455551147725
494.9783608019262 5888.962282653029 -77.06800079345783
488.3119807142994 5894.533863058591 -82.40935134894291
501.6855007519982 5850.030168680498 -62.50917816162976
484.8305035529758 5850.053600748124 -70.69964218140966
486.5276003517432 5852.826936528574 -70.63739013671875
511.6977330260743 5888.973949144814 -68.624557495118
499.9961196813687 5880.618391792765 -71.96363449098263
498.3261208582118 5883.402390098327 -73.6686820983753
503.3477600562534 5888.959362329603 -72.85721206665275
528.4170427749251 5889.043992901855 -60.42186737060713
528.4034525529066 5891.825081086624 -61.21577262877905
515.0649016403211 5883.425752763922 -65.36587715147344
516.7446012647316 5880.64759657354 -63.72791481003147
515.0940027898182 5875.077889970768 -62.96862792968751
521.783684693561 5877.882329150349 -60.51457405090332
520.0671145538582 5889.000232133848 -64.53254127502441
520.2182542671974 5852.85037432259 -54.47485733032227
518.505681103633 5858.403505766878 -56.74016761778775
511.7462434299408 5872.285169459475 -63.79740905768863
518.4901959598568 5863.965490176005 -58.26679992680185
513.4530526430748 5861.165197115723 -59.88621711730957
429.2065837618104 5730.952463353495 -59.03946304320888
423.9817576607595 5728.244937605338 -60.15712928771973
418.9360372251533 5736.669257827719 -65.42092323304048
425.871377091698 5739.340860987968 -63.37869453430176
420.7418665588571 5742.204560723442 -66.66002655029561
411.8369584193046 5725.66406729168 -64.45930862426697
410.0141852908248 5720.132552860059 -63.20434761050335
406.7055542776748 5728.534854883345 -67.85187149047852
403.1989309198628 5725.820862193964 -68.50021743774414
404.7667165585432 5717.446526065092 -64.54591751099079
401.357163212094 5720.295399567271 -67.25805664064852
394.6733969158462 5731.555840558407 -74.94144439698141
389.4297612926837 5728.883954664101 -76.52475738525391
408.6332578708887 5739.624626462365 -71.12290954589774
403.5134010132949 5742.50600509537 -74.74970245360718
407.0678151793761 5747.998033970833 -75.05726623530065
400.1230922295762 5745.35014167781 -77.46874237060604
398.4584752268069 5748.166454054499 -79.44340133664601
391.3955464132212 5739.967524257439 -79.89455032348704
386.2853676626883 5742.866571898291 -83.880626678477
389.8587750840683 5748.346620036822 -84.10810852049994
384.4414700180635 5737.343358600145 -82.664680480966
393.6503013971732 5764.957584839114 -88.62765502930036
397.2011570413744 5770.44273366768 -88.75979614257419
366.3158855761873 5704.408737147392 -78.97372055054615
369.8582706726878 5707.096273221096 -78.10027694702148
366.1640438397379 5698.848872267131 -76.67564010620393
367.8289854302614 5696.022090025804 -74.5659637451166
374.8585817914529 5698.626427808289 -71.93294525146484
405.5824854117206 5667.373236831444 -45.96431541442414
400.2256282109317 5661.918483294988 -46.30182266236524
405.6315998168403 5670.15323987265 -46.86781692504883
417.6896931422287 5658.829319504549 -38.82599258421721
414.3154589851531 5667.2217593784 -42.52343177795446
414.3645733903096 5670.00176241962 -43.42693328856989
404.1480607707587 5684.087274186693 -52.47128295898122
402.350344467158 5681.342240693119 -52.25363349914976
398.8079927142832 5678.626348282941 -52.74670791626214
409.1739515697202 5672.869132282829 -46.37474250793457
414.4629069690983 5675.561836519744 -45.29530525206745
359.0525119629933 5562.735022226586 -31.73738861084079
353.6258472482996 5560.104585919637 -32.84222602844946
369.6189549334875 5556.910490769234 -27.30167961120605
351.7598443402951 5557.377309051879 -32.68776321411461
369.4830230534903 5551.351643528059 -26.12553596496853
369.5556465072133 5554.131032891677 -26.77679347991943
435.2333667112683 5661.359679300938 -33.91044235228681
435.2031662014725 5658.579605748709 -33.21783256531771
431.800539585245 5666.960288154421 -36.47084617614746
417.7293325936973 5661.609352016072 -39.61771392821917
423.0674023981738 5667.082059294197 -39.44177818298554
429.2632679288363 5608.606785403356 -23.3025274276683
430.998751286074 5605.806056939929 -22.53731727600509
410.2471393922625 5633.92647696073 -34.00037002563477
392.649309622698 5634.26000539555 -40.22465896605699
410.2038792782026 5631.146578849723 -33.32199668882049
395.6236627663475 5636.052653278771 -39.69229253134651
389.7991957981392 5638.026959159648 -42.56027857459575
377.7939659564328 5601.213307916196 -35.90084838866474
380.7918670745937 5602.997741311117 -35.3804473876699
374.9347687570522 5604.988097982768 -38.08298110959888
395.5041718364969 5600.831315555007 -30.02875041961061
393.6806766460465 5598.084432785202 -29.91031074524584
379.3065962497457 5590.047712361214 -32.23174095153768
380.8401924124986 5578.890484621636 -29.16976070404296
382.6784624964902 5581.632403754924 -29.26558208465249
398.7767024588766 5586.858901132729 -25.92019367218405
397.0543016446528 5589.671434892815 -26.92866039276123
400.4543035115631 5581.267901357417 -24.53242588044421
405.8347905812578 5583.945413635409 -23.73800659179616
423.1186412504127 5550.310076031581 -16.16521501540789
410.5066561109916 5544.939594326594 -17.12229537963923
412.2517580269267 5542.131909616174 -16.57619476318489
405.2397638067878 5550.597388011034 -18.6897888183611
405.2937589842305 5553.376904970997 -19.10474777220428
397.7703836642925 5534.052220893392 -17.6687765121444
412.2034572804299 5539.352430248526 -16.26346874237069
449.7589903243127 5530.531570780513 -11.8013014793396
451.5747831251722 5533.297344571889 -11.85506963729771
439.0871158637897 5538.978067029023 -13.36644077301025
460.7302214688482 5558.237851966906 -13.01388216018677
458.981410250272 5563.808603266409 -13.60513401031398
455.4390916658427 5566.614631792555 -14.19528579711914
451.8986396054667 5569.427807579935 -14.81696557998755
458.9199277980931 5555.474340329326 -12.94433403014845
458.903173060017 5552.694680996833 -12.74237203598022
458.8771095725079 5549.915043191611 -12.50762653351017
448.2593696879404 5561.119835413429 -14.42549228668213
441.1486450887603 5563.976060377541 -15.4393911361689
442.8788034783028 5558.399372952576 -14.74816322326928
441.0592129780507 5555.641874606451 -14.67193651199687
460.640861686891 5547.119264061678 -12.12787294387868
448.0657832431239 5541.664822384195 -12.75648784637451
448.0360620704334 5538.885266635948 -12.53683996200562
457.0036263860088 5538.804392054094 -11.82349586486756
378.8990403769274 5648.46391557 -50.64368820189598
378.8368761557113 5645.68409278006 -49.71953010564382
378.9669554298221 5651.243736648756 -51.64756011962891
387.7279415550609 5651.044495479828 -47.63409805297818
343.7187140895935 5646.6245532062 -67.09929466249949
340.0299011121058 5641.177290776525 -66.74545860297148
360.4417068211907 5636.878488076239 -54.9684003193692
354.6301172963029 5638.892411954913 -58.51616541545043
352.488602762918 5646.365706170205 -62.38265228271484
352.6469684340514 5651.925100310824 -64.52343368530244
347.5529348360756 5657.643299901019 -69.64617538451212
365.0741185952012 5657.155555771618 -60.42927169800696
344.7485915187052 5661.435763925195 -72.81278228762673
350.5309875608141 5659.410156395752 -68.82639312743149
361.426463744683 5651.684026866543 -60.10647773743559
361.3491108204302 5648.904290686793 -59.03716278076171
309.5925370782248 5658.903466575869 -92.98742930097599
315.4323842083562 5658.691274524638 -89.03281911212025
308.8085537318921 5653.362157343171 -90.6159782410395
308.7028739915741 5650.58274258915 -89.15980148314958
308.6030041303376 5647.8032931875 -87.84822082519533
298.1952177801505 5666.759550048018 -105.2720362345521
292.2145752119591 5663.285673075454 -107.6558659871216
292.1440217496254 5661.432705601398 -106.6586583455678
298.0541108557332 5663.053615100018 -103.2776209513253
292.0735184118225 5659.579750277571 -105.6738103230823
297.913104180027 5659.347704452333 -101.3079249064099
302.7809768887123 5680.036842657823 -109.4194660186751
297.2652954737517 5673.295160472901 -109.6262092590296
291.7496140585993 5666.553478287743 -109.8329524993913
291.3844017492906 5666.291081830663 -109.9110397338914
296.5348708551495 5672.770367558765 -109.7823837280319
301.685339961197 5679.249653287104 -109.6537277221676
306.8358090671683 5685.728939015347 -109.5250717163051
233.3189374060067 5602.868481143865 -112.4791285197054
239.9333118110467 5609.986395514095 -112.1741994221949
246.5476862155801 5617.104309883782 -111.8692703247078
253.1620606200573 5624.222224253407 -111.5643412272233
259.7764350249278 5631.340138623455 -111.2594121297207
266.3908094294073 5638.458052993083 -110.9544830322361
273.0051838339745 5645.575967362804 -110.6495539347474
279.6195582390167 5652.693881733038 -110.3446248372369
286.45479923268 5607.84314994641 -81.07127126051667
292.2796068171458 5605.753550023979 -76.6810404460263
292.4221080551285 5609.459186328311 -78.30000305174961
286.5260498515586 5609.69596809862 -81.88075256346508
274.7342045315597 5610.189458052744 -89.42344919839705
268.8384174151503 5610.446166236559 -93.38539632160193
270.1357681092252 5613.171529450874 -93.94364929198828
262.26927175058 5621.878930493353 -104.3256174723352
268.1524079288372 5621.614434394864 -100.0864766438968
268.4890872029361 5616.026406358385 -96.5973396301254
302.1674927858355 5617.430156258376 -76.46974945067673
287.8140624537135 5612.425442581396 -82.38520812987916
307.6001736087716 5636.711352356861 -82.78578186033621
301.7352661911705 5636.931808572061 -86.48002624511253
301.6687816372414 5635.078867434877 -85.63832092311314
307.4672045018942 5633.00547008214 -81.10237121556874
401.9695921530578 5567.332216045443 -21.6345043182524
409.1976151802205 5572.76466012099 -21.1612434387207
398.4572709844279 5570.181159931362 -22.84102058410424
396.7907544227832 5575.776785107138 -24.34001827239381
398.6253370826944 5578.51994651769 -24.4388284683207
414.8023760522041 5589.35490018205 -22.76849555969197
416.2707907992129 5569.870242634871 -19.47480869293294
414.5855672529847 5575.459996373946 -20.66380405425377
416.4108387673568 5578.209189893968 -20.76310920714999
418.2304966595107 5580.963169795535 -20.85595417022196
419.7925023751538 5567.033213367322 -18.53592681884766
427.0019803204529 5572.489674978427 -18.21082496643015
356.8404686361611 5612.864080827087 -47.83243179321239
358.5344701471283 5610.038527188901 -46.15662956238345
342.5417975616167 5607.715417853974 -52.39514732362525
360.2322880584367 5607.214157074869 -44.55709266663398
357.2375926251349 5605.439650061197 -45.26037470503503
363.0882795730557 5603.429440627014 -42.19207890824621
360.0842066135552 5601.655014273801 -42.79714965821491
358.2420587986794 5598.920206863722 -42.67369270325523
361.5593238018221 5590.483742918363 -38.62268447876001
372.2144090477239 5638.429896604544 -50.12771733604342
378.0324492792391 5636.435779998884 -46.8763643900467
375.1855488230546 5640.212639125373 -49.403667449947
370.0476961491233 5645.895466864909 -53.69493293762915
357.6074482939371 5640.665174521862 -57.7215003967153
361.2775232853124 5646.12454485852 -58.04022216797533
336.6335011447377 5588.415120277897 -47.98878860473992
343.8125483750852 5590.979538533613 -45.83936882019043
340.3474651722498 5593.86887364949 -48.31385993953852
333.344444541091 5596.863275683781 -52.44319152832031
327.751089763261 5588.698978976156 -51.86211204528809
345.50672792313 5588.149291495666 -44.19666862488211
358.0847711948231 5593.361207101027 -40.87795448302197
352.5362331317127 5585.164269277522 -40.4893913269043
351.0721591025016 5596.331797591992 -44.67477798461914
336.26999252792 5688.59393591233 -90.1679534910654
343.3180705054898 5691.150581856972 -86.67011642456055
346.4699469911594 5679.926923425382 -79.78796768188737
350.0403928440894 5682.606926967552 -78.94166564940447
347.5531744822354 5716.064816354874 -95.50133132947406
352.8267911639163 5718.690196629572 -93.20373153686447
352.5074670104115 5707.570456496857 -88.40708541870117
356.0573528512219 5710.253151119817 -87.48452758783908
384.9131948670082 5681.704403501256 -60.26845550535769
386.7203406319735 5684.443425977248 -60.45181655887482
391.7082416922898 5673.207737928045 -53.84939765930176
397.0065365027062 5675.882552222137 -52.53742218018403
255.0883815511451 5594.355526011956 -93.67050933837817
247.8639463070066 5591.911316779968 -97.05758666992601
256.7353493182534 5591.495929543155 -91.12568283082177
258.262758522 5585.858556534677 -87.4312362670972
256.3594791024581 5583.159201265337 -87.31591415404036
257.047136525413 5610.979515977575 -101.532880147289
251.1516427520722 5611.256157534777 -105.7184168497813
251.0678732047274 5609.403509008707 -104.7563018798517
256.8795974305783 5607.274218925477 -99.60865020755151
251.1101180738076 5618.429798665021 -109.9233452933177
256.9640871687931 5625.326798238003 -109.9427370343892
262.8180562637223 5632.22379781092 -109.9621287754604
268.6720253586409 5639.120797383824 -109.9815205165316
274.5259944535787 5646.017796956749 -110.0009122576029
280.3799635485792 5652.91479652975 -110.0203039986744
232.8884249939443 5601.011310880161 -111.8240229288788
239.0722869864067 5606.272054986111 -110.8639882405548
243.2138000321717 5606.061794743551 -108.0514221191401
306.9582597942723 5603.338545812592 -67.61303138730027
305.0881667237039 5600.621937412261 -67.40227317812564
304.1494792346446 5607.152650213248 -70.79125340780095
309.9807922105917 5605.082895868495 -66.86325327556759
324.6662881635036 5602.717618748782 -58.67917823790638
322.8055060052284 5599.994932296692 -58.4880905151456
315.6173347798079 5597.454521071702 -60.78204917907715
283.3694981952568 5590.333313603373 -74.47600555419922
290.5758474962895 5592.825659983929 -71.54898834228516
308.3207457054712 5592.150481004052 -62.11819648742676
309.9960683691662 5589.308468952366 -60.17575073242671
291.9220307823209 5581.640313663246 -66.12643814089726
293.8067544698 5584.351888038464 -66.2869777679585
300.4955344596008 5572.959087261439 -58.25387954711914
302.3802581470724 5575.670661636679 -58.41441917419313
295.0414094018125 5570.382828143054 -59.86450576782227
298.4989631339163 5567.469694693706 -57.07190704346454
247.0675306482601 5575.238563514616 -89.0630569457967
241.5860876554674 5572.716620187894 -91.13407516479538
245.0151179359829 5569.767906063049 -87.61559677124333
238.1589371329677 5575.672487915707 -94.64017868041375
236.1065244206783 5570.201830464141 -93.19271850586752
238.5794688870712 5584.00849861693 -98.81512069702683
220.5497017397633 5476.279901697751 -58.26885604858104
206.100057757773 5477.971239161433 -66.03849029536802
199.0490154625269 5482.070280729243 -71.44155120851687
309.5532854409293 5475.244465025497 -24.22669219969927
304.3079561586605 5480.988030505139 -26.75595283508328
291.4177241003935 5475.905881920177 -29.31898784636182
293.1225416857131 5473.055567525065 -27.9385290145874
295.2586642028645 5481.321565991162 -29.6442766189634
294.8311416330445 5470.206437742815 -26.67691612243738
297.2751157037242 5486.810144563684 -30.463647842398
295.360048054615 5484.10041228258 -30.3115348815962
282.9572503149839 5445.616771017362 -23.79559993744013
284.5708687794882 5439.99014613207 -22.32525062561301
290.1509545425096 5442.553812946663 -21.60421466827393
295.9275087706782 5450.689473334367 -22.02291774750312
271.9055238301357 5443.276563154248 -26.03813457488925
264.7212458378877 5446.363561073841 -28.84504985809031
266.3164332980282 5440.731085962937 -26.95507812501297
282.6326421486701 5437.285638052352 -22.1410140991211
264.3690849474556 5438.032708395958 -26.72402095793085
282.5282031979271 5434.506974048933 -21.65860843657226
228.120420690248 5553.893153609032 -89.89349746704814
224.2629028686355 5548.515760599929 -89.57083892822465
215.3081719632955 5548.986419807109 -94.73603057861895
215.1575289882916 5546.208018658824 -93.47259902954225
259.9428023439489 5544.01078682448 -67.74338340759863
257.2992734418475 5538.566383546476 -66.91150156654132
251.3226607036028 5538.840193246712 -70.27603276569697
268.889331457429 5543.618331261762 -62.70911026001235
269.2527581632616 5538.038781983098 -60.37437438964636
275.2296301464836 5537.784990119954 -57.2017784118765
277.8546394323213 5543.237643467054 -57.95021629333003
270.3329403401316 5535.206738274336 -58.69748878479005
265.4490021013886 5560.477325632439 -71.60310872394544
259.497139173734 5560.742796922353 -75.09129587809566
259.4176495657849 5558.890193999788 -74.37208302820447
265.2900228856246 5556.772119787251 -70.1646830240626
252.0209185874137 5566.649058801144 -82.06203079231111
246.539475594645 5564.127115474301 -84.13304901124009
262.1776712554963 5513.288480161724 -54.13190841674579
262.4148205003345 5518.846039785232 -56.16709518432781
260.255039932743 5510.587200696901 -53.99555587774372
288.7653065570595 5501.049859693548 -37.7739276885909
290.6787406398232 5503.757259550996 -37.91047096252221
237.6284112814787 5528.346237690091 -73.11765289307232
234.172509117658 5531.304811852991 -76.26866149901828
230.3082837730111 5525.922832631941 -75.97712707519531
239.2913952516085 5525.481813233908 -70.98591232299805
240.95454534954 5522.615012563092 -68.85306167602525
226.4258102373115 5520.550771817868 -75.56984329223965
234.4794941197499 5500.650085799216 -62.62609100344664
234.6125703955491 5503.428623485637 -63.77175331119017
225.4407936972208 5501.097895841664 -67.27430343627857
240.2949475115217 5508.725586072583 -63.23325157165989
242.2323740935553 5511.415860660098 -63.41666221622929
236.5535896635649 5506.117628811387 -63.98170280452236
226.1515337532433 5514.993696559562 -73.25358200069003
224.2105144851601 5512.304691233852 -73.04363250741255
233.4899094526304 5517.407183210654 -70.50985717773438
334.6128088785205 5402.107186030928 -11.08505725860596
341.7313633748879 5393.563463285926 -10.06340503694018
329.0181905306846 5399.496716237782 -11.30403327941703
329.1823576014961 5405.054181037593 -11.69902706146205
329.2645362117697 5407.832944204466 -11.91184425354003
333.275684580687 5418.834597201724 -12.54036474227905
338.4520826445665 5407.558525678648 -11.23156166078172
340.3663592590219 5410.283670420012 -11.2971553802342
305.9842310450152 5425.28347661473 -16.08851957321207
302.4228064744693 5428.194739281294 -16.99448966979799
318.9800931563469 5430.414903607174 -15.19897365570468
320.71503891125 5427.574107970885 -14.62301540374828
300.6970772292302 5431.041488858946 -17.74139308929274
300.8015161799875 5433.820152862357 -18.22379875183509
327.6955231207474 5416.22758097159 -12.82662677765249
326.0298745315715 5421.840001008839 -13.46130609512376
324.2857200157143 5424.674837164853 -13.91589164733887
322.0187261626511 5410.838348011576 -12.83278560638449
314.7086307800993 5466.718435783966 -21.26573276519909
321.8876733902714 5463.69411272267 -19.37635231018066
276.0043586223749 5454.248935931181 -27.92939662932743
263.0161362367542 5449.218627923385 -30.20116233825726
259.492043409362 5452.158562491726 -32.31707000732314
257.7962008655033 5455.019559568138 -33.95793151864878
260.9154063691299 5456.738431147576 -33.51483154295214
254.9306955704788 5458.857690330926 -36.38933181763044
397.036892475885 5495.136328283248 -13.53842735290627
393.3095653689157 5489.652256231102 -13.37405633926392
387.9956419134451 5495.313487477622 -14.40510892868057
391.4496339460426 5486.906029568797 -13.30296468734987
406.0597254789975 5494.971276103187 -12.6455736160277
421.9194059483092 5466.923285339743 -9.573577880859375
423.6982627645037 5464.120592352574 -9.327989578249344
414.4875667830676 5455.912314612602 -9.374351024627934
372.3846261534804 5445.60639851667 -11.42102384567272
374.1451667210393 5442.787035446273 -11.08515024185216
363.137878004715 5440.265679449806 -11.76296377182007
357.5939332710041 5437.62939052708 -12.03578233719201
355.9066990758391 5443.232480330271 -12.60696983337447
355.692212494332 5434.900457349378 -11.9707202911377
354.1553780820827 5446.057809340078 -13.01388549804688
355.5475125434452 5429.342631656324 -11.55043125152855
355.6244445039235 5432.121515362854 -11.78084945678605
357.3008683700607 5426.513760670617 -11.18139314651588
360.890025556605 5423.638484871532 -10.71240091323853
356.8092236282841 5407.058092001251 -9.957071781158934
351.5961458071448 5418.316303801515 -11.03237771987915
346.0250087458625 5415.691129291566 -11.2754383087178
347.6214816062999 5407.302333063961 -10.53572082519531
337.6686233664852 5443.738160218082 -14.48531007766613
344.8904674289362 5440.74731898597 -13.44724988937341
350.5848119455234 5448.937870096193 -13.646409034731
348.8427177021206 5451.769158719835 -14.14990711212158
340.5434855033723 5479.809963709838 -18.72690105438212
345.8260180146405 5474.102186272461 -17.17391395569019
347.5586567884421 5471.269680140802 -16.4998340606708
331.4936495514373 5480.083348731378 -20.49572277069272
327.6894012363161 5474.643239057713 -20.24752044678349
329.4127743913924 5471.804790502367 -19.3837623596256
331.1399115643557 5468.96753427243 -18.61080741882294
332.8725503381293 5466.135028140756 -17.93672752380577
385.380348901955 5456.448819298378 -11.27860832214176
403.5293382525333 5453.320795417522 -9.883108615872896
403.5734232761931 5456.099946755192 -10.03199100494248
349.2950505669331 5468.438370087015 -15.89596080780036
334.1584469941593 5566.237136860966 -41.43659400940331
336.1177899819107 5571.73891153772 -42.51501846312786
330.6819556758522 5569.126519783865 -43.73945808413632
325.2479942088721 5566.521274003509 -45.04759216308242
327.2073371965992 5572.023048680273 -46.12601661681921
335.7765099768461 5560.625216949506 -39.1389636993447
325.6157478557053 5577.641976201598 -48.84611320496447
327.4875301241294 5580.360898509525 -49.03941345214842
320.1817863887507 5575.03673042153 -50.15424728400096
317.0063807104801 5586.275779281197 -55.75159454345703
311.5798847065508 5583.688347613926 -57.29850006107966
316.2223315668386 5511.181622121554 -31.23792171477573
326.7654941124402 5502.484355182493 -26.00584316253492
323.5157480213288 5513.715884322397 -29.57797718048096
283.0790795618727 5554.162927397053 -59.59641520181891
277.1207378835617 5554.40848648591 -62.77684911093938
281.7700989874908 5551.430728492751 -59.14361572266288
277.2797170993312 5558.1136923311 -64.21527481081942
283.1585691697829 5556.015530319632 -60.31562805173881
277.9680257269164 5546.016566806701 -58.95296478270713
286.9149323248657 5545.654112640572 -54.34536933898926
286.8015460302755 5542.875189300924 -53.34262084960938
285.2353479795262 5548.503206622141 -56.22533035278283
300.079580206528 5561.846173949186 -54.27105903624607
298.1857783623637 5559.137160788918 -54.15373802185491
305.5337052643023 5564.422433067577 -52.66043281555176
293.2219595871917 5523.141854957064 -43.32400894165492
294.9131850818527 5520.292740746496 -41.61361122131322
302.2156333032705 5522.802882596877 -39.56313896179199
306.0061100146925 5528.233825636132 -39.86499404906714
295.7672128750023 5542.524517450071 -49.0858459472609
290.1721689744562 5537.180526405963 -49.77240753174688
295.8712936942797 5545.303547922407 -50.01864242553341
298.9299052788759 5531.271848700855 -43.69634628295898
306.2140405550097 5533.79183149038 -41.68428039549968
191.2422234750103 5536.382390855686 -101.8518524169923
198.2606460046818 5533.200931466862 -96.42242431640966
185.3683647096184 5528.362956677965 -101.1029624938993
197.4462191139208 5497.018283689022 -79.41459655760765
191.4210010837756 5497.357000970169 -82.65027618408234
198.3631348384147 5502.537187802521 -81.60205459593203
189.325307793302 5503.045263724382 -86.45557403565785
215.5224743559175 5496.042318391051 -69.90957895913807
209.4969557499737 5496.360942399463 -73.0442479451452
210.5579415011852 5493.516434917517 -71.19025802613689
206.7912329441867 5490.928150211549 -71.80529022216669
204.9861569417823 5524.463842122199 -88.59880447387695
208.4325811851022 5521.4933752707 -85.39305877686537
180.4671934669493 5506.349263731478 -92.83636093138969
182.4357818678353 5509.019771165586 -93.09057617187241
186.2044316025056 5511.591183870816 -92.37556457518821
678.0464620290965 5914.54919640568 -14.9051141738862
676.9025404875567 5900.582920221518 -14.25386762619301
671.9951550514144 5897.615225819532 -14.67664957046509
678.772306183836 5895.082349621907 -13.67379283905029
678.8733018493482 5892.302047266222 -13.50133419036913
665.6996880825146 5886.264833262751 -14.83633661270142
655.8374592776937 5880.360386520644 -15.72017049789429
650.7218316358462 5882.984754018383 -16.72434186935203
648.9648222084702 5885.715630775473 -17.29829359053848
655.2995090719445 5897.043218797989 -17.12270069120159
643.5303827382907 5899.462544518982 -19.61916732787633
645.3614106245503 5893.949737194804 -18.61234283447266
645.110555094855 5902.296172706137 -19.58104038238525
645.4429726885853 5891.16915627923 -18.31530570983887
653.8106145664772 5891.429141520673 -16.93802785873229
549.2379518855104 5814.125628612608 -32.6035814284982
562.7140550796033 5822.618227715726 -29.63069915771592
564.4476818115041 5819.861571157303 -28.57846546173522
561.3325474422637 5797.572636782435 -25.45768356322868
571.4339348961446 5806.048690182952 -24.08867740631038
494.8263911324294 5738.797003489492 -35.57683372497515
489.6585049519591 5741.589880208189 -38.39651489257812
488.011037375955 5772.17535761037 -47.88369941711426
484.5938283174673 5774.967752231495 -50.27670860290775
484.5517311322483 5761.062433173053 -46.21417236328125
479.4125178826708 5763.866000589856 -49.33820915223031
477.6790490499599 5758.310179741695 -48.47348594665122
476.1429084478197 5797.249025420118 -60.62602043152473
486.3887714896981 5805.548889206223 -58.03335571289062
544.2948814425368 5797.39022621359 -30.73117733001837
546.0284204576277 5794.62780666963 -29.65998649598841
540.8642663669546 5800.137984986888 -32.48276329040527
528.9924751244876 5791.717631132797 -35.13329505919835
529.0135883927496 5788.936961621004 -34.51579761505612
593.9063754309287 5695.173822353946 -10.49906635284424
592.1180682257275 5697.923690173589 -10.77913761138994
556.9225903393905 5736.338169935439 -17.76768398284532
553.5015420386846 5733.517577612191 -18.0115909576416
563.6042776501037 5753.103404648972 -18.47545814513971
563.5393076551233 5758.664353021409 -19.21042633056221
558.4174173142277 5755.818356250235 -19.78693199157715
539.2996444230741 5783.439297778576 -29.50118064880737
546.155051924244 5780.719917331055 -26.77232170105303
549.6028569077354 5777.969984121669 -25.2518424987793
559.9653313577612 5769.743842040345 -21.36471557616951
561.7121577226443 5766.982799084237 -20.58092498779159
563.781773429091 5739.198963871677 -16.90367317199707
558.5758821570068 5741.920824824758 -18.08621501922372
555.0995431882394 5744.658719383151 -19.00109481811523
567.0806166188357 5750.365510090563 -17.56057834625244
572.3189421483819 5744.877347859929 -16.19614315032948
570.5588547718806 5747.634691011194 -16.73930931091309
575.8047635069839 5742.151322031258 -15.49177503585998
589.5380160034827 5745.155076069997 -14.05726623535009
587.7684228568864 5747.906453090575 -14.48405694961428
584.6125913811464 5731.165449905645 -13.56661272049447
588.016371636859 5734.002536032037 -13.40427923202445
574.1705763980356 5736.562858884403 -15.22731781005561
581.0200999053022 5739.447248457212 -14.58322095870972
584.2807048586826 5750.625399755007 -15.12358903884888
580.7948835002031 5753.351425583754 -15.8279571533089
566.707596688794 5778.17036543297 -21.06211185455277
570.1668348295489 5775.439323693963 -19.99324512481902
611.3640638348196 5770.628517631303 -13.56351613998525
607.8782345647203 5773.331041553281 -14.12727975845337
576.5161289326206 5694.883206534007 -11.89708948135376
580.0378187584524 5692.15997074312 -11.44237232209682
574.7372683040136 5697.639061096369 -12.23701572418111
583.1974186732203 5814.583977979567 -22.5063381195105
583.2493884759216 5811.80338027261 -22.15163421632807
600.2381788520603 5812.12079848031 -18.66608333587646
591.9476750201176 5800.826304378736 -18.85847949981689
595.406914037134 5798.114015832813 -17.99444580078125
608.9747010513105 5801.173432519532 -16.13245582580566
597.1691576003464 5795.36943757861 -17.48702335357666
612.7045308463941 5787.351420566831 -14.63044786452683
607.640605717707 5784.452608693287 -15.00120878219682
614.5337889771895 5781.827727208359 -13.97861576081003
618.0196182473999 5779.12520328645 -13.41485214233418
621.5073435590188 5776.429751916641 -12.89188575745063
630.2809743484273 5768.304241072799 -11.61078548431398
633.7838363316879 5765.618428193992 -11.1866788864147
615.4955909443056 5740.121208997585 -11.31103467941284
619.1451088417552 5731.863515992111 -10.61447191238574
608.6654827319893 5737.189657271164 -11.71702814101779
605.273239847038 5734.333745223347 -11.82031106948853
606.7566872092069 5745.49191087518 -12.36409473419189
610.2614301487813 5742.789664528664 -11.90226459503396
591.7153165297352 5720.165108863262 -12.10247993469328
588.2068080804554 5722.881432995275 -12.59557676315308
595.22947897842 5717.446499553599 -11.62922668457031
597.9523223768321 5923.35146059499 -37.72391510009921
596.2317697425482 5926.095762756785 -38.97944641113281
581.3939265923577 5920.256073381262 -43.96127891539903
592.8588698615268 5928.806985326418 -40.98077774047852
591.148019558647 5931.557197033197 -42.35738563536444
599.2793271482951 5979.028905325437 -49.76388549803254
593.4323540303425 5984.475972642168 -53.89481735230038
587.5853809124146 5989.923039958876 -58.02574920655068
591.782096920011 5984.438213489381 -54.59301376339481
598.4541985930316 5979.010025749127 -50.11298370364621
610.1908683980682 5968.136163309454 -42.17501258850675
632.0627799923651 5952.020896330995 -30.43498458864256
625.328660060784 5957.411131750466 -34.23447685245399
618.594540129336 5962.801367169831 -38.03396911619038
611.8604201977637 5968.191602589294 -41.8334613799969
665.1475217824129 5930.823819602935 -19.57556364273135
657.6448690929061 5936.168571903648 -22.83273739285615
650.1422164033731 5941.513324204379 -26.08991114299234
642.6395637139113 5946.85807650506 -29.34708489309757
635.1369110243764 5952.202828805794 -32.60425864323457
627.6342583348638 5957.547581106511 -35.8614323933619
620.131605645357 5962.892333407223 -39.1186061434867
612.6289529557877 5968.237085707981 -42.37577989363866
578.3968379639393 5900.732985771459 -40.65980148314645
576.7775078192218 5897.922278435234 -40.67889976500664
578.3462551204301 5903.513955473692 -41.30434989927984
561.7171256535036 5900.488036550552 -47.85199165344238
571.8105597905728 5895.059019963016 -42.04832458496094
578.5309913237883 5892.38536940728 -38.61178016662598
602.8122916787308 5851.119835410814 -22.88048648834743
592.5957471087133 5856.470448385191 -26.41216659545898
586.0030857844069 5848.010959277638 -26.99152088164825
585.9586370113859 5850.791747453156 -27.53538608549781
636.1290198309283 5865.849729571003 -17.64106655120481
631.1604589390699 5862.926935087334 -18.17936420442498
636.2800343276035 5860.288611146553 -17.06343078613635
643.0963143067166 5857.700274654524 -15.82638263702393
622.6140940680747 5868.267526338992 -20.45402240753174
619.324895096522 5865.404963827985 -20.85322475433815
619.4565414998646 5859.84363520569 -20.10282802581787
626.2634125980951 5857.231746709978 -18.5092716217041
642.6857944552647 5871.60502344489 -17.07324600220078
632.4620432540361 5876.878406564349 -19.43284797668033
639.4083931786304 5868.723886402531 -17.32861900329685
639.0826857341667 5879.846006354322 -18.40383815765381
653.5456619503785 5846.895067622369 -13.74907016753903
652.224996639048 5780.056587107473 -10.36241817474365
648.7202432908833 5782.735318006704 -10.75993204116729
668.0874896024278 5816.758611151666 -10.69390153885143
677.1746524293695 5800.370604848061 -9.347813606262289
686.8638836305806 5814.651703709197 -9.227457523345539
588.814316700401 5878.653711413512 -31.70682239532471
583.7367579281005 5881.348661362929 -34.15752983092765
582.1638670934805 5875.755963898655 -33.59650707246061
592.3305017553175 5870.376704068507 -28.98311233521155
589.0236675935781 5867.53038477206 -29.51025867462159
628.7481723789216 5826.694760730378 -15.41569519043352
626.9857681710089 5829.433567026807 -15.91874217986981
630.2289909739998 5835.079095171019 -15.90651702880624
643.9152919607191 5829.903221330186 -13.77073860168209
630.5143730237132 5823.957190499283 -14.95889282226518
638.6744862698239 5835.310764389408 -14.72034263610838
598.3679894880461 5820.425453551113 -19.87835979461948
600.124612363138 5817.681913493203 -19.2904958725032
600.1765821659342 5814.901315786242 -18.93579196929932
617.0936578883931 5818.057955791536 -16.43549633025545
615.3274572436275 5820.795526022666 -16.89229869842313
613.5650530356628 5823.534332319083 -17.39534568786565
611.80843016055 5826.277872376989 -17.98320960998535
596.615170634203 5823.170224564802 -20.53104305267263
596.4069395240043 5834.292838601575 -22.1239099502638
610.0556113066789 5829.022643390658 -18.63589286804199
604.8530232194749 5834.465839038819 -20.14767646789515
625.7320623374958 5940.698380109298 -30.32889366149902
620.8340346092008 5937.786663331328 -31.5598869323536
620.4822059485257 5951.691317400335 -34.34061622619629
617.2521261813951 5948.829074126361 -35.1239509582758
548.2037534167363 5917.020858606998 -58.54623031617088
546.5727577685974 5914.22050101654 -58.58617973328512
548.1706165915092 5919.802013567969 -59.29595947267013
531.5819081215229 5916.88111158674 -66.88610649109501
545.1129031182639 5891.953475594671 -53.24663925171396
543.3982328548479 5897.502252294554 -55.58523178099723
545.0370804603218 5900.301413636357 -55.55183792112537
553.5054140704186 5889.25710749976 -48.69841003418408
559.5618468218869 5939.396685561553 -58.94124221803434
558.0031898862176 5931.033819393802 -57.45646095276396
566.2573282604333 5933.922631441669 -54.2512168884188
559.6946110402824 5928.271836761457 -55.88965225219727
563.0481732907255 5925.53719306367 -53.59968376159988
564.7493131673023 5922.781087913523 -52.12868690490723
564.7824499925126 5919.999932952541 -51.37895774841308
581.3510424343983 5923.03716862619 -44.66882324218751
579.6401921314797 5925.787380332946 -46.04543113708496
576.2769523409534 5928.510321851093 -48.19561386108398
574.5758124643853 5931.266427001244 -49.66661071777344
526.708200647893 5897.379746367464 -63.67658424378323
528.3567924068307 5900.173112923361 -63.649215698219
528.3353937111386 5902.954249630699 -64.43592643733879
511.676351464629 5900.103131588804 -72.04951095585106
521.7118508189965 5894.568877403292 -65.32248306274414
531.8036026489668 5883.507522640345 -57.30208778381348
533.4929943403864 5880.735223311824 -55.72072219848633
548.542135230301 5883.647701550354 -49.53590393066406
538.5417353902652 5877.987511837198 -52.61180305480957
536.786362255834 5889.09947978926 -56.45009422302246
545.1362009699887 5889.172415477136 -52.49282073974609
572.2277156444808 5867.249586633106 -35.51279830932617
568.9091536110622 5864.421884477524 -36.20820808410645
568.9827118799329 5858.860098414878 -34.91431427002365
575.761157038664 5856.177660677866 -31.87132740020752
594.8681325031912 5825.919719822386 -21.29685974120786
494.9319055076996 5836.123235422177 -62.04055023192949
496.6251319751676 5838.901216792188 -61.9593772888045
503.3980021998842 5805.531243442026 -49.83788108825661
505.1027723213835 5802.753412000992 -48.30397987366238
528.738432901496 5836.205354753154 -46.22107887268066
516.887839107716 5841.7137698267 -53.07715415956721
520.2916491204062 5833.38049596693 -49.27956199646011
571.0294567196477 5833.855676647198 -29.06834316253666
562.5443831588397 5836.522085101131 -32.59289360046387
564.1989347946999 5839.323431984403 -32.58201026916885
545.6415226409704 5836.334392227871 -39.03911018370827
545.6704511477674 5833.553587572389 -38.39618682861893
547.3057564028927 5839.129918455971 -39.02175331115723
527.1030732494419 5825.074321268112 -44.09869956971369
525.3982914679058 5827.848698688601 -45.60239410399566
528.757718199709 5833.42451539554 -45.51630210876465
544.0447500115267 5825.197600371795 -37.03094100953192
542.3303453868652 5827.966084969109 -38.43134117125696
537.204466308114 5833.480220720472 -41.80397987365723
484.8769334632602 5863.953779795421 -74.59381103514785
484.8537056774848 5858.391806881928 -72.9932556152397
491.5840988774482 5855.592110035399 -68.92056274411645
488.2673273814934 5877.847273447492 -77.02619171142578
491.6092697688699 5869.49943489319 -72.86029434204522
494.9686628144693 5872.273473561911 -72.00852584838867
488.2440686811572 5866.723108431021 -73.72467041015625
437.0280575024485 5803.153379124152 -80.1248893737817
448.9976559772349 5808.578910534125 -76.29878616333893
438.6943470358765 5800.349805868374 -78.46208572387695
424.8686064246137 5786.638648998726 -80.48659133910695
419.6989281090148 5783.934129599423 -81.93033599853398
426.4869964329993 5781.049917920595 -77.76136398315889
425.0298434446842 5797.760984496557 -84.09185028074624
426.6961329780427 5794.957411240759 -82.42904663086806
421.6665816632717 5800.591022431134 -86.64500045776377
494.9087713002014 5822.218957062071 -58.37349319457813
496.6039220842946 5819.438700759017 -56.82313537598294
498.302924322149 5816.659643570589 -55.27708625797651
481.3321858768581 5816.694891943084 -63.4650020599713
506.8075395033555 5799.9732752893 -46.74708557128925
510.2189932211685 5797.201941297793 -44.4747829437316
505.1277288051784 5783.286131362576 -43.09243583679583
505.1353930682432 5772.163563087684 -40.10931587219278
508.5640944292505 5769.3900088215 -37.92952728269191
481.1823745118185 5777.757829308454 -52.68418884277389
479.7315112246603 5838.942256680148 -70.18492507935018
466.2359940110545 5841.80168734896 -77.56850433350483
478.0286376657616 5836.17015166619 -70.26241683960785
478.0189951285676 5833.389291490467 -69.53158569336244
469.5529260492785 5833.433310919067 -73.61701965332018
663.951966692196 5838.880343475127 -12.15560054779053
665.5482216665204 5841.716332774671 -12.15323638916134
668.8295377100875 5844.616189753384 -12.00470685958862
639.464322029495 5807.507181393808 -12.86205816268918
641.2457486580421 5804.776881696666 -12.53187417984009
635.9860766552807 5810.195748112625 -13.40798330306853
651.2012789224584 5813.425881300739 -12.0449891090393
652.982705551011 5810.695581603607 -11.71480512619019
634.2142074169775 5812.932039449633 -13.80773687362176
651.1107920034318 5816.206075268948 -12.1886982917801
693.0343719603864 5873.360095673985 -11.16096687316895
689.7865785949091 5870.444251204845 -11.31381845475451
686.5367993768029 5867.535385455578 -11.48741054535974
664.7863418470316 5863.957239926351 -13.49186611175537
659.4695174656124 5872.131504067969 -14.68491888046265
662.731161471317 5875.021836718696 -14.44352960586548
709.8153262481173 5874.062234289639 -9.793564319610596
706.5774422705534 5871.134844103635 -9.931601047515869
706.0964863057317 5882.254533573721 -10.36206102371216
670.4160404028772 5847.457906935133 -12.00322914123329
670.3135793069076 5850.23804846371 -12.14782524109038
682.4373400889608 5842.320538632546 -10.67588996887207
685.7088118908422 5845.231991095991 -10.55194234847836
687.1734145989551 5850.859407133308 -10.66754961014048
687.0709535031539 5853.639548661911 -10.81214570998425
688.6514960502424 5856.482386001893 -10.80762004852489
686.7459404317409 5861.975071422784 -11.19276189803979
681.5980454139341 5864.560265938125 -11.78680753707886
482.6658290467782 5711.019497663156 -32.7309074401883
477.4750888310236 5713.822938083819 -35.23696517944165
477.4560870069583 5708.262235840868 -33.79460906982774
512.1434239972693 5708.226695610701 -23.37547683716203
517.3341709532235 5711.019497663146 -22.4901704788208
512.1244221732225 5713.787397853641 -24.27811145782614
432.6961898829465 5733.683150536613 -58.58528709411503
434.5611488146228 5744.782842815754 -61.75356101989746
432.8773720271806 5747.587458528371 -63.44684028625488
437.9706869501419 5741.962231318533 -59.41836357117175
451.7806567460661 5744.587842635629 -54.83354568481357
450.087313229742 5747.386592280694 -56.46275901794065
439.3955227797095 5716.913589828321 -50.0738487243998
442.8261437435799 5714.095371188903 -47.82772254944172
435.96681181511 5719.73888300225 -52.36690521240065
463.6953195246103 5725.024945855401 -43.67857170105335
463.7410206234098 5730.585732557704 -45.49692153930276
458.5350911389781 5727.842623042055 -46.5964527130127
447.8838503004366 5700.135316193414 -41.41412544250488
453.1238732920873 5702.867541998239 -40.49832725524536
442.7691363481703 5708.534764521151 -46.00027275085829
447.9977850435068 5711.256435806866 -45.00027465820312
480.9818586092303 5724.930264074587 -37.08856773376277
475.8120691916504 5727.730215696278 -39.91085624694824
474.0253787154207 5716.6175294153 -37.27917098999133
525.9708181633752 5716.61752219385 -21.30651760101318
522.4944867361362 5719.383669107398 -22.56789016723633
522.5742947742976 5702.701599666095 -20.13538455963135
526.0316243774888 5705.496154995491 -19.77664661407349
580.4371680845634 5667.135581213036 -10.12984609603882
589.1701772323169 5667.281117113349 -9.528286457060398
589.1248416480862 5670.061142531778 -9.652596950530304
554.4131286092418 5647.333378447172 -11.14195680619264
554.3867222984103 5650.113441744544 -11.3127326965302
545.6552520869687 5644.467062583985 -11.68914318084717
554.4451480722479 5644.553382420238 -11.00203037261963
548.9069708080988 5672.298886876409 -13.18208789825439
554.1734121097628 5669.573970137776 -12.45943355560773
554.1204676625273 5675.1342615908 -12.85227489471199
575.2690893909402 5661.502348303256 -10.25131034851074
571.6851615393323 5667.007772505443 -10.7628436088562
563.1483006820479 5650.211560842872 -10.57766056060791
557.827231989808 5655.716319976052 -11.33034610748291
557.7913682259291 5658.496370236704 -11.47486305236816
575.3502564546235 5655.942295488974 -9.988104343411244
575.3049531548389 5658.72229804261 -10.10679340362437
458.5412597489376 5505.437594168317 -9.623847961425783
462.1801409093188 5510.974907598747 -9.704683303831043
460.3958664548173 5513.764595370764 -9.949504375456989
456.818079401976 5516.568087835935 -10.33494997024545
417.3239779384991 5522.58867750354 -14.00471401214587
413.7741160372018 5525.42805383931 -14.65745210647513
406.6410861556279 5528.32257509723 -15.76340961456328
413.8706100494465 5530.98694400451 -15.24237585067488
401.0993611949803 5520.083219819637 -15.53677797317505
402.8465047409227 5517.269669187018 -15.03096485137926
424.3959815049849 5514.148413226705 -12.63142633438055
424.3256283435678 5508.589550881698 -12.22905158996582
422.4858828854177 5505.833560569079 -12.17342710494995
385.9049870834953 5481.456328426642 -13.30321836471534
387.7741161946226 5484.196497040835 -13.38641548156948
357.1452839585506 5490.48105868833 -17.78281879424718
360.9094237163209 5495.940859053261 -18.01138877866212
351.8685472090342 5496.178104116098 -19.39289569854736
373.3581085249473 5487.296445911357 -15.23782777786522
375.2272376361342 5490.036614525528 -15.32102489471044
369.6734344280836 5484.598985684172 -15.34687232971233
333.8056463252001 5496.700534570467 -22.99520301818848
342.8462948206075 5496.433236610698 -21.21081542964215
330.4612109690614 5505.152950743442 -25.72076892854187
332.3526166475923 5507.873814195637 -25.87031936645054
345.4393478440473 5524.171485172847 -26.12173080444309
341.9268997894861 5527.058608346015 -27.75248718261541
342.0976667463308 5532.616981497596 -29.16897010802573
358.533043626904 5543.281803957065 -27.08990573883057
358.4568625738652 5540.502507665107 -26.4642667770388
371.2000948422731 5548.526163884345 -25.01978683472167
507.1145414514079 5580.335837853269 -10.86646413802919
512.4392335512467 5583.12103095953 -10.63747692108128
516.0263805465928 5572.011474131697 -9.79595947265625
443.469694254524 5613.994742281358 -21.55042552947667
445.205177611798 5611.19401381794 -20.78521537780756
463.0819524980156 5638.843309669365 -22.14513874053955
463.0668959260089 5636.063288795902 -21.73879623413769
457.849415892972 5644.437330007725 -24.13698387145968
445.5021128527549 5638.998089448331 -25.8172721862769
449.0783434403111 5644.517637698627 -26.20438957214783
466.7922331190151 5669.395759423105 -27.22737503051758
465.1799296439532 5688.86606148067 -32.47555065155029
458.1970225644068 5686.142766927603 -33.91681385039892
500.0000000000018 5710.98988095725 -27.18166542053223
484.2175139162923 5649.8516746427 -20.03144836425079
475.4369125112247 5649.884403710773 -21.54922962189233
470.2100560657537 5655.478459142149 -23.66179943084031
470.2308184259125 5658.25856263379 -24.24612140656577
432.5507556574297 5589.098099536712 -19.57129955291748
434.2919310991613 5586.297420110951 -18.92657852172993
439.7175396835386 5594.570465091324 -19.25192451476941
446.8413418174611 5597.278612953074 -18.62197589874086
446.7776949116134 5591.719019525493 -17.8639364242567
430.9256634342348 5600.24643280332 -21.62059593200477
429.1208410865737 5597.487518801524 -21.50727748872737
448.6368195470276 5600.04352646866 -18.7155523300155
448.6686777184165 5602.823358397423 -19.12892723082932
430.9668931147629 5603.026225011145 -22.12394237517397
434.0846009736629 5569.619127512231 -16.88634204864319
437.6156894208733 5566.794020837615 -16.138077735901
432.380679309516 5575.202991224724 -17.83857631681708
434.1966346916325 5577.958206158353 -17.93668270110949
544.9845557738652 5905.863646439963 -57.07938575747943
561.6042648094868 5908.83123618287 -49.99573707581875
545.0059544697248 5903.082509732675 -56.29267501829185
508.3965429824063 5869.499439244102 -64.6328277588098
498.3261188579073 5875.054505386998 -71.16109085082168
505.0410250775886 5866.711412533663 -65.4735012054541
505.0255192889932 5877.835583369117 -68.65534973144531
380.9254111101102 5734.641276054759 -83.4541969299612
385.9137023847382 5726.181872118666 -77.31427383422461
380.6587734251287 5723.520760284733 -79.00004959106518
415.9027483698892 5761.747005467044 -75.85722732543945
410.8020809809869 5764.621244157941 -79.43996429442437
408.9922099078753 5759.089326596902 -78.2925529480835
408.8851918462734 5753.528629229639 -76.24306106567141
403.7845244573368 5756.402867920522 -79.82579803466797
412.2755006299718 5750.684492647195 -73.52402114868096
395.0758791916006 5751.015283328727 -82.29394149779726
391.6952102178415 5753.87116581 -85.29155349730328
400.2949103604866 5753.690999827611 -80.6268463134727
391.8213449345712 5759.431708413596 -87.48262023924431
398.7412707879866 5762.065705527418 -84.62242126464844
402.3916889082317 5773.118787121611 -86.86994552612305
399.0226186990034 5775.969938836372 -89.86228561400789
373.3987723427127 5709.790921768895 -77.32959747314005
378.6649762068017 5712.441246421352 -75.54113388061523
373.5318120334873 5715.351050048597 -79.53092575072966
378.3990834614721 5701.32107635609 -71.16226577758798
383.6766409255854 5703.981909264016 -69.58061599731883
416.2549354921783 5678.311635390637 -45.54157638549578
419.7878968458371 5681.0394641865 -45.17279624939759
405.9400892938609 5686.837073057581 -52.71755409239875
412.9510939000848 5689.489037808075 -50.67634391784668
425.8054874983583 5614.21536837942 -25.09283638000488
424.0831989426725 5617.023218515632 -26.13185977935296
441.7379926292457 5616.796672167259 -22.39482021331989
441.7736767003411 5619.576559414586 -22.92724609374526
427.5315663035593 5611.408715289254 -24.14692211151123
424.128275297971 5619.803060787724 -26.76800537109375
381.0195981538861 5587.229265222932 -30.99037456512449
393.5608546421402 5592.525134950274 -28.55464267730526
388.0681857268006 5584.291927501634 -28.24178504943762
386.5291433881399 5595.448086804722 -31.32224559787769
406.9755299306281 5547.783763349862 -17.99864959716993
394.3451506894086 5542.455296779115 -19.25150775909424
403.254754734038 5539.505113653395 -17.53741359710897
394.2875582304491 5539.675869284328 -18.85785675048855
449.6996141403963 5524.972530155561 -11.38814496993971
442.547842625663 5527.819178528783 -12.15525722503662
438.8273426661292 5516.741977632744 -11.63186597824117
437.0616203715855 5519.543613038344 -11.97919750213584
421.1708056461449 5539.211638688512 -15.22290134430086
430.1196449085488 5539.088898523249 -14.21583318710416
433.6397478544094 5533.489050648061 -13.41780614853218
415.7049285335696 5533.74067370241 -15.30776596069463
465.97308258611 5541.521109094183 -11.30998992919853
464.20001552551 5544.310922280674 -11.63551044464113
282.4925694686646 5654.400920277322 -109.478916168214
273.1686967417589 5642.747170225802 -109.082439422591
267.5861871881711 5636.504295997929 -109.2467422485511
262.0036776362498 5630.261421771921 -109.4110450744622
256.4211680843088 5624.01854754589 -109.5753479003739
250.8386585307012 5617.775673317996 -109.7396507263347
250.8211422755383 5616.838112841908 -109.234355926514
261.9774032530394 5628.855081057298 -108.6531028747619
267.5686709329942 5635.566735521825 -108.7414474487304
273.1599386129398 5642.27838998634 -108.8297920226987
266.8480278404219 5618.885967102718 -99.34941864014071
252.458330276207 5613.97739750051 -106.377727508565
302.5959241200039 5628.547279529263 -81.72853851318358
307.3944406335288 5631.152608104136 -80.16274770101504
301.5232539015333 5631.373143478518 -83.75907389321335
290.0057144640379 5637.392606681509 -94.28188069659895
284.1410701544597 5637.63294857576 -98.38949076334114
284.0683062863915 5635.780086597651 -97.44986724855831
289.8601867279386 5633.686882725274 -92.40263366699976
301.8808982890149 5640.637556319632 -88.40179951982338
307.6729896576109 5638.564226230669 -83.74666849775473
307.8060541689275 5642.270133640084 -85.46348063149894
301.9474305446286 5642.490510024361 -89.26020558673409
299.8150686938724 5648.13385776391 -93.54330825805617
334.7710125162736 5585.69012121622 -47.81705474859938
337.9839441955602 5574.462657826714 -42.69149208068738
329.353684337796 5583.084644798511 -49.21588706969793
343.4087371948228 5577.0859488352 -41.4943599700848
356.209407825271 5715.813099783906 -89.81645965577421
358.10233126331 5721.322647422504 -91.11741256713051
361.3328929505466 5712.885601912787 -85.39820861816406
364.87527804704 5715.573137986495 -84.52476501464442
363.3646909771528 5723.95883369024 -89.01716613769531
292.2417280822178 5589.977778173795 -69.41497421264374
299.2424017148035 5586.921259596593 -64.49555397033566
301.1234738462583 5589.634093508501 -64.67310333251953
304.8746471863755 5595.063537227471 -65.06864356995679
297.8908948645269 5598.105549916694 -69.95718002319336
291.5857310067831 5573.303109769681 -62.7830734252808
289.5891596810766 5567.813717201949 -61.60110092163858
282.6854194544279 5573.658998224614 -67.60317993163274
280.6702346768669 5568.175828858381 -66.39583206177043
287.6953578369451 5565.104704041665 -61.48377990722535
236.6612703977831 5581.320138732814 -98.53177642823002
231.1817071630113 5578.805349009053 -100.5904197692871
228.1943017148333 5590.101783299787 -108.6330375668129
221.4410138782201 5540.309378142453 -87.26555379227644
215.4649799995636 5540.623247404293 -90.66595713301652
224.1215798060716 5545.737214766085 -88.37199401855341
227.1347146829573 5534.438457837785 -81.49664306640625
234.4548421913592 5536.86186289582 -78.63716888426792
233.067262079687 5545.284722367651 -83.13071060180816
233.3933811595531 5539.7016735694 -80.45695495606093
239.3697145624687 5539.407838258174 -77.04875946044933
262.8422653121603 5568.941892201758 -76.70686721801758
264.3853889067626 5563.306840828972 -73.43770217895984
259.4037111940784 5571.878751726245 -80.05083084106445
253.9332368566561 5569.345838352601 -82.15253067017208
247.4222734681508 5557.588698298202 -80.64153798422393
241.5564018795659 5559.726685730351 -85.00438181557013
247.5936942610514 5561.293736529019 -82.17539723713708
241.6421122759988 5561.579204845772 -85.77131144204252
234.1849520945383 5567.511185677235 -93.03302383422788
228.6944339167011 5565.007380929069 -95.00659942627678
223.7879698980952 5562.475619829755 -96.55322011315216
229.7392500944959 5562.170146496142 -92.960222880065
258.9400097249248 5521.780816220056 -59.08941650390625
266.2604612801277 5524.242666688079 -56.38583755492778
270.0878225024896 5529.64917291267 -56.57808303832677
263.0307683423597 5532.735008484574 -61.42756462097152
254.5945671275561 5505.270675354927 -54.58940315246582
258.3268127922524 5507.890786161216 -53.85753631591344
244.164200398409 5514.11100868661 -63.57752609247239
294.3927383512819 5506.401637845916 -37.39678573607606
296.3025599809441 5509.110298588907 -37.52892875671976
306.8175887728561 5500.377243903621 -31.18707275390967
306.7215244523223 5497.598287768512 -30.51507759094501
297.6814143904786 5497.925715831828 -33.41494560241728
341.5674502485415 5388.006080560508 -9.705980300902604
334.2847286811731 5390.992338505772 -10.33263874053955
333.9571568652823 5379.87765516365 -9.652557373046875
326.8108843570448 5387.519122665773 -10.61084334054721
319.5009531592275 5389.603289551193 -11.24647267659669
404.0151991865646 5481.107875914638 -11.7283773422221
405.8751306094049 5483.854102576955 -11.79946899414
415.1011222296196 5494.824151634873 -11.92768621444619
411.3922126819445 5489.327972568414 -11.78948736191059
423.9764238294437 5483.571792248901 -10.47910451889091
427.6336012054383 5486.305438935217 -10.41909742355088
424.1240932474428 5494.689115478847 -11.18594789504994
429.4751252240884 5489.063754055832 -10.46667957306056
420.146059003143 5469.730744517185 -9.84505796432534
418.3764320776034 5472.539414121584 -10.14193487167219
412.7583048615772 5461.498925127701 -9.794713497161865
375.850780636542 5437.189863557684 -10.61019849777312
381.3856585618038 5439.844276782891 -10.39293670654297
373.958192338592 5434.454847270446 -10.55488061904984
385.6065731849827 5467.560538436472 -12.08938026428226
387.2602977336012 5459.187610676537 -11.34637546539307
367.1875953195249 5456.857867907098 -12.81121730804955
367.1251343185743 5454.078806226612 -12.59883260726813
351.0369472384078 5465.611812910118 -15.3633017539978
365.7049791753831 5470.794733521052 -14.25840568542568
358.2347717237958 5462.635512177676 -14.21414995193484
350.8934806405737 5460.053738373412 -14.80718135833889
318.30634560294 5572.319064290669 -49.96626853943233
307.823371789322 5578.25784757126 -56.9329719543457
309.3962018339802 5572.633139746681 -53.97983360290527
309.7044439207774 5580.970681483166 -57.11052131652832
297.9752899684761 5553.579013334531 -52.1844024658246
301.0278505939082 5555.318908658815 -51.45117950435836
295.1425424908133 5557.397158956826 -54.94953536990028
299.6548743137993 5550.729919352945 -50.30444145203224
303.1295780772967 5547.814286930327 -47.66702461242703
323.3727214323667 5563.800073747457 -44.87019538879395
333.9012372003536 5557.904016693446 -38.96156692504883
330.8702201646317 5556.143918397481 -39.56023152667132
336.7683731940518 5554.105492200167 -36.8142229716197
215.4870379547063 5518.325844972766 -80.26074600219727
208.1397295074443 5515.936569226205 -82.97263717651835
222.2638903549497 5509.620568114425 -72.80701065054448
218.5134279039087 5507.024778121146 -73.51448822021739
203.3417722180896 5527.342400893047 -90.85178375238056
201.6975761464924 5530.218575653184 -93.10360717773486
194.3595731483045 5527.843572879358 -95.92972564697465
664.5441432009101 5919.629915107187 -17.37200975418848
664.442748162423 5922.410329389409 -17.56890583038039
662.9817940917926 5916.789491684769 -17.42841339111714
688.6898758545494 5898.245648373559 -12.71003961563053
662.1585707314506 5891.706382848552 -15.62661600112915
662.067292880305 5894.486831938877 -15.84941577911207
670.5257947276531 5891.99560009438 -14.54193687438965
660.2168935681696 5899.993536539468 -16.605501174931
545.7629899148633 5822.430325736814 -35.67962265014392
547.487009449826 5819.667748045167 -34.43441390991211
549.2148563118143 5816.906385650022 -33.25833988190516
532.244342880016 5816.765389184076 -39.86858749389648
530.5261029767688 5819.532663819109 -41.21990585326029
528.8116983520085 5822.301148416382 -42.62030601501618
515.2775202782947 5813.902347320845 -46.55521774292323
515.273671100481 5816.683142467215 -47.2934513091999
566.1851280101228 5817.1061351715 -27.60653400421759
566.21784748262 5814.325417612735 -27.04139328002933
583.1550745330388 5817.364642432299 -22.96507549285889
581.4080364020366 5820.114137689895 -23.73089218139297
489.6909563350062 5755.487744328538 -42.33316993713379
481.0771782006414 5749.95207716999 -44.4271354675293
484.5077928341501 5747.16209804033 -42.12571334839522
486.2202446976867 5744.375116675576 -40.58626937866183
528.9809589522092 5794.498323172381 -35.83149337768555
527.2570027748827 5797.266662031588 -37.11077880858299
523.8359603606195 5800.02621538229 -39.15664672851562
522.1215947191977 5802.800459915703 -40.60710334777832
511.9333588625614 5794.427696764386 -43.02432632448363
511.9352782139517 5791.646995449531 -42.27522468566895
511.9467943861931 5788.86630340994 -41.57702636719572
524.0544059990631 5755.534973676526 -28.79193878173828
548.0244700505194 5764.054778505112 -23.36410236358643
544.5690416225748 5766.799942143502 -24.6838855743409
518.8769625404647 5761.074230317303 -31.7978181838975
522.2597248148041 5772.210728356799 -33.08400535583496
518.8233747574184 5774.979533845873 -35.10051727294055
527.4257194525671 5766.676075580348 -29.97222423553467
525.6979857938989 5769.448977898479 -31.21272850036621
498.2875632952114 5777.722466428013 -44.69243812563163
494.8684373934677 5780.507811349545 -47.06104660033927
501.7086055670355 5774.944169588227 -42.39067268371582
491.4301632776494 5769.390012688678 -45.51509094238526
493.138773846879 5766.60530297381 -43.93551063537596
496.5655613480802 5763.824696473266 -41.65415382385542
592.0231828620324 5703.484014757752 -11.1035938262939
586.8592690308207 5700.609596075557 -11.34258270263672
595.4423265745788 5706.32582086305 -10.98516702651978
586.6693649309872 5711.730336074681 -12.0218653678894
581.4218624107331 5714.427005558819 -12.68593168258464
581.5168811467813 5708.866590143849 -12.33110523224371
578.0900766844658 5706.029501350472 -12.46136617660586
616.0687725041167 5715.102218083083 -9.978051185605386
607.6398711585076 5703.789274328869 -9.983223915100098
577.9152451065955 5717.150423988737 -13.22145557403564
579.473512191488 5728.298186829942 -13.88325166702271
584.7001907763516 5725.604851425212 -13.13110065460205
550.0785801584079 5730.704051519124 -18.32361602783203
539.6743513962507 5736.172613211131 -21.13134670257082
536.2437337481199 5733.363816303692 -21.466139793396
556.3853645205052 5783.604246769067 -24.41912269592285
563.2502630913848 5780.908467660681 -22.25062561035407
561.478426680515 5786.450216428278 -23.65277099608816
556.5079977603503 5772.481944268049 -22.55322933197021
553.0525693323997 5775.22710790643 -23.87301254272461
532.4978846316319 5777.828542555082 -30.60119533538818
535.9380559868991 5775.073845858695 -28.87900257110596
529.0596236525372 5780.590293013403 -32.47247219085693
527.3261003808499 5786.143944769007 -34.50681591034293
522.2137389774871 5783.33326015946 -35.76489639282433
592.7793636389665 5756.337919844029 -14.57626962661743
587.5257551240993 5761.805996927897 -15.68275880813599
597.9851221870474 5753.658511839486 -13.78726100921631
597.8819271265789 5759.219237106441 -14.24309492110945
599.4813869296617 5764.815906441361 -14.46864318847502
604.6871454777239 5762.13649843681 -13.67963457107544
575.5985627999839 5756.048612777884 -16.83098220825195
580.710802002991 5758.912275100154 -16.40252494812088
582.3294344240162 5764.503184122103 -16.68578386306763
573.4708186033706 5783.828111095758 -20.44000720977783
563.1466818916626 5789.254931943137 -23.67737102509594
580.3451766933051 5781.155948541835 -18.76320457458496
578.5541937637424 5786.691705795692 -19.85667133331299
580.1629106317034 5792.282774008149 -20.1882543563812
580.1226014290568 5795.063358681907 -20.59702396392384
604.3943020983725 5776.040638432599 -14.73977994918238
590.7552184192111 5772.989031623581 -16.2527298927307
594.2315639465055 5770.274633740038 -15.54810047149933
595.9974544632133 5767.525503320619 -15.08114337921134
583.8396568828396 5672.750327246107 -10.13343286514282
589.0340737630935 5675.621261930006 -9.919095993040399
571.5774169802991 5675.348062780855 -11.23318719863892
573.2842994925267 5678.151354241551 -11.2427134513844
576.7321238749846 5680.986074856119 -11.12198972701829
578.4351860603421 5683.790558319693 -11.13327503204346
569.6395603088373 5689.222041093819 -12.19525909423828
553.6157962856346 5722.396083405402 -16.76752853394411
557.1053982917425 5719.655977010317 -15.98583984375028
543.5780480670365 5683.375067070932 -14.69003629684448
534.8200703560502 5688.86606148067 -16.32120895385742
562.7136256537176 5686.356424131492 -12.73130178451236
561.0067431414727 5683.553132670794 -12.7217755317688
562.6378272104653 5691.916762157428 -13.08251333236548
559.1255607710243 5694.651909697818 -13.64226627349803
557.3561530170716 5697.413738724259 -14.06181192397941
570.9114569448473 5722.609159316845 -14.41761398315457
574.4105192337717 5719.880937300448 -13.80626296996953
569.4878564774905 5700.342809674073 -12.93165397644043
574.6613629158799 5703.199491650704 -12.62219905853501
569.3359389851209 5711.463763239878 -13.74081182479858
588.4422581430008 5806.325074605328 -20.17696094512942
590.194992532423 5803.57684377314 -19.51959419250488
578.3699189413429 5797.813898076312 -21.2581386566159
597.2190660996794 5792.588915235406 -17.17397880554199
597.2785750874846 5789.808468515988 -16.93499326706232
590.5559259407637 5784.110896138788 -17.37819385528576
580.2128191310384 5789.502251664939 -19.87520980834545
614.3438684443652 5790.173589823477 -14.63221120834089
629.7789385841405 5787.769661789492 -12.76642751693457
624.7247770156034 5784.853256968844 -13.08665180206299
623.9748781179526 5745.887860595752 -10.95695161819458
622.1862929323202 5748.627265602792 -11.24589014053345
609.9597413285223 5756.686284540742 -12.78895568847656
613.1394762819829 5767.885363812156 -13.18991470336914
619.2708066630918 5726.303191514593 -10.30920457839659
614.0253413486843 5728.960877262534 -10.82053089141846
612.5433000377982 5717.801807125012 -10.34299230575562
601.4804114642554 5750.944368645617 -13.22773408889771
604.9775948679073 5748.237308568706 -12.71065664291382
593.0333052807687 5742.440932876259 -13.49773931503296
596.8608392896293 5976.192216505608 -50.15133857729242
586.8526867799912 5984.334498116098 -56.87138366699219
600.7394110396837 5948.445840537082 -42.04568672176865
595.8392508812669 5945.55848180043 -43.52134895324707
600.8528076817312 5942.883671615888 -40.72704315186012
604.2823505537856 5937.391397419959 -38.07304763793945
609.190335968822 5940.285768662624 -36.70293235778406
584.3199668684919 5942.558350403978 -47.98007202147954
587.7300818472389 5937.05427466088 -45.12774085998535
592.647995794055 5939.931287254309 -43.66773223876953
575.2408659578988 5992.482379159899 -64.85463905338685
571.9262305433459 5995.208299332066 -67.31005477905232
570.972112971288 5950.681282265477 -56.26921653745019
567.7123615291522 5947.853603422796 -57.15394973754883
567.7866508341243 5942.291132767566 -55.64974212646995
571.1773214717479 5936.775287852336 -52.61398696899414
576.1051350380967 5939.634928327141 -51.06513595581495
578.3054011516834 5906.294995905487 -42.0024089813153
578.2547849901414 5909.07598786231 -42.6566829681458
561.6451456941464 5906.05017307866 -49.29088783264996
561.6762716847738 5903.269076982359 -48.55005073547363
582.0183402965519 5884.103300270922 -35.46379470824456
578.5737062052634 5889.604409771789 -37.95104980468613
572.0571396981617 5878.373198652685 -38.03192138672005
566.9891611776767 5881.085751792927 -40.77543449401307
565.2804106944299 5883.84629261851 -42.20061874388851
570.2241808643041 5889.473118764697 -41.41457557678223
653.3697575136595 5852.455766634392 -14.13441276550035
653.4528741472727 5849.675352566435 -13.92244672775269
654.9698257144267 5855.287155356415 -14.13009738921289
659.9284792912938 5858.22740222325 -13.70235395431519
670.2207915038432 5853.018333407784 -12.32120180130005
671.8111023031427 5855.855452983268 -12.31721496582031
641.8083587926425 5785.31285058899 -11.47602033615112
646.8527307432414 5788.246838467398 -11.1953706741293
631.408617773463 5790.597624322475 -12.76142024993678
663.9258258606206 5788.782962035901 -9.864604949949491
658.8912698642466 5785.831400590446 -10.10092878341675
665.5361579625112 5791.62247487083 -9.857642173763958
648.4727415159231 5791.080582155309 -11.18724393844417
668.1876105454373 5813.978552424476 -10.57298994064331
669.9785881565962 5811.254259179479 -10.29532480239761
685.0633612357202 5817.369975522936 -9.457414627074158
673.4757807558765 5808.58947708631 -9.912173748016372
675.2763031507164 5805.871205272556 -9.682216644288676
617.3850798944861 5943.267103322131 -33.9335365295454
612.36192637648 5945.924384586889 -36.50734710693359
615.9438348042676 5934.881973792045 -32.94328308105469
587.5976310351422 5853.600079740275 -27.52003097534828
585.8077932478079 5859.129386949981 -28.98258209227874
585.7148745199991 5864.691049354757 -30.11871719360352
580.7167584464449 5861.820680709834 -31.22658157348633
575.5443230284623 5870.084274377954 -34.88340759276623
578.8550740199261 5872.91662848134 -34.20496559143066
577.9273637703532 5825.620294725229 -25.54721355438616
576.1937370384827 5828.376951283662 -26.59944725036022
579.4951466193803 5833.987744146895 -26.58737468719933
579.6648099689922 5822.864858739425 -24.57528209686279
593.1249060701047 5828.670440871916 -22.14124965668708
587.9414603921476 5834.1314165131 -24.10113906860311
499.9961534361323 5808.314344420529 -52.22797012329732
498.300999728824 5811.098054638746 -53.79916763304363
488.0839251970346 5802.765178988004 -56.4621582031303
481.5582437894394 5875.089571344473 -79.61681747436523
483.2476380118234 5880.64760831875 -80.47009658812826
479.9193042400512 5886.219167365231 -84.05261611938431
478.1911085715304 5872.320242708879 -80.48595809936407
426.6135945612593 5789.396256483713 -80.61172485349844
423.8306672749053 5793.145856374626 -83.21623229984625
429.4886591484642 5791.20775433222 -79.89205932613923
436.7842527986254 5783.686702968451 -74.04690170287972
441.9444374698894 5786.408951360911 -72.72677993773995
443.679861566132 5789.172493877468 -72.83213043214114
433.2502473180597 5775.392194404901 -72.85278701782227
429.8676574046598 5778.21753624134 -75.24863815307617
424.697979088904 5775.513016842172 -76.69238281262142
422.8956297517739 5769.979779095452 -75.59214782715068
419.5149687801381 5772.812160774721 -78.10487365722656
477.7728401416298 5780.554952018581 -55.0828437805077
470.8867374032916 5772.246112211231 -55.74781417846731
470.9557166586623 5783.368597117956 -59.07404518127328
476.0968436926883 5786.126260452808 -57.49466514586114
467.4791229083705 5775.0502823468 -58.11265563965073
488.0416945021846 5783.297910254553 -51.07114791870117
493.1732571087192 5786.073260404579 -49.44369125366642
477.8131172135998 5788.9016324309 -57.46982955932189
494.8799436420601 5788.854527107206 -49.40430259703299
679.5041703148913 5875.618414367467 -12.56318664550722
676.2524061334479 5872.716523757513 -12.76345825195312
682.7539495329752 5878.52728011662 -12.38959455489889
669.7350598723783 5866.91492834857 -13.13981389999149
669.9248212572265 5861.354317163346 -12.78116750717279
672.9947235951796 5869.812236564871 -12.93728780746522
676.759820328472 5858.813141405497 -11.96516275405884
687.285551331745 5848.079423343755 -10.54884767532175
699.3255352691217 5842.983459684998 -9.444872379297177
707.6377493289515 5846.118049953934 -8.983323097229027
704.0322931571388 5851.539442788157 -9.424128055570357
470.4863642348046 5702.737150813684 -34.60251426697479
473.9721734126579 5705.496147882582 -34.20158386235885
482.6278520853218 5699.898188344987 -29.95085811614933
470.4484134761323 5697.176579033031 -33.02355766296537
429.4755192172169 5750.412782651923 -65.82409286499023
443.2663188121473 5753.020758152073 -61.12094879150391
446.6758569476837 5750.200146654856 -58.78575134277278
436.1839000441427 5736.420921934174 -58.19160461425781
443.1098269940207 5739.116220794247 -56.37872886657715
441.2582952995276 5728.014195581512 -53.2359733581543
467.3891822836379 5761.145051855572 -53.83265113830566
456.7103570609012 5716.735952568722 -43.62704086297341
453.2720912395813 5719.549439407202 -45.80291366576816
460.1125262586242 5708.368875461151 -39.7892532348596
456.6191465089344 5705.614661827845 -40.14990425109974
467.1354928511184 5722.218535153633 -41.51117515560902
470.5775736664605 5719.419198752788 -39.35049247741699
465.3317325643616 5711.108348530266 -38.77291870117188
460.1505303875416 5713.929541867411 -41.45964431762695
508.6556842200663 5716.558314974573 -25.74805545806885
505.18884661144 5719.336314646333 -27.34187316894205
498.2684808595773 5724.894756451406 -30.82704353332159
498.2760975316157 5730.45561156666 -32.24513053891194
510.3662682053247 5727.68288682004 -27.4818058013564
501.7277124366788 5722.111996214941 -29.0273714065548
532.8112051840043 5730.562087395581 -21.88798522949219
527.6433373503095 5727.747964106185 -22.63754177093506
532.8416721767767 5725.001261598087 -20.99341869354492
529.3043437236711 5738.879755274548 -24.03039836883545
557.7649430571984 5661.276457096301 -11.65225982666016
554.1998561164578 5666.793859724567 -12.27491617202787
562.9519959049787 5666.89194222394 -11.50696420669556
540.2775525988491 5658.329903376673 -13.12094831466675
540.2605653320534 5661.11001573773 -13.34320592880228
545.4665696051425 5666.707732051961 -13.18084907531738
536.7143316685166 5666.639373192764 -14.10384321212736
566.3734489602151 5672.494903386299 -11.50504446029663
571.6492722128374 5669.787846020648 -10.91323661804377
342.9238710480539 5499.212350659624 -21.64902305602547
352.2550718330779 5510.077458065996 -21.82515621184811
350.3784541480462 5507.345682872099 -21.70997142791937
365.1383579101834 5520.862731511224 -21.11213970184133
366.8668939076982 5518.037296798341 -20.30003643035868
363.4099082803839 5523.685809377573 -21.9368438720759
359.5303636710944 5512.659913905359 -20.77804470062256
352.3995131673998 5515.635917102432 -22.7513656616197
360.9777594268714 5498.720039346093 -18.36082077026561
362.8543771119706 5501.451814539865 -18.47600555416679
361.9023517970314 5534.85512483766 -24.53588199614473
360.0402793088672 5532.119534923132 -24.42667388916292
367.423667308278 5540.271808469605 -24.31623458861994
376.3720069052299 5540.059224800882 -22.20702075958215
379.8361718460017 5534.423701083255 -20.68853473664142
377.9833464282653 5531.682054505894 -20.60145568848334
370.7355336731489 5529.065757861405 -21.45393753051758
377.8497235700307 5526.123386725119 -19.66754341125716
370.3980756103032 5515.174034082173 -19.26190948487286
383.1186738971853 5520.442982605199 -17.98360919952468
381.3809052727436 5523.260124008994 -18.62941646575963
462.878992133384 5611.038954265076 -18.03917980194092
464.6294975547777 5608.248894384502 -17.46910285949877
448.6911652477263 5605.603219851703 -19.46760177611634
466.3837679747542 5605.460044490835 -16.94946622848795
466.370650475467 5602.68016369717 -16.67193078995068
459.419297244873 5619.409669981085 -19.79461002350401
459.4361993765247 5622.189615771093 -20.14949512481153
459.3930044974828 5616.629748231308 -19.35679340362718
443.5974041892539 5625.114348978938 -23.52746009824824
441.7999694476937 5622.356481164362 -23.3650627136299
472.1704540640649 5694.385056253207 -31.74664020538266
475.6353925209095 5691.590537136431 -30.00197219849003
461.5730161818963 5672.209790315221 -29.28021717071533
466.8338317870728 5674.956084819671 -28.55681896209717
468.5975405470116 5677.723819163079 -28.75523185729801
454.6639217729852 5680.612040328399 -33.46455955504689
456.4333138044702 5683.375032584184 -33.71840095519493
494.7997443316921 5708.214842957614 -28.20782279968901
494.7997443317241 5713.775557145063 -29.37721061706212
491.3405127545892 5716.558317381509 -31.17688274383588
510.4952372745757 5666.517580483979 -17.73258972168113
536.6632972526104 5674.979852813737 -14.83552074432373
416.5341679567952 5586.548288943675 -21.96575450897122
423.6017299535406 5583.658657839099 -20.27285957336425
429.0384715725177 5591.928003751238 -20.58299350738633
421.9877707649611 5594.803292037477 -22.30694389343262
453.7836873542368 5580.532987183369 -15.76563501358106
451.9826621774912 5577.766988370991 -15.69147253038424
452.0499284344532 5586.106287732366 -16.51871967315674
450.2993767440573 5588.901025903788 -17.04986095428508
377.4074632027834 5731.946289459366 -84.34933853149866
367.1949195149364 5737.769140230059 -92.84618377685547
374.1583199052959 5740.369562878698 -89.69526672363207
417.4851101084149 5753.378005574451 -72.13687896728516
415.6677334414624 5747.847410315702 -70.95108413696289
417.3419348061226 5745.036940403078 -69.13309860229532
424.2772746726561 5747.708543563324 -67.09086990356082
426.0755874644868 5753.245162331559 -68.29716491698812
417.9443831318654 5781.182470881542 -81.84669876099382
416.372061773934 5789.551750829363 -85.51434707641543
414.7154137660795 5792.361150848625 -87.36387634277344
424.5943429136628 5528.040907772672 -13.7830548286438
419.0803624370027 5519.783432831719 -13.58596038818453
420.8367988183708 5516.97583584189 -13.17273473739929
431.8146897402037 5530.729294116944 -13.35830974579097
431.7367557545896 5525.170319747227 -12.8741660118103
435.2959384412964 5522.342897132193 -12.3328576087956
297.7849580095803 5625.950066980565 -83.27008310953602
303.6623695400353 5625.725473593095 -79.68588002523946
297.717315090124 5624.097165986321 -82.44638570150235
303.527083701167 5622.019671604599 -78.03848520914219
291.1555448055311 5651.261384638626 -101.4012603759226
289.3653877509465 5650.40577918456 -102.2211456298041
292.7270973355285 5646.558332796705 -97.63903808602343
292.9495851778159 5652.116961170627 -100.6794102985393
289.591758910598 5655.964378636862 -105.3595530193166
300.0300506964965 5653.692601165893 -96.47065353393555
282.2587046720928 5648.842438147071 -106.2392692565918
284.3720897587515 5643.191395950562 -101.469167073577
290.2304483395422 5642.9511411796 -97.2630488077707
272.9818322767125 5638.109594689233 -106.3976535796943
267.4499333751787 5632.787538656706 -107.1200218200654
261.9180344736106 5627.465482624145 -107.8423900604409
290.0848162417543 5639.245393432001 -95.3412755330089
284.2992737099022 5641.338522076753 -100.5082804361596
290.0316723293091 5578.933579988259 -65.98635101322434
284.5794226086401 5576.364469047122 -67.72294616699219
281.4791397422739 5587.626579928396 -74.33591842651495
276.0343576531942 5585.075284365966 -76.37743759154793
257.2674917681962 5524.641728104882 -61.14413642882882
248.2839687990586 5525.052690542859 -66.06291007995213
244.4199095821173 5519.66833510707 -65.77026557923453
255.5951286258918 5527.500267295949 -63.18310546874911
251.493623847841 5516.548686666423 -60.78737449646388
409.54148287008 5486.575697134608 -11.73049688338927
422.1256940175174 5480.819516815104 -10.42011404037509
422.0888461767644 5478.040244549186 -10.26273918152058
413.0197357095402 5478.175466804925 -10.83281469345093
405.5324788538511 5464.403175354721 -10.41652488708576
403.7628519284818 5467.211844959304 -10.71340179443355
405.4442082539622 5458.84480331388 -10.09298181533813
392.383976319441 5442.401812168055 -9.848040103912354
390.6142230643853 5445.215202816372 -10.1265721321108
386.6878565827175 5431.392279654842 -9.559281826019287
384.8044036859717 5428.651189105857 -9.5091567039492
373.8318182760941 5428.896912449469 -10.2064380645752
373.8995862665522 5431.675854435976 -10.39630889892229
375.5943682595445 5426.074012478538 -9.901804447174474
379.1927456274868 5423.210740501571 -9.514849185943522
348.9952137976053 5457.327104783081 -14.7203130722097
348.9235621456636 5454.548099598906 -14.46528959274292
330.8032557588207 5457.856543921246 -17.14000797271405
332.7106772737095 5460.577084496638 -17.24598598479853
340.0609955337849 5463.134715569311 -16.47333812713623
317.927733744788 5561.205740879214 -46.24663162232275
316.3283880420957 5566.823470031823 -48.81058692932129
316.0431947359554 5558.490628458948 -46.08291244507632
312.8613579154343 5569.724731422565 -51.34270477298033
307.418244273126 5567.137545487843 -52.82415199280155
315.8513530265217 5552.93227753407 -44.2531471252559
318.8978056831853 5554.682235245849 -43.655508677138
313.0060640100015 5556.74057378446 -46.75754674275881
333.7280367899176 5552.345481355041 -37.31084251404519
198.5147392765676 5505.315464312453 -82.85195541376294
187.0033513217419 5525.478528351272 -98.74198532104442
190.4402814635481 5522.496172537592 -95.42316818237134
188.1694460848816 5514.262968603349 -92.63031005858856
649.0650860112434 5935.812347447974 -22.23431587219239
659.2519367100276 5928.730139104324 -19.2301305134962
665.9510555908771 5927.104603203281 -17.77426020306526
646.0029336738601 5927.370153694299 -22.02072620391846
647.9260705718739 5919.082409061085 -20.71399784086211
646.3538824987851 5916.247666298973 -20.77368831634521
644.7718666103607 5913.418618370554 -20.83271408081542
644.8516960874473 5910.637930942745 -20.46510124206543
661.4096060187854 5913.954748922652 -17.4881038665809
703.9533297873063 5893.303863938676 -10.98154306411743
693.5872328241396 5901.23070853922 -12.34534025193203
695.476360272272 5895.736303408026 -11.88052463531029
699.5161108337189 5879.193943686781 -10.83060121536255
700.9525668607388 5884.825774416806 -10.91580104827752
696.2762362571194 5876.273532204316 -10.98600149154663
516.9957626172038 5808.343732981852 -44.30758476257917
520.4072163350451 5805.57239899035 -42.03528213500977
515.2909924957182 5811.121564422874 -45.84148597716447
532.2809106710013 5811.203849248652 -38.50009727477249
532.2578150974485 5813.984606286113 -39.15485572813733
515.3927600450013 5777.74603732064 -37.15265464782715
511.9640586842664 5780.519591586972 -39.33244323724835
510.2497029455297 5786.079155129114 -41.59482002257052
530.8716164100634 5763.919084281633 -28.30223274231393
539.3839529444117 5772.31685455998 -27.20901107788025
542.8317579278884 5769.566921350593 -25.68853187561035
553.3489683848421 5747.42201562946 -19.7081241607666
546.543162383597 5739.009801041762 -19.96928024291992
541.3467384731139 5741.749435550515 -21.52635097503662
537.879896584618 5744.49918523796 -22.72688102722168
536.1388413866699 5747.268421700735 -23.64701652526569
553.2018472969818 5761.322076832867 -21.6464376449585
546.3675227582099 5758.475464803351 -22.92105865478516
546.4133828440785 5752.914442943566 -21.9843692779541
541.2360055976161 5755.647144615812 -23.70203399658203
549.8802247325742 5750.164693256122 -20.78383922576904
506.8726968201856 5755.481840681757 -35.10047912597656
512.0310388466877 5752.713680105267 -32.43374729156697
512.0233956739869 5758.274772901372 -33.82491016387939
510.2822704564516 5766.611196382714 -36.48106193542507
513.7186205139554 5763.842390893801 -34.46455001831134
503.4401699964451 5744.357385635471 -33.65026092529292
501.7181760339989 5747.138464508226 -35.03820610046387
501.7277124366854 5733.233710335225 -31.64744758605325
505.1774215939142 5736.018881438876 -31.11106204986028
506.8879727568388 5741.58396529009 -31.74066066741011
512.0653943507033 5738.808823343657 -29.26051712036063
518.9285514069617 5747.173905437202 -28.75877189636593
515.4788416070518 5749.940259759871 -30.52414703369141
598.8595584937863 5709.17470503778 -10.88920688628425
604.2303136532877 5700.93568219901 -10.07197761535645
578.8549884581395 5767.224650849714 -17.46453380584717
583.812023733522 5778.429691323419 -17.85169315338135
587.2807724533177 5775.710498351182 -17.03147983551187
580.1325704640943 5686.599737059882 -11.14634704589606
587.0489060999188 5689.489037808075 -10.72210121154785
590.7314581667242 5678.430440670337 -9.932168006908102
541.7347441181545 5694.479925927401 -15.83443355560298
539.9747957724886 5697.247717302552 -16.36791038513018
545.2375734102567 5691.732879530095 -15.13139533996608
555.8368401341409 5677.931654898611 -12.86341285705434
559.2941825158316 5680.754542545756 -12.71110010147095
545.2944205386798 5686.172460378738 -14.70117425918281
552.2299241756191 5689.014384096376 -14.02742624282837
564.1738546533327 5708.617737311879 -14.1472010612515
564.0978425490966 5714.178260323351 -14.57117557525501
560.6006736198614 5716.91357297067 -15.24357175827026
560.7374936021001 5705.792454298053 -14.32177066802979
584.9925449788162 5809.049201266858 -21.30052375793759
573.1770913990733 5803.294511177356 -23.23756694793432
574.9202057771747 5800.53802473785 -22.38170146942133
595.6295888443582 5786.992104773928 -16.92486381531428
597.4397121969149 5781.46236593243 -16.08611202240139
600.9160577242594 5778.747968048915 -15.38148260116577
614.2152485594371 5795.734394327173 -15.05891704558785
614.2747575471996 5792.953947607748 -14.81993150711252
626.0012015666358 5801.57941739685 -13.97775220870969
629.4794469408149 5798.890850677996 -13.43182706833191
635.8783673176738 5751.759576954245 -10.35726547241211
632.3641847608084 5754.449911930232 -10.74763107299805
632.2227545168903 5760.010312386146 -11.04939031600956
627.1396172595527 5757.093715406416 -11.29726839065552
639.0084038329622 5762.974624717816 -10.6370415687561
615.0526042579183 5759.585246550673 -12.50998687744141
615.1749154113425 5754.024670958013 -12.14096260070801
618.6796583509525 5751.322424611508 -11.67913246154766
598.258064784109 5739.754660957519 -12.77822828292847
591.4182328109922 5736.846685644459 -13.27458572387934
596.749639589494 5728.599939981301 -12.19167137145996
601.8790750359618 5731.484895685073 -11.94371938705648
601.9857223111403 5725.924421940664 -11.58031606674113
575.3391248086831 5986.919718969745 -63.41868209841767
570.4664196880251 5984.056805008807 -65.17828750616299
577.0622203752981 5981.381872934076 -61.04437255859375
577.1053840672763 5978.600552609509 -60.30308532715463
581.8366666452296 5989.807447085378 -60.72072410584164
608.6091805989058 5965.318529332484 -42.27237701418849
597.2587291685619 5956.717117519562 -45.4235782623291
603.9794013766845 5951.296576834053 -41.23781967163086
607.2174037883706 5954.154239353289 -40.46100997923262
608.73063572166 5959.756305962853 -40.97066497800994
602.084379790614 5962.384346685174 -44.52597045898862
560.699226958085 5978.357451245541 -68.88019561767578
560.6658740938273 5981.138834739521 -69.69237518309964
558.9623823907385 5986.682590484515 -72.31157684326172
568.9121801101501 5978.470386558164 -64.54962158199694
564.0628894865881 5972.843383011269 -65.6519775390808
565.4699129139296 5989.547262767262 -69.34757614135742
574.2298867980448 5953.5158911666 -55.43613624572754
584.2261248908378 5948.120685931189 -49.39221954346504
579.3160336766421 5945.250671453136 -50.9342041015625
560.8561333972597 5967.232106322847 -65.82170486447572
559.2448923417296 5964.431623168402 -65.91568756103517
559.3075726870795 5958.868949135613 -64.30214309694264
564.2902047363531 5956.148591307277 -60.97812271118234
656.4704318312861 5808.018899195847 -11.25712299346958
658.2614094425194 5805.294605950985 -10.97945785522365
665.4382305243109 5794.402485752619 -9.962356567379437
677.0767249910725 5803.15061572968 -9.452527999878162
663.5494887902405 5799.903215186889 -10.31920099258423
660.0522961909311 5802.567997280031 -10.70235204696658
665.3499106306672 5797.182625644138 -10.08951234817343
648.3844216223484 5793.860722046867 -11.3143997192343
579.446929457636 5836.768437711278 -27.03593063352923
581.0917896435653 5839.575591646088 -27.02450847630301
477.8380690194932 5794.463009884194 -59.03954124451113
489.7790857686305 5799.979163451942 -54.87567901611649
493.1809345324276 5797.196062473553 -52.4855899810854
494.8857017143798 5794.415925761869 -50.9286956787239
433.0646120832991 5761.487333822373 -68.18712615966797
438.1463297819349 5755.859683804496 -64.16081428527832
443.335110965162 5758.581688783505 -63.00588035580932
441.7087904012965 5766.941543229979 -66.44313430786133
445.1067939735491 5764.125609904523 -64.11771202087907
450.2267830037795 5761.286684252107 -61.07784652709961
455.3276945221492 5755.676663573588 -57.14178657531738
460.5069896766 5758.416420368399 -55.89772033690606
460.4573077138499 5752.855411177576 -54.07596397399902
458.8519545970252 5766.770474387161 -59.26331520080566
462.2595690919194 5763.966304251578 -56.89847373962936
446.4736840868024 5730.739519995728 -52.19808769225294
446.4089392983132 5725.178804167366 -50.28209114074707
449.8395602622504 5722.36058552811 -48.03596496582031
449.9538145091527 5733.482079735058 -51.79563331604121
453.4320465852637 5736.231720316426 -51.3809318542363
472.5092628096727 5755.552684761647 -49.86752510070801
477.648476059224 5752.749117344834 -46.74348831176758
515.5551106049425 5724.918422095154 -25.37454223633432
515.5436855874478 5730.479274767436 -26.52365493774725
519.02384855819 5722.147504974407 -23.90459823609879
344.8096974397102 5501.938047540039 -21.78368949890137
348.496260969884 5504.618733856244 -21.5740518569922
334.2384430392555 5510.599511076054 -26.00498580932617
341.5228074276499 5513.157877699596 -24.6813268661499
359.8880865725076 5526.561005402329 -23.25392532348489
352.7833543262099 5529.527294512356 -25.51116561889648
347.1584707359926 5521.342478579647 -25.08721637726803
348.8776914595903 5518.511113127308 -24.06844711303685
366.5317784082847 5504.144580196545 -18.32074165344549
368.4047557401653 5506.877604520095 -18.43484783172607
379.0320718309998 5498.28779857127 -15.79714775085075
378.9729746431478 5495.508560474813 -15.51519298553533
369.9318974727883 5495.715759574868 -16.59547996521015
376.4388927118391 5542.838591277628 -22.70850658416526
374.7124698721126 5545.658147533783 -23.59288787842284
461.1341116579267 5613.833748380339 -18.66605281830113
446.9462847722352 5608.398013966968 -20.09447479248248
461.2242574982849 5624.953476345877 -20.28327560425012
463.0029329902054 5627.723318697129 -20.37978076934631
445.3854623109992 5627.878209553745 -23.66124057769559
445.4193168160392 5630.658151289268 -24.23510074614973
475.6164441273041 5686.030025302368 -28.77946949005446
482.5899285542995 5688.77706943571 -27.39066219329834
496.5066264638784 5672.067238225501 -20.95401477813721
501.7447970174795 5669.28881831834 -19.52097702026462
501.7485786359561 5674.849198014619 -20.37701320648193
519.2286588377337 5666.544308881772 -16.34356880187988
522.7560263775072 5661.003019869501 -15.39370203018155
527.9809598556507 5666.582945890783 -15.2160668373091
519.2211036442678 5669.32445953412 -16.64414024352714
444.8065998554825 5572.27447779835 -15.90199184417655
450.1760281626044 5575.005762539897 -15.60223722457742
441.3689405951525 5583.431652211035 -17.59057426452686
436.0069789165707 5580.718200658259 -18.02326774598042
377.2665227054086 5726.386102083519 -82.06575775145927
375.4057651778301 5720.866716499837 -80.80817031861145
372.1544549555003 5729.292245674463 -86.1574592590332
368.6289742438037 5726.602087551165 -87.08903503423427
370.1395613137452 5718.216391847379 -82.59663391113355
366.7492311913954 5721.088804437734 -85.80200958251953
420.9652469497687 5756.101749941919 -71.51607513427734
426.1634914943925 5758.805989030481 -70.24929809566653
424.5658955201721 5767.171605901826 -73.82393264770508
427.9542715685708 5764.343921432731 -71.40603637696115
414.3338877654749 5770.118346869724 -79.67180633545298
416.1362371027893 5775.651584616311 -80.77204132079339
412.7633021172165 5778.488656976533 -83.41363143920898
409.392299356096 5781.332767766034 -86.23036193847386
407.5841533269732 5775.801881500798 -85.15570449829487
405.7626916693522 5770.274676332109 -84.05321502685813
407.4233493035939 5767.46066799952 -82.10713195800824
406.0290365227427 5784.18155890467 -89.21765136726547
409.0684612237075 5795.249697159516 -91.47531382242715
403.2775430615691 5789.796635863536 -92.71116383870483
400.8498877327004 5781.494783428881 -90.95972442622015
404.5970318059329 5799.038684871289 -95.34465789792245
401.0418283528993 5791.691129719867 -94.64583587649325
392.298028601787 5781.674558386453 -96.01734161377264
395.659355865781 5778.818729974995 -92.84957504272334
303.4531700620876 5620.166849845535 -77.12626393635769
297.5694878119917 5620.391522468184 -80.62194315591447
286.1578986049157 5615.274472479883 -84.7895622253418
284.5073557409794 5618.128189786165 -87.32878875724077
285.8023850769706 5620.860776159347 -88.02752685545912
279.9189645920767 5621.105357227859 -91.9374313354282
285.8825714220945 5622.713511567381 -89.02855428060029
280.0793372823387 5624.81082804392 -93.93948618569814
286.0303987002484 5626.419155085514 -90.85299682617416
280.1532509214215 5626.66364980299 -94.8517074584835
284.973418476322 5629.244812038431 -93.12202072143056
283.9102160388488 5632.074535423521 -95.37830352783091
289.7811416041602 5631.834107138211 -91.36685180664176
401.9987328625498 5470.02527709165 -11.0396556854248
387.3669636456241 5464.745899367744 -11.73362016677955
394.5834782027124 5461.817629114568 -10.98005628584584
206.1895190583567 5513.253718083488 -82.71457672119482
216.5632174548114 5504.341926978429 -73.25642776489923
216.4208791703309 5501.563515512742 -72.04955673218794
207.382601261442 5502.041451525354 -76.75156021118219
664.3511091913462 5925.190895686061 -17.84137344359171
647.7525467146695 5924.64367822656 -21.3599042892456
647.8344316006675 5921.86297535774 -20.98646545410156
644.9412665391268 5907.857375456903 -20.1953821182251
645.0210435200571 5905.076708497136 -19.84132957458265
661.5984898517265 5908.393785151941 -17.02075386046975
661.4991764705056 5911.174193436818 -17.21838474273407
695.5870759943801 5892.956162727508 -11.74251699447546
699.1666885397892 5887.538663092548 -11.2082347869873
684.2099355086921 5884.15360532268 -12.50706291199278
682.4336734128029 5886.872506194969 -12.86043310165172
689.3444487710433 5881.564636675275 -11.85174036026001
687.2400631834279 5892.620502952612 -12.6101098060596
536.0394876270515 5761.168646431094 -26.10746479034424
529.1955259147462 5758.345605822939 -27.76168155670166
529.2222772160164 5752.78453582597 -26.59717082977627
532.6796071107691 5750.022944308909 -25.04780101776123
494.8397457832945 5752.701874041303 -39.32442665099874
494.8512105517352 5758.26296430424 -40.91099166869324
498.2780060375525 5749.916637573902 -37.13467216491699
501.71435079637 5761.038826186033 -38.64541053772014
520.6600797357684 5744.398741482573 -27.59580326080322
524.1174096304861 5741.637149965496 -26.04643344879554
522.4259362643691 5736.066184594618 -25.5481433868348
518.9857650791015 5733.269194664133 -25.99028491977978
598.7455307222019 5714.734988887258 -11.1909623146065
604.0024181237325 5712.056161054776 -10.64998388290405
605.5017740549221 5723.212911274322 -11.14205169677734
609.0197147610812 5720.508498844604 -10.73350143432617
577.0986265609455 5769.979744261707 -18.06657791138409
573.6317795207991 5772.706001480173 -18.97808933258135
570.3639627498154 5761.534525269295 -18.25429534912185
565.1771024139526 5764.249476870556 -19.56576919555664
529.4490476451846 5713.85846050776 -20.16786670684814
536.3199016586029 5722.242199912007 -19.85476779937744
543.2858396260799 5716.735940531158 -17.86653900146484
546.7735460232161 5713.988746901214 -16.99815273284912
544.9202850367611 5727.872204218452 -18.88657474517822
539.8000290367441 5719.490222335511 -18.83227348327844
550.1280898884515 5725.143277035189 -17.63591480255127
552.0022149564967 5711.256435806866 -15.93475723266602
546.8305534186358 5708.428140233449 -16.47080898284912
543.384651474182 5705.614673685094 -16.6989641189601
552.1161496995669 5700.135316193414 -14.93253040313721
557.299225669404 5702.974251669937 -14.53669500350952
612.4434507373923 5798.472997188417 -15.45938682556152
624.2294037446228 5804.318020258076 -14.37822198867798
622.4575345062943 5807.054311595091 -14.77797555923462
616.6328806853589 5765.187651446929 -12.68783378601203
621.8480547681976 5762.526037864208 -12.03984069824219
625.0007479624801 5773.73203955146 -12.38980484008789
628.4960464384327 5771.041404521859 -11.92011547088623
596.9138147029316 5973.410975570085 -49.46015167236328
595.3321269037988 5970.593341593109 -49.55751609803092
580.488585889158 5973.098215727685 -57.30437660217285
578.8970364545371 5970.286283149999 -57.3916244507036
593.7464666188298 5967.776848724438 -49.64725685119034
592.1549171842192 5964.964916146753 -49.73450469971549
585.3181273178116 5978.742450013276 -56.28605842590332
580.774697751415 5956.403842817817 -52.98371696472168
575.7823928504762 5959.106727004085 -56.0735015869016
577.3015232212407 5967.475498489611 -57.47124290465696
648.305707166188 5796.640977563328 -11.4674410819988
646.5148204178163 5799.3675862343 -11.74454689025289
643.0270941373809 5802.044268641889 -12.20222902297974
631.2607924201687 5796.158237623234 -13.10218191147078
631.3299033173148 5793.377879838956 -12.91446161270141
463.8764358965661 5750.046579420935 -51.75593185418752
467.297479371985 5747.244806617437 -49.40874671936238
455.1997849288968 5741.779010879314 -52.51351356506107
460.3485305813985 5738.950700307227 -49.54738426208496
370.2721612319426 5509.615448017866 -18.53056240081391
377.5383598418158 5512.221978584032 -17.71242427825928
380.8994773227446 5501.02564206905 -15.89286231994442
384.5677072418654 5503.730476024737 -15.77527856827095
486.0454288988101 5677.646637666237 -24.27985191345215
489.5406941215153 5680.422087761705 -23.98910522460938
484.2571504051428 5666.532438559413 -22.55571460723926
484.2684832349211 5669.312584741442 -23.05719375610134
505.2513963090532 5660.955466689893 -17.91767883300954
501.7429082240656 5666.508664313401 -19.12906455993597
493.0094724477352 5666.51163412507 -20.85284900665283
487.7467452159254 5660.967354953665 -21.01701927185683
487.8489806345829 5702.666030984839 -29.06044864654541
487.8300054971677 5697.105423909629 -27.72275543213035
500.0000000000018 5699.868547930809 -24.94665622711182
491.3253113549251 5705.436892847447 -28.61785697937012
503.4933745948628 5677.628830182504 -20.45162296291756
505.2116487301342 5697.093561863554 -23.09614944458263
505.2116487301669 5702.654180702548 -24.16177082061208
508.6784863387895 5705.436895218268 -23.73734092712781
531.4402936016066 5672.162272622654 -15.23033666610718
536.6973322905765 5669.419509315891 -14.33630228042732
317.5403222806207 5550.089075532701 -42.55122184753674
313.7752406522218 5544.650516906894 -42.210851669315
321.0244657278579 5547.185338081455 -40.21310043334928
304.818547331373 5544.971084928958 -45.9650993347168
304.7144665120903 5542.192054456619 -45.03230285644581
322.7228110038048 5544.348035705583 -38.69328117370417
335.4263820658906 5549.508178979165 -35.79102325439006
331.5943277974754 5541.278238386417 -34.72216320038046
204.2336990384827 5510.575758174222 -82.449687957766
200.4741393591721 5507.992149566708 -83.12694549560929
190.1288461675603 5516.939653857561 -92.90530014037613
197.4850679941149 5519.304698385645 -90.09304046630859
529.4870517741091 5708.297794101504 -19.48397064208984
534.668267435642 5711.108348530266 -18.78177738189697
534.7442223232448 5699.98711034337 -17.48498916625977
539.9368450138101 5702.808289083175 -16.98080253600715
587.4760057107974 5950.959900826798 -48.56074905395508
590.7239037890267 5953.806043746614 -47.7617015838623
592.2567787184443 5959.402510544528 -48.34528732299805
585.6200918046992 5962.0538423738 -52.07262802124023
575.7001227720276 5964.669282817594 -57.5592441558838
562.4614890374602 5970.037167339226 -65.73997879025603
569.1553118186574 5961.781331166376 -60.01166343688965
469.0003811665916 5744.451935042328 -47.80624580383241
470.6804001289454 5736.101648271705 -44.51950073242971
472.429083308051 5741.654894867507 -45.48989295958444
467.2116607616521 5733.340151545477 -45.02700233459473
484.2911730833216 5674.87294860156 -24.14968967437441
479.0397786812803 5672.108815612163 -24.81533908843994
472.102250449794 5680.487381935439 -28.45716094969369
473.8621883118241 5683.256336237684 -28.64930725097175
501.7617759541192 5644.267723236406 -16.55472326278762
492.9717369524303 5644.270699671729 -17.74148559570325
498.2419927443627 5638.712344948809 -16.41785001754856
501.7580091483772 5647.047780912657 -16.82390356063477
491.2911710448744 5683.196992276637 -24.110445022583
493.0359670037284 5685.976624444637 -24.1850547790443
500.0000000000018 5688.747405674806 -22.92015266418457
493.03596700373 5691.537147861668 -25.14593696593731
489.5615340269136 5694.319816590481 -26.6215925216671
520.9413060775955 5677.670396252351 -17.33642292022705
524.4176392015091 5680.469586861049 -17.11823368071742
308.1038316632976 5536.509188685936 -41.84390449523536
313.6804623561899 5541.871388587441 -41.36057472228782
316.8804814588083 5530.630324199798 -36.53731155395508
324.1555675105782 5533.174408396091 -34.88997554778683
322.6280327077624 5541.568907386139 -37.84300422668423
326.0361225971205 5535.897853817035 -35.05133533477095
510.5216615576653 5649.836806590948 -15.86030626297197
522.7805634548245 5655.442780736021 -14.88642454147339
519.3022698219047 5649.863584871851 -14.8292350769043
522.7635761880068 5658.222893097071 -15.10868215561105
506.9791809731111 5680.416156120953 -20.19341659545898
513.9734884594066 5672.0850570748 -17.77495479585797
519.2059771310545 5674.884832443582 -17.29674816131429
506.9526577044579 5694.313881497525 -22.20211124419896
508.720189947489 5683.196999172077 -20.26026058197541
510.4555188940797 5685.982562980815 -20.29993534087435
524.3437520774579 5694.367250821642 -18.62932014465332
527.8371302327586 5691.608318147009 -17.72375202178955
527.8750275068843 5686.047841064951 -17.17286396026636
526.1491729736177 5683.25635692588 -17.1524810790991
501.7598952488678 5649.827887094784 -17.17231988906589
505.2570586719075 5655.395209819604 -17.2631778717041
487.733533012902 5655.407102517448 -20.17481231689061
492.9792732665707 5649.830862448853 -18.43182754516614
510.4365705005346 5691.543074814938 -21.02802276609832
517.4100714457022 5688.77706943571 -19.23499965667725
517.37214791468 5699.89818834499 -20.77531147003174
522.5932699117044 5697.140992590889 -19.32316017150879
498.2457568472664 5635.932311208325 -16.16190767288276
498.240110687875 5633.152278540031 -15.83926439285695
515.825821232393 5635.956122785753 -13.99915742876033
498.2344685870719 5630.372269806785 -15.53434228897095
480.6355903360815 5630.408000071691 -17.99853134154908
480.6412324369087 5633.188008804943 -18.30345344543291
480.6562890088856 5635.968029678414 -18.70979595184132
494.6435756124852 5552.539102410014 -10.08720970153568
494.7109301586707 5619.254710571709 -14.94665336608873
501.7749010182342 5602.572776077017 -12.81850671768304
484.063376845426 5602.596646173802 -14.54198408126591
504.5023994261642 5846.323231213662 -60.16212463373707
498.880196488813 5848.175235447913 -63.36341094974138
484.8169766576195 5847.272676715475 -69.93976974486253
495.4770298668608 5814.806759256919 -56.14881769814831
501.1365171332592 5812.950937591531 -52.92888768516129
481.3167890208301 5813.914113128085 -62.72122764588756
497.7295383993106 5790.705381266303 -48.5713335673363
492.0457037322381 5792.565067627706 -51.78785451247127
477.8207946373177 5791.682329770709 -58.24512100219388
505.2495088613854 5658.175336592027 -17.54819774627686
487.7448577683076 5658.187224855789 -20.64753818511282
170.2503550035258 5510.098302693767 -100.3764437874993
173.1085257680065 5504.464451290767 -95.91656366987354
172.7041089060917 5527.723829873878 -107.9993591308603
201.0755888982499 5562.887650880736 -110.0373713943141
175.9665144964515 5521.951482005965 -103.1781501770015
313.2815899743373 5446.394128377664 -18.08602453724404
436.5376942062949 5478.666801330475 -9.411077237783331
546.8385254258565 5610.252821730389 -9.781537351169931
537.993355026374 5611.922021302173 -10.45507195773214
481.7510723834525 5530.00619393397 -9.584322831704981
484.5051045165378 5531.924476241665 -9.530342559352107
540.4903579848299 5967.640375173432 -77.3445972386628
321.5735208664446 5646.490253898439 -79.23956785997098
311.8499894917136 5688.019222147215 -107.2420312175846
322.1756645959435 5684.922521946491 -97.90782246530443
322.4467867599001 5693.042278438765 -101.9340155798573
319.559856464823 5692.174524340446 -103.667246326871
329.9879581552655 5696.44850270177 -98.13108825683548
382.0046880555988 5694.97441216336 -66.79906993825512
360.2895533268011 5736.070690650068 -96.37906243371799
227.0026166688749 5468.142517845558 -51.63450531146509
265.8964155473504 5498.170623668801 -46.42787173345255
241.0815443121537 5448.81349197047 -37.70335292815798
223.0428395540375 5582.627163156449 -107.6261470279469
635.9325279707596 5839.90762736168 -15.46056072400376
641.5671520479 5936.973840351453 -24.45277547835417
513.2606348377881 5929.3053460172 -80.65270805358909
539.9458181523219 5960.97361873163 -75.58327345806811
533.9249761887586 5937.752394391673 -71.85930252074445
459.3457786120866 5858.012240691431 -85.79029376223639
431.2142859538358 5823.848939598252 -89.52936596974951
456.7391138109019 5832.397961121176 -79.53580537821199
413.3876531566757 5500.770755491869 -12.5137075059053
408.9383553357166 5505.119926954454 -13.29299094077675
471.2097100220844 5516.112164339242 -9.44036336496805
474.8396060453019 5522.375859834161 -9.566707879854846
459.1348016350453 5695.169659896692 -36.11995172500679
478.9411272589359 5594.253254507947 -14.3416335357482
495.6712279888616 5543.300670599569 -9.49451116818372
476.121529448239 5610.06416505321 -16.18730983382272
369.1685320979841 5747.454099031067 -95.83064270019622
451.4316185840362 5694.009890957013 -38.28697773477779
437.6980676205226 5676.889553979559 -37.60437338475708
424.3581314918215 5695.567003871577 -48.35631942749114
426.6933439252552 5689.526894801904 -45.44076171109532
406.1135348953444 5696.56509916954 -56.13794517517181
416.7020797193236 5694.376033293762 -50.91075702840976
409.4460358766014 5643.914854660815 -37.08503728387677
414.3258807359412 5612.641831982746 -27.4755988738425
405.4043703111747 5610.713966955729 -29.42097364141046
396.5856777098602 5613.000416532055 -32.63741932703579
392.4869735601746 5528.551688526997 -17.70752570406228
388.2639703519812 5544.46244928886 -20.64372017484266
330.9350614287428 5667.806345053251 -83.65398450317207
358.6917372541639 5580.19825016598 -36.72216707906932
313.4437243309476 5668.588453495776 -95.47800797386844
321.9803659835984 5699.089772395727 -105.4029037475589
388.7284247900657 5696.915014259542 -64.26511192322096
391.6298268788742 5690.382169374948 -60.38895735939059
399.298068266472 5694.645390273514 -58.4328522677913
373.4284300667418 5683.592334640874 -66.63355101341131
374.2573706320204 5690.852316296177 -69.12181624412233
365.2202368450271 5685.612978222402 -71.72845910096771
356.8991381256392 5691.404332459137 -78.74955274936519
242.4692328072711 5590.78081664631 -99.90751075744811
236.0454774478267 5471.531694898987 -49.0220175973318
283.9913462587974 5497.425124396873 -38.46548165839249
244.710831808296 5473.492791068997 -46.01073629333496
281.0974060325188 5471.848534461622 -31.28709911927626
272.2790314961485 5469.966952420149 -33.70154727748195
280.5819723893796 5522.249735443631 -48.63873195648466
273.4675092676102 5520.380617828163 -51.29498656104852
312.36126906346 5396.82722955431 -12.34670016387088
248.2721558844128 5450.551975187893 -35.66996714481638
271.8985734137373 5426.123523827448 -22.37815519175979
303.0291662503605 5448.178951261387 -20.11849841251683
308.4831167098373 5468.658692679939 -22.965591384758
281.7402031729794 5465.332396786876 -29.26641269142351
299.8962437626565 5464.57425144751 -24.14629836433505
342.3827492941887 5547.113545277334 -32.7880794207108
330.9943996469074 5525.18350224347 -30.36758274402428
323.091088867051 5523.956728522971 -32.50014921640559
180.0601224220541 5530.069611360314 -104.9621334075923
210.0145905940758 5550.663978589835 -98.52263450622513
214.8137658116234 5559.889044218682 -100.4188075571878
208.9465868141187 5563.760485511446 -105.7797268277864
212.7571231294119 5565.396084111478 -104.4459252328011
613.4898895755994 5930.164702955303 -32.93799398306317
619.0307992701814 5839.466010553032 -18.04462235357846
639.3989120874817 5929.586994210128 -24.06775635377085
622.8123257443494 5929.072633242117 -29.30297457060055
630.0719711088141 5930.588859388211 -27.10967800105266
684.7151675092562 5917.807886364182 -16.70830900670994
677.2137813765835 5923.163107687191 -18.82927659746425
663.1157190535881 5933.74817168947 -24.91575693856533
670.1860549344738 5928.389944708517 -21.66276788095809
539.9801079931954 5927.42368565278 -65.55633825840641
542.2242342039131 5935.037961547065 -66.59450531005768
534.2573213646715 5837.901132293586 -44.21761009754323
439.9029950515987 5821.452681040671 -84.41624295093652
448.2236020157593 5823.610956859124 -81.06258373311698
455.591987267434 5806.358041873354 -72.67322201935849
473.82271754564 5821.167489343509 -68.27213049160855
677.1470362630987 5824.735987006722 -10.30958263164621
691.6102200861242 5830.50414634243 -9.49655410953531
685.5734925300933 5826.432460292941 -9.755858464094075
439.3737127100753 5499.165636688492 -10.43917333092367
464.3030765046906 5527.628123050869 -10.53726525701569
466.8976043602916 5521.163819338884 -9.975260877036874
399.9743304604876 5507.135834142091 -14.36642734765479
436.0188550403204 5506.600646472063 -11.15943448796065
421.3238411763623 5499.397424980613 -11.7621017272283
431.4318261827948 5500.515663367809 -11.07291900934001
355.7698583986848 5483.917534464965 -17.05647650912067
347.9682533255759 5485.511995602203 -18.43636590161157
529.1605316369951 5610.119936357793 -10.99452625825387
511.4818683514532 5610.044542351961 -12.43562547291964
520.3237768529902 5611.829268718036 -11.79688240478362
500.8954710389703 5578.432131660176 -11.19357929448012
477.7697249398843 5543.344939640161 -10.6023463205558
485.6818759147682 5544.559838160776 -10.15454780413876
461.2107605889141 5594.345545918082 -16.3444883961829
484.9869903665631 5611.830080319796 -15.29871944672681
491.9921314480889 5576.685712152677 -11.76708647840894
483.1136060677068 5578.454810924293 -12.63712794042362
481.4945984188457 5587.806413439302 -13.51463221919852
471.6049156756867 5589.077672205072 -14.6160705464514
463.7416928033144 5587.898152918564 -15.36043110415631
474.200992868512 5576.747464650238 -13.30581146315996
465.3321660928259 5578.535499301232 -14.31705471437959
527.145194090353 5920.373640352918 -70.22701162913063
523.387657010177 5927.287784591501 -74.36338874004605
529.8387944984479 5929.380948048943 -71.51468467712584
510.4901182966573 5920.217221943475 -79.14514994479941
519.3776218880862 5918.886481060166 -73.89252074242268
464.3104215194471 5871.346441152957 -87.46351764190217
377.6024243116526 5759.023569158203 -95.58748820545907
376.4589863550609 5756.822254537223 -95.3605831541563
379.7096999427836 5745.060028829955 -88.45722815211911
425.7233821724335 5683.11729783261 -43.65998374906712
444.0892025231824 5689.264095196664 -39.29626928490984
441.7463441142927 5695.338676898826 -41.98650789260864
434.0328688882146 5694.187692832704 -44.30234541303753
443.1583861492295 5682.873524002064 -37.66253692061241
434.8459461103089 5684.234223436493 -40.8323895322419
401.0426597598766 5651.939259202378 -42.62141945648659
322.4722485916136 5590.264907201626 -54.79791545867715
367.4142390609945 5578.442346941484 -33.20397579585779
427.034549849448 5643.632915480687 -31.54968392562887
436.0655102086625 5651.388457584766 -31.02746466086683
418.5537933887626 5651.640841180173 -36.31997198624344
372.5235508130418 5595.561590910153 -36.13985313342619
424.065719550556 5543.836630262311 -15.33804397367606
431.9938229709387 5544.987107023 -14.57613833225446
441.9668746895404 5543.612974914299 -13.47477370635346
352.4597353878762 5545.325355529574 -29.28082662882571
391.8568366382838 5644.264221960484 -43.7212886963398
330.914263244455 5653.409669522144 -77.03305332919808
309.3659867887609 5676.584340320117 -102.6880436628762
271.3965751372994 5628.781435683386 -101.965883244422
343.4299446869495 5614.411087190321 -54.42214292037715
317.2737595752046 5612.899380135946 -66.37887479651454
308.0117272429839 5615.641552480177 -72.41321299056335
325.7363726103436 5614.990807725815 -63.04781012999138
334.9179670392382 5612.337055750405 -57.58448190442027
408.0120614193779 5594.935632377877 -25.36863659560527
370.1992067262822 5611.389980588033 -41.75489926312798
387.8034767974796 5611.020607870159 -35.02795879452992
378.8430581739817 5613.420389691919 -38.99018972491308
349.6162590553627 5578.957466648861 -39.69029599802002
353.9596849761297 5697.79284360135 -83.18789291381654
336.5762026526813 5698.320780285685 -94.47988319397064
338.5145370017426 5707.106770910703 -97.40888178195564
331.830882525283 5709.106033129395 -103.203947977504
341.7125448939091 5720.665281873799 -101.6955319156023
343.7842773024545 5722.154805167041 -100.9322657761331
265.9224697965151 5598.04222532521 -88.70671272277787
269.2240025611222 5592.326524674601 -83.76560974120912
248.193563621815 5598.860819818281 -100.620243072527
269.8484973661962 5583.230785133461 -79.12799025158847
270.2776654362719 5575.575574618153 -75.39125442505065
252.4735593145892 5576.377276893709 -86.34065628051576
245.4452344914635 5467.055762859822 -43.1287989019595
236.184647348955 5482.933053224941 -53.96409218081772
226.5555610205638 5474.386046181269 -54.60486918635752
218.0584485630739 5483.857251600873 -62.99247094653902
254.176346885356 5470.711857463814 -40.88645758033158
262.8920092462486 5472.645803964459 -38.1070460966896
254.299693980779 5481.950851364991 -45.29553442740803
272.45476747557 5481.185116408657 -37.48045430854654
276.8104614030267 5447.743787783938 -25.87636023511118
263.7036667533212 5548.020855151068 -67.3159828186017
245.8064365009759 5548.841844216711 -77.62223625182878
273.9047121658236 5510.784486985116 -47.53150015968095
283.7829792203952 5515.492406799149 -44.77634165947575
282.6504406432309 5508.877524650426 -42.93711725234971
277.0196081809272 5527.340035312455 -52.22347328188039
247.8377217863904 5499.121995097422 -55.34111615114216
249.0143709647919 5532.75521126103 -68.93382075876661
322.8567752840368 5397.941871685329 -11.63037996831468
338.1662937227975 5423.360451107283 -12.49364339392019
349.152142668132 5395.707928518545 -9.737515523106254
283.2450455618318 5425.227931395772 -19.54954819279817
291.3749896705281 5426.28421250885 -18.34939500073813
329.8731010657998 5486.032104988903 -21.81790259659215
337.6547090530034 5484.428018760458 -20.0445398269876
319.5325350243811 5484.999095543882 -23.91068852611374
263.5918023138838 5466.165776703341 -35.62980026205582
395.3440343835146 5501.084386559443 -14.24277512618943
403.1536346235089 5499.55011337492 -13.33641828237438
346.2648072586612 5424.4592982659 -11.89037652200471
321.368780180369 5447.470629768708 -17.00745991326949
331.5151706311613 5445.808542340485 -15.45748055480283
372.5719433174113 5462.308899263473 -12.79174435948522
372.0064673362867 5468.865117289002 -13.42336751553563
301.7582463856434 5514.725098110814 -37.19165417510453
312.7331817416125 5501.823661251176 -29.73632570850486
327.3643166663765 5518.581330418884 -29.70932525137255
309.909721838269 5509.438890243573 -32.73998963911617
309.4086660665407 5519.114009174104 -35.68671923247211
317.2836550636762 5520.39385112787 -33.38160013434435
312.9916501307225 5525.849158172389 -36.46277975300131
287.8842842562544 5524.740670314884 -46.21835231780733
284.6881068674688 5531.48084892812 -50.16727817438777
215.998002982476 5528.052724856539 -84.49007225036485
183.6692602477647 5537.873863302221 -106.8965699975593
201.3482025521862 5545.46770479948 -100.7997825263101
540.7293844595551 5806.205647235098 -33.90941883035816
533.1707950182176 5804.94835745914 -36.56038665771393
554.5898515260037 5799.825519002626 -27.82485884117273
550.2770578052746 5804.884099405478 -30.24645623687809
557.7275193188207 5806.31529190846 -28.08994885264747
472.7514063977169 5766.036682339643 -53.00451951400464
595.8003331355508 5686.042666817119 -9.941734941403411
601.3014140562882 5805.677621549206 -17.75845487543359
651.5891580075649 5769.803565533457 -9.995494747927864
606.223481376361 5928.623885965859 -35.44735531099093
602.0543148414049 5838.943327378884 -21.3779094789337
652.8302667451744 5840.40834052543 -13.40452052888389
633.2107605093761 5939.513363638742 -27.4716019630531
548.2778302994434 5966.446027093258 -72.48035543991728
547.2527550001328 5928.828127239529 -62.22738742828301
550.4736243958082 5937.900579938863 -63.10869312286172
507.5005725052083 5832.229104551289 -54.98819938640895
490.5826074599545 5832.244308625724 -63.12347510985455
507.7114945329849 5821.108350513215 -51.93803633560015
558.2861964229301 5832.508044108938 -33.30300726933092
516.0160483681557 5823.351343184588 -48.64177918361315
414.9295695051446 5804.876006926061 -91.71578598023143
421.5955277816247 5806.84255534458 -88.83459977091479
431.9427769661133 5804.611347010525 -82.97346687316212
465.1652596464855 5823.456377508244 -73.0003531046757
456.8473415170047 5821.288925888696 -76.32132501463389
452.5002920151828 5799.569975336542 -72.08560617736953
482.0852767200709 5823.370916709378 -64.88485050203781
469.5293002989015 5799.418133291553 -64.3468486088459
465.124450339742 5804.960128715207 -67.92744445800599
472.6005866170326 5806.251730916998 -64.81279932609891
459.9871453836604 5800.827876063857 -69.09564399719443
668.6296838099247 5825.825118082905 -11.05301642933188
660.196489786947 5824.144125524942 -11.72333568140149
643.2446910703516 5823.60797225595 -13.41824235790614
651.6853353536233 5825.278711123181 -12.61507565149492
712.4777414371006 5894.693469376683 -10.31628497635114
693.5750206831724 5838.577268699052 -9.670889139175614
542.6342317276199 5676.9140388755 -14.25889310004902
457.4236203900487 5498.993919601878 -9.333022058378958
449.4763421872417 5500.31974306072 -9.860324599264686
445.7634126748185 5511.123893997771 -10.75958801842188
445.0036762480026 5504.624153470555 -10.40567754787804
456.8689873503222 5522.492719878998 -10.70419982699929
394.9957076457113 5522.083753201246 -16.53827759652313
409.7464834638217 5511.615124178779 -13.79047973620663
335.2686917797123 5519.811791235668 -27.8087914168168
390.9040825541947 5505.462414149493 -15.19911502150785
389.2193341061429 5518.429071087519 -16.86858928571837
391.7392717313037 5511.956026794698 -15.80604768807882
531.6120856285861 5596.778572263969 -10.09222304814921
534.3039348534048 5598.726560926452 -10.01827199457841
520.7104213895027 5578.734360691556 -9.851150981707576
524.8462991540505 5589.046656105334 -10.12392728818546
507.098934795195 5588.996415075213 -11.37797844600436
516.9994026742647 5587.80182997486 -10.58570599360218
514.4020661363584 5594.241421608844 -11.16576726254135
499.2471209463597 5587.774293767996 -11.92867793746456
496.6715867659118 5594.218304340724 -12.62366032422733
489.3517608788588 5589.00677612948 -12.87024667098791
502.6548472148902 5611.798622815385 -13.39507622151768
493.8023002135787 5610.025903836945 -14.15344009962308
507.2257590726585 5903.589872605228 -75.43365947958455
499.4506578585811 5902.182123337624 -79.06073049554357
507.2038415862862 5909.125265958302 -77.24080153469527
516.0798189976358 5907.721034254546 -72.12709953678336
491.6480829313032 5893.138622856407 -80.18195343016237
403.5954537044536 5746.674087824331 -76.26300430296806
396.9419692440688 5744.713419719355 -78.87579114276468
386.3817368864811 5747.034537208175 -85.49317359924362
393.7411941146552 5769.125735110779 -90.18989562988259
364.6036468385382 5695.377042474936 -76.06902848437994
371.3437836108537 5697.324258917049 -73.24945449829306
400.0067178656413 5684.790672515994 -54.49694137594361
402.6439037032492 5677.363625947701 -50.6545373194183
374.9840745244514 5589.245747271489 -33.49789992436195
385.216945413837 5577.997131658779 -27.67862231215054
376.4591227056512 5579.791757799288 -30.65205261018491
400.5154118114433 5590.112007903139 -26.15421049047529
414.099523871625 5545.257195264996 -16.69169177841036
449.8893530722758 5544.782700740556 -12.84900449737302
383.8971634066979 5652.271492312571 -49.80266075975419
338.7391138996659 5645.653242345502 -69.28280220240822
348.8522414901822 5653.16455983302 -67.07669426028406
366.3732564099519 5652.685516769047 -58.05454440409108
313.3741734989885 5653.892948624319 -87.88727832670702
301.6530260130498 5666.79935346683 -102.779791046456
300.9416728579454 5661.878666351504 -100.5260107503818
301.81011276851 5674.109598764366 -106.7870023016389
271.2244481302528 5624.117268047192 -99.37921846740483
272.5251330761116 5617.134879300187 -94.53588945334104
299.6633048208073 5613.509762860276 -76.00855638792018
394.2262925068999 5579.432476165733 -25.62290693075352
403.0201321003997 5577.619539001113 -23.25197814677495
410.4838018967966 5588.529495226818 -23.55909566270589
411.9972139814272 5579.124120292599 -21.67919017933798
420.8200891364309 5577.306565008823 -19.84301323747718
352.5695152081826 5611.8299696796 -49.36370525711141
361.1232955194218 5613.891075067992 -46.35399605897214
365.0002278435672 5591.022529634318 -37.51396107386813
374.2708443169181 5644.671711038799 -51.3876406671327
356.3188122808438 5645.142375430306 -60.0614314973825
340.2230247599441 5589.697329405764 -46.91407871245451
337.0336606947681 5596.434481111142 -50.6926670123255
329.4584279533565 5592.117580721029 -52.38560155848472
347.1931425908347 5591.551367398577 -44.65601651642078
357.1057358019734 5589.908904328164 -40.18704462051232
354.7768245392872 5595.963108252494 -43.07039382125708
339.8793284948706 5692.652050618684 -89.63749313358085
347.8033639119894 5686.109893035751 -81.75026019426605
349.1157444545465 5708.56905145058 -91.01652132029403
355.9257013876713 5706.575766280735 -85.89447198355583
390.8750149178313 5683.170184207616 -57.99640954932829
382.6397197712372 5685.178951782323 -62.6815129702627
251.4761639290814 5593.133421395964 -95.36404800414903
258.3647347061619 5594.965899582875 -91.89442492942226
260.226004278647 5589.943844613698 -88.19597625732376
260.6343270751049 5582.2999795333 -84.23116186244488
237.4938414518251 5601.92018714418 -109.3604430905907
240.237844888994 5603.711206817243 -108.6186860340799
319.5829804263217 5596.826911930199 -58.69765419344367
286.9726728457722 5591.579486793651 -73.01249694824219
311.7281399289345 5592.756592988623 -60.73704515024951
296.229880745655 5580.814595000504 -63.54256937337186
217.8914331850019 5472.424861063402 -57.73090489296919
290.3752150348291 5469.286272575975 -27.72520496917514
299.3038081977879 5471.113156214758 -25.73845953313617
301.2910460845737 5485.534576270357 -28.87649791391937
284.8136395132829 5448.892981644165 -24.12239841283667
295.0467861521906 5447.039324917567 -21.47946774939896
227.9100572860116 5549.722877078643 -88.07816886901446
255.1256440367201 5542.657527657414 -69.79907904506217
273.0692647095434 5541.866382793994 -59.88428650707397
248.5180182617087 5568.208482432069 -84.83881378175874
265.8062863879145 5516.310813729782 -53.49012297271906
264.6112898371171 5509.652401717598 -51.47046723998619
233.9683475272282 5527.134535160989 -74.54738998413131
226.6390959232895 5524.71608930641 -77.3489894866957
229.7658562550805 5500.006404288554 -64.65597789340836
237.8759905467487 5512.326035901217 -66.02901153955281
228.5628826839716 5511.422563500581 -70.4011291181132
229.5427239189889 5518.231424666249 -72.92471893979155
341.2459608098211 5397.391214149656 -10.32650014216034
330.7566531675293 5396.236343853945 -10.93458188735298
309.6687427852576 5425.607923515794 -15.68015386023603
301.5530791206374 5424.545543019691 -16.60306165699592
327.9658520724688 5425.001266904874 -13.58775671563325
319.8600254673038 5423.922971165372 -14.32106609371863
317.4969353156976 5470.447680873922 -21.38898542295783
318.0597386281811 5463.897221929787 -20.15202005003289
266.5537338102495 5449.695739409315 -29.28466991708024
259.3120993575681 5447.988323187122 -31.03953170776913
426.4757879612662 5467.855565414763 -9.37971599652883
420.9191631269759 5460.686006867295 -9.289343595504647
367.9807848267264 5444.817191385612 -11.71903263058658
376.0440178727381 5445.941550694042 -11.17399864964545
357.8173220795597 5446.386749231828 -12.70984506490771
356.4722568762809 5422.858108035669 -10.98709479570641
364.5648120877227 5423.979345303949 -10.48493379454629
339.5919159342693 5446.895440919503 -14.61179109354555
349.7480704026307 5445.282843009572 -13.385079144185
335.6759120517431 5469.852897970693 -18.03475747289554
326.6070324628081 5468.080298871289 -19.26240129759094
344.7443310430635 5467.552381678699 -16.40051744767084
323.1471501631136 5581.187842583459 -51.15587933610345
313.5012245398184 5587.792124116795 -57.963672637949
318.7411652206879 5507.498941323591 -29.44522205328963
319.7405967421541 5514.024396961752 -30.86032112278781
281.6016868532179 5547.25988671443 -57.58914756774993
288.6753352626533 5549.127923509383 -54.79605706293364
302.0163341991238 5565.946063880652 -54.86616992950485
294.9671080467806 5526.570314845418 -43.75963455362489
291.4758216307023 5519.711163122007 -42.87455912920723
298.5644091925619 5521.547811671689 -40.58837509155342
305.857700941333 5524.062873991643 -38.55710601806504
302.6696920622107 5530.861958760923 -42.08050873006596
193.6373290240444 5501.953404566441 -83.7312611710654
208.6598111654048 5525.658479995476 -87.24285888672057
558.4260751729053 5821.570003365503 -30.89117955958272
566.992913876823 5823.629355998172 -28.4662279828907
562.0484784753348 5801.261688241604 -25.89506703671623
567.2843076267059 5805.090386796634 -25.08857577918752
480.2859521299788 5767.336423271388 -50.0033092498802
477.0130576906445 5800.719046184166 -61.19340705871787
482.1359892115966 5804.868978077223 -59.89707469939572
545.0174943042757 5801.079576369191 -31.25431457321554
537.5985284330923 5799.578663631755 -33.58086793732969
590.4337468694184 5694.861110235361 -10.7451398419868
598.1269437750288 5696.149152555446 -10.25784463166892
558.2800431121336 5766.653072301997 -21.29492391654946
559.295506527591 5745.604705944939 -18.38097398391255
568.876723143198 5744.577944252316 -16.68382342446301
576.5133750274931 5745.8366566943 -15.72925699919995
586.0980190652049 5744.862085763802 -14.43350369457988
580.7394312639954 5695.844307499299 -11.59232551952118
573.0421536828098 5694.575771883136 -12.20551541093221
596.1027344192407 5801.803844482522 -18.25387538498649
634.4515139410119 5769.311451673389 -11.31653087550154
610.9455462694541 5746.479095583653 -12.0662445916135
589.6818734478022 5928.219095572441 -42.21822177879653
596.9920765942375 5929.587180549284 -39.43807888031165
634.740895499775 5824.795665374522 -14.49347219511964
626.2910491942193 5823.123449355728 -15.47202416010504
617.797386428889 5824.382185610731 -16.81266423732797
609.3342214770182 5822.682456726738 -18.04913525529275
600.8567263974778 5824.047350408314 -19.78198243704014
625.0114397923714 5936.505815344211 -29.8337669372512
558.7825183540685 5935.215252477658 -58.19885158538591
556.5712320367811 5927.621399273097 -57.24686656520134
563.8329144065419 5929.022972568398 -54.12504911422843
580.4127190287409 5929.275988524955 -46.54404973983765
573.092954735358 5927.906038573653 -49.50738602115212
592.3720665764617 5822.276065928762 -21.37300844413676
500.3421600062175 5837.70626508523 -59.85096812119741
506.6846066882372 5806.168045952993 -48.46148798633658
517.2629281797358 5837.739094323236 -51.83949846998735
568.1981822792418 5838.356209615991 -30.97065403089766
551.1909423355055 5838.050759106353 -37.20765883321064
524.4224419153456 5832.261213013742 -47.15457263749431
541.3511994593241 5832.352582029614 -39.86072248097707
438.5887591430769 5806.549436640937 -80.45576522707438
448.1130803000315 5805.110087004806 -75.68375015258516
442.9614258293464 5800.995534671958 -76.76539993286406
435.4656310622336 5799.753157602758 -79.7680222704812
425.0951656848065 5801.929535470913 -85.42072296142965
418.421169670587 5799.952091541693 -88.11618677769479
499.0306365546294 5823.33831338087 -56.67814284386418
490.784231169604 5821.103771669212 -60.07844594020003
503.5907283899746 5799.321382589646 -48.09336412616017
511.0651323614438 5800.677863673063 -44.98989343643302
483.4342586821172 5837.733386685117 -68.05467907743309
466.5347920605859 5837.820566778611 -76.3071341462387
473.6633937578827 5832.297450429938 -71.33231413745239
669.7255959158924 5840.967987469237 -11.71640540569788
635.319672006477 5806.497339118023 -13.25746226629343
686.6192447267647 5841.586452906769 -10.31067598922158
431.2994557364841 5744.222501722445 -62.89492943682239
438.8764968234409 5745.425339371484 -60.26332378387519
448.5239887803709 5744.024239315673 -55.94170011731944
454.0422122146588 5506.420763000498 -9.934794116440571
461.166362142284 5517.430405759943 -10.11583814952212
453.2171524740047 5516.235124430738 -10.55813650672332
412.9711497243643 5521.764088776221 -14.39302571709072
410.4413233192581 5528.238027412017 -15.33038401469207
402.9602743322625 5523.213497776142 -15.65344087839242
399.2385053757143 5516.953301078327 -15.42367354587282
407.2051536434274 5518.089193739364 -14.65108337804088
427.7546768615798 5511.338491959934 -12.14111686264374
426.9713033809244 5504.841039410167 -11.72338667850943
417.9960663187458 5506.839352084096 -12.61683298116708
391.9882244671207 5483.078595230239 -12.8924557399817
384.162978769074 5484.639441949927 -13.76375589134932
366.06499747098 5485.047443902482 -15.81763963707328
373.880398665824 5483.467773498186 -14.73374035571919
330.9180201722697 5501.325058802528 -24.70936657277866
327.9151715159296 5508.863309503806 -27.20289955372596
341.0665909030313 5523.399446643441 -27.11490016685866
338.611949413596 5529.784958679662 -29.3928099471932
360.3150997937501 5546.556768105351 -27.36669603699102
509.7829230252191 5576.685192124983 -10.45734270200933
440.7528466283707 5610.301807197583 -21.42902106642475
461.4934143407081 5689.067864643299 -33.67306750291687
436.1138343909192 5589.410647455301 -19.07964113164394
443.4801080864854 5594.493084415909 -18.71119659650458
429.7727188196582 5578.87067118973 -18.65358288478046
417.425407320532 5684.478381449413 -47.21241497288588
420.152100610806 5677.064205157962 -43.66831684827889
408.3246653780679 5682.807586537142 -50.24053242354989
409.0041842878768 5689.970321949453 -52.52885668460704
423.059867144274 5610.480867162685 -24.95179883311482
431.9988775547286 5612.324880018832 -23.42180956725872
382.7816824505803 5590.530855674148 -31.26371658230346
392.733717948212 5588.857989674792 -27.95785222886411
390.2703093481091 5595.223426815888 -30.18251382188714
406.1648057523712 5544.119857649624 -17.6588145057068
396.2076396048119 5545.597720960619 -19.38861991430838
448.9220260678439 5521.30403004942 -11.19657244600882
446.3491432112933 5527.773612486988 -11.85780054598456
443.1789180828264 5517.589964259761 -11.36873597766936
435.2245652322572 5516.417153569761 -11.89766919075669
467.7854686550727 5544.640783403667 -11.39160544406741
459.8682393934005 5543.449050210376 -11.92084621527886
264.4661282732272 5614.911246735876 -98.70810876883024
254.8499156432281 5617.792602132602 -107.0134327582741
304.0117502309317 5647.229364426257 -90.43424419599341
331.822918449926 5579.535505281185 -46.90817543113485
340.9204359213686 5580.657517017981 -43.61334240673091
295.742064898493 5588.4495188852 -66.9552640915017
293.8832962778529 5593.445476017234 -70.04755636301161
304.7221097758538 5590.892287256274 -63.39564990997769
301.8158155512092 5597.374722427607 -67.63984991242523
284.1827962569046 5566.640266450029 -63.93980598450094
234.6703221479811 5577.238918462373 -97.61529922485215
219.2699236047747 5544.466583948338 -90.41170158221439
231.0560688035184 5533.59278691203 -78.99217326524149
237.1969511443067 5543.542029389651 -80.08758731803528
266.3500033732716 5567.394398958537 -74.04547691345397
230.6869039074395 5569.082539560505 -95.85271072387741
262.6002355025171 5523.011741454065 -57.73762702942145
269.911547279009 5525.478531582969 -55.02079963684218
266.9909234019065 5532.007795323021 -59.11188531874359
255.8955681289599 5511.534191640023 -56.52194688592181
246.5824272030604 5510.499783920985 -60.78239685140397
300.6952808004162 5508.161941778398 -35.5552211572799
291.9073326168514 5510.081389074511 -39.51831784176784
340.7332834456965 5384.352602438192 -9.54396040501598
338.1631092933053 5390.876978936919 -10.0963420596114
330.3730094572861 5382.749082424832 -10.07540064127596
402.2618271208485 5484.289355309698 -12.11053418290129
428.3214854217435 5482.621361747131 -10.13612121607503
417.3649476769465 5466.002593116989 -9.788382202368837
381.0431613478409 5466.659490885589 -12.40405598802874
353.8444595934266 5469.326339453671 -15.44731861806395
362.8908610212875 5467.077891314581 -14.17173598347051
354.3991957816465 5462.769880771491 -14.67687873834774
305.8882299905254 5574.151900691681 -56.19712638855049
305.3777082623665 5581.80382154358 -59.44237577474678
314.0290393991108 5580.159062007407 -54.79297041219252
299.5004358857914 5546.55891742637 -48.84283351898011
211.5473065545248 5519.186229877482 -82.70636105158201
220.0233979362415 5513.193009286951 -75.57853878300648
198.0285746473992 5529.031074266268 -94.51666641235215
550.0533126460041 5823.522248275164 -34.31661223808169
541.4953904069707 5821.326501457615 -37.11520919381951
524.6105701081283 5821.183360996532 -44.18919272909147
533.0292062515691 5823.411293582137 -41.10266112883937
482.8965373970832 5743.783470370547 -41.81916452243536
490.5285633228332 5745.061958020044 -39.02412128448509
528.0911306709554 5800.74551006328 -37.60275077819892
520.5583183331523 5799.421656476377 -40.42142376092011
548.7496416093263 5767.740274548262 -23.7749223466036
524.0894666056024 5766.148527739919 -31.05858480284701
489.8977771948312 5765.964407275247 -45.23684413661772
497.4270408445054 5767.29808228957 -42.23238086700485
592.5726274081558 5767.235145725339 -15.50394332128144
600.1744697353733 5768.504621634436 -14.67273240511662
577.5402732089237 5677.322264837667 -10.84953259354984
574.0670684276279 5684.522184910249 -11.53232995661008
539.2198139907923 5684.131374573763 -15.29563717104128
565.36562936172 5682.822048362526 -12.23119138918531
565.930923716915 5689.193412189285 -12.57529459964019
563.3514322515771 5695.598897088513 -13.26010389869987
555.6498861077735 5694.345921073063 -14.02950310528564
591.8466804576096 5806.633730322726 -19.5537169386522
588.543145090257 5800.519797325238 -19.48351097048078
628.1603758635115 5746.889236271969 -10.70074812856961
593.7299507488724 5746.128191900356 -13.69414046673597
593.7237234108936 5979.858260566013 -52.53703594260105
608.4550273256557 5936.095952196319 -36.11376571655273
600.11749903859 5938.69385514959 -40.13787651061978
583.5699787507485 5938.371305293418 -47.32489871979351
591.8980076763212 5935.744242143735 -43.01255893707594
576.0036603152309 5995.970683346832 -65.34722185135956
568.8423976245779 5994.515917078313 -68.83654217530943
567.0219895472817 5938.106882104633 -54.95047950744674
575.3404737512442 5935.450677664187 -50.36587333679154
682.136288328697 5813.557572859818 -9.504860460774978
669.3365138158056 5807.551366884622 -10.18903240846996
616.664457349395 5939.074538557138 -33.43840980530183
575.4026327823099 5821.902513363027 -25.62913860425397
583.9214241494087 5823.797310578408 -23.6233260866926
499.1476145271472 5804.836632933859 -51.69490957259995
489.6091092097013 5806.200252633441 -56.65708465140528
702.4794929965076 5846.351778088222 -9.347057347520149
354.8280463728756 5506.347274951995 -20.63362368546655
363.365434892728 5517.626458847495 -20.89854573839534
366.9116127567117 5524.099231434043 -21.33416987062913
355.7307778736467 5512.844045871718 -21.58849069920177
359.2597674664084 5501.882113676817 -19.0963039397559
374.5314352418136 5528.914602350579 -20.74528108820618
371.2347536866118 5518.829360684711 -19.68807405855682
381.2438409496895 5517.301596077556 -17.84360440457601
384.9936754200562 5523.584899900732 -18.12868308360805
377.0199668679766 5522.462960748284 -19.25929662892077
467.320731793141 5611.924071631071 -17.54611190107573
468.7807484988448 5693.910460084058 -32.68792270737299
476.4254804603265 5695.269413361953 -30.69846869524372
455.2405841398436 5676.801609365983 -32.240042123183
452.2683843015611 5684.0632156541 -35.14368483605017
460.7337956955294 5682.695954078693 -32.2059294519629
418.3718657784511 5589.685715687716 -22.13673688417737
428.2355742079371 5588.259941216596 -20.17200464537814
425.7479465286865 5594.691559943016 -21.62760893868438
456.4092462602048 5576.871084596834 -15.09346115330692
453.8586937211762 5589.210679386118 -16.64849143683477
445.988507754158 5588.049402976518 -17.52625450894652
367.0744544691465 5734.091283148915 -91.26777744248557
420.8096047393783 5746.372741983198 -68.11198425293219
414.0678806238843 5744.446223521303 -70.41624389686467
420.9289287172296 5522.909892364394 -13.68417708996964
425.1917842067051 5517.809536474686 -12.85969897879255
417.2318164160865 5516.657301959156 -13.49121702900891
428.3952582551224 5527.977552958889 -13.42878833681243
438.8986785185612 5522.670408828249 -12.06464804615081
430.9465518792526 5521.504140345474 -12.65111720231681
293.8375259828149 5656.372342803 -102.522158461506
296.5419706740818 5654.620441130466 -99.53953909428492
288.471695172962 5646.171787426114 -100.3663044521218
285.7756086629906 5647.965906625219 -103.2861617236717
287.6139810962759 5582.496853362651 -68.73617082971759
288.0825768076866 5574.833789408396 -65.25300979614713
278.427829144292 5581.514017950348 -73.38058033732614
277.9836366032378 5589.166752478533 -77.06152534484909
244.6192570742937 5523.833851552977 -67.45798587799209
251.9395487124825 5526.276478919415 -64.62300777435121
247.5391388881258 5517.333089883219 -63.17142475593209
410.2164922642378 5482.889388852835 -11.39163645200875
420.3612434405322 5483.998156236883 -10.74017379998611
408.3207707716306 5468.130798217786 -10.47966745865693
408.9201264575095 5461.576407838636 -10.03826978855517
394.271504550512 5445.558459907435 -9.926892100755879
386.2136438954476 5444.411667722471 -10.36655700135015
389.6752460595162 5435.537341239347 -9.619117127808295
390.6561392410972 5438.732131361198 -9.741886460101682
374.7782075568939 5422.415996103251 -9.739555888136067
382.8654847355601 5423.560412865335 -9.330081045071779
336.2280714698995 5463.297710937932 -17.06879024902616
190.6814622350444 5526.661050615307 -97.33585548399287
183.9417322192362 5515.614013595393 -95.56141556797093
646.6556219398412 5931.071483243109 -22.27629572444761
516.1592439183728 5804.863092519337 -43.77014303207557
523.6837209014748 5806.17596559615 -40.77775125329867
531.6030744207624 5767.604874529037 -28.80340661625678
541.244750534946 5766.328411236905 -25.55579786660769
551.6533740284135 5744.337001779392 -19.6465115066635
534.5424376720216 5744.040476158473 -23.52774255602753
542.0759266628188 5745.432602932942 -21.89956530410609
506.9804537794744 5766.008337305248 -37.72717031865818
514.5681414040864 5767.318723718523 -34.96338796616442
500.1268425316207 5743.779305469677 -34.81078925700535
507.6354519995275 5745.268268003747 -32.33723292418063
583.0346251619303 5768.190172942646 -16.94369752544702
582.798380114486 5683.073465017724 -10.73629446002005
583.339266780788 5689.443269284819 -11.02759143834339
587.2366133134683 5678.623557200905 -10.17783429782881
538.2565493548805 5694.168398431481 -16.32581834213863
545.963171261491 5695.413036464694 -15.35431544612243
560.0878142321249 5677.0883681966 -12.3803282323459
556.6429996957177 5684.29829309747 -13.21209018091895
547.931516847646 5682.631644497084 -14.07998566715997
548.5229010810322 5689.005766033022 -14.50242476677329
584.2926349420618 5805.355006949004 -20.96751322713237
574.7286776839283 5806.49542523135 -23.33761451200246
571.6253451643056 5800.092869963463 -23.13470214734593
579.0765258980769 5801.502964899089 -21.60162804171364
630.1516000485644 5802.584137143544 -13.58573879982873
578.3910518495677 5990.017276091472 -62.58473686699517
606.244224479896 5968.677037723052 -44.0644604747373
605.5766309970179 5962.2658003795 -42.94097143276008
557.3728064983895 5982.48790258552 -71.95924377441497
561.762746371207 5989.929744422495 -71.58812407406231
556.9274342659569 5967.814298072929 -68.06997578729784
556.4408202185004 5961.220231973218 -66.48137616912368
652.3284260507023 5806.994972757526 -11.58974247160054
664.1970490667518 5803.600974217505 -10.42268489465724
585.1281292687731 5838.620826709384 -25.66842538545086
486.557986571092 5799.32765893555 -56.25660226611194
494.039080693442 5800.66904244966 -53.01876401901313
438.4631787295311 5766.373822365671 -67.6120426824441
446.0041273136912 5767.590057632905 -64.89776182174728
455.6088035844491 5766.185174080439 -60.45135789946517
463.1449545242745 5767.433747596849 -57.6395702362081
348.9849749559348 5500.790533187546 -20.75422224964257
345.924445632601 5508.350659304055 -22.77013399119551
341.2196804096257 5502.364159862603 -22.57635896457123
336.7857341526665 5506.891618964828 -24.5264533682921
337.7321675476446 5513.397026386912 -25.70823313013079
359.0435406603051 5522.901549727427 -22.7377232716849
356.5735560214616 5529.324962028984 -24.60673987105179
348.9506634161621 5524.605077220151 -25.36754647699081
345.366861973594 5518.080409319984 -24.81756018244823
353.2515720454412 5519.290246877836 -23.28702845238445
363.9376213078604 5507.893453901146 -19.26966093613282
367.0451826755193 5500.316436488118 -17.66795130133244
378.2006702688923 5546.082343103279 -22.921774528691
370.3625630230722 5544.86426457526 -24.48665367123112
458.4389334230459 5610.158300148109 -18.57852522179189
449.6571760146317 5612.085167398767 -20.20126979462759
478.900112571529 5688.929174026072 -28.48007789418921
447.5515449115028 5578.674171954184 -16.27800814970294
438.6160715566243 5577.0572288611 -17.21134715026733
421.3097011726668 5766.582136939111 -75.10657342051786
428.8635498267549 5767.805357180484 -72.18837261200179
410.8786185345298 5768.789507434616 -80.88946914673079
404.257939335982 5766.819706870575 -83.53080342160933
409.4798604867165 5789.421972439696 -89.18632349486552
404.875080835061 5794.204034915833 -93.4281276478182
408.8429993054297 5799.854319110859 -93.27875249274894
397.1323550193065 5788.645328015492 -95.80876159667923
282.0763399741954 5614.175419502311 -86.78128362683492
290.2596545855936 5616.36127110523 -82.86658168301801
399.2035570354283 5466.301856556101 -10.97096374431197
390.1646935708727 5468.467050305819 -11.80464194292978
390.7456986702232 5461.911638830913 -11.27673861112407
210.3713488020194 5512.372027192834 -80.14152712938812
211.6977295687357 5500.936948552025 -74.0963829008283
517.3117955941698 5743.890331545846 -28.60715379962221
524.8548681230509 5745.320499047162 -26.52064290029421
575.4275970440676 5766.92374263794 -18.00966414909078
565.8932902972851 5767.935332773823 -19.89328028098782
613.127685781727 5802.164317394956 -15.65578469886316
618.3105213721246 5806.05830782284 -15.26095581880094
617.3133386018053 5768.878440271425 -12.85084210077298
589.8047366548424 5968.327470563288 -51.6214508615376
597.6836449764664 5967.234747255497 -47.67200188569859
581.2334279314009 5966.924009198161 -55.39725295215771
647.174677645211 5803.063065834067 -11.86954876293706
456.0936807898488 5745.245124691952 -53.33676385879699
372.8675275904252 5505.870795434106 -17.5860411183246
373.7337101881362 5512.364505647953 -18.34463035332908
377.3012912973545 5501.455357543668 -16.38080101674063
381.9545009850644 5507.488100500792 -16.52821245784253
385.10082868479 5499.902991444219 -15.25615960562527
490.1603978750559 5676.610989679317 -23.11126571177647
317.3998531900438 5545.917927494176 -41.21197605133079
306.549663098061 5548.39254669718 -46.42201903423006
324.5026057512546 5547.714638807629 -39.10586402274885
334.5563769349128 5545.845938576698 -35.01171612151279
202.0035545911524 5514.140940833975 -85.28280580822729
589.1055532522082 5961.900598811847 -50.4140299024898
573.3653417492046 5968.040557345736 -59.55429687264177
564.7808496699859 5966.665688563893 -63.58630776878113
572.6313787204274 5961.58817345319 -58.26036230787599
465.7445981505662 5743.860403037334 -48.96874228298179
473.3110620988236 5745.123998572422 -46.23462200165068
472.6981694370752 5676.676667075363 -27.39778587736032
469.5465898929419 5683.956641742987 -29.97832793307998
478.172079189324 5682.540162951823 -27.26368438451141
486.9638745349648 5683.933763749907 -25.27138529086642
495.6135714465136 5682.454473564392 -22.90871766617227
496.3054512711469 5688.847070603782 -23.86244301684144
486.1802283745096 5693.85295685082 -27.48669351926105
493.8041553055168 5695.215202305805 -25.69026224189213
525.1788209072638 5676.799412637955 -16.58455314957689
320.6446917057096 5530.297347274748 -35.18111468584812
507.6257118340777 5676.60478759309 -19.49826044789745
503.5796217586185 5693.866997969618 -22.94101953741892
504.3801698889097 5683.954936375306 -21.21734361719177
513.0556031347342 5682.443704378205 -19.28069321291684
528.5749821808472 5695.286950393523 -18.01936068753002
531.1157648348485 5688.883279078287 -16.92440454091548
530.4951342766453 5682.504399545771 -16.38058817757133
521.7985535680823 5684.018689065211 -17.91356964755062
513.7100814613032 5688.829905119035 -20.00208427198754
511.1878833634437 5695.220947353701 -21.43151035481378
520.8612526476431 5694.038479858719 -19.25697953377164

CELLS 30288 101452
1 0
1 1
1 2
1 3
1 4
1 5
1 6
1 7
1 8
1 9
1 10
1 11
1 12
1 13
1 14
1 15
1 16
1 17
1 18
1 19
1 20
1 21
1 22
1 23
1 24
1 25
1 26
1 27
1 28
1 29
1 30
1 31
1 32
1 33
1 34
1 35
1 36
1 37
1 38
1 39
1 40
1 41
1 42
1 43
1 44
1 45
1 46
1 47
1 48
1 49
1 50
1 51
1 52
1 53
1 54
1 55
1 56
1 57
1 58
1 59
1 60
1 61
1 62
1 63
1 64
1 65
1 66
1 67
1 68
1 69
1 70
1 71
1 72
1 73
1 74
1 75
1 76
1 77
1 78
1 79
1 80
1 81
1 82
1 83
1 84
1 85
1 86
1 87
1 88
1 89
1 90
1 91
1 92
1 93
1 94
1 95
1 96
1 97
1 98
1 99
1 100
1 101
1 102
1 103
1 104
1 105
1 106
1 107
1 108
1 109
1 110
1 111
1 112
1 113
1 114
1 115
1 116
1 117
1 118
1 119
1 120
1 121
1 122
1 123
1 124
1 125
1 126
1 127
1 128
1 129
1 130
1 131
1 132
1 133
1 134
1 135
1 136
1 137
1 138
1 139
1 140
1 141
1 142
1 143
1 144
1 145
1 146
1 147
1 148
1 149
1 150
1 151
1 152
1 153
1 154
1 155
1 156
1 157
1 158
1 159
1 160
1 161
1 162
1 163
1 164
1 165
1 166
1 167
1 168
1 169
1 170
1 171
1 172
1 173
1 174
1 175
1 176
1 177
1 178
1 179
1 180
1 181
1 182
1 183
1 184
1 185
1 186
1 187
1 188
1 189
1 190
1 191
1 192
1 193
1 194
1 195
1 196
1 197
1 198
1 199
1 200
1 201
1 202
1 203
1 204
1 205
1 206
1 207
1 208
1 209
1 210
1 211
1 212
1 213
1 214
1 215
1 216
1 217
1 218
1 219
1 220
1 221
1 222
1 223
1 224
1 225
1 226
1 227
1 228
1 229
1 230
1 231
1 232
1 233
1 234
1 235
1 236
1 237
1 238
1 239
1 240
1 241
1 242
1 243
1 244
1 245
1 246
1 247
1 248
1 249
1 250
1 251
1 252
1 253
1 254
1 255
1 256
1 257
1 258
1 259
1 260
1 261
1 262
1 263
1 264
1 265
1 266
1 267
1 268
1 269
1 270
1 271
1 272
1 273
1 274
1 275
1 276
1 277
1 278
1 279
1 280
1 281
1 282
1 283
1 284
1 285
1 286
1 287
1 288
1 289
1 290
1 291
1 292
1 293
1 294
1 295
1 296
1 297
1 298
1 299
1 300
1 301
1 302
1 303
1 304
1 305
1 306
1 307
1 308
1 309
1 310
1 311
1 312
1 313
1 314
1 315
1 316
1 317
1 318
1 319
1 320
1 321
1 322
1 323
1 324
1 325
1 326
1 327
1 328
1 329
1 330
1 331
1 332
1 333
1 334
1 335
1 336
1 337
1 338
1 339
1 340
1 341
1 342
1 343
1 344
1 345
1 346
1 347
1 348
1 349
1 350
1 351
1 352
1 353
1 354
1 355
1 356
1 357
1 358
1 359
1 360
1 361
1 362
1 363
1 364
1 365
1 366
1 367
1 368
1 369
1 370
1 371
1 372
1 373
1 374
1 375
1 376
1 377
1 378
1 379
1 380
1 381
1 382
1 383
1 384
1 385
1 386
1 387
1 388
1 389
1 390
1 391
1 392
1 393
1 394
1 395
1 396
1 397
1 398
1 399
1 400
1 401
1 402
1 403
1 404
1 405
1 406
1 407
1 408
1 409
1 410
1 411
1 412
1 413
1 414
1 415
1 416
1 417
1 418
1 419
1 420
1 421
1 422
1 423
1 424
1 425
1 426
1 427
1 428
1 429
1 430
1 431
1 432
1 433
1 434
1 435
1 436
1 437
1 438
1 439
1 440
1 441
1 442
1 443
1 444
1 445
1 446
1 447
1 448
1 449
1 450
1 451
1 452
1 453
1 454
1 455
1 456
1 457
1 458
1 459
1 460
1 461
1 462
1 463
1 464
1 465
1 466
1 467
1 468
1 469
1 470
1 471
1 472
1 473
1 474
1 475
1 476
1 477
1 478
1 479
1 480
1 481
1 482
1 483
1 484
1 485
1 486
1 487
1 488
1 489
1 490
1 491
1 492
1 493
1 494
1 495
1 496
1 497
1 498
1 499
1 500
1 501
1 502
1 503
1 504
1 505
1 506
1 507
1 508
1 509
1 510
1 511
1 512
1 513
1 514
1 515
1 516
1 517
1 518
1 519
1 520
1 521
1 522
1 523
1 524
1 525
1 526
1 527
1 528
1 529
1 530
1 531
1 532
1 533
1 534
1 535
1 536
1 537
1 538
1 539
1 540
1 541
1 542
1 543
1 544
1 545
1 546
1 547
1 548
1 549
1 550
1 551
1 552
1 553
1 554
1 555
1 556
1 557
1 558
1 559
1 560
1 561
1 562
1 563
1 564
1 565
1 566
1 567
1 568
1 569
1 570
1 571
1 572
1 573
1 574
1 575
1 576
1 577
1 578
1 579
1 580
1 581
1 582
1 583
1 584
1 585
1 586
1 587
1 588
1 589
1 590
1 591
1 592
1 593
1 594
1 595
1 596
1 597
1 598
1 599
1 600
1 601
1 602
1 603
1 604
1 605
1 606
1 607
1 608
1 609
1 610
1 611
1 612
1 613
1 614
1 615
1 616
1 617
1 618
1 619
1 620
1 621
1 622
1 623
1 624
1 625
1 626
1 627
1 628
1 629
1 630
1 631
1 632
1 633
1 634
1 635
1 636
1 637
1 638
1 639
1 640
1 641
1 642
1 643
1 644
1 645
1 646
1 647
1 648
1 649
1 650
1 651
1 652
1 653
1 654
1 655
1 656
1 657
1 658
1 659
1 660
1 661
1 662
1 663
1 664
1 665
1 666
1 667
1 668
1 669
1 670
1 671
1 672
1 673
1 674
1 675
1 676
1 677
1 678
1 679
1 680
1 681
1 682
1 683
1 684
1 685
1 686
1 687
1 688
1 689
1 690
1 691
1 692
1 693
1 694
1 695
1 696
1 697
1 698
1 699
1 700
1 701
1 702
1 703
1 704
1 705
1 706
1 707
1 708
1 709
1 710
1 711
1 712
1 713
1 714
1 715
1 716
1 717
1 718
1 719
1 720
1 721
1 722
1 723
1 724
1 725
1 726
1 727
1 728
1 729
1 730
1 731
1 732
1 733
1 734
1 735
1 736
1 737
1 738
1 739
1 740
1 741
1 742
1 743
1 744
1 745
1 746
1 747
1 748
1 749
1 750
1 751
1 752
1 753
1 754
1 755
1 756
1 757
1 758
1 759
1 760
1 761
1 762
1 763
1 764
1 765
1 766
1 767
1 768
1 769
1 770
1 771
1 772
1 773
1 774
1 775
1 776
1 777
1 778
1 779
1 780
1 781
1 782
1 783
1 784
1 785
1 786
1 787
1 788
1 789
1 790
1 791
1 792
1 793
1 794
1 795
1 796
1 797
1 798
1 799
1 800
1 801
1 802
1 803
1 804
1 805
1 806
1 807
1 808
1 809
1 810
1 811
1 812
1 813
1 814
1 815
1 816
1 817
1 818
1 819
1 820
1 821
1 822
1 823
1 824
1 825
1 826
1 827
1 828
1 829
1 830
1 831
1 832
1 833
1 834
1 835
1 836
1 837
1 838
1 839
1 840
1 841
1 842
1 843
1 844
1 845
1 846
1 847
1 848
1 849
1 850
1 851
1 852
1 853
1 854
1 855
1 856
1 857
1 858
1 859
1 860
1 861
1 862
1 863
1 864
1 865
1 866
1 867
1 868
1 869
1 870
1 871
1 872
1 873
1 874
1 875
1 876
1 877
1 878
1 879
1 880
1 881
1 882
1 883
1 884
1 885
1 886
1 887
1 888
1 889
1 890
1 891
1 892
1 893
1 894
1 895
1 896
1 897
1 898
1 899
1 900
1 901
1 902
1 903
1 904
1 905
1 906
1 907
1 908
1 909
1 910
1 911
1 912
1 913
1 914
1 915
1 916
1 917
1 918
1 919
1 920
1 921
1 922
1 923
1 924
1 925
1 926
1 927
1 928
1 929
1 930
1 931
1 932
1 933
1 934
1 935
1 936
1 937
1 938
1 939
1 940
1 941
1 942
1 943
1 944
1 945
1 946
1 947
1 948
1 949
1 950
1 951
1 952
1 953
1 954
1 955
1 956
1 957
1 958
1 959
1 960
1 961
1 962
1 963
1 964
1 965
1 966
1 967
1 968
1 969
1 970
1 971
1 972
1 973
1 974
1 975
1 976
1 977
1 978
1 979
1 980
1 981
1 982
1 983
1 984
1 985
1 986
1 987
1 988
1 989
1 990
1 991
1 992
1 993
1 994
1 995
1 996
1 997
1 998
1 999
1 1000
1 1001
1 1002
1 1003
1 1004
1 1005
1 1006
1 1007
1 1008
1 1009
1 1010
1 1011
1 1012
1 1013
1 1014
1 1015
1 1016
1 1017
1 1018
1 1019
1 1020
1 1021
1 1022
1 1023
1 1024
1 1025
1 1026
1 1027
1 1028
1 1029
1 1030
1 1031
1 1032
1 1033
1 1034
1 1035
1 1036
1 1037
1 1038
1 1039
1 1040
1 1041
1 1042
1 1043
1 1044
1 1045
1 1046
1 1047
1 1048
1 1049
1 1050
1 1051
1 1052
1 1053
1 1054
1 1055
1 1056
1 1057
1 1058
1 1059
1 1060
1 1061
1 1062
1 1063
1 1064
1 1065
1 1066
1 1067
1 1068
1 1069
1 1070
1 1071
1 1072
1 1073
1 1074
1 1075
1 1076
1 1077
1 1078
1 1079
1 1080
1 1081
1 1082
1 1083
1 1084
1 1085
1 1086
1 1087
1 1088
1 1089
1 1090
1 1091
1 1092
1 1093
1 1094
1 1095
1 1096
1 1097
1 1098
1 1099
1 1100
1 1101
1 1102
1 1103
1 1104
1 1105
1 1106
1 1107
1 1108
1 1109
1 1110
1 1111
1 1112
1 1113
1 1114
1 1115
1 1116
1 1117
1 1118
1 1119
1 1120
1 1121
1 1122
1 1123
1 1124
1 1125
1 1126
1 1127
1 1128
1 1129
1 1130
1 1131
1 1132
1 1133
1 1134
1 1135
1 1136
1 1137
1 1138
1 1139
1 1140
1 1141
1 1142
1 1143
1 1144
1 1145
1 1146
1 1147
1 1148
1 1149
1 1150
1 1151
1 1152
1 1153
1 1154
1 1155
1 1156
1 1157
1 1158
1 1159
1 1160
1 1161
1 1162
1 1163
1 1164
1 1165
1 1166
1 1167
1 1168
1 1169
1 1170
1 1171
1 1172
1 1173
1 1174
1 1175
1 1176
1 1177
1 1178
1 1179
1 1180
1 1181
1 1182
1 1183
1 1184
1 1185
1 1186
1 1187
1 1188
1 1189
1 1190
1 1191
1 1192
1 1193
1 1194
1 1195
1 1196
1 1197
1 1198
1 1199
1 1200
1 1201
1 1202
1 1203
1 1204
1 1205
1 1206
1 1207
1 1208
1 1209
1 1210
1 1211
1 1212
1 1213
1 1214
1 1215
1 1216
1 1217
1 1218
1 1219
1 1220
1 1221
1 1222
1 1223
1 1224
1 1225
1 1226
1 1227
1 1228
1 1229
1 1230
1 1231
1 1232
1 1233
1 1234
1 1235
1 1236
1 1237
1 1238
1 1239
1 1240
1 1241
1 1242
1 1243
1 1244
1 1245
1 1246
1 1247
1 1248
1 1249
1 1250
1 1251
1 1252
1 1253
1 1254
1 1255
1 1256
1 1257
1 1258
1 1259
1 1260
1 1261
1 1262
1 1263
1 1264
1 1265
1 1266
1 1267
1 1268
1 1269
1 1270
1 1271
1 1272
1 1273
1 1274
1 1275
1 1276
1 1277
1 1278
1 1279
1 1280
1 1281
1 1282
1 1283
1 1284
1 1285
1 1286
1 1287
1 1288
1 1289
1 1290
1 1291
1 1292
1 1293
1 1294
1 1295
1 1296
1 1297
1 1298
1 1299
1 1300
1 1301
1 1302
1 1303
1 1304
1 1305
1 1306
1 1307
1 1308
1 1309
1 1310
1 1311
1 1312
1 1313
1 1314
1 1315
1 1316
1 1317
1 1318
1 1319
1 1320
1 1321
1 1322
1 1323
1 1324
1 1325
1 1326
1 1327
1 1328
1 1329
1 1330
1 1331
1 1332
1 1333
1 1334
1 1335
1 1336
1 1337
1 1338
1 1339
1 1340
1 1341
1 1342
1 1343
1 1344
1 1345
1 1346
1 1347
1 1348
1 1349
1 1350
1 1351
1 1352
1 1353
1 1354
1 1355
1 1356
1 1357
1 1358
1 1359
1 1360
1 1361
1 1362
1 1363
1 1364
1 1365
1 1366
1 1367
1 1368
1 1369
1 1370
1 1371
1 1372
1 1373
1 1374
1 1375
1 1376
1 1377
1 1378
1 1379
1 1380
1 1381
1 1382
1 1383
1 1384
1 1385
1 1386
1 1387
1 1388
1 1389
1 1390
1 1391
1 1392
1 1393
1 1394
1 1395
1 1396
1 1397
1 1398
1 1399
1 1400
1 1401
1 1402
1 1403
1 1404
1 1405
1 1406
1 1407
1 1408
1 1409
1 1410
1 1411
1 1412
1 1413
1 1414
1 1415
1 1416
1 1417
1 1418
1 1419
1 1420
1 1421
1 1422
1 1423
1 1424
1 1425
1 1426
1 1427
1 1428
1 1429
1 1430
1 1431
1 1432
1 1433
1 1434
1 1435
1 1436
1 1437
1 1438
1 1439
1 1440
1 1441
1 1442
1 1443
1 1444
1 1445
1 1446
1 1447
1 1448
1 1449
1 1450
1 1451
1 1452
1 1453
1 1454
1 1455
1 1456
1 1457
1 1458
1 1459
1 1460
1 1461
1 1462
1 1463
1 1464
1 1465
1 1466
1 1467
1 1468
1 1469
1 1470
1 1471
1 1472
1 1473
1 1474
1 1475
1 1476
1 1477
1 1478
1 1479
1 1480
1 1481
1 1482
1 1483
1 1484
1 1485
1 1486
1 1487
1 1488
1 1489
1 1490
1 1491
1 1492
1 1493
1 1494
1 1495
1 1496
1 1497
1 1498
1 1499
1 1500
1 1501
1 1502
1 1503
1 1504
1 1505
1 1506
1 1507
1 1508
1 1509
1 1510
1 1511
1 1512
1 1513
1 1514
1 1515
1 1516
1 1517
1 1518
1 1519
1 1520
1 1521
1 1522
1 1523
1 1524
1 1525
1 1526
1 1527
1 1528
1 1529
2 174 191
2 191 1530
2 1530 224
2 224 1531
2 1531 174
2 144 1532
2 1532 1533
2 1533 191
2 191 174
2 174 1534
2 1534 1535
2 1535 144
2 776 1536
2 1536 1537
2 1537 1538
2 1538 1539
2 1539 1540
2 1540 1541
2 1541 1542
2 1542 1543
2 1543 1544
2 1544 1545
2 1545 1546
2 1546 1547
2 1547 1548
2 1548 1549
2 1549 1550
2 1550 1551
2 1551 1552
2 1552 1553
2 1553 1554
2 1554 1555
2 1555 1255
2 1255 1556
2 1556 1557
2 1557 1558
2 1558 1559
2 1559 1560
2 1560 1561
2 1561 1562
2 1562 1563
2 1563 1564
2 1564 1565
2 1565 1566
2 1566 1567
2 1567 1568
2 1568 1569
2 1569 1570
2 1570 1571
2 1571 1572
2 1572 1573
2 1573 1574
2 1574 1575
2 1575 1576
2 1576 1577
2 1577 1578
2 1578 1579
2 1579 1580
2 1580 1581
2 1581 1582
2 1582 1583
2 1583 1584
2 1584 1585
2 1585 1586
2 1586 1587
2 1587 1588
2 1588 467
2 467 1589
2 1589 1590
2 1590 1591
2 1591 1592
2 1592 1593
2 1593 1594
2 1594 1595
2 1595 1596
2 1596 1597
2 1597 1598
2 1598 1599
2 1599 1600
2 1600 776
2 1125 1601
2 1601 1602
2 1602 1603
2 1603 1604
2 1604 1605
2 1605 1255
2 1255 1555
2 1555 1554
2 1554 1553
2 1553 1552
2 1552 1551
2 1551 1550
2 1550 1549
2 1549 1548
2 1548 1547
2 1547 1546
2 1546 1545
2 1545 1544
2 1544 1543
2 1543 1542
2 1542 1541
2 1541 1540
2 1540 1539
2 1539 1538
2 1538 1537
2 1537 1536
2 1536 776
2 776 1606
2 1606 1607
2 1607 1608
2 1608 1609
2 1609 1610
2 1610 1611
2 1611 1612
2 1612 1613
2 1613 1614
2 1614 1615
2 1615 1616
2 1616 1617
2 1617 1618
2 1618 1619
2 1619 1125
2 242 1620
2 1620 259
2 259 1621
2 1621 224
2 224 1622
2 1622 242
2 893 1623
2 1623 1624
2 1624 1625
2 1625 960
2 960 1626
2 1626 1627
2 1627 1628
2 1628 1043
2 1043 1629
2 1629 1630
2 1630 1631
2 1631 1632
2 1632 1633
2 1633 1634
2 1634 893
2 259 1635
2 1635 1636
2 1636 1637
2 1637 346
2 346 1638
2 1638 1639
2 1639 1640
2 1640 1641
2 1641 467
2 467 1642
2 1642 1643
2 1643 1644
2 1644 1645
2 1645 1646
2 1646 1647
2 1647 1648
2 1648 1649
2 1649 259
2 742 1650
2 1650 691
2 691 1651
2 1651 1652
2 1652 1653
2 1653 1654
2 1654 1655
2 1655 1656
2 1656 1657
2 1657 1658
2 1658 1659
2 1659 1660
2 1660 1661
2 1661 1662
2 1662 993
2 993 1663
2 1663 1664
2 1664 1665
2 1665 1666
2 1666 1667
2 1667 1668
2 1668 1669
2 1669 1670
2 1670 1671
2 1671 1672
2 1672 742
2 1524 1673
2 1673 1674
2 1674 1675
2 1675 1676
2 1676 1677
2 1677 1678
2 1678 1679
2 1679 1680
2 1680 1681
2 1681 1682
2 1682 1683
2 1683 1684
2 1684 1685
2 1685 1686
2 1686 1687
2 1687 1688
2 1688 1689
2 1689 1690
2 1690 1691
2 1691 1692
2 1692 1693
2 1693 1694
2 1694 1695
2 1695 1696
2 1696 1697
2 1697 1698
2 1698 1699
2 1699 1700
2 1700 1701
2 1701 1702
2 1702 1703
2 1703 1704
2 1704 1705
2 1705 1706
2 1706 1707
2 1707 1708
2 1708 1709
2 1709 1710
2 1710 1711
2 1711 1712
2 1712 1713
2 1713 1714
2 1714 1715
2 1715 1716
2 1716 1717
2 1717 1718
2 1718 1719
2 1719 1720
2 1720 1721
2 1721 1722
2 1722 1723
2 1723 1724
2 1724 1725
2 1725 1726
2 1726 1727
2 1727 1728
2 1728 1729
2 1729 1730
2 1730 1731
2 1731 259
2 259 1649
2 1649 1648
2 1648 1647
2 1647 1646
2 1646 1645
2 1645 1644
2 1644 1643
2 1643 1642
2 1642 467
2 467 1732
2 1732 1733
2 1733 1734
2 1734 1735
2 1735 1736
2 1736 1737
2 1737 1738
2 1738 1739
2 1739 1740
2 1740 1741
2 1741 1742
2 1742 1743
2 1743 1744
2 1744 1745
2 1745 1746
2 1746 1747
2 1747 1748
2 1748 1749
2 1749 1750
2 1750 1751
2 1751 1752
2 1752 1753
2 1753 1754
2 1754 1755
2 1755 1756
2 1756 1757
2 1757 1758
2 1758 1759
2 1759 1760
2 1760 1761
2 1761 1762
2 1762 1763
2 1763 1764
2 1764 1765
2 1765 1766
2 1766 1767
2 1767 1768
2 1768 1769
2 1769 1770
2 1770 1771
2 1771 1772
2 1772 1773
2 1773 1774
2 1774 1775
2 1775 1776
2 1776 1777
2 1777 1778
2 1778 1779
2 1779 1780
2 1780 1781
2 1781 1782
2 1782 1524
2 1472 1783
2 1783 1784
2 1784 1785
2 1785 1786
2 1786 1787
2 1787 1788
2 1788 1789
2 1789 1790
2 1790 1791
2 1791 1792
2 1792 1793
2 1793 1255
2 1255 1794
2 1794 1795
2 1795 1796
2 1796 1797
2 1797 1798
2 1798 1799
2 1799 1394
2 1394 1800
2 1800 1801
2 1801 1802
2 1802 1803
2 1803 1472
2 1524 1804
2 1804 1805
2 1805 1806
2 1806 1807
2 1807 1808
2 1808 1809
2 1809 1472
2 1472 1810
2 1810 1811
2 1811 1812
2 1812 1813
2 1813 1513
2 1513 1814
2 1814 1815
2 1815 1524
2 1255 1793
2 1793 1792
2 1792 1791
2 1791 1790
2 1790 1789
2 1789 1788
2 1788 1787
2 1787 1786
2 1786 1785
2 1785 1784
2 1784 1783
2 1783 1472
2 1472 1816
2 1816 1817
2 1817 1818
2 1818 1819
2 1819 1820
2 1820 1821
2 1821 1822
2 1822 1823
2 1823 1824
2 1824 1825
2 1825 1826
2 1826 1827
2 1827 1828
2 1828 1829
2 1829 1830
2 1830 1831
2 1831 1832
2 1832 1833
2 1833 1834
2 1834 1835
2 1835 1836
2 1836 1837
2 1837 1838
2 1838 1839
2 1839 1840
2 1840 1841
2 1841 1842
2 1842 1843
2 1843 1844
2 1844 1845
2 1845 1846
2 1846 1847
2 1847 1848
2 1848 1849
2 1849 1850
2 1850 1851
2 1851 1852
2 1852 1853
2 1853 1854
2 1854 1855
2 1855 1856
2 1856 1857
2 1857 1858
2 1858 1859
2 1859 467
2 467 1588
2 1588 1587
2 1587 1586
2 1586 1585
2 1585 1584
2 1584 1583
2 1583 1582
2 1582 1581
2 1581 1580
2 1580 1579
2 1579 1578
2 1578 1577
2 1577 1576
2 1576 1575
2 1575 1574
2 1574 1573
2 1573 1572
2 1572 1571
2 1571 1570
2 1570 1569
2 1569 1568
2 1568 1567
2 1567 1566
2 1566 1565
2 1565 1564
2 1564 1563
2 1563 1562
2 1562 1561
2 1561 1560
2 1560 1559
2 1559 1558
2 1558 1557
2 1557 1556
2 1556 1255
2 1472 1809
2 1809 1808
2 1808 1807
2 1807 1806
2 1806 1805
2 1805 1804
2 1804 1524
2 1524 1782
2 1782 1781
2 1781 1780
2 1780 1779
2 1779 1778
2 1778 1777
2 1777 1776
2 1776 1775
2 1775 1774
2 1774 1773
2 1773 1772
2 1772 1771
2 1771 1770
2 1770 1769
2 1769 1768
2 1768 1767
2 1767 1766
2 1766 1765
2 1765 1764
2 1764 1763
2 1763 1762
2 1762 1761
2 1761 1760
2 1760 1759
2 1759 1758
2 1758 1757
2 1757 1756
2 1756 1755
2 1755 1754
2 1754 1753
2 1753 1752
2 1752 1751
2 1751 1750
2 1750 1749
2 1749 1748
2 1748 1747
2 1747 1746
2 1746 1745
2 1745 1744
2 1744 1743
2 1743 1742
2 1742 1741
2 1741 1740
2 1740 1739
2 1739 1738
2 1738 1737
2 1737 1736
2 1736 1735
2 1735 1734
2 1734 1733
2 1733 1732
2 1732 467
2 467 1859
2 1859 1858
2 1858 1857
2 1857 1856
2 1856 1855
2 1855 1854
2 1854 1853
2 1853 1852
2 1852 1851
2 1851 1850
2 1850 1849
2 1849 1848
2 1848 1847
2 1847 1846
2 1846 1845
2 1845 1844
2 1844 1843
2 1843 1842
2 1842 1841
2 1841 1840
2 1840 1839
2 1839 1838
2 1838 1837
2 1837 1836
2 1836 1835
2 1835 1834
2 1834 1833
2 1833 1832
2 1832 1831
2 1831 1830
2 1830 1829
2 1829 1828
2 1828 1827
2 1827 1826
2 1826 1825
2 1825 1824
2 1824 1823
2 1823 1822
2 1822 1821
2 1821 1820
2 1820 1819
2 1819 1818
2 1818 1817
2 1817 1816
2 1816 1472
2 191 208
2 208 1860
2 1860 224
2 224 1530
2 1530 191
2 208 1861
2 1861 242
2 242 1622
2 1622 224
2 224 1860
2 1860 208
2 64 55
2 55 1862
2 1862 75
2 75 1863
2 1863 64
2 74 64
2 64 1863
2 1863 75
2 75 1864
2 1864 74
2 1488 1865
2 1865 1471
2 1471 1480
2 1480 1488
2 1454 1866
2 1866 1472
2 1472 1463
2 1463 1867
2 1867 1454
2 1207 1868
2 1868 1869
2 1869 1870
2 1870 1125
2 1125 1871
2 1871 1158
2 1158 1872
2 1872 1207
2 1207 1873
2 1873 1255
2 1255 1605
2 1605 1604
2 1604 1603
2 1603 1602
2 1602 1601
2 1601 1125
2 1125 1870
2 1870 1869
2 1869 1868
2 1868 1207
2 207 190
2 190 1874
2 1874 1875
2 1875 1876
2 1876 116
2 116 1877
2 1877 1878
2 1878 1879
2 1879 1880
2 1880 207
2 190 1881
2 1881 1882
2 1882 158
2 158 1883
2 1883 116
2 116 1876
2 1876 1875
2 1875 1874
2 1874 190
2 158 1882
2 1882 1881
2 1881 190
2 190 1884
2 1884 173
2 173 158
2 536 1885
2 1885 1886
2 1886 1887
2 1887 1888
2 1888 415
2 415 1889
2 1889 1890
2 1890 1891
2 1891 1892
2 1892 1893
2 1893 1894
2 1894 571
2 571 1895
2 1895 536
2 553 536
2 536 1895
2 1895 571
2 571 1896
2 1896 553
2 536 553
2 553 1897
2 1897 535
2 535 1898
2 1898 536
2 604 1899
2 1899 622
2 622 1900
2 1900 621
2 621 604
2 553 570
2 570 1901
2 1901 535
2 535 1897
2 1897 553
2 570 553
2 553 1896
2 1896 571
2 571 1902
2 1902 570
2 415 1903
2 1903 1904
2 1904 363
2 363 1905
2 1905 328
2 328 1906
2 1906 1907
2 1907 1908
2 1908 415
2 397 1909
2 1909 363
2 363 1904
2 1904 1903
2 1903 415
2 415 1910
2 1910 397
2 363 1909
2 1909 397
2 397 380
2 380 363
2 310 1911
2 1911 276
2 276 1912
2 1912 1913
2 1913 328
2 328 1914
2 1914 310
2 310 1915
2 1915 344
2 344 1916
2 1916 309
2 309 1917
2 1917 310
2 430 1918
2 1918 395
2 395 1919
2 1919 413
2 413 430
2 395 1918
2 1918 430
2 430 1920
2 1920 412
2 412 395
2 1521 1524
2 1524 1815
2 1815 1814
2 1814 1513
2 1513 1921
2 1921 1521
2 1472 1922
2 1922 1923
2 1923 1924
2 1924 1508
2 1508 1513
2 1513 1813
2 1813 1812
2 1812 1811
2 1811 1810
2 1810 1472
2 1508 1924
2 1924 1923
2 1923 1922
2 1922 1472
2 1472 1925
2 1925 1926
2 1926 1502
2 1502 1508
2 1513 1508
2 1508 1927
2 1927 1503
2 1503 1928
2 1928 1513
2 355 1929
2 1929 371
2 371 354
2 354 1930
2 1930 355
2 596 1931
2 1931 1932
2 1932 612
2 612 595
2 595 1933
2 1933 596
2 357 1934
2 1934 373
2 373 356
2 356 1935
2 1935 357
2 373 1934
2 1934 357
2 357 374
2 374 1936
2 1936 373
2 745 728
2 728 1937
2 1937 712
2 712 1938
2 1938 745
2 626 1939
2 1939 660
2 660 643
2 643 626
2 626 1940
2 1940 659
2 659 1941
2 1941 625
2 625 1942
2 1942 1943
2 1943 626
2 659 1940
2 1940 626
2 626 643
2 643 1944
2 1944 659
2 759 1945
2 1945 1946
2 1946 743
2 743 1947
2 1947 1948
2 1948 776
2 776 759
2 743 760
2 760 1949
2 1949 1950
2 1950 776
2 776 1948
2 1948 1947
2 1947 743
2 760 1951
2 1951 793
2 793 1952
2 1952 776
2 776 1950
2 1950 1949
2 1949 760
2 793 1951
2 1951 760
2 760 777
2 777 793
2 760 743
2 743 1953
2 1953 727
2 727 1954
2 1954 760
2 710 693
2 693 1955
2 1955 727
2 727 1956
2 1956 710
2 743 1957
2 1957 710
2 710 1956
2 1956 727
2 727 1953
2 1953 743
2 810 1958
2 1958 793
2 793 777
2 777 1959
2 1959 810
2 813 1960
2 1960 796
2 796 780
2 780 1961
2 1961 813
2 877 1962
2 1962 910
2 910 893
2 893 1963
2 1963 877
2 893 910
2 910 1964
2 1964 1965
2 1965 960
2 960 1625
2 1625 1624
2 1624 1623
2 1623 893
2 910 927
2 927 1966
2 1966 960
2 960 1965
2 1965 1964
2 1964 910
2 927 910
2 910 1967
2 1967 894
2 894 1968
2 1968 927
2 910 1962
2 1962 877
2 877 1969
2 1969 894
2 894 1967
2 1967 910
2 51 1970
2 1970 60
2 60 1971
2 1971 1972
2 1972 1973
2 1973 1974
2 1974 1975
2 1975 1976
2 1976 1977
2 1977 1978
2 1978 144
2 144 1979
2 1979 1980
2 1980 1981
2 1981 1982
2 1982 1983
2 1983 1984
2 1984 1985
2 1985 1986
2 1986 1987
2 1987 51
2 81 1988
2 1988 105
2 105 1989
2 1989 92
2 92 1990
2 1990 81
2 163 1991
2 1991 164
2 164 1992
2 1992 196
2 196 1993
2 1993 163
2 163 148
2 148 1994
2 1994 134
2 134 1995
2 1995 163
2 163 1996
2 1996 149
2 149 164
2 164 1991
2 1991 163
2 149 1996
2 1996 163
2 163 1995
2 1995 134
2 134 149
2 71 1997
2 1997 60
2 60 1970
2 1970 51
2 51 1998
2 1998 71
2 17 1999
2 1999 2000
2 2000 2001
2 2001 43
2 43 2002
2 2002 51
2 51 2003
2 2003 2004
2 2004 2005
2 2005 2006
2 2006 2007
2 2007 17
2 17 2007
2 2007 2006
2 2006 2005
2 2005 2004
2 2004 2003
2 2003 51
2 51 2008
2 2008 2009
2 2009 2010
2 2010 2011
2 2011 2012
2 2012 2013
2 2013 2014
2 2014 2015
2 2015 2016
2 2016 2017
2 2017 2018
2 2018 0
2 0 2019
2 2019 2020
2 2020 2021
2 2021 2022
2 2022 2023
2 2023 2024
2 2024 17
2 3 2025
2 2025 2026
2 2026 2027
2 2027 2028
2 2028 17
2 17 2024
2 2024 2023
2 2023 2022
2 2022 2021
2 2021 2020
2 2020 2019
2 2019 0
2 0 2029
2 2029 2030
2 2030 3
2 22 2031
2 2031 35
2 35 2032
2 2032 28
2 28 22
2 80 2033
2 2033 2034
2 2034 2035
2 2035 35
2 35 2036
2 2036 2037
2 2037 2038
2 2038 2039
2 2039 2040
2 2040 2041
2 2041 116
2 116 2042
2 2042 2043
2 2043 80
2 337 2044
2 2044 355
2 355 1930
2 1930 354
2 354 337
2 450 2045
2 2045 485
2 485 2046
2 2046 467
2 467 2047
2 2047 450
2 485 2045
2 2045 450
2 450 2048
2 2048 468
2 468 485
2 346 2049
2 2049 2050
2 2050 398
2 398 2051
2 2051 2052
2 2052 467
2 467 1641
2 1641 1640
2 1640 1639
2 1639 1638
2 1638 346
2 398 2053
2 2053 416
2 416 2054
2 2054 467
2 467 2052
2 2052 2051
2 2051 398
2 398 2055
2 2055 381
2 381 2056
2 2056 416
2 416 2053
2 2053 398
2 60 2057
2 2057 2058
2 2058 2059
2 2059 2060
2 2060 2061
2 2061 2062
2 2062 130
2 130 2063
2 2063 144
2 144 1978
2 1978 1977
2 1977 1976
2 1976 1975
2 1975 1974
2 1974 1973
2 1973 1972
2 1972 1971
2 1971 60
2 130 2062
2 2062 2061
2 2061 2060
2 2060 2059
2 2059 2058
2 2058 2057
2 2057 60
2 60 2064
2 2064 2065
2 2065 92
2 92 2066
2 2066 2067
2 2067 2068
2 2068 130
2 159 2069
2 2069 191
2 191 1533
2 1533 1532
2 1532 144
2 144 159
2 130 2070
2 2070 159
2 159 144
2 144 2063
2 2063 130
2 159 2070
2 2070 130
2 130 145
2 145 2071
2 2071 159
2 130 2072
2 2072 2073
2 2073 117
2 117 2074
2 2074 145
2 145 130
2 1365 2075
2 2075 1334
2 1334 1350
2 1350 1365
2 1334 2076
2 2076 1287
2 1287 2077
2 2077 2078
2 2078 1350
2 1350 1334
2 1334 1318
2 1318 2079
2 2079 1287
2 1287 2076
2 2076 1334
2 1403 1389
2 1389 1375
2 1375 2080
2 2080 1403
2 1402 2081
2 2081 1389
2 1389 1403
2 1403 2082
2 2082 1402
2 1235 1251
2 1251 2083
2 2083 1250
2 1250 2084
2 2084 1235
2 1219 1235
2 1235 2084
2 2084 1250
2 1250 2085
2 2085 1219
2 1234 2086
2 2086 1219
2 1219 2085
2 2085 1250
2 1250 1234
2 1428 2087
2 2087 1427
2 1427 1415
2 1415 2088
2 2088 1428
2 1461 2089
2 2089 1471
2 1471 1865
2 1865 1488
2 1488 2090
2 2090 1461
2 1507 2091
2 2091 1495
2 1495 2092
2 2092 1488
2 1488 2093
2 2093 2094
2 2094 2095
2 2095 1507
2 1443 2096
2 2096 1454
2 1454 1867
2 1867 1463
2 1463 2097
2 2097 1443
2 1472 2098
2 2098 1443
2 1443 2097
2 2097 1463
2 1463 1472
2 1420 2099
2 2099 1443
2 1443 2100
2 2100 2101
2 2101 1394
2 1394 2102
2 2102 2103
2 2103 1420
2 1443 2098
2 2098 1472
2 1472 1803
2 1803 1802
2 1802 1801
2 1801 1800
2 1800 1394
2 1394 2101
2 2101 2100
2 2100 1443
2 1490 2104
2 2104 1496
2 1496 2105
2 2105 1482
2 1482 1490
2 1496 2104
2 2104 1490
2 1490 2106
2 2106 1503
2 1503 2107
2 2107 1496
2 1508 2108
2 2108 1496
2 1496 2107
2 2107 1503
2 1503 1927
2 1927 1508
2 1496 2108
2 2108 1508
2 1508 1502
2 1502 1496
2 1473 2109
2 2109 1455
2 1455 2110
2 2110 1482
2 1482 2111
2 2111 1473
2 1308 2112
2 2112 1277
2 1277 2113
2 2113 1293
2 1293 2114
2 2114 1308
2 1244 2115
2 2115 1229
2 1229 1245
2 1245 2116
2 2116 1244
2 1272 2117
2 2117 1303
2 1303 2118
2 2118 2119
2 2119 1255
2 1255 2120
2 2120 2121
2 2121 1272
2 1175 1191
2 1191 2122
2 2122 1158
2 1158 2123
2 2123 1175
2 1191 1207
2 1207 1872
2 1872 1158
2 1158 2122
2 2122 1191
2 1256 1272
2 1272 2121
2 2121 2120
2 2120 1255
2 1255 2124
2 2124 1256
2 1207 2125
2 2125 1239
2 1239 1255
2 1255 1873
2 1873 1207
2 1194 2126
2 2126 1193
2 1193 1177
2 1177 2127
2 2127 1194
2 1192 2128
2 2128 1191
2 1191 1175
2 1175 2129
2 2129 1192
2 1191 2128
2 2128 1192
2 1192 2130
2 2130 2131
2 2131 1207
2 1207 1191
2 1192 2132
2 2132 1193
2 1193 2133
2 2133 1224
2 1224 2134
2 2134 1192
2 1193 2132
2 2132 1192
2 1192 1176
2 1176 2135
2 2135 1193
2 1206 1222
2 1222 2136
2 2136 1237
2 1237 2137
2 2137 1206
2 691 2138
2 2138 2139
2 2139 2140
2 2140 605
2 605 2141
2 2141 571
2 571 2142
2 2142 2143
2 2143 2144
2 2144 2145
2 2145 691
2 622 605
2 605 2140
2 2140 2139
2 2139 2138
2 2138 691
2 691 2146
2 2146 2147
2 2147 2148
2 2148 622
2 604 2149
2 2149 605
2 605 622
2 622 1899
2 1899 604
2 221 204
2 204 2150
2 2150 188
2 188 2151
2 2151 221
2 221 2152
2 2152 237
2 237 2153
2 2153 204
2 204 221
2 258 241
2 241 2154
2 2154 276
2 276 2155
2 2155 258
2 241 2156
2 2156 207
2 207 2157
2 2157 2158
2 2158 2159
2 2159 2160
2 2160 2161
2 2161 328
2 328 2162
2 2162 2163
2 2163 2164
2 2164 241
2 276 2154
2 2154 241
2 241 2164
2 2164 2163
2 2163 2162
2 2162 328
2 328 1913
2 1913 1912
2 1912 276
2 293 2165
2 2165 258
2 258 2155
2 2155 276
2 276 293
2 293 310
2 310 1917
2 1917 309
2 309 2166
2 2166 293
2 310 293
2 293 276
2 276 1911
2 1911 310
2 801 817
2 817 2167
2 2167 784
2 784 2168
2 2168 801
2 602 585
2 585 2169
2 2169 586
2 586 2170
2 2170 602
2 668 2171
2 2171 635
2 635 652
2 652 2172
2 2172 668
2 397 414
2 414 2173
2 2173 380
2 380 397
2 515 2174
2 2174 499
2 499 516
2 516 2175
2 2175 515
2 499 2174
2 2174 515
2 515 2176
2 2176 481
2 481 2177
2 2177 499
2 363 2178
2 2178 345
2 345 328
2 328 1905
2 1905 363
2 362 345
2 345 2178
2 2178 363
2 363 2179
2 2179 362
2 345 2180
2 2180 310
2 310 1914
2 1914 328
2 328 345
2 362 2181
2 2181 361
2 361 344
2 344 2182
2 2182 362
2 532 2183
2 2183 567
2 567 2184
2 2184 549
2 549 532
2 515 498
2 498 481
2 481 2176
2 2176 515
2 447 430
2 430 413
2 413 2185
2 2185 447
2 412 2186
2 2186 446
2 446 429
2 429 412
2 430 2187
2 2187 446
2 446 2186
2 2186 412
2 412 1920
2 1920 430
2 1010 2188
2 2188 1027
2 1027 2189
2 2189 1043
2 1043 2190
2 2190 1010
2 960 2191
2 2191 2192
2 2192 1010
2 1010 2190
2 2190 1043
2 1043 1628
2 1628 1627
2 1627 1626
2 1626 960
2 927 2193
2 2193 944
2 944 2194
2 2194 960
2 960 1966
2 1966 927
2 848 2195
2 2195 815
2 815 832
2 832 2196
2 2196 848
2 865 2197
2 2197 848
2 848 2196
2 2196 832
2 832 2198
2 2198 865
2 817 2199
2 2199 800
2 800 784
2 784 2167
2 2167 817
2 800 2200
2 2200 767
2 767 784
2 784 800
2 848 2201
2 2201 881
2 881 2202
2 2202 864
2 864 2203
2 2203 848
2 881 2201
2 2201 848
2 848 2197
2 2197 865
2 865 881
2 849 865
2 865 2198
2 2198 832
2 832 849
2 766 2204
2 2204 733
2 733 750
2 750 2205
2 2205 766
2 733 717
2 717 2206
2 2206 750
2 750 733
2 815 799
2 799 2207
2 2207 832
2 832 815
2 799 815
2 815 2208
2 2208 782
2 782 2209
2 2209 799
2 766 2210
2 2210 799
2 799 2209
2 2209 782
2 782 2211
2 2211 766
2 717 2212
2 2212 734
2 734 2213
2 2213 750
2 750 2206
2 2206 717
2 734 2214
2 2214 767
2 767 750
2 750 2213
2 2213 734
2 798 2215
2 2215 814
2 814 2216
2 2216 781
2 781 2217
2 2217 798
2 815 2218
2 2218 798
2 798 782
2 782 2208
2 2208 815
2 406 423
2 423 2219
2 2219 388
2 388 2220
2 2220 406
2 647 630
2 630 2221
2 2221 664
2 664 647
2 630 2222
2 2222 631
2 631 2223
2 2223 664
2 664 2221
2 2221 630
2 546 563
2 563 2224
2 2224 528
2 528 2225
2 2225 546
2 563 2226
2 2226 545
2 545 528
2 528 2224
2 2224 563
2 562 545
2 545 2226
2 2226 563
2 563 2227
2 2227 562
2 579 562
2 562 2227
2 2227 563
2 563 2228
2 2228 579
2 579 596
2 596 1933
2 1933 595
2 595 2229
2 2229 579
2 578 2230
2 2230 579
2 579 2229
2 2229 595
2 595 578
2 562 579
2 579 2230
2 2230 578
2 578 2231
2 2231 2232
2 2232 562
2 527 2233
2 2233 545
2 545 562
2 562 2234
2 2234 527
2 545 2233
2 2233 527
2 527 2235
2 2235 528
2 528 545
2 376 2236
2 2236 410
2 410 2237
2 2237 392
2 392 2238
2 2238 376
2 393 410
2 410 2236
2 2236 376
2 376 393
2 305 2239
2 2239 271
2 271 2240
2 2240 289
2 289 2241
2 2241 305
2 391 408
2 408 2242
2 2242 374
2 374 391
2 339 2243
2 2243 357
2 357 1935
2 1935 356
2 356 339
2 357 2243
2 2243 339
2 339 322
2 322 2244
2 2244 357
2 339 2245
2 2245 305
2 305 322
2 322 339
2 626 609
2 609 2246
2 2246 610
2 610 2247
2 2247 2248
2 2248 626
2 609 626
2 626 1943
2 1943 1942
2 1942 625
2 625 2249
2 2249 2250
2 2250 609
2 693 2251
2 2251 2252
2 2252 694
2 694 2253
2 2253 727
2 727 1955
2 1955 693
2 659 642
2 642 625
2 625 1941
2 1941 659
2 692 2254
2 2254 2255
2 2255 676
2 676 693
2 693 2256
2 2256 2257
2 2257 692
2 676 2258
2 2258 642
2 642 659
2 659 676
2 676 659
2 659 1944
2 1944 643
2 643 2259
2 2259 676
2 591 2260
2 2260 575
2 575 592
2 592 2261
2 2261 2262
2 2262 591
2 575 2263
2 2263 576
2 576 2264
2 2264 592
2 592 575
2 511 2265
2 2265 512
2 512 2266
2 2266 528
2 528 511
2 511 2267
2 2267 495
2 495 512
2 512 2265
2 2265 511
2 527 2268
2 2268 511
2 511 528
2 528 2235
2 2235 527
2 576 593
2 593 2269
2 2269 592
2 592 2264
2 2264 576
2 593 2270
2 2270 2271
2 2271 609
2 609 592
2 592 2269
2 2269 593
2 609 2271
2 2271 2270
2 2270 593
2 593 610
2 610 2246
2 2246 609
2 561 2272
2 2272 562
2 562 2232
2 2232 2231
2 2231 578
2 578 561
2 543 2273
2 2273 561
2 561 2274
2 2274 560
2 560 543
2 594 2275
2 2275 578
2 578 595
2 595 2276
2 2276 594
2 593 2277
2 2277 594
2 594 2278
2 2278 2279
2 2279 610
2 610 593
2 406 2280
2 2280 440
2 440 423
2 423 406
2 440 2281
2 2281 424
2 424 2282
2 2282 457
2 457 440
2 440 2280
2 2280 406
2 406 2283
2 2283 424
2 424 2281
2 2281 440
2 726 2284
2 2284 692
2 692 2257
2 2257 2256
2 2256 693
2 693 2285
2 2285 726
2 710 2286
2 2286 726
2 726 2285
2 2285 693
2 693 710
2 759 2287
2 2287 726
2 726 743
2 743 1946
2 1946 1945
2 1945 759
2 726 2286
2 2286 710
2 710 1957
2 1957 743
2 743 726
2 810 2288
2 2288 826
2 826 2289
2 2289 793
2 793 1958
2 1958 810
2 793 2289
2 2289 826
2 826 2290
2 2290 2291
2 2291 776
2 776 1952
2 1952 793
2 826 2292
2 2292 2293
2 2293 2294
2 2294 893
2 893 1634
2 1634 1633
2 1633 1632
2 1632 1631
2 1631 1630
2 1630 1629
2 1629 1043
2 1043 2295
2 2295 2296
2 2296 2297
2 2297 2298
2 2298 2299
2 2299 2300
2 2300 2301
2 2301 2302
2 2302 2303
2 2303 826
2 1125 2304
2 2304 2305
2 2305 2306
2 2306 2307
2 2307 2308
2 2308 2309
2 2309 2310
2 2310 2311
2 2311 2312
2 2312 2313
2 2313 2314
2 2314 2315
2 2315 826
2 826 2303
2 2303 2302
2 2302 2301
2 2301 2300
2 2300 2299
2 2299 2298
2 2298 2297
2 2297 2296
2 2296 2295
2 2295 1043
2 1043 2316
2 2316 2317
2 2317 2318
2 2318 1125
2 826 2315
2 2315 2314
2 2314 2313
2 2313 2312
2 2312 2311
2 2311 2310
2 2310 2309
2 2309 2308
2 2308 2307
2 2307 2306
2 2306 2305
2 2305 2304
2 2304 1125
2 1125 1619
2 1619 1618
2 1618 1617
2 1617 1616
2 1616 1615
2 1615 1614
2 1614 1613
2 1613 1612
2 1612 1611
2 1611 1610
2 1610 1609
2 1609 1608
2 1608 1607
2 1607 1606
2 1606 776
2 776 2291
2 2291 2290
2 2290 826
2 797 2319
2 2319 813
2 813 1961
2 1961 780
2 780 2320
2 2320 797
2 781 797
2 797 2321
2 2321 764
2 764 781
2 797 2320
2 2320 780
2 780 2322
2 2322 764
2 764 2321
2 2321 797
2 814 2323
2 2323 797
2 797 781
2 781 2216
2 2216 814
2 746 763
2 763 2324
2 2324 779
2 779 2325
2 2325 746
2 763 2326
2 2326 796
2 796 2327
2 2327 779
2 779 2324
2 2324 763
2 796 2326
2 2326 763
2 763 780
2 780 796
2 762 2328
2 2328 746
2 746 2325
2 2325 779
2 779 762
2 762 2329
2 2329 778
2 778 2330
2 2330 745
2 745 762
2 795 2331
2 2331 762
2 762 779
2 779 795
2 778 2329
2 2329 762
2 762 2331
2 2331 795
2 795 2332
2 2332 778
2 520 503
2 503 2333
2 2333 2334
2 2334 504
2 504 2335
2 2335 2336
2 2336 520
2 503 2337
2 2337 487
2 487 504
2 504 2334
2 2334 2333
2 2333 503
2 488 505
2 505 2338
2 2338 2339
2 2339 504
2 504 2340
2 2340 488
2 450 2341
2 2341 434
2 434 2342
2 2342 468
2 468 2048
2 2048 450
2 367 2343
2 2343 2344
2 2344 368
2 368 2345
2 2345 384
2 384 367
2 70 81
2 81 1990
2 1990 92
2 92 2346
2 2346 2347
2 2347 70
2 60 70
2 70 2347
2 2347 2346
2 2346 92
2 92 2065
2 2065 2064
2 2064 60
2 70 2348
2 2348 71
2 71 2349
2 2349 2350
2 2350 81
2 81 70
2 71 2348
2 2348 70
2 70 60
2 60 1997
2 1997 71
2 93 105
2 105 1988
2 1988 81
2 81 93
2 93 2351
2 2351 119
2 119 2352
2 2352 105
2 105 93
2 161 2353
2 2353 132
2 132 147
2 147 2354
2 2354 161
2 132 2353
2 2353 161
2 161 146
2 146 2355
2 2355 132
2 164 180
2 180 2356
2 2356 196
2 196 1992
2 1992 164
2 197 180
2 180 164
2 164 2357
2 2357 197
2 150 165
2 165 2358
2 2358 164
2 164 2359
2 2359 150
2 165 2360
2 2360 197
2 197 2357
2 2357 164
2 164 2358
2 2358 165
2 93 2361
2 2361 106
2 106 119
2 119 2351
2 2351 93
2 119 133
2 133 2362
2 2362 147
2 147 2363
2 2363 119
2 148 133
2 133 119
2 119 2364
2 2364 148
2 121 2365
2 2365 95
2 95 2366
2 2366 108
2 108 121
2 121 2367
2 2367 107
2 107 95
2 95 2365
2 2365 121
2 135 150
2 150 2359
2 2359 164
2 164 2368
2 2368 135
2 149 2369
2 2369 135
2 135 2368
2 2368 164
2 164 149
2 135 121
2 121 2370
2 2370 150
2 150 135
2 121 135
2 135 2369
2 2369 149
2 149 2371
2 2371 121
2 265 2372
2 2372 230
2 230 2373
2 2373 248
2 248 2374
2 2374 265
2 230 2372
2 2372 265
2 265 2375
2 2375 247
2 247 230
2 3 6
2 6 2376
2 2376 9
2 9 2377
2 2377 3
2 19 2378
2 2378 24
2 24 2379
2 2379 9
2 9 2380
2 2380 19
2 61 2381
2 2381 43
2 43 52
2 52 2382
2 2382 61
2 61 71
2 71 1998
2 1998 51
2 51 2383
2 2383 61
2 43 2381
2 2381 61
2 61 2383
2 2383 51
2 51 2002
2 2002 43
2 13 2384
2 2384 2385
2 2385 3
2 3 2377
2 2377 9
2 9 13
2 13 2386
2 2386 17
2 17 2028
2 2028 2027
2 2027 2026
2 2026 2025
2 2025 3
2 3 2385
2 2385 2384
2 2384 13
2 43 2387
2 2387 2388
2 2388 29
2 29 36
2 36 2389
2 2389 2390
2 2390 43
2 17 2391
2 2391 29
2 29 2388
2 2388 2387
2 2387 43
2 43 2001
2 2001 2000
2 2000 1999
2 1999 17
2 23 29
2 29 2391
2 2391 17
2 17 23
2 64 2392
2 2392 46
2 46 55
2 55 64
2 46 2393
2 2393 47
2 47 2394
2 2394 55
2 55 46
2 46 2395
2 2395 39
2 39 47
2 47 2393
2 2393 46
2 54 2396
2 2396 64
2 64 74
2 74 2397
2 2397 54
2 54 2398
2 2398 46
2 46 2392
2 2392 64
2 64 2396
2 2396 54
2 46 2398
2 2398 54
2 54 45
2 45 2399
2 2399 46
2 97 2400
2 2400 123
2 123 2401
2 2401 109
2 109 97
2 123 2402
2 2402 152
2 152 137
2 137 123
2 84 73
2 73 2403
2 2403 74
2 74 2404
2 2404 84
2 95 2405
2 2405 84
2 84 2406
2 2406 108
2 108 2366
2 2366 95
2 84 96
2 96 108
2 108 2406
2 2406 84
2 85 97
2 97 109
2 109 2407
2 2407 85
2 96 2408
2 2408 85
2 85 2407
2 2407 109
2 109 2409
2 2409 96
2 85 74
2 74 1864
2 1864 75
2 75 2410
2 2410 85
2 85 2411
2 2411 84
2 84 2404
2 2404 74
2 74 85
2 84 2411
2 2411 85
2 85 2408
2 2408 96
2 96 84
2 69 2412
2 2412 80
2 80 2413
2 2413 79
2 79 69
2 69 2414
2 2414 2415
2 2415 35
2 35 2035
2 2035 2034
2 2034 2033
2 2033 80
2 80 2412
2 2412 69
2 34 2416
2 2416 22
2 22 28
2 28 34
2 34 2417
2 2417 27
2 27 2418
2 2418 22
2 22 2416
2 2416 34
2 27 2419
2 2419 12
2 12 2420
2 2420 22
2 22 2418
2 2418 27
2 35 2421
2 2421 2422
2 2422 2423
2 2423 12
2 12 2424
2 2424 2425
2 2425 1
2 1 2426
2 2426 2427
2 2427 2428
2 2428 2429
2 2429 2430
2 2430 2431
2 2431 35
2 12 2423
2 2423 2422
2 2422 2421
2 2421 35
2 35 2031
2 2031 22
2 22 2420
2 2420 12
2 39 2432
2 2432 40
2 40 2433
2 2433 47
2 47 39
2 40 48
2 48 2434
2 2434 47
2 47 2433
2 2433 40
2 154 2435
2 2435 126
2 126 140
2 140 2436
2 2436 154
2 126 2435
2 2435 154
2 154 2437
2 2437 125
2 125 2438
2 2438 126
2 319 2439
2 2439 337
2 337 354
2 354 2440
2 2440 319
2 285 2441
2 2441 250
2 250 2442
2 2442 268
2 268 285
2 267 250
2 250 2441
2 2441 285
2 285 2443
2 2443 267
2 244 2444
2 2444 262
2 262 279
2 279 2445
2 2445 244
2 262 2444
2 2444 244
2 244 227
2 227 2446
2 2446 262
2 242 2447
2 2447 277
2 277 2448
2 2448 259
2 259 1620
2 1620 242
2 329 2449
2 2449 347
2 347 2450
2 2450 2451
2 2451 346
2 346 329
2 329 2452
2 2452 312
2 312 2453
2 2453 347
2 347 2449
2 2449 329
2 364 381
2 381 2055
2 2055 398
2 398 2454
2 2454 364
2 347 364
2 364 2455
2 2455 2456
2 2456 346
2 346 2451
2 2451 2450
2 2450 347
2 364 2454
2 2454 398
2 398 2050
2 2050 2049
2 2049 346
2 346 2456
2 2456 2455
2 2455 364
2 117 131
2 131 2457
2 2457 145
2 145 2074
2 2074 117
2 131 117
2 117 2458
2 2458 146
2 146 131
2 1453 2459
2 2459 2460
2 2460 2461
2 2461 2462
2 2462 1488
2 1488 1480
2 1480 2463
2 2463 2464
2 2464 2465
2 2465 1453
2 1407 2466
2 2466 2467
2 2467 2468
2 2468 1453
2 1453 2469
2 2469 1431
2 1431 2470
2 2470 2471
2 2471 1407
2 1418 2472
2 2472 1419
2 1419 1431
2 1431 2473
2 2473 1418
2 1419 2474
2 2474 1407
2 1407 2471
2 2471 2470
2 2470 1431
2 1431 1419
2 1419 1406
2 1406 2475
2 2475 1407
2 1407 2474
2 2474 1419
2 1439 2476
2 2476 1428
2 1428 1440
2 1440 2477
2 2477 1439
2 1439 1427
2 1427 2087
2 2087 1428
2 1428 2476
2 2476 1439
2 1154 2478
2 2478 1153
2 1153 1137
2 1137 2479
2 2479 1154
2 1150 1134
2 1134 2480
2 2480 1151
2 1151 2481
2 2481 1150
2 1153 2482
2 2482 1120
2 1120 2483
2 2483 1137
2 1137 1153
2 1026 2484
2 2484 1059
2 1059 2485
2 2485 1042
2 1042 1026
2 943 2486
2 2486 976
2 976 2487
2 2487 959
2 959 943
2 976 2486
2 2486 943
2 943 2488
2 2488 2489
2 2489 993
2 993 2490
2 2490 976
2 1449 2491
2 2491 1460
2 1460 1469
2 1469 2492
2 2492 1449
2 1460 2491
2 2491 1449
2 1449 2493
2 2493 1450
2 1450 1460
2 1389 2494
2 2494 1374
2 1374 1359
2 1359 2495
2 2495 1389
2 1402 2496
2 2496 1374
2 1374 2494
2 2494 1389
2 1389 2081
2 2081 1402
2 1401 1387
2 1387 1373
2 1373 2497
2 2497 1401
2 1401 2498
2 2498 1402
2 1402 1415
2 1415 2499
2 2499 1401
2 1357 2500
2 2500 1387
2 1387 2501
2 2501 1372
2 1372 1357
2 1386 2502
2 2502 1357
2 1357 1372
2 1372 1386
2 1358 1343
2 1343 2503
2 2503 1359
2 1359 2504
2 2504 1358
2 1358 2505
2 2505 1357
2 1357 1342
2 1342 2506
2 2506 1358
2 1387 2507
2 2507 1358
2 1358 1373
2 1373 1387
2 1357 2505
2 2505 1358
2 1358 2507
2 2507 1387
2 1387 2500
2 2500 1357
2 1328 1344
2 1344 1359
2 1359 2508
2 2508 1328
2 1343 2509
2 2509 1328
2 1328 2508
2 2508 1359
2 1359 2503
2 2503 1343
2 1328 2509
2 2509 1343
2 1343 2510
2 2510 1312
2 1312 1328
2 1343 1327
2 1327 2511
2 2511 1312
2 1312 2510
2 2510 1343
2 1327 2512
2 2512 1358
2 1358 2506
2 2506 1342
2 1342 2513
2 2513 1327
2 1358 2512
2 2512 1327
2 1327 1343
2 1343 1358
2 1325 2514
2 2514 1340
2 1340 2515
2 2515 1309
2 1309 1325
2 1324 1308
2 1308 2114
2 2114 1293
2 1293 2516
2 2516 1324
2 1309 2517
2 2517 1324
2 1324 2516
2 2516 1293
2 1293 1309
2 1340 1324
2 1324 2517
2 2517 1309
2 1309 2515
2 2515 1340
2 1278 2518
2 2518 1309
2 1309 1293
2 1293 1278
2 1170 2519
2 2519 1153
2 1153 2478
2 2478 1154
2 1154 1170
2 1234 1218
2 1218 1202
2 1202 2520
2 2520 1234
2 1218 2521
2 2521 1233
2 1233 2522
2 2522 1202
2 1202 1218
2 1249 2523
2 2523 1234
2 1234 1250
2 1250 2524
2 2524 1249
2 1249 2525
2 2525 1218
2 1218 1234
2 1234 2523
2 2523 1249
2 1218 2525
2 2525 1249
2 1249 1233
2 1233 2521
2 2521 1218
2 1266 2526
2 2526 1249
2 1249 2524
2 2524 1250
2 1250 1266
2 1249 2526
2 2526 1266
2 1266 2527
2 2527 1265
2 1265 1249
2 1451 1461
2 1461 2528
2 2528 1450
2 1450 2529
2 2529 1451
2 1451 2530
2 2530 1439
2 1439 2477
2 2477 1440
2 1440 1451
2 1439 2530
2 2530 1451
2 1451 2529
2 2529 1450
2 1450 1439
2 1461 1451
2 1451 2531
2 2531 1471
2 1471 2089
2 2089 1461
2 1470 2532
2 2532 1460
2 1460 1450
2 1450 2533
2 2533 1470
2 1461 1470
2 1470 2533
2 2533 1450
2 1450 2528
2 2528 1461
2 1528 2534
2 2534 2535
2 2535 2536
2 2536 2537
2 2537 2538
2 2538 2539
2 2539 2540
2 2540 2541
2 2541 2542
2 2542 2543
2 2543 2544
2 2544 2545
2 2545 2546
2 2546 2547
2 2547 2548
2 2548 2549
2 2549 1407
2 1407 2550
2 2550 2551
2 2551 2552
2 2552 2553
2 2553 2554
2 2554 2555
2 2555 2556
2 2556 2557
2 2557 2558
2 2558 2559
2 2559 2560
2 2560 2561
2 2561 2562
2 2562 2563
2 2563 2564
2 2564 2565
2 2565 1529
2 1529 1528
2 1528 2566
2 2566 2567
2 2567 2568
2 2568 2569
2 2569 2570
2 2570 2571
2 2571 2572
2 2572 2573
2 2573 2574
2 2574 2575
2 2575 2576
2 2576 2577
2 2577 1453
2 1453 2468
2 2468 2467
2 2467 2466
2 2466 1407
2 1407 2549
2 2549 2548
2 2548 2547
2 2547 2546
2 2546 2545
2 2545 2544
2 2544 2543
2 2543 2542
2 2542 2541
2 2541 2540
2 2540 2539
2 2539 2538
2 2538 2537
2 2537 2536
2 2536 2535
2 2535 2534
2 2534 1528
2 1521 2578
2 2578 1518
2 1518 2579
2 2579 1524
2 1524 1521
2 1490 1497
2 1497 1503
2 1503 2106
2 2106 1490
2 1483 1475
2 1475 2580
2 2580 1491
2 1491 1483
2 1497 2581
2 2581 1483
2 1483 1491
2 1491 2582
2 2582 1497
2 1483 2581
2 2581 1497
2 1497 1490
2 1490 2583
2 2583 1483
2 1454 2584
2 2584 1481
2 1481 2585
2 2585 1472
2 1472 1866
2 1866 1454
2 1472 2585
2 2585 1481
2 1481 2586
2 2586 1502
2 1502 1926
2 1926 1925
2 1925 1472
2 1473 1464
2 1464 2587
2 2587 1455
2 1455 2109
2 2109 1473
2 1464 2588
2 2588 1481
2 1481 2584
2 2584 1454
2 1454 2589
2 2589 1464
2 1481 2588
2 2588 1464
2 1464 1473
2 1473 2590
2 2590 1481
2 1465 2591
2 2591 1455
2 1455 1445
2 1445 2592
2 2592 1465
2 1455 2591
2 2591 1465
2 1465 2593
2 2593 1482
2 1482 2110
2 2110 1455
2 1260 1276
2 1276 1291
2 1291 2594
2 2594 1260
2 1323 2595
2 2595 1292
2 1292 1308
2 1308 2596
2 2596 1323
2 1292 1277
2 1277 2112
2 2112 1308
2 1308 1292
2 1246 1262
2 1262 2597
2 2597 1245
2 1245 2598
2 2598 1246
2 1277 2599
2 2599 1262
2 1262 2600
2 2600 1293
2 1293 2113
2 2113 1277
2 1262 1278
2 1278 1293
2 1293 2600
2 2600 1262
2 1243 2601
2 2601 1260
2 1260 2602
2 2602 1259
2 1259 1243
2 1260 2601
2 2601 1243
2 1243 2603
2 2603 1244
2 1244 1260
2 1243 2604
2 2604 1242
2 1242 2605
2 2605 1227
2 1227 1243
2 1199 2606
2 2606 1198
2 1198 1182
2 1182 2607
2 2607 1199
2 1213 1229
2 1229 2115
2 2115 1244
2 1244 2608
2 2608 1213
2 1288 2609
2 2609 1303
2 1303 2117
2 2117 1272
2 1272 2610
2 2610 1288
2 1303 2609
2 2609 1288
2 1288 2611
2 2611 1319
2 1319 1303
2 1159 1175
2 1175 2123
2 2123 1158
2 1158 2612
2 2612 1159
2 1143 1159
2 1159 2612
2 2612 1158
2 1158 2613
2 2613 2614
2 2614 1143
2 1159 2615
2 2615 1192
2 1192 2129
2 2129 1175
2 1175 1159
2 1192 2615
2 2615 1159
2 1159 2616
2 2616 1176
2 1176 1192
2 1144 2617
2 2617 2618
2 2618 1159
2 1159 1143
2 1143 2619
2 2619 1144
2 1144 2620
2 2620 1111
2 1111 2621
2 2621 1128
2 1128 1144
2 1161 2622
2 2622 1194
2 1194 2127
2 2127 1177
2 1177 1161
2 1242 2623
2 2623 1241
2 1241 2624
2 2624 1226
2 1226 1242
2 1239 2625
2 2625 1208
2 1208 1224
2 1224 2626
2 2626 1239
2 1208 1192
2 1192 2134
2 2134 1224
2 1224 1208
2 1208 2625
2 2625 1239
2 1239 2125
2 2125 1207
2 1207 2627
2 2627 1208
2 1192 1208
2 1208 2627
2 2627 1207
2 1207 2131
2 2131 2130
2 2130 1192
2 1173 2628
2 2628 1206
2 1206 2629
2 2629 1189
2 1189 1173
2 1173 1189
2 1189 2630
2 2630 1172
2 1172 2631
2 2631 1173
2 1223 2632
2 2632 1190
2 1190 1174
2 1174 2633
2 2633 1223
2 1206 1190
2 1190 2632
2 2632 1223
2 1223 2634
2 2634 1206
2 1190 2635
2 2635 1173
2 1173 2636
2 2636 1174
2 1174 1190
2 1173 2635
2 2635 1190
2 1190 1206
2 1206 2628
2 2628 1173
2 1287 1302
2 1302 2637
2 2637 1271
2 1271 1287
2 1318 1302
2 1302 1287
2 1287 2079
2 2079 1318
2 1302 2638
2 2638 1286
2 1286 2639
2 2639 1271
2 1271 2637
2 2637 1302
2 901 918
2 918 2640
2 2640 934
2 934 2641
2 2641 901
2 898 2642
2 2642 881
2 881 865
2 865 2643
2 2643 898
2 605 588
2 588 571
2 571 2141
2 2141 605
2 588 605
2 605 2149
2 2149 604
2 604 2644
2 2644 588
2 588 2645
2 2645 570
2 570 1902
2 1902 571
2 571 588
2 190 2646
2 2646 206
2 206 2647
2 2647 173
2 173 1884
2 1884 190
2 206 189
2 189 173
2 173 2647
2 2647 206
2 189 206
2 206 2648
2 2648 222
2 222 2649
2 2649 189
2 275 2650
2 2650 293
2 293 2166
2 2166 309
2 309 2651
2 2651 275
2 293 2650
2 2650 275
2 275 258
2 258 2165
2 2165 293
2 237 220
2 220 2652
2 2652 204
2 204 2153
2 2153 237
2 239 256
2 256 2653
2 2653 222
2 222 239
2 206 2654
2 2654 239
2 239 222
2 222 2648
2 2648 206
2 205 2655
2 2655 221
2 221 2151
2 2151 188
2 188 205
2 205 2656
2 2656 189
2 189 2649
2 2649 222
2 222 205
2 189 2656
2 2656 205
2 205 2657
2 2657 173
2 173 189
2 154 139
2 139 125
2 125 2437
2 2437 154
2 139 2658
2 2658 153
2 153 2659
2 2659 125
2 125 139
2 139 154
2 154 2660
2 2660 168
2 168 2661
2 2661 139
2 153 2658
2 2658 139
2 139 2661
2 2661 168
2 168 153
2 801 2662
2 2662 834
2 834 817
2 817 801
2 637 2663
2 2663 671
2 671 654
2 654 637
2 587 2664
2 2664 588
2 588 2644
2 2644 604
2 604 587
2 588 2664
2 2664 587
2 587 570
2 570 2645
2 2645 588
2 569 2665
2 2665 587
2 587 2666
2 2666 586
2 586 569
2 587 2665
2 2665 569
2 569 2667
2 2667 570
2 570 587
2 620 2668
2 2668 619
2 619 602
2 602 2669
2 2669 620
2 570 2670
2 2670 552
2 552 535
2 535 1901
2 1901 570
2 569 552
2 552 2670
2 2670 570
2 570 2667
2 2667 569
2 518 2671
2 2671 536
2 536 1898
2 1898 535
2 535 518
2 534 2672
2 2672 569
2 569 2673
2 2673 551
2 551 534
2 534 2674
2 2674 552
2 552 569
2 569 2672
2 2672 534
2 552 2674
2 2674 534
2 534 2675
2 2675 535
2 535 552
2 569 2676
2 2676 568
2 568 551
2 551 2673
2 2673 569
2 568 2676
2 2676 569
2 569 586
2 586 2677
2 2677 568
2 585 568
2 568 2677
2 2677 586
2 586 2169
2 2169 585
2 601 2678
2 2678 585
2 585 602
2 602 2679
2 2679 601
2 668 2680
2 2680 634
2 634 2681
2 2681 635
2 635 2171
2 2171 668
2 395 2682
2 2682 379
2 379 2683
2 2683 413
2 413 1919
2 1919 395
2 431 414
2 414 2684
2 2684 448
2 448 431
2 431 2685
2 2685 447
2 447 2185
2 2185 413
2 413 2686
2 2686 431
2 432 2687
2 2687 397
2 397 1910
2 1910 415
2 415 432
2 432 2688
2 2688 414
2 414 397
2 397 2687
2 2687 432
2 414 2688
2 2688 432
2 432 2689
2 2689 448
2 448 2684
2 2684 414
2 432 2690
2 2690 465
2 465 448
2 448 2689
2 2689 432
2 310 327
2 327 344
2 344 1915
2 1915 310
2 345 2691
2 2691 327
2 327 310
2 310 2180
2 2180 345
2 327 2692
2 2692 362
2 362 2182
2 2182 344
2 344 327
2 327 2691
2 2691 345
2 345 362
2 362 2692
2 2692 327
2 378 395
2 395 412
2 412 2693
2 2693 378
2 378 2694
2 2694 379
2 379 2682
2 2682 395
2 395 378
2 379 2694
2 2694 378
2 378 2695
2 2695 362
2 362 379
2 378 361
2 361 2181
2 2181 362
2 362 2695
2 2695 378
2 498 2696
2 2696 514
2 514 2697
2 2697 480
2 480 2698
2 2698 498
2 514 2696
2 2696 498
2 498 515
2 515 2699
2 2699 514
2 532 2700
2 2700 550
2 550 567
2 567 2183
2 2183 532
2 550 2701
2 2701 568
2 568 2702
2 2702 567
2 567 550
2 464 2703
2 2703 431
2 431 448
2 448 2704
2 2704 464
2 431 2703
2 2703 464
2 464 447
2 447 2685
2 2685 431
2 464 2705
2 2705 499
2 499 2177
2 2177 481
2 481 464
2 447 464
2 464 481
2 481 2706
2 2706 447
2 446 463
2 463 480
2 480 2707
2 2707 446
2 498 2708
2 2708 463
2 463 2709
2 2709 481
2 481 498
2 463 2708
2 2708 498
2 498 2698
2 2698 480
2 480 463
2 463 2710
2 2710 447
2 447 2706
2 2706 481
2 481 2709
2 2709 463
2 447 2710
2 2710 463
2 463 2711
2 2711 430
2 430 447
2 463 446
2 446 2187
2 2187 430
2 430 2711
2 2711 463
2 1455 2712
2 2712 1444
2 1444 2713
2 2713 1445
2 1445 1455
2 1444 1433
2 1433 2714
2 2714 1445
2 1445 2713
2 2713 1444
2 1444 2715
2 2715 1464
2 1464 2589
2 2589 1454
2 1454 1444
2 1464 2715
2 2715 1444
2 1444 2712
2 2712 1455
2 1455 2587
2 2587 1464
2 1443 2716
2 2716 1444
2 1444 1454
2 1454 2096
2 2096 1443
2 1432 1443
2 1443 2099
2 2099 1420
2 1420 1432
2 1432 2717
2 2717 1444
2 1444 2716
2 2716 1443
2 1443 1432
2 1444 2717
2 2717 1432
2 1432 2718
2 2718 1433
2 1433 1444
2 1380 2719
2 2719 2720
2 2720 2721
2 2721 1303
2 1303 1319
2 1319 2722
2 2722 2723
2 2723 1380
2 1255 2724
2 2724 2725
2 2725 2726
2 2726 2727
2 2727 2728
2 2728 2729
2 2729 1380
2 1380 1394
2 1394 1799
2 1799 1798
2 1798 1797
2 1797 1796
2 1796 1795
2 1795 1794
2 1794 1255
2 1303 2721
2 2721 2720
2 2720 2719
2 2719 1380
2 1380 2729
2 2729 2728
2 2728 2727
2 2727 2726
2 2726 2725
2 2725 2724
2 2724 1255
2 1255 2119
2 2119 2118
2 2118 1303
2 1381 1395
2 1395 2730
2 2730 1394
2 1394 2731
2 2731 1381
2 1395 1381
2 1381 1367
2 1367 2732
2 2732 1395
2 1290 2733
2 2733 1274
2 1274 2734
2 2734 1259
2 1259 2735
2 2735 1290
2 1274 2733
2 2733 1290
2 1290 2736
2 2736 1305
2 1305 2737
2 2737 1274
2 881 2738
2 2738 897
2 897 2739
2 2739 864
2 864 2202
2 2202 881
2 896 913
2 913 2740
2 2740 929
2 929 2741
2 2741 896
2 913 2742
2 2742 897
2 897 2743
2 2743 930
2 930 913
2 896 2744
2 2744 879
2 879 2745
2 2745 863
2 863 2746
2 2746 896
2 863 2745
2 2745 879
2 879 2747
2 2747 846
2 846 2748
2 2748 863
2 879 2749
2 2749 862
2 862 2750
2 2750 846
2 846 2747
2 2747 879
2 977 2751
2 2751 1010
2 1010 2192
2 2192 2191
2 2191 960
2 960 2752
2 2752 977
2 944 2753
2 2753 977
2 977 2752
2 2752 960
2 960 2194
2 2194 944
2 977 2753
2 2753 944
2 944 2754
2 2754 961
2 961 2755
2 2755 977
2 994 977
2 977 2755
2 2755 961
2 961 2756
2 2756 994
2 977 994
2 994 1010
2 1010 2751
2 2751 977
2 1010 994
2 994 2757
2 2757 1027
2 1027 2188
2 2188 1010
2 944 928
2 928 2758
2 2758 961
2 961 2754
2 2754 944
2 816 2759
2 2759 849
2 849 832
2 832 2760
2 2760 816
2 799 2761
2 2761 816
2 816 2760
2 2760 832
2 832 2207
2 2207 799
2 733 2762
2 2762 749
2 749 2763
2 2763 716
2 716 2764
2 2764 733
2 749 2762
2 2762 733
2 733 2204
2 2204 766
2 766 749
2 749 766
2 766 2211
2 2211 782
2 782 2765
2 2765 749
2 800 2766
2 2766 783
2 783 2767
2 2767 767
2 767 2200
2 2200 800
2 783 799
2 799 2210
2 2210 766
2 766 783
2 816 2768
2 2768 783
2 783 2766
2 2766 800
2 800 816
2 783 2768
2 2768 816
2 816 2761
2 2761 799
2 799 783
2 767 2767
2 2767 783
2 783 2769
2 2769 750
2 750 767
2 783 766
2 766 2205
2 2205 750
2 750 2769
2 2769 783
2 733 2770
2 2770 700
2 700 717
2 717 733
2 734 2771
2 2771 700
2 700 2772
2 2772 701
2 701 2773
2 2773 734
2 700 2771
2 2771 734
2 734 2212
2 2212 717
2 717 700
2 683 666
2 666 2774
2 2774 650
2 650 2775
2 2775 683
2 666 683
2 683 2776
2 2776 649
2 649 666
2 848 831
2 831 2777
2 2777 815
2 815 2195
2 2195 848
2 831 2778
2 2778 798
2 798 2218
2 2218 815
2 815 2777
2 2777 831
2 798 2778
2 2778 831
2 831 814
2 814 2215
2 2215 798
2 831 848
2 848 2203
2 2203 864
2 864 2779
2 2779 831
2 847 2780
2 2780 831
2 831 2779
2 2779 864
2 864 2781
2 2781 847
2 831 2780
2 2780 847
2 847 2782
2 2782 814
2 814 831
2 731 2783
2 2783 714
2 714 697
2 697 2784
2 2784 731
2 680 2785
2 2785 681
2 681 2786
2 2786 2787
2 2787 697
2 697 680
2 681 2788
2 2788 647
2 647 664
2 664 681
2 647 2788
2 2788 681
2 681 2785
2 2785 680
2 680 2789
2 2789 647
2 423 2790
2 2790 405
2 405 388
2 388 2219
2 2219 423
2 405 2791
2 2791 371
2 371 388
2 388 405
2 472 2792
2 2792 455
2 455 2793
2 2793 490
2 490 2794
2 2794 472
2 424 441
2 441 2795
2 2795 457
2 457 2282
2 2282 424
2 441 2796
2 2796 475
2 475 2797
2 2797 457
2 457 2795
2 2795 441
2 441 424
2 424 407
2 407 2798
2 2798 441
2 389 2799
2 2799 373
2 373 2800
2 2800 407
2 407 2801
2 2801 389
2 424 2802
2 2802 389
2 389 2801
2 2801 407
2 407 424
2 406 389
2 389 2802
2 2802 424
2 424 2283
2 2283 406
2 615 632
2 632 2803
2 2803 631
2 631 2804
2 2804 615
2 665 2805
2 2805 632
2 632 649
2 649 2806
2 2806 665
2 632 2805
2 2805 665
2 665 2807
2 2807 631
2 631 2803
2 2803 632
2 632 2808
2 2808 666
2 666 649
2 649 632
2 683 2809
2 2809 682
2 682 2810
2 2810 649
2 649 2776
2 2776 683
2 682 665
2 665 2806
2 2806 649
2 649 2810
2 2810 682
2 631 648
2 648 2811
2 2811 664
2 664 2223
2 2223 631
2 665 648
2 648 631
2 631 2807
2 2807 665
2 648 2812
2 2812 681
2 681 664
2 664 2811
2 2811 648
2 682 2813
2 2813 648
2 648 665
2 665 682
2 648 2813
2 2813 682
2 682 2814
2 2814 681
2 681 2812
2 2812 648
2 512 529
2 529 2815
2 2815 528
2 528 2266
2 2266 512
2 529 546
2 546 2225
2 2225 528
2 528 2815
2 2815 529
2 580 597
2 597 2816
2 2816 596
2 596 2817
2 2817 580
2 579 2818
2 2818 580
2 580 2817
2 2817 596
2 596 579
2 580 2818
2 2818 579
2 579 2228
2 2228 563
2 563 580
2 597 580
2 580 2819
2 2819 581
2 581 2820
2 2820 597
2 630 2821
2 2821 614
2 614 631
2 631 2222
2 2222 630
2 614 2822
2 2822 615
2 615 2804
2 2804 631
2 631 614
2 475 2823
2 2823 493
2 493 2824
2 2824 509
2 509 2825
2 2825 475
2 375 2826
2 2826 376
2 376 2238
2 2238 392
2 392 375
2 375 2827
2 2827 391
2 391 374
2 374 2828
2 2828 375
2 359 2829
2 2829 341
2 341 324
2 324 2830
2 2830 359
2 342 359
2 359 2830
2 2830 324
2 324 2831
2 2831 342
2 375 2832
2 2832 359
2 359 376
2 376 2826
2 2826 375
2 359 2833
2 2833 360
2 360 2834
2 2834 376
2 376 359
2 360 2833
2 2833 359
2 359 342
2 342 2835
2 2835 360
2 325 2836
2 2836 360
2 360 2835
2 2835 342
2 342 325
2 425 408
2 408 2837
2 2837 442
2 442 425
2 425 2838
2 2838 441
2 441 2798
2 2798 407
2 407 2839
2 2839 425
2 390 373
2 373 1936
2 1936 374
2 374 2840
2 2840 390
2 408 2841
2 2841 390
2 390 2840
2 2840 374
2 374 2242
2 2242 408
2 425 2842
2 2842 390
2 390 2841
2 2841 408
2 408 425
2 373 390
2 390 407
2 407 2800
2 2800 373
2 390 2842
2 2842 425
2 425 2839
2 2839 407
2 407 390
2 337 320
2 320 2843
2 2843 355
2 355 2044
2 2044 337
2 303 320
2 320 337
2 337 2844
2 2844 303
2 696 2845
2 2845 2846
2 2846 680
2 680 697
2 697 2847
2 2847 696
2 696 679
2 679 2848
2 2848 680
2 680 2846
2 2846 2845
2 2845 696
2 663 2849
2 2849 647
2 647 2789
2 2789 680
2 680 663
2 630 2850
2 2850 663
2 663 2851
2 2851 629
2 629 2852
2 2852 630
2 663 2850
2 2850 630
2 630 647
2 647 2849
2 2849 663
2 662 679
2 679 2853
2 2853 645
2 645 662
2 608 2854
2 2854 2855
2 2855 609
2 609 2250
2 2250 2249
2 2249 625
2 625 608
2 608 591
2 591 2262
2 2262 2261
2 2261 592
2 592 2856
2 2856 2857
2 2857 608
2 609 2855
2 2855 2854
2 2854 608
2 608 2857
2 2857 2856
2 2856 592
2 592 609
2 728 2858
2 2858 695
2 695 712
2 712 1937
2 1937 728
2 694 2859
2 2859 695
2 695 2858
2 2858 728
2 728 2860
2 2860 694
2 696 2861
2 2861 695
2 695 2862
2 2862 2863
2 2863 679
2 679 696
2 644 2864
2 2864 677
2 677 660
2 660 2865
2 2865 644
2 660 677
2 677 2866
2 2866 643
2 643 660
2 677 2867
2 2867 2868
2 2868 676
2 676 2259
2 2259 643
2 643 2866
2 2866 677
2 677 694
2 694 2252
2 2252 2251
2 2251 693
2 693 2869
2 2869 2870
2 2870 677
2 676 2868
2 2868 2867
2 2867 677
2 677 2870
2 2870 2869
2 2869 693
2 693 676
2 694 711
2 711 2871
2 2871 727
2 727 2253
2 2253 694
2 711 694
2 694 2860
2 2860 728
2 728 2872
2 2872 711
2 726 2873
2 2873 709
2 709 692
2 692 2284
2 2284 726
2 709 2873
2 2873 726
2 726 2287
2 2287 759
2 759 2874
2 2874 709
2 572 2875
2 2875 606
2 606 2876
2 2876 2877
2 2877 554
2 554 2878
2 2878 2879
2 2879 572
2 574 2880
2 2880 2881
2 2881 575
2 575 2260
2 2260 591
2 591 574
2 558 2882
2 2882 2883
2 2883 574
2 574 557
2 557 2884
2 2884 558
2 575 2881
2 2881 2880
2 2880 574
2 574 2883
2 2883 2882
2 2882 558
2 558 575
2 523 2885
2 2885 2886
2 2886 507
2 507 524
2 524 2887
2 2887 523
2 559 2888
2 2888 2889
2 2889 575
2 575 558
2 558 2890
2 2890 559
2 575 2889
2 2889 2888
2 2888 559
2 559 576
2 576 2263
2 2263 575
2 559 2891
2 2891 524
2 524 2892
2 2892 542
2 542 559
2 560 2893
2 2893 559
2 559 542
2 542 2894
2 2894 560
2 559 2893
2 2893 560
2 560 2895
2 2895 2896
2 2896 576
2 576 559
2 540 2897
2 2897 558
2 558 2884
2 2884 557
2 557 540
2 540 523
2 523 2898
2 2898 558
2 558 2897
2 2897 540
2 540 557
2 557 2899
2 2899 522
2 522 2900
2 2900 540
2 523 540
2 540 2900
2 2900 522
2 522 2901
2 2901 2902
2 2902 523
2 523 2903
2 2903 541
2 541 558
2 558 2898
2 2898 523
2 541 2903
2 2903 523
2 523 2887
2 2887 524
2 524 541
2 541 2904
2 2904 559
2 559 2890
2 2890 558
2 558 541
2 559 2904
2 2904 541
2 541 524
2 524 2891
2 2891 559
2 409 2905
2 2905 375
2 375 392
2 392 409
2 375 2905
2 2905 409
2 409 2906
2 2906 391
2 391 2827
2 2827 375
2 511 2907
2 2907 477
2 477 2908
2 2908 495
2 495 2267
2 2267 511
2 477 2907
2 2907 511
2 511 494
2 494 477
2 543 526
2 526 2909
2 2909 561
2 561 2273
2 2273 543
2 544 527
2 527 2234
2 2234 562
2 562 2910
2 2910 544
2 561 544
2 544 2910
2 2910 562
2 562 2272
2 2272 561
2 544 2911
2 2911 526
2 526 2912
2 2912 527
2 527 544
2 526 2911
2 2911 544
2 544 561
2 561 2909
2 2909 526
2 508 2913
2 2913 507
2 507 2914
2 2914 491
2 491 508
2 507 2913
2 2913 508
2 508 2915
2 2915 2916
2 2916 524
2 524 507
2 594 577
2 577 2917
2 2917 578
2 578 2275
2 2275 594
2 577 2918
2 2918 2919
2 2919 561
2 561 578
2 578 2917
2 2917 577
2 561 2919
2 2919 2918
2 2918 577
2 577 560
2 560 2274
2 2274 561
2 577 594
2 594 2277
2 2277 593
2 593 2920
2 2920 577
2 560 577
2 577 2921
2 2921 576
2 576 2896
2 2896 2895
2 2895 560
2 577 2920
2 2920 593
2 593 576
2 576 2921
2 2921 577
2 612 2922
2 2922 611
2 611 2923
2 2923 2924
2 2924 595
2 595 612
2 611 594
2 594 2276
2 2276 595
2 595 2924
2 2924 2923
2 2923 611
2 594 611
2 611 2925
2 2925 610
2 610 2279
2 2279 2278
2 2278 594
2 440 2926
2 2926 456
2 456 2927
2 2927 423
2 423 440
2 811 2928
2 2928 778
2 778 2332
2 2332 795
2 795 2929
2 2929 811
2 828 811
2 811 2929
2 2929 795
2 795 2930
2 2930 828
2 810 2931
2 2931 794
2 794 2932
2 2932 827
2 827 810
2 794 2933
2 2933 811
2 811 2934
2 2934 827
2 827 2932
2 2932 794
2 811 2933
2 2933 794
2 794 778
2 778 2928
2 2928 811
2 794 2931
2 2931 810
2 810 1959
2 1959 777
2 777 2935
2 2935 794
2 744 2936
2 2936 760
2 760 1954
2 1954 727
2 727 744
2 760 2936
2 2936 744
2 744 2937
2 2937 777
2 777 760
2 711 2938
2 2938 744
2 744 727
2 727 2871
2 2871 711
2 744 2938
2 2938 711
2 711 2872
2 2872 728
2 728 2939
2 2939 744
2 860 2940
2 2940 877
2 877 1963
2 1963 893
2 893 2941
2 2941 860
2 843 2942
2 2942 810
2 810 827
2 827 2943
2 2943 843
2 843 826
2 826 2288
2 2288 810
2 810 2942
2 2942 843
2 860 2944
2 2944 843
2 843 2943
2 2943 827
2 827 2945
2 2945 860
2 826 843
2 843 2946
2 2946 2947
2 2947 893
2 893 2294
2 2294 2293
2 2293 2292
2 2292 826
2 843 2944
2 2944 860
2 860 2941
2 2941 893
2 893 2947
2 2947 2946
2 2946 843
2 847 830
2 830 2948
2 2948 814
2 814 2782
2 2782 847
2 830 2949
2 2949 797
2 797 2323
2 2323 814
2 814 2948
2 2948 830
2 797 2949
2 2949 830
2 830 813
2 813 2319
2 2319 797
2 830 847
2 847 2950
2 2950 863
2 863 2951
2 2951 830
2 830 2951
2 2951 863
2 863 2748
2 2748 846
2 846 2952
2 2952 830
2 813 830
2 830 2952
2 2952 846
2 846 2953
2 2953 813
2 730 2954
2 2954 763
2 763 746
2 746 2955
2 2955 730
2 730 2955
2 2955 746
2 746 2956
2 2956 713
2 713 2957
2 2957 730
2 714 2958
2 2958 730
2 730 2959
2 2959 697
2 697 714
2 696 2960
2 2960 730
2 730 2957
2 2957 713
2 713 696
2 730 2960
2 2960 696
2 696 2847
2 2847 697
2 697 2959
2 2959 730
2 729 2961
2 2961 762
2 762 745
2 745 2962
2 2962 729
2 762 2961
2 2961 729
2 729 746
2 746 2328
2 2328 762
2 746 729
2 729 2963
2 2963 713
2 713 2956
2 2956 746
2 729 2962
2 2962 745
2 745 1938
2 1938 712
2 712 2964
2 2964 729
2 729 2965
2 2965 696
2 696 713
2 713 2963
2 2963 729
2 695 2966
2 2966 729
2 729 2964
2 2964 712
2 712 695
2 729 2966
2 2966 695
2 695 2861
2 2861 696
2 696 2965
2 2965 729
2 470 2967
2 2967 488
2 488 2340
2 2340 504
2 504 2968
2 2968 470
2 487 470
2 470 2968
2 2968 504
2 504 487
2 470 487
2 487 2969
2 2969 452
2 452 2970
2 2970 470
2 469 2971
2 2971 487
2 487 2337
2 2337 503
2 503 2972
2 2972 469
2 486 469
2 469 2972
2 2972 503
2 503 486
2 487 2971
2 2971 469
2 469 2973
2 2973 452
2 452 2969
2 2969 487
2 502 485
2 485 468
2 468 2974
2 2974 502
2 486 2975
2 2975 502
2 502 2974
2 2974 468
2 468 2976
2 2976 486
2 502 2975
2 2975 486
2 486 503
2 503 2977
2 2977 2978
2 2978 502
2 435 2979
2 2979 419
2 419 2980
2 2980 452
2 452 435
2 469 2981
2 2981 435
2 435 452
2 452 2973
2 2973 469
2 419 2982
2 2982 401
2 401 2983
2 2983 384
2 384 2984
2 2984 419
2 401 2985
2 2985 367
2 367 384
2 384 2983
2 2983 401
2 401 2986
2 2986 435
2 435 418
2 418 2987
2 2987 401
2 435 2986
2 2986 401
2 401 2982
2 2982 419
2 419 2979
2 2979 435
2 434 2988
2 2988 400
2 400 2989
2 2989 418
2 418 2990
2 2990 434
2 381 2991
2 2991 399
2 399 2992
2 2992 416
2 416 2056
2 2056 381
2 71 82
2 82 2993
2 2993 81
2 81 2350
2 2350 2349
2 2349 71
2 82 2994
2 2994 93
2 93 81
2 81 2993
2 2993 82
2 106 2995
2 2995 82
2 82 94
2 94 106
2 82 2995
2 2995 106
2 106 2361
2 2361 93
2 93 2994
2 2994 82
2 132 118
2 118 2996
2 2996 147
2 147 132
2 118 2997
2 2997 2998
2 2998 119
2 119 2363
2 2363 147
2 147 2996
2 2996 118
2 119 2998
2 2998 2997
2 2997 118
2 118 105
2 105 2352
2 2352 119
2 105 118
2 118 2999
2 2999 92
2 92 1989
2 1989 105
2 117 3000
2 3000 3001
2 3001 118
2 118 3002
2 3002 146
2 146 2458
2 2458 117
2 118 132
2 132 2355
2 2355 146
2 146 3002
2 3002 118
2 151 3003
2 3003 123
2 123 137
2 137 3004
2 3004 151
2 120 3005
2 3005 106
2 106 94
2 94 3006
2 3006 120
2 107 120
2 120 3006
2 3006 94
2 94 3007
2 3007 107
2 148 3008
2 3008 120
2 120 134
2 134 1994
2 1994 148
2 120 3009
2 3009 149
2 149 134
2 134 120
2 120 3008
2 3008 148
2 148 2364
2 2364 119
2 119 3010
2 3010 120
2 106 3005
2 3005 120
2 120 3010
2 3010 119
2 119 106
2 120 3011
2 3011 121
2 121 2371
2 2371 149
2 149 3009
2 3009 120
2 121 3011
2 3011 120
2 120 107
2 107 2367
2 2367 121
2 62 53
2 53 3012
2 3012 73
2 73 3013
2 3013 62
2 348 3014
2 3014 3015
2 3015 364
2 364 347
2 347 3016
2 3016 3017
2 3017 348
2 348 3018
2 3018 313
2 313 3019
2 3019 331
2 331 348
2 350 3020
2 3020 315
2 315 3021
2 3021 333
2 333 350
2 332 3022
2 3022 315
2 315 3020
2 3020 350
2 350 3023
2 3023 332
2 349 332
2 332 3023
2 3023 350
2 350 3024
2 3024 3025
2 3025 349
2 349 3026
2 3026 3027
2 3027 348
2 348 331
2 331 3028
2 3028 349
2 349 3028
2 3028 331
2 331 3029
2 3029 314
2 314 3030
2 3030 349
2 332 349
2 349 3030
2 3030 314
2 314 3031
2 3031 332
2 213 230
2 230 247
2 247 3032
2 3032 213
2 180 3033
2 3033 213
2 213 196
2 196 2356
2 2356 180
2 213 3033
2 3033 180
2 180 197
2 197 3034
2 3034 213
2 230 213
2 213 3034
2 3034 197
2 197 3035
2 3035 230
2 230 3036
2 3036 214
2 214 3037
2 3037 248
2 248 2373
2 2373 230
2 214 3036
2 3036 230
2 230 3035
2 3035 197
2 197 214
2 282 265
2 265 3038
2 3038 299
2 299 282
2 265 282
2 282 3039
2 3039 247
2 247 2375
2 2375 265
2 179 163
2 163 1993
2 1993 196
2 196 179
2 179 3040
2 3040 195
2 195 3041
2 3041 163
2 163 179
2 163 3042
2 3042 3043
2 3043 162
2 162 3044
2 3044 148
2 148 163
2 195 3045
2 3045 162
2 162 3043
2 3043 3042
2 3042 163
2 163 3041
2 3041 195
2 178 162
2 162 3045
2 3045 195
2 195 178
2 162 3046
2 3046 133
2 133 148
2 148 3044
2 3044 162
2 133 3046
2 3046 162
2 162 147
2 147 2362
2 2362 133
2 162 3047
2 3047 3048
2 3048 161
2 161 2354
2 2354 147
2 147 162
2 297 3049
2 3049 332
2 332 3031
2 3031 314
2 314 297
2 297 3050
2 3050 263
2 263 3051
2 3051 281
2 281 3052
2 3052 297
2 263 3050
2 3050 297
2 297 280
2 280 263
2 331 3053
2 3053 297
2 297 314
2 314 3029
2 3029 331
2 6 3054
2 3054 4
2 4 3055
2 3055 10
2 10 6
2 4 3054
2 3054 6
2 6 3
2 3 3056
2 3056 4
2 14 3057
2 3057 6
2 6 10
2 10 14
2 19 14
2 14 10
2 10 3058
2 3058 19
2 6 3057
2 3057 14
2 14 3059
2 3059 9
2 9 2376
2 2376 6
2 14 19
2 19 2380
2 2380 9
2 9 3059
2 3059 14
2 40 3060
2 3060 32
2 32 26
2 26 3061
2 3061 40
2 32 3060
2 3060 40
2 40 2432
2 2432 39
2 39 32
2 11 3062
2 3062 5
2 5 8
2 8 3063
2 3063 11
2 12 3064
2 3064 5
2 5 3065
2 3065 1
2 1 2425
2 2425 2424
2 2424 12
2 5 3064
2 3064 12
2 12 8
2 8 5
2 13 18
2 18 3066
2 3066 17
2 17 2386
2 2386 13
2 18 3067
2 3067 23
2 23 17
2 17 3066
2 3066 18
2 18 3068
2 3068 30
2 30 3069
2 3069 23
2 23 3067
2 3067 18
2 30 3068
2 3068 18
2 18 24
2 24 30
2 24 18
2 18 3070
2 3070 9
2 9 2379
2 2379 24
2 18 13
2 13 9
2 9 3070
2 3070 18
2 23 3071
2 3071 37
2 37 3072
2 3072 29
2 29 23
2 29 3072
2 3072 37
2 37 3073
2 3073 36
2 36 29
2 30 37
2 37 3071
2 3071 23
2 23 3069
2 3069 30
2 19 3074
2 3074 31
2 31 3075
2 3075 24
2 24 2378
2 2378 19
2 167 152
2 152 3076
2 3076 138
2 138 3077
2 3077 167
2 153 3078
2 3078 167
2 167 3077
2 3077 138
2 138 153
2 167 3078
2 3078 153
2 153 168
2 168 3079
2 3079 167
2 152 3080
2 3080 166
2 166 3081
2 3081 137
2 137 152
2 166 151
2 151 3004
2 3004 137
2 137 3081
2 3081 166
2 167 3082
2 3082 166
2 166 3080
2 3080 152
2 152 167
2 151 166
2 166 3083
2 3083 165
2 165 3084
2 3084 151
2 86 3085
2 3085 85
2 85 2410
2 2410 75
2 75 86
2 85 3085
2 3085 86
2 86 3086
2 3086 97
2 97 85
2 76 3087
2 3087 86
2 86 75
2 75 3088
2 3088 76
2 83 3089
2 3089 84
2 84 2405
2 2405 95
2 95 83
2 84 3089
2 3089 83
2 83 3090
2 3090 3091
2 3091 73
2 73 84
2 83 3092
2 3092 107
2 107 3007
2 3007 94
2 94 3093
2 3093 83
2 107 3092
2 3092 83
2 83 95
2 95 107
2 82 3094
2 3094 83
2 83 3093
2 3093 94
2 94 82
2 158 3095
2 3095 129
2 129 116
2 116 1883
2 1883 158
2 143 129
2 129 3095
2 3095 158
2 158 143
2 187 3096
2 3096 220
2 220 203
2 203 3097
2 3097 187
2 220 3096
2 3096 187
2 187 204
2 204 2652
2 2652 220
2 89 78
2 78 3098
2 3098 79
2 79 3099
2 3099 89
2 78 68
2 68 3100
2 3100 79
2 79 3098
2 3098 78
2 16 3101
2 3101 11
2 11 3063
2 3063 8
2 8 3102
2 3102 16
2 12 16
2 16 3102
2 3102 8
2 8 12
2 33 40
2 40 3061
2 3061 26
2 26 3103
2 3103 33
2 65 3104
2 3104 76
2 76 3088
2 3088 75
2 75 65
2 55 3105
2 3105 65
2 65 75
2 75 1862
2 1862 55
2 47 3106
2 3106 65
2 65 3105
2 3105 55
2 55 2394
2 2394 47
2 48 3107
2 3107 56
2 56 47
2 47 2434
2 2434 48
2 56 65
2 65 3106
2 3106 47
2 47 56
2 65 56
2 56 3108
2 3108 76
2 76 3104
2 3104 65
2 127 3109
2 3109 128
2 128 3110
2 3110 156
2 156 3111
2 3111 127
2 78 3112
2 3112 77
2 77 67
2 67 3113
2 3113 78
2 113 3114
2 3114 100
2 100 3115
2 3115 89
2 89 3116
2 3116 113
2 100 3114
2 3114 113
2 113 126
2 126 3117
2 3117 100
2 113 3118
2 3118 127
2 127 3119
2 3119 126
2 126 113
2 302 3120
2 3120 303
2 303 2844
2 2844 337
2 337 3121
2 3121 302
2 319 302
2 302 3121
2 3121 337
2 337 2439
2 2439 319
2 302 285
2 285 268
2 268 3122
2 3122 302
2 249 3123
2 3123 231
2 231 3124
2 3124 215
2 215 3125
2 3125 249
2 214 231
2 231 248
2 248 3037
2 3037 214
2 199 3126
2 3126 167
2 167 183
2 183 3127
2 3127 199
2 199 3128
2 3128 215
2 215 3129
2 3129 182
2 182 199
2 166 3130
2 3130 199
2 199 182
2 182 166
2 199 3130
2 3130 166
2 166 3082
2 3082 167
2 167 3126
2 3126 199
2 250 233
2 233 3131
2 3131 268
2 268 2442
2 2442 250
2 232 249
2 249 3125
2 3125 215
2 215 232
2 199 3132
2 3132 232
2 232 215
2 215 3128
2 3128 199
2 249 232
2 232 3133
2 3133 267
2 267 3134
2 3134 249
2 232 3135
2 3135 250
2 250 267
2 267 3133
2 3133 232
2 284 3136
2 3136 249
2 249 3134
2 3134 267
2 267 284
2 283 3137
2 3137 265
2 265 2374
2 2374 248
2 248 3138
2 3138 283
2 265 3137
2 3137 283
2 283 3139
2 3139 299
2 299 3038
2 3038 265
2 261 3140
2 3140 244
2 244 2445
2 2445 279
2 279 3141
2 3141 261
2 311 3142
2 3142 329
2 329 346
2 346 3143
2 3143 311
2 329 3142
2 3142 311
2 311 294
2 294 3144
2 3144 329
2 311 3143
2 3143 346
2 346 1637
2 1637 1636
2 1636 1635
2 1635 259
2 259 3145
2 3145 3146
2 3146 311
2 277 3147
2 3147 311
2 311 3146
2 3146 3145
2 3145 259
2 259 2448
2 2448 277
2 311 3147
2 3147 277
2 277 294
2 294 311
2 329 3148
2 3148 295
2 295 312
2 312 2452
2 2452 329
2 295 3149
2 3149 3150
2 3150 294
2 294 3151
2 3151 278
2 278 295
2 295 3148
2 3148 329
2 329 3144
2 3144 294
2 294 3150
2 3150 3149
2 3149 295
2 295 3152
2 3152 261
2 261 3141
2 3141 279
2 279 3153
2 3153 295
2 261 3152
2 3152 295
2 295 278
2 278 261
2 1344 3154
2 3154 1360
2 1360 3155
2 3155 1359
2 1359 1344
2 1389 3156
2 3156 1360
2 1360 1375
2 1375 1389
2 1360 3156
2 3156 1389
2 1389 2495
2 2495 1359
2 1359 3155
2 3155 1360
2 1345 3157
2 3157 1314
2 1314 1330
2 1330 3158
2 3158 1345
2 1453 1442
2 1442 3159
2 3159 1431
2 1431 2469
2 2469 1453
2 1419 3160
2 3160 1405
2 1405 3161
2 3161 1406
2 1406 1419
2 1405 3160
2 3160 1419
2 1419 2472
2 2472 1418
2 1418 1405
2 1404 3162
2 3162 1405
2 1405 1418
2 1418 3163
2 3163 1404
2 1416 1428
2 1428 2088
2 2088 1415
2 1415 3164
2 3164 1416
2 1402 3165
2 3165 1416
2 1416 3164
2 3164 1415
2 1415 1402
2 1416 3165
2 3165 1402
2 1402 2082
2 2082 1403
2 1403 1416
2 1149 3166
2 3166 1116
2 1116 3167
2 3167 1133
2 1133 1149
2 1149 3168
2 3168 1132
2 1132 1116
2 1116 3166
2 3166 1149
2 1150 3169
2 3169 1149
2 1149 1133
2 1133 3170
2 3170 1150
2 1117 1101
2 1101 3171
2 3171 1134
2 1134 3172
2 3172 1117
2 1117 3173
2 3173 1150
2 1150 3170
2 3170 1133
2 1133 1117
2 1150 3173
2 3173 1117
2 1117 3172
2 3172 1134
2 1134 1150
2 1085 3174
2 3174 1102
2 1102 3175
2 3175 1101
2 1101 1085
2 1015 999
2 999 3176
2 3176 1032
2 1032 3177
2 3177 1015
2 1085 3178
2 3178 1084
2 1084 3179
2 3179 1069
2 1069 1085
2 1084 3178
2 3178 1085
2 1085 1101
2 1101 3180
2 3180 1084
2 809 3181
2 3181 792
2 792 3182
2 3182 742
2 742 3183
2 3183 3184
2 3184 809
2 876 3185
2 3185 3186
2 3186 809
2 809 3184
2 3184 3183
2 3183 742
2 742 3187
2 3187 3188
2 3188 3189
2 3189 3190
2 3190 3191
2 3191 876
2 876 3191
2 3191 3190
2 3190 3189
2 3189 3188
2 3188 3187
2 3187 742
2 742 1672
2 1672 1671
2 1671 1670
2 1670 1669
2 1669 1668
2 1668 1667
2 1667 1666
2 1666 1665
2 1665 1664
2 1664 1663
2 1663 993
2 993 3192
2 3192 3193
2 3193 3194
2 3194 3195
2 3195 3196
2 3196 876
2 943 3197
2 3197 3198
2 3198 876
2 876 3196
2 3196 3195
2 3195 3194
2 3194 3193
2 3193 3192
2 3192 993
2 993 2489
2 2489 2488
2 2488 943
2 906 3199
2 3199 922
2 922 3200
2 3200 889
2 889 3201
2 3201 906
2 922 3199
2 3199 906
2 906 3202
2 3202 939
2 939 922
2 1136 1120
2 1120 2482
2 2482 1153
2 1153 3203
2 3203 1136
2 1076 3204
2 3204 1059
2 1059 2484
2 2484 1026
2 1026 3205
2 3205 3206
2 3206 1076
2 1076 3206
2 3206 3205
2 3205 1026
2 1026 3207
2 3207 993
2 993 3208
2 3208 3209
2 3209 3210
2 3210 1076
2 1174 3211
2 3211 3212
2 3212 3213
2 3213 3214
2 3214 1076
2 1076 3210
2 3210 3209
2 3209 3208
2 3208 993
2 993 3215
2 3215 3216
2 3216 3217
2 3217 3218
2 3218 3219
2 3219 3220
2 3220 3221
2 3221 1174
2 1092 1076
2 1076 3214
2 3214 3213
2 3213 3212
2 3212 3211
2 3211 1174
2 1174 3222
2 3222 3223
2 3223 3224
2 3224 1092
2 1009 3225
2 3225 976
2 976 2490
2 2490 993
2 993 3226
2 3226 1009
2 1025 1009
2 1009 3227
2 3227 1042
2 1042 3228
2 3228 1025
2 1026 3229
2 3229 1009
2 1009 3226
2 3226 993
2 993 3207
2 3207 1026
2 1009 3229
2 3229 1026
2 1026 1042
2 1042 3227
2 3227 1009
2 1041 3230
2 3230 1074
2 1074 3231
2 3231 1057
2 1057 1041
2 926 943
2 943 959
2 959 3232
2 3232 926
2 942 3233
2 3233 926
2 926 3232
2 3232 959
2 959 3234
2 3234 942
2 926 3233
2 3233 942
2 942 3235
2 3235 909
2 909 926
2 876 3236
2 3236 926
2 926 909
2 909 3237
2 3237 876
2 926 3236
2 3236 876
2 876 3198
2 3198 3197
2 3197 943
2 943 926
2 1459 1449
2 1449 2492
2 2492 1469
2 1469 3238
2 3238 1459
2 1459 3239
2 3239 1477
2 1477 1468
2 1468 1459
2 1438 3240
2 3240 1439
2 1439 1450
2 1450 3241
2 3241 1438
2 1449 1438
2 1438 3241
2 3241 1450
2 1450 2493
2 2493 1449
2 1439 3240
2 3240 1438
2 1438 3242
2 3242 1427
2 1427 1439
2 1427 3242
2 3242 1438
2 1438 1426
2 1426 3243
2 3243 1427
2 1438 3244
2 3244 1437
2 1437 3245
2 3245 1426
2 1426 1438
2 1437 3244
2 3244 1438
2 1438 1449
2 1449 3246
2 3246 1437
2 1458 3247
2 3247 1476
2 1476 1467
2 1467 1458
2 1401 3248
2 3248 1400
2 1400 3249
2 3249 1387
2 1387 1401
2 1387 3249
2 3249 1400
2 1400 3250
2 3250 1372
2 1372 2501
2 2501 1387
2 1400 1386
2 1386 1372
2 1372 3250
2 3250 1400
2 1425 1413
2 1413 3251
2 3251 1426
2 1426 3252
2 3252 1425
2 1437 1425
2 1425 3252
2 3252 1426
2 1426 3245
2 3245 1437
2 1436 3253
2 3253 1425
2 1425 1437
2 1437 3254
2 3254 1436
2 1425 3253
2 3253 1436
2 1436 1424
2 1424 3255
2 3255 1425
2 1388 1374
2 1374 2496
2 2496 1402
2 1402 1388
2 1388 3256
2 3256 1401
2 1401 2497
2 2497 1373
2 1373 3257
2 3257 1388
2 1401 3256
2 3256 1388
2 1388 1402
2 1402 2498
2 2498 1401
2 1358 3258
2 3258 1388
2 1388 3257
2 3257 1373
2 1373 1358
2 1374 1388
2 1388 3259
2 3259 1359
2 1359 1374
2 1388 3258
2 3258 1358
2 1358 2504
2 2504 1359
2 1359 3259
2 3259 1388
2 1414 1401
2 1401 2499
2 2499 1415
2 1415 3260
2 3260 1414
2 1427 3261
2 3261 1414
2 1414 3260
2 3260 1415
2 1415 1427
2 1414 3261
2 3261 1427
2 1427 3243
2 3243 1426
2 1426 1414
2 1413 3262
2 3262 1414
2 1414 1426
2 1426 3251
2 3251 1413
2 1400 3263
2 3263 1414
2 1414 3262
2 3262 1413
2 1413 1400
2 1414 3263
2 3263 1400
2 1400 3248
2 3248 1401
2 1401 1414
2 1296 3264
2 3264 1280
2 1280 3265
2 3265 1265
2 1265 3266
2 3266 1296
2 1327 3267
2 3267 1296
2 1296 1312
2 1312 2511
2 2511 1327
2 1248 3268
2 3268 1247
2 1247 3269
2 3269 1232
2 1232 1248
2 1217 3270
2 3270 1248
2 1248 1232
2 1232 3271
2 3271 1217
2 1248 3270
2 3270 1217
2 1217 1233
2 1233 3272
2 3272 1248
2 1249 3273
2 3273 1248
2 1248 3272
2 3272 1233
2 1233 1249
2 1248 3273
2 3273 1249
2 1249 1265
2 1265 3274
2 3274 1248
2 1328 3275
2 3275 1313
2 1313 3276
2 3276 1344
2 1344 1328
2 1311 1327
2 1327 2513
2 2513 1342
2 1342 3277
2 3277 1311
2 1296 3278
2 3278 1311
2 1311 3279
2 3279 1280
2 1280 3264
2 3264 1296
2 1311 3278
2 3278 1296
2 1296 3267
2 3267 1327
2 1327 1311
2 1266 3280
2 3280 1281
2 1281 1265
2 1265 2527
2 2527 1266
2 1296 1281
2 1281 3281
2 3281 1312
2 1312 1296
2 1281 1296
2 1296 3266
2 3266 1265
2 1265 1281
2 1266 3282
2 3282 1267
2 1267 3283
2 3283 1282
2 1282 1266
2 1251 1267
2 1267 3284
2 3284 1250
2 1250 2083
2 2083 1251
2 1267 3282
2 3282 1266
2 1266 1250
2 1250 3284
2 3284 1267
2 1058 3285
2 3285 1025
2 1025 3228
2 3228 1042
2 1042 1058
2 1058 3286
2 3286 1041
2 1041 1025
2 1025 3285
2 3285 1058
2 1041 3286
2 3286 1058
2 1058 1074
2 1074 3230
2 3230 1041
2 1220 3287
2 3287 1235
2 1235 3288
2 3288 1204
2 1204 1220
2 1236 1220
2 1220 1204
2 1204 3289
2 3289 1236
2 1235 3287
2 3287 1220
2 1220 3290
2 3290 1251
2 1251 1235
2 1220 1236
2 1236 3291
2 3291 1251
2 1251 3290
2 3290 1220
2 1311 1295
2 1295 1280
2 1280 3279
2 3279 1311
2 1495 3292
2 3292 1479
2 1479 3293
2 3293 1488
2 1488 2092
2 2092 1495
2 1479 3294
2 3294 1461
2 1461 2090
2 2090 1488
2 1488 3293
2 3293 1479
2 1479 1470
2 1470 1461
2 1461 3294
2 3294 1479
2 1501 3295
2 3295 1495
2 1495 2091
2 2091 1507
2 1507 1501
2 1494 1501
2 1501 1507
2 1507 3296
2 3296 1494
2 1524 3297
2 3297 1527
2 1527 3298
2 3298 1529
2 1529 3299
2 3299 3300
2 3300 1524
2 1509 3301
2 3301 1513
2 1513 1928
2 1928 1503
2 1503 1509
2 1497 3302
2 3302 1509
2 1509 1503
2 1503 1497
2 1514 3303
2 3303 1521
2 1521 1921
2 1921 1513
2 1513 3304
2 3304 1514
2 1514 1518
2 1518 2578
2 2578 1521
2 1521 3303
2 3303 1514
2 1509 1514
2 1514 3304
2 3304 1513
2 1513 3301
2 3301 1509
2 1489 1496
2 1496 1502
2 1502 3305
2 3305 1489
2 1481 1489
2 1489 3305
2 3305 1502
2 1502 2586
2 2586 1481
2 1496 1489
2 1489 3306
2 3306 1482
2 1482 2105
2 2105 1496
2 1489 3307
2 3307 1473
2 1473 2111
2 2111 1482
2 1482 3306
2 3306 1489
2 1489 1481
2 1481 2590
2 2590 1473
2 1473 3307
2 3307 1489
2 1435 1423
2 1423 3308
2 3308 1424
2 1424 3309
2 3309 1435
2 1436 3310
2 3310 1435
2 1435 3309
2 3309 1424
2 1424 1436
2 1385 3311
2 3311 1398
2 1398 3312
2 3312 1370
2 1370 3313
2 3313 1385
2 1446 1456
2 1456 3314
2 3314 1445
2 1445 3315
2 3315 1446
2 1456 1465
2 1465 2592
2 2592 1445
2 1445 3314
2 3314 1456
2 1474 3316
2 3316 1490
2 1490 1482
2 1482 1474
2 1465 1474
2 1474 1482
2 1482 2593
2 2593 1465
2 1474 3317
2 3317 1483
2 1483 2583
2 2583 1490
2 1490 3316
2 3316 1474
2 1474 3318
2 3318 1456
2 1456 3319
2 3319 1483
2 1483 3317
2 3317 1474
2 1456 3318
2 3318 1474
2 1474 1465
2 1465 1456
2 1383 1369
2 1369 3320
2 3320 1397
2 1397 1383
2 1355 3321
2 3321 1324
2 1324 1340
2 1340 1355
2 1355 3322
2 3322 1385
2 1385 3313
2 3313 1370
2 1370 1355
2 1339 1323
2 1323 2596
2 2596 1308
2 1308 3323
2 3323 1339
2 1324 3324
2 3324 1339
2 1339 3323
2 3323 1308
2 1308 1324
2 1355 3325
2 3325 1339
2 1339 3324
2 3324 1324
2 1324 3321
2 3321 1355
2 1307 3326
2 3326 1292
2 1292 2595
2 2595 1323
2 1323 1307
2 1307 3327
2 3327 1322
2 1322 3328
2 3328 1291
2 1291 1307
2 1276 3329
2 3329 1307
2 1307 1291
2 1291 1276
2 1292 3326
2 3326 1307
2 1307 3329
2 3329 1276
2 1276 3330
2 3330 1292
2 1338 3331
2 3331 1307
2 1307 1323
2 1323 3332
2 3332 1338
2 1307 3331
2 3331 1338
2 1338 1322
2 1322 3327
2 3327 1307
2 1262 3333
2 3333 1261
2 1261 1245
2 1245 2597
2 2597 1262
2 1261 3333
2 3333 1262
2 1262 2599
2 2599 1277
2 1277 1261
2 1260 3334
2 3334 1261
2 1261 3335
2 3335 1276
2 1276 1260
2 1261 3336
2 3336 1292
2 1292 3330
2 3330 1276
2 1276 3335
2 3335 1261
2 1292 3336
2 3336 1261
2 1261 1277
2 1277 1292
2 1261 3337
2 3337 1244
2 1244 2116
2 2116 1245
2 1245 1261
2 1261 3334
2 3334 1260
2 1260 1244
2 1244 3337
2 3337 1261
2 1262 3338
2 3338 1263
2 1263 3339
2 3339 1278
2 1278 1262
2 1247 1263
2 1263 3340
2 3340 1246
2 1246 3341
2 3341 1247
2 1263 3338
2 3338 1262
2 1262 1246
2 1246 3340
2 3340 1263
2 1231 1247
2 1247 3341
2 3341 1246
2 1246 3342
2 3342 1231
2 1227 3343
2 3343 1195
2 1195 3344
2 3344 1196
2 1196 3345
2 3345 1227
2 1195 1179
2 1179 3346
2 3346 1196
2 1196 3344
2 3344 1195
2 1194 3347
2 3347 1195
2 1195 3348
2 3348 1226
2 1226 3349
2 3349 1194
2 1179 1163
2 1163 3350
2 3350 1196
2 1196 3346
2 3346 1179
2 1212 3351
2 3351 1227
2 1227 3345
2 3345 1196
2 1196 1212
2 1212 3352
2 3352 1243
2 1243 1227
2 1227 3351
2 3351 1212
2 1230 3353
2 3353 1198
2 1198 2606
2 2606 1199
2 1199 3354
2 3354 1230
2 1230 1246
2 1246 2598
2 2598 1245
2 1245 3355
2 3355 1230
2 1163 3356
2 3356 1180
2 1180 1196
2 1196 3350
2 3350 1163
2 1304 1288
2 1288 1273
2 1273 3357
2 3357 1304
2 1288 1304
2 1304 3358
2 3358 1319
2 1319 2611
2 2611 1288
2 1142 3359
2 3359 1143
2 1143 2614
2 2614 2613
2 2613 1158
2 1158 1142
2 1142 1126
2 1126 3360
2 3360 1143
2 1143 3359
2 3359 1142
2 1125 3361
2 3361 1142
2 1142 1158
2 1158 1871
2 1871 1125
2 1109 3362
2 3362 1142
2 1142 3361
2 3361 1125
2 1125 3363
2 3363 1109
2 1126 1142
2 1142 3362
2 3362 1109
2 1109 3364
2 3364 1126
2 1126 3365
2 3365 1110
2 1110 3366
2 3366 1143
2 1143 3360
2 3360 1126
2 1193 3367
2 3367 1160
2 1160 3368
2 3368 1177
2 1177 1193
2 1160 3367
2 3367 1193
2 1193 2135
2 2135 1176
2 1176 1160
2 1160 3369
2 3369 1161
2 1161 1177
2 1177 3368
2 3368 1160
2 1159 3370
2 3370 1160
2 1160 1176
2 1176 2616
2 2616 1159
2 1144 1160
2 1160 3370
2 3370 1159
2 1159 2618
2 2618 2617
2 2617 1144
2 1063 3371
2 3371 1046
2 1046 1030
2 1030 3372
2 3372 1063
2 1046 3373
2 3373 1013
2 1013 3374
2 3374 1030
2 1030 1046
2 1047 1031
2 1031 3375
2 3375 1064
2 1064 3376
2 3376 1047
2 1079 3377
2 3377 1047
2 1047 3376
2 3376 1064
2 1064 3378
2 3378 1079
2 1063 1047
2 1047 3377
2 3377 1079
2 1079 1063
2 1047 3379
2 3379 1014
2 1014 3380
2 3380 1031
2 1031 1047
2 1047 1063
2 1063 3372
2 3372 1030
2 1030 3381
2 3381 1047
2 1014 3379
2 3379 1047
2 1047 3381
2 3381 1030
2 1030 1014
2 1079 1095
2 1095 3382
2 3382 1094
2 1094 3383
2 3383 3384
2 3384 1079
2 1095 1111
2 1111 3385
2 3385 1094
2 1094 3382
2 3382 1095
2 1111 1095
2 1095 3386
2 3386 1128
2 1128 2621
2 2621 1111
2 1161 3387
2 3387 1178
2 1178 1194
2 1194 2622
2 2622 1161
2 1178 3388
2 3388 1195
2 1195 3347
2 3347 1194
2 1194 1178
2 1145 1129
2 1129 3389
2 3389 1146
2 1146 3390
2 3390 1145
2 1145 3391
2 3391 1144
2 1144 1128
2 1128 3392
2 3392 1145
2 1145 3393
2 3393 3394
2 3394 1160
2 1160 1144
2 1144 3391
2 3391 1145
2 1160 3394
2 3394 3393
2 3393 1145
2 1145 1161
2 1161 3369
2 3369 1160
2 1112 1096
2 1096 3395
2 3395 1129
2 1129 3396
2 3396 1112
2 1112 3397
2 3397 1145
2 1145 3392
2 3392 1128
2 1128 1112
2 1145 3397
2 3397 1112
2 1112 3396
2 3396 1129
2 1129 1145
2 1095 3398
2 3398 1112
2 1112 1128
2 1128 3386
2 3386 1095
2 1112 3398
2 3398 1095
2 1095 3399
2 3399 1096
2 1096 1112
2 1080 3400
2 3400 1079
2 1079 3378
2 3378 1064
2 1064 1080
2 1080 3401
2 3401 3402
2 3402 1095
2 1095 1079
2 1079 3400
2 3400 1080
2 1095 3402
2 3402 3401
2 3401 1080
2 1080 1096
2 1096 3399
2 3399 1095
2 1256 3403
2 3403 1257
2 1257 3404
2 3404 1272
2 1272 1256
2 1241 1257
2 1257 3403
2 3403 1256
2 1256 3405
2 3405 3406
2 3406 1241
2 1257 3407
2 3407 1288
2 1288 2610
2 2610 1272
2 1272 3404
2 3404 1257
2 1288 3407
2 3407 1257
2 1257 1273
2 1273 1288
2 1240 3408
2 3408 1241
2 1241 3406
2 3406 3405
2 3405 1256
2 1256 1240
2 1240 3409
2 3409 1239
2 1239 2626
2 2626 1224
2 1224 1240
2 1240 1256
2 1256 2124
2 2124 1255
2 1255 3410
2 3410 3411
2 3411 1240
2 1239 3409
2 3409 1240
2 1240 3411
2 3411 3410
2 3410 1255
2 1255 1239
2 1193 1209
2 1209 3412
2 3412 1224
2 1224 2133
2 2133 1193
2 1209 3413
2 3413 1240
2 1240 1224
2 1224 3412
2 3412 1209
2 1189 1205
2 1205 3414
2 3414 1172
2 1172 2630
2 2630 1189
2 1205 3415
2 3415 1188
2 1188 1172
2 1172 3414
2 3414 1205
2 1205 3416
2 3416 1236
2 1236 3289
2 3289 1204
2 1204 3417
2 3417 1205
2 1188 3415
2 3415 1205
2 1205 3417
2 3417 1204
2 1204 1188
2 1205 3418
2 3418 1206
2 1206 2137
2 2137 1237
2 1237 3419
2 3419 1205
2 1206 3418
2 3418 1205
2 1205 1189
2 1189 2629
2 2629 1206
2 1171 3420
2 3420 1204
2 1204 3421
2 3421 1187
2 1187 1171
2 1171 3422
2 3422 1188
2 1188 1204
2 1204 3420
2 3420 1171
2 1188 3422
2 3422 1171
2 1171 3423
2 3423 1172
2 1172 1188
2 1170 3424
2 3424 1171
2 1171 1187
2 1187 3425
2 3425 1170
2 1171 3424
2 3424 1170
2 1170 1154
2 1154 3426
2 3426 1171
2 1346 3427
2 3427 1331
2 1331 3428
2 3428 1362
2 1362 3429
2 3429 1346
2 1299 3430
2 3430 1314
2 1314 3431
2 3431 1283
2 1283 3432
2 3432 1299
2 1314 3430
2 3430 1299
2 1299 3433
2 3433 1330
2 1330 1314
2 1407 3434
2 3434 1379
2 1379 3435
2 3435 1365
2 1365 3436
2 3436 3437
2 3437 1407
2 1379 1364
2 1364 3438
2 3438 1365
2 1365 3435
2 3435 1379
2 1286 3439
2 3439 1317
2 1317 1301
2 1301 1286
2 1317 3439
2 3439 1286
2 1286 2638
2 2638 1302
2 1302 3440
2 3440 1317
2 1349 3441
2 3441 1334
2 1334 2075
2 2075 1365
2 1365 3442
2 3442 1349
2 1364 1349
2 1349 3442
2 3442 1365
2 1365 3438
2 3438 1364
2 1349 3443
2 3443 1318
2 1318 1334
2 1334 3441
2 3441 1349
2 1238 3444
2 3444 1206
2 1206 2634
2 2634 1223
2 1223 3445
2 3445 1238
2 1238 1222
2 1222 1206
2 1206 3444
2 3444 1238
2 1270 1286
2 1286 1301
2 1301 3446
2 3446 1270
2 1286 1270
2 1270 3447
2 3447 1271
2 1271 2639
2 2639 1286
2 868 3448
2 3448 885
2 885 901
2 901 3449
2 3449 868
2 885 3450
2 3450 918
2 918 901
2 901 885
2 917 3451
2 3451 901
2 901 2641
2 2641 934
2 934 917
2 950 3452
2 3452 917
2 917 934
2 934 950
2 739 756
2 756 3453
2 3453 772
2 772 3454
2 3454 739
2 622 639
2 639 3455
2 3455 621
2 621 1900
2 1900 622
2 639 3456
2 3456 673
2 673 656
2 656 639
2 673 3457
2 3457 622
2 622 2148
2 2148 2147
2 2147 2146
2 2146 691
2 691 3458
2 3458 673
2 673 3456
2 3456 639
2 639 622
2 622 3457
2 3457 673
2 223 3459
2 3459 190
2 190 207
2 207 3460
2 3460 223
2 223 206
2 206 2646
2 2646 190
2 190 3459
2 3459 223
2 239 3461
2 3461 223
2 223 3462
2 3462 257
2 257 3463
2 3463 239
2 223 3461
2 3461 239
2 239 2654
2 2654 206
2 206 223
2 292 275
2 275 2651
2 2651 309
2 309 292
2 275 292
2 292 3464
2 3464 257
2 257 3465
2 3465 275
2 254 3466
2 3466 220
2 220 237
2 237 254
2 271 254
2 254 3467
2 3467 289
2 289 2240
2 2240 271
2 221 3468
2 3468 255
2 255 3469
2 3469 237
2 237 2152
2 2152 221
2 126 3470
2 3470 155
2 155 140
2 140 126
2 127 3471
2 3471 155
2 155 3470
2 3470 126
2 126 3119
2 3119 127
2 233 3472
2 3472 251
2 251 268
2 268 3131
2 3131 233
2 220 3473
2 3473 236
2 236 3474
2 3474 203
2 203 220
2 236 3475
2 3475 254
2 254 271
2 271 3476
2 3476 236
2 254 3475
2 3475 236
2 236 3473
2 3473 220
2 220 3466
2 3466 254
2 671 688
2 688 3477
2 3477 654
2 654 671
2 688 671
2 671 3478
2 3478 655
2 655 3479
2 3479 688
2 689 3480
2 3480 688
2 688 3479
2 3479 655
2 655 3481
2 3481 689
2 639 3482
2 3482 638
2 638 621
2 621 3455
2 3455 639
2 638 3483
2 3483 637
2 637 620
2 620 3484
2 3484 638
2 638 3484
2 3484 620
2 620 3485
2 3485 621
2 621 638
2 671 3486
2 3486 638
2 638 655
2 655 3478
2 3478 671
2 637 3483
2 3483 638
2 638 3486
2 3486 671
2 671 2663
2 2663 637
2 603 3487
2 3487 587
2 587 604
2 604 3488
2 3488 603
2 603 3488
2 3488 604
2 604 621
2 621 3489
2 3489 603
2 620 603
2 603 3489
2 3489 621
2 621 3485
2 3485 620
2 587 3487
2 3487 603
2 603 586
2 586 2666
2 2666 587
2 603 3490
2 3490 602
2 602 2170
2 2170 586
2 586 603
2 603 620
2 620 2669
2 2669 602
2 602 3490
2 3490 603
2 518 3491
2 3491 484
2 484 3492
2 3492 3493
2 3493 536
2 536 2671
2 2671 518
2 484 3491
2 3491 518
2 518 501
2 501 484
2 536 3493
2 3493 3492
2 3492 484
2 484 3494
2 3494 3495
2 3495 415
2 415 1888
2 1888 1887
2 1887 1886
2 1886 1885
2 1885 536
2 484 3496
2 3496 466
2 466 3497
2 3497 415
2 415 3495
2 3495 3494
2 3494 484
2 484 501
2 501 3498
2 3498 466
2 466 3496
2 3496 484
2 500 517
2 517 3499
2 3499 516
2 516 3500
2 3500 500
2 518 3501
2 3501 517
2 517 3502
2 3502 501
2 501 518
2 517 3501
2 3501 518
2 518 535
2 535 3503
2 3503 517
2 534 517
2 517 3503
2 3503 535
2 535 2675
2 2675 534
2 465 3504
2 3504 483
2 483 500
2 500 3505
2 3505 465
2 501 3506
2 3506 483
2 483 466
2 466 3498
2 3498 501
2 517 3507
2 3507 483
2 483 3506
2 3506 501
2 501 3502
2 3502 517
2 483 3507
2 3507 517
2 517 500
2 500 483
2 482 465
2 465 3505
2 3505 500
2 500 3508
2 3508 482
2 482 3508
2 3508 500
2 500 3500
2 3500 516
2 516 3509
2 3509 482
2 499 482
2 482 3509
2 3509 516
2 516 499
2 464 3510
2 3510 482
2 482 499
2 499 2705
2 2705 464
2 465 482
2 482 3511
2 3511 448
2 448 465
2 482 3510
2 3510 464
2 464 2704
2 2704 448
2 448 3511
2 3511 482
2 601 584
2 584 3512
2 3512 585
2 585 2678
2 2678 601
2 584 601
2 601 3513
2 3513 600
2 600 3514
2 3514 584
2 584 3515
2 3515 583
2 583 3516
2 3516 567
2 567 584
2 583 3515
2 3515 584
2 584 3514
2 3514 600
2 600 583
2 567 3517
2 3517 566
2 566 549
2 549 2184
2 2184 567
2 583 566
2 566 3517
2 3517 567
2 567 3516
2 3516 583
2 598 3518
2 3518 597
2 597 2820
2 2820 581
2 581 598
2 614 3519
2 3519 598
2 598 615
2 615 2822
2 2822 614
2 598 3519
2 3519 614
2 614 597
2 597 3518
2 3518 598
2 616 3520
2 3520 600
2 600 617
2 617 3521
2 3521 616
2 616 3522
2 3522 632
2 632 615
2 615 3523
2 3523 616
2 702 3524
2 3524 735
2 735 3525
2 3525 701
2 701 3526
2 3526 702
2 735 3524
2 3524 702
2 702 719
2 719 735
2 670 653
2 653 636
2 636 3527
2 3527 670
2 637 3528
2 3528 670
2 670 3527
2 3527 636
2 636 3529
2 3529 637
2 670 3528
2 3528 637
2 637 654
2 654 3530
2 3530 670
2 700 3531
2 3531 684
2 684 701
2 701 2772
2 2772 700
2 684 3531
2 3531 700
2 700 683
2 683 3532
2 3532 684
2 684 3532
2 3532 683
2 683 2775
2 2775 650
2 650 3533
2 3533 684
2 667 684
2 684 3533
2 3533 650
2 650 667
2 651 634
2 634 2680
2 2680 668
2 668 651
2 634 651
2 651 3534
2 3534 667
2 667 3535
2 3535 634
2 651 3536
2 3536 684
2 684 667
2 667 3534
2 3534 651
2 431 3537
2 3537 396
2 396 3538
2 3538 414
2 414 431
2 396 379
2 379 3539
2 3539 380
2 380 3540
2 3540 396
2 414 3538
2 3538 396
2 396 3540
2 3540 380
2 380 2173
2 2173 414
2 379 396
2 396 413
2 413 2683
2 2683 379
2 396 3537
2 3537 431
2 431 2686
2 2686 413
2 413 396
2 514 497
2 497 480
2 480 2697
2 2697 514
2 568 3541
2 3541 533
2 533 3542
2 3542 551
2 551 568
2 550 533
2 533 3541
2 3541 568
2 568 2701
2 2701 550
2 533 3543
2 3543 534
2 534 551
2 551 3542
2 3542 533
2 533 550
2 550 2700
2 2700 532
2 532 3544
2 3544 533
2 1409 3545
2 3545 1410
2 1410 1422
2 1422 3546
2 3546 1409
2 1422 1410
2 1410 3547
2 3547 1423
2 1423 3548
2 3548 1422
2 1421 3549
2 3549 1422
2 1422 3550
2 3550 1433
2 1433 1421
2 1421 1409
2 1409 3546
2 3546 1422
2 1422 3549
2 3549 1421
2 1432 3551
2 3551 1421
2 1421 1433
2 1433 2718
2 2718 1432
2 1421 3551
2 3551 1432
2 1432 1420
2 1420 3552
2 3552 1421
2 1382 3553
2 3553 1395
2 1395 2732
2 2732 1367
2 1367 3554
2 3554 1382
2 1409 3555
2 3555 1408
2 1408 1395
2 1395 3556
2 3556 1409
2 1408 1420
2 1420 2103
2 2103 2102
2 2102 1394
2 1394 3557
2 3557 1408
2 1395 1408
2 1408 3557
2 3557 1394
2 1394 2730
2 2730 1395
2 1408 3558
2 3558 1421
2 1421 3552
2 3552 1420
2 1420 1408
2 1421 3558
2 3558 1408
2 1408 3555
2 3555 1409
2 1409 1421
2 1366 3559
2 3559 1380
2 1380 3560
2 3560 1351
2 1351 1366
2 1381 3561
2 3561 1366
2 1366 1351
2 1351 3562
2 3562 1381
2 1380 3559
2 3559 1366
2 1366 3563
2 3563 1394
2 1394 1380
2 1366 3561
2 3561 1381
2 1381 2731
2 2731 1394
2 1394 3563
2 3563 1366
2 1274 1258
2 1258 3564
2 3564 1259
2 1259 2734
2 2734 1274
2 1257 3565
2 3565 1258
2 1258 3566
2 3566 1273
2 1273 1257
2 1352 3567
2 3567 1382
2 1382 3554
2 3554 1367
2 1367 1352
2 1336 3568
2 3568 1352
2 1352 3569
2 3569 1351
2 1351 1336
2 1381 3570
2 3570 1352
2 1352 1367
2 1367 1381
2 1352 3570
2 3570 1381
2 1381 3562
2 3562 1351
2 1351 3569
2 3569 1352
2 1353 3571
2 3571 1383
2 1383 3572
2 3572 1368
2 1368 1353
2 1353 3573
2 3573 1352
2 1352 1337
2 1337 3574
2 3574 1353
2 1353 3574
2 3574 1337
2 1337 3575
2 3575 1322
2 1322 3576
2 3576 1353
2 1338 1353
2 1353 3576
2 3576 1322
2 1322 1338
2 1382 3577
2 3577 1353
2 1353 1368
2 1368 1382
2 1352 3573
2 3573 1353
2 1353 3577
2 3577 1382
2 1382 3567
2 3567 1352
2 1275 1290
2 1290 2735
2 2735 1259
2 1259 1275
2 1275 3578
2 3578 1260
2 1260 2594
2 2594 1291
2 1291 3579
2 3579 1275
2 1260 3578
2 3578 1275
2 1275 1259
2 1259 2602
2 2602 1260
2 1337 3580
2 3580 1306
2 1306 1322
2 1322 3575
2 3575 1337
2 1322 1306
2 1306 3581
2 3581 1291
2 1291 3328
2 3328 1322
2 1306 3582
2 3582 1275
2 1275 3579
2 3579 1291
2 1291 3581
2 3581 1306
2 1275 3582
2 3582 1306
2 1306 1290
2 1290 1275
2 898 3583
2 3583 914
2 914 3584
2 3584 881
2 881 2642
2 2642 898
2 914 897
2 897 2738
2 2738 881
2 881 3584
2 3584 914
2 930 3585
2 3585 914
2 914 3586
2 3586 947
2 947 3587
2 3587 930
2 897 914
2 914 3585
2 3585 930
2 930 2743
2 2743 897
2 897 3588
2 3588 880
2 880 3589
2 3589 864
2 864 2739
2 2739 897
2 913 3590
2 3590 880
2 880 3588
2 3588 897
2 897 2742
2 2742 913
2 880 3590
2 3590 913
2 913 896
2 896 3591
2 3591 880
2 880 3592
2 3592 847
2 847 2781
2 2781 864
2 864 3589
2 3589 880
2 880 3591
2 3591 896
2 896 2746
2 2746 863
2 863 3593
2 3593 880
2 847 3592
2 3592 880
2 880 3593
2 3593 863
2 863 2950
2 2950 847
2 912 3594
2 3594 896
2 896 2741
2 2741 929
2 929 912
2 912 3595
2 3595 879
2 879 2744
2 2744 896
2 896 3594
2 3594 912
2 913 3596
2 3596 946
2 946 3597
2 3597 929
2 929 2740
2 2740 913
2 946 3598
2 3598 962
2 962 3599
2 3599 929
2 929 3597
2 3597 946
2 946 3596
2 3596 913
2 913 930
2 930 946
2 962 3600
2 3600 945
2 945 929
2 929 3599
2 3599 962
2 945 3601
2 3601 912
2 912 929
2 929 945
2 928 3602
2 3602 945
2 945 3603
2 3603 961
2 961 2758
2 2758 928
2 912 3601
2 3601 945
2 945 3602
2 3602 928
2 928 3604
2 3604 912
2 994 3605
2 3605 1011
2 1011 3606
2 3606 1027
2 1027 2757
2 2757 994
2 828 3607
2 3607 812
2 812 3608
2 3608 845
2 845 828
2 812 3607
2 3607 828
2 828 2930
2 2930 795
2 795 3609
2 3609 812
2 812 3609
2 3609 795
2 795 779
2 779 3610
2 3610 812
2 796 3611
2 3611 812
2 812 3610
2 3610 779
2 779 2327
2 2327 796
2 749 732
2 732 716
2 716 2763
2 2763 749
2 698 3612
2 3612 731
2 731 2784
2 2784 697
2 697 3613
2 3613 698
2 731 3612
2 3612 698
2 698 715
2 715 3614
2 3614 731
2 681 698
2 698 3613
2 3613 697
2 697 2787
2 2787 2786
2 2786 681
2 682 3615
2 3615 698
2 698 681
2 681 2814
2 2814 682
2 698 3616
2 3616 732
2 732 3617
2 3617 715
2 715 698
2 748 3618
2 3618 781
2 781 764
2 764 3619
2 3619 748
2 731 748
2 748 3619
2 3619 764
2 764 3620
2 3620 731
2 748 731
2 731 3614
2 3614 715
2 715 3621
2 3621 748
2 732 3622
2 3622 748
2 748 3621
2 3621 715
2 715 3617
2 3617 732
2 372 389
2 389 406
2 406 3623
2 3623 372
2 372 3623
2 3623 406
2 406 2220
2 2220 388
2 388 3624
2 3624 372
2 389 372
2 372 3625
2 3625 373
2 373 2799
2 2799 389
2 371 3626
2 3626 372
2 372 3624
2 3624 388
2 388 371
2 372 3626
2 3626 371
2 371 1929
2 1929 355
2 355 372
2 372 355
2 355 3627
2 3627 356
2 356 3628
2 3628 372
2 373 3625
2 3625 372
2 372 3628
2 3628 356
2 356 373
2 700 3629
2 3629 699
2 699 3630
2 3630 683
2 683 700
2 699 682
2 682 2809
2 2809 683
2 683 3630
2 3630 699
2 699 3631
2 3631 733
2 733 2764
2 2764 716
2 716 699
2 699 3629
2 3629 700
2 700 2770
2 2770 733
2 733 3631
2 3631 699
2 699 3632
2 3632 698
2 698 3615
2 3615 682
2 682 699
2 732 3633
2 3633 699
2 699 716
2 716 732
2 698 3632
2 3632 699
2 699 3633
2 3633 732
2 732 3616
2 3616 698
2 547 3634
2 3634 529
2 529 3635
2 3635 530
2 530 547
2 613 3636
2 3636 614
2 614 2821
2 2821 630
2 630 613
2 613 3637
2 3637 612
2 612 1932
2 1932 1931
2 1931 596
2 596 613
2 597 3638
2 3638 613
2 613 596
2 596 2816
2 2816 597
2 614 3636
2 3636 613
2 613 3638
2 3638 597
2 597 614
2 612 3637
2 3637 613
2 613 3639
2 3639 3640
2 3640 629
2 629 612
2 613 630
2 630 2852
2 2852 629
2 629 3640
2 3640 3639
2 3639 613
2 493 510
2 510 3641
2 3641 509
2 509 2824
2 2824 493
2 510 3642
2 3642 3643
2 3643 526
2 526 509
2 509 3641
2 3641 510
2 526 3643
2 3643 3642
2 3642 510
2 510 527
2 527 2912
2 2912 526
2 511 3644
2 3644 510
2 510 3645
2 3645 494
2 494 511
2 510 3644
2 3644 511
2 511 2268
2 2268 527
2 527 510
2 441 458
2 458 475
2 475 2796
2 2796 441
2 458 3646
2 3646 493
2 493 2823
2 2823 475
2 475 458
2 458 3647
2 3647 425
2 425 442
2 442 3648
2 3648 458
2 425 3647
2 3647 458
2 458 441
2 441 2838
2 2838 425
2 459 3649
2 3649 477
2 477 494
2 494 3650
2 3650 459
2 477 3649
2 3649 459
2 459 3651
2 3651 443
2 443 3652
2 3652 477
2 359 3653
2 3653 358
2 358 341
2 341 2829
2 2829 359
2 358 3653
2 3653 359
2 359 2832
2 2832 375
2 375 358
2 358 3654
2 3654 323
2 323 3655
2 3655 341
2 341 358
2 357 3656
2 3656 358
2 358 3657
2 3657 374
2 374 357
2 358 375
2 375 2828
2 2828 374
2 374 3657
2 3657 358
2 306 3658
2 3658 305
2 305 2241
2 2241 289
2 289 306
2 323 306
2 306 3659
2 3659 341
2 341 3655
2 3655 323
2 308 3660
2 3660 292
2 292 309
2 309 3661
2 3661 308
2 308 325
2 325 342
2 342 3662
2 3662 308
2 394 3663
2 3663 378
2 378 2693
2 2693 412
2 412 3664
2 3664 394
2 394 3664
2 3664 412
2 412 429
2 429 3665
2 3665 394
2 411 394
2 394 3665
2 3665 429
2 429 3666
2 3666 411
2 378 3667
2 3667 377
2 377 3668
2 3668 361
2 361 378
2 377 360
2 360 3669
2 3669 361
2 361 3668
2 3668 377
2 394 377
2 377 3667
2 3667 378
2 378 3663
2 3663 394
2 377 394
2 394 411
2 411 3670
2 3670 377
2 377 3670
2 3670 411
2 411 3671
2 3671 393
2 393 3672
2 3672 377
2 377 3672
2 3672 393
2 393 376
2 376 3673
2 3673 377
2 360 377
2 377 3673
2 3673 376
2 376 2834
2 2834 360
2 360 343
2 343 3674
2 3674 361
2 361 3669
2 3669 360
2 343 360
2 360 2836
2 2836 325
2 325 3675
2 3675 343
2 343 3676
2 3676 308
2 308 3661
2 3661 309
2 309 3677
2 3677 343
2 308 3676
2 3676 343
2 343 3675
2 3675 325
2 325 308
2 663 646
2 646 629
2 629 2851
2 2851 663
2 646 3678
2 3678 662
2 662 3679
2 3679 629
2 629 646
2 662 3678
2 3678 646
2 646 3680
2 3680 679
2 679 662
2 679 3680
2 3680 646
2 646 3681
2 3681 680
2 680 2848
2 2848 679
2 646 663
2 663 680
2 680 3681
2 3681 646
2 627 3682
2 3682 660
2 660 1939
2 1939 626
2 626 3683
2 3683 627
2 627 644
2 644 2865
2 2865 660
2 660 3682
2 3682 627
2 627 3683
2 3683 626
2 626 2248
2 2248 2247
2 2247 610
2 610 627
2 611 3684
2 3684 3685
2 3685 627
2 627 610
2 610 2925
2 2925 611
2 644 627
2 627 3686
2 3686 661
2 661 644
2 678 3687
2 3687 644
2 644 661
2 661 678
2 678 3688
2 3688 677
2 677 2864
2 2864 644
2 644 3687
2 3687 678
2 695 678
2 678 3689
2 3689 679
2 679 2863
2 2863 2862
2 2862 695
2 678 695
2 695 2859
2 2859 694
2 694 3690
2 3690 3691
2 3691 678
2 677 3688
2 3688 678
2 678 3691
2 3691 3690
2 3690 694
2 694 677
2 679 3689
2 3689 678
2 678 3692
2 3692 645
2 645 2853
2 2853 679
2 678 661
2 661 3693
2 3693 645
2 645 3692
2 3692 678
2 675 3694
2 3694 3695
2 3695 676
2 676 2255
2 2255 2254
2 2254 692
2 692 675
2 676 3695
2 3695 3694
2 3694 675
2 675 3696
2 3696 642
2 642 2258
2 2258 676
2 642 3697
2 3697 658
2 658 3698
2 3698 625
2 625 642
2 675 658
2 658 3697
2 3697 642
2 642 3696
2 3696 675
2 709 3699
2 3699 3700
2 3700 674
2 674 3701
2 3701 3702
2 3702 692
2 692 709
2 674 3703
2 3703 3704
2 3704 675
2 675 692
2 692 3702
2 3702 3701
2 3701 674
2 674 3700
2 3700 3699
2 3699 709
2 709 2874
2 2874 759
2 759 3705
2 3705 3706
2 3706 3707
2 3707 674
2 674 3708
2 3708 3709
2 3709 3710
2 3710 3711
2 3711 776
2 776 1600
2 1600 1599
2 1599 1598
2 1598 1597
2 1597 1596
2 1596 1595
2 1595 1594
2 1594 1593
2 1593 1592
2 1592 1591
2 1591 1590
2 1590 1589
2 1589 467
2 467 3712
2 3712 3713
2 3713 3714
2 3714 3715
2 3715 3716
2 3716 3717
2 3717 3718
2 3718 3719
2 3719 674
2 674 3707
2 3707 3706
2 3706 3705
2 3705 759
2 759 776
2 776 3711
2 3711 3710
2 3710 3709
2 3709 3708
2 3708 674
2 521 3720
2 3720 3721
2 3721 505
2 505 522
2 522 3722
2 3722 3723
2 3723 521
2 505 3721
2 3721 3720
2 3720 521
2 521 504
2 504 2339
2 2339 2338
2 2338 505
2 521 3724
2 3724 3725
2 3725 520
2 520 2336
2 2336 2335
2 2335 504
2 504 521
2 521 538
2 538 3726
2 3726 520
2 520 3725
2 3725 3724
2 3724 521
2 555 572
2 572 2879
2 2879 2878
2 2878 554
2 554 3727
2 3727 3728
2 3728 555
2 538 555
2 555 3729
2 3729 520
2 520 3726
2 3726 538
2 557 3730
2 3730 539
2 539 522
2 522 2899
2 2899 557
2 539 3731
2 3731 521
2 521 3723
2 3723 3722
2 3722 522
2 522 539
2 608 3732
2 3732 3733
2 3733 607
2 607 3734
2 3734 3735
2 3735 591
2 591 608
2 409 426
2 426 3736
2 3736 391
2 391 2906
2 2906 409
2 426 409
2 409 3737
2 3737 443
2 443 426
2 426 3738
2 3738 408
2 408 391
2 391 3736
2 3736 426
2 408 3738
2 3738 426
2 426 3739
2 3739 442
2 442 2837
2 2837 408
2 426 3740
2 3740 459
2 459 442
2 442 3739
2 3739 426
2 459 3740
2 3740 426
2 426 443
2 443 3651
2 3651 459
2 477 460
2 460 3741
2 3741 495
2 495 2908
2 2908 477
2 460 477
2 477 3652
2 3652 443
2 443 460
2 409 3742
2 3742 427
2 427 3743
2 3743 443
2 443 3737
2 3737 409
2 427 3744
2 3744 460
2 460 443
2 443 3743
2 3743 427
2 460 3744
2 3744 427
2 427 444
2 444 3745
2 3745 460
2 427 3742
2 3742 409
2 409 392
2 392 3746
2 3746 427
2 410 427
2 427 3746
2 3746 392
2 392 2237
2 2237 410
2 444 427
2 427 410
2 410 3747
2 3747 444
2 525 3748
2 3748 560
2 560 2894
2 2894 542
2 542 525
2 525 3749
2 3749 543
2 543 560
2 560 3748
2 3748 525
2 524 3750
2 3750 525
2 525 542
2 542 2892
2 2892 524
2 508 525
2 525 3750
2 3750 524
2 524 2916
2 2916 2915
2 2915 508
2 525 3751
2 3751 526
2 526 543
2 543 3749
2 3749 525
2 526 3751
2 3751 525
2 525 3752
2 3752 3753
2 3753 509
2 509 526
2 525 508
2 508 3754
2 3754 509
2 509 3753
2 3753 3752
2 3752 525
2 492 475
2 475 2825
2 2825 509
2 509 492
2 508 3755
2 3755 492
2 492 509
2 509 3754
2 3754 508
2 475 492
2 492 3756
2 3756 457
2 457 2797
2 2797 475
2 628 3757
2 3757 3758
2 3758 612
2 612 629
2 629 3759
2 3759 628
2 628 611
2 611 2922
2 2922 612
2 612 3758
2 3758 3757
2 3757 628
2 662 3760
2 3760 628
2 628 3759
2 3759 629
2 629 3679
2 3679 662
2 628 3760
2 3760 662
2 662 645
2 645 628
2 628 3761
2 3761 627
2 627 3685
2 3685 3684
2 3684 611
2 611 628
2 661 3762
2 3762 628
2 628 645
2 645 3693
2 3693 661
2 627 3761
2 3761 628
2 628 3762
2 3762 661
2 661 3686
2 3686 627
2 473 3763
2 3763 456
2 456 3764
2 3764 491
2 491 3765
2 3765 473
2 473 3766
2 3766 507
2 507 490
2 490 473
2 507 3766
2 3766 473
2 473 3765
2 3765 491
2 491 2914
2 2914 507
2 455 3767
2 3767 473
2 473 490
2 490 2793
2 2793 455
2 456 3768
2 3768 474
2 474 491
2 491 3764
2 3764 456
2 492 3769
2 3769 474
2 474 457
2 457 3756
2 3756 492
2 474 3770
2 3770 440
2 440 457
2 457 474
2 474 3768
2 3768 456
2 456 2926
2 2926 440
2 440 3770
2 3770 474
2 474 3771
2 3771 508
2 508 491
2 491 474
2 474 3769
2 3769 492
2 492 3755
2 3755 508
2 508 3771
2 3771 474
2 744 761
2 761 3772
2 3772 777
2 777 2937
2 2937 744
2 761 3773
2 3773 794
2 794 2935
2 2935 777
2 777 3772
2 3772 761
2 794 3773
2 3773 761
2 761 778
2 778 794
2 761 744
2 744 2939
2 2939 728
2 728 3774
2 3774 761
2 745 3775
2 3775 761
2 761 3774
2 3774 728
2 728 745
2 778 761
2 761 3775
2 3775 745
2 745 2330
2 2330 778
2 860 3776
2 3776 844
2 844 3777
2 3777 877
2 877 2940
2 2940 860
2 844 3776
2 3776 860
2 860 2945
2 2945 827
2 827 844
2 811 3778
2 3778 844
2 844 827
2 827 2934
2 2934 811
2 844 3778
2 3778 811
2 811 828
2 828 3779
2 3779 844
2 730 747
2 747 3780
2 3780 763
2 763 2954
2 2954 730
2 780 3781
2 3781 747
2 747 764
2 764 2322
2 2322 780
2 763 3780
2 3780 747
2 747 3781
2 3781 780
2 780 763
2 747 730
2 730 2958
2 2958 714
2 714 3782
2 3782 747
2 747 3783
2 3783 731
2 731 3620
2 3620 764
2 764 747
2 731 3783
2 3783 747
2 747 3782
2 3782 714
2 714 2783
2 2783 731
2 451 3784
2 3784 486
2 486 2976
2 2976 468
2 468 3785
2 3785 451
2 451 3786
2 3786 469
2 469 486
2 486 3784
2 3784 451
2 434 451
2 451 3785
2 3785 468
2 468 2342
2 2342 434
2 451 3787
2 3787 435
2 435 2981
2 2981 469
2 469 3786
2 3786 451
2 451 434
2 434 2990
2 2990 418
2 418 3788
2 3788 451
2 435 3787
2 3787 451
2 451 3788
2 3788 418
2 418 435
2 520 3789
2 3789 3790
2 3790 519
2 519 3791
2 3791 3792
2 3792 503
2 503 520
2 519 502
2 502 2978
2 2978 2977
2 2977 503
2 503 3792
2 3792 3791
2 3791 519
2 519 3793
2 3793 3794
2 3794 3795
2 3795 3796
2 3796 3797
2 3797 3798
2 3798 674
2 674 3719
2 3719 3718
2 3718 3717
2 3717 3716
2 3716 3715
2 3715 3714
2 3714 3713
2 3713 3712
2 3712 467
2 467 3799
2 3799 3800
2 3800 519
2 485 3801
2 3801 519
2 519 3800
2 3800 3799
2 3799 467
2 467 2046
2 2046 485
2 502 519
2 519 3801
2 3801 485
2 485 502
2 489 506
2 506 3802
2 3802 505
2 505 3803
2 3803 489
2 506 523
2 523 2902
2 2902 2901
2 2901 522
2 522 3804
2 3804 3805
2 3805 506
2 505 3802
2 3802 506
2 506 3805
2 3805 3804
2 3804 522
2 522 505
2 507 3806
2 3806 506
2 506 3807
2 3807 490
2 490 507
2 506 3806
2 3806 507
2 507 2886
2 2886 2885
2 2885 523
2 523 506
2 506 3808
2 3808 472
2 472 2794
2 2794 490
2 490 3807
2 3807 506
2 506 489
2 489 472
2 472 3808
2 3808 506
2 470 3809
2 3809 453
2 453 3810
2 3810 488
2 488 2967
2 2967 470
2 489 3811
2 3811 454
2 454 3812
2 3812 472
2 472 489
2 453 3813
2 3813 420
2 420 437
2 437 3814
2 3814 453
2 437 420
2 420 3815
2 3815 403
2 403 3816
2 3816 437
2 420 3817
2 3817 385
2 385 3818
2 3818 403
2 403 3815
2 3815 420
2 400 3819
2 3819 417
2 417 3820
2 3820 382
2 382 3821
2 3821 400
2 417 3819
2 3819 400
2 400 2988
2 2988 434
2 434 417
2 417 3822
2 3822 399
2 399 3823
2 3823 382
2 382 3820
2 3820 417
2 417 434
2 434 2341
2 2341 450
2 450 3824
2 3824 417
2 118 3825
2 3825 104
2 104 92
2 92 2999
2 2999 118
2 104 3825
2 3825 118
2 118 3001
2 3001 3000
2 3000 117
2 117 104
2 104 3826
2 3826 3827
2 3827 130
2 130 2068
2 2068 2067
2 2067 2066
2 2066 92
2 92 104
2 104 117
2 117 2073
2 2073 2072
2 2072 130
2 130 3827
2 3827 3826
2 3826 104
2 123 3828
2 3828 122
2 122 109
2 109 2401
2 2401 123
2 151 3829
2 3829 122
2 122 3828
2 3828 123
2 123 3003
2 3003 151
2 122 3830
2 3830 121
2 121 108
2 108 3831
2 3831 122
2 121 3830
2 3830 122
2 122 3832
2 3832 150
2 150 2370
2 2370 121
2 96 3833
2 3833 122
2 122 3831
2 3831 108
2 108 96
2 122 3833
2 3833 96
2 96 2409
2 2409 109
2 109 122
2 136 3834
2 3834 165
2 165 150
2 150 3835
2 3835 136
2 136 151
2 151 3084
2 3084 165
2 165 3834
2 3834 136
2 122 136
2 136 3835
2 3835 150
2 150 3832
2 3832 122
2 136 122
2 122 3829
2 3829 151
2 151 136
2 53 3836
2 3836 63
2 63 73
2 73 3012
2 3012 53
2 63 3836
2 3836 53
2 53 3837
2 3837 45
2 45 3838
2 3838 63
2 54 63
2 63 3838
2 3838 45
2 45 54
2 73 63
2 63 3839
2 3839 74
2 74 2403
2 2403 73
2 63 54
2 54 2397
2 2397 74
2 74 3839
2 3839 63
2 44 53
2 53 62
2 62 3840
2 3840 44
2 44 3840
2 3840 62
2 62 3841
2 3841 52
2 52 3842
2 3842 44
2 53 44
2 44 3843
2 3843 45
2 45 3837
2 3837 53
2 44 3844
2 3844 43
2 43 2390
2 2390 2389
2 2389 36
2 36 44
2 43 3844
2 3844 44
2 44 3842
2 3842 52
2 52 43
2 37 3845
2 3845 44
2 44 36
2 36 3073
2 3073 37
2 44 3845
2 3845 37
2 37 45
2 45 3843
2 3843 44
2 330 3846
2 3846 348
2 348 3017
2 3017 3016
2 3016 347
2 347 330
2 348 3846
2 3846 330
2 330 3847
2 3847 313
2 313 3018
2 3018 348
2 312 3848
2 3848 330
2 330 347
2 347 2453
2 2453 312
2 295 3849
2 3849 330
2 330 3848
2 3848 312
2 312 295
2 298 315
2 315 3022
2 3022 332
2 332 3850
2 3850 298
2 298 3851
2 3851 3852
2 3852 297
2 297 3052
2 3052 281
2 281 298
2 297 3852
2 3852 3851
2 3851 298
2 298 3850
2 3850 332
2 332 3049
2 3049 297
2 315 298
2 298 3853
2 3853 333
2 333 3021
2 3021 315
2 298 3854
2 3854 3855
2 3855 299
2 299 3856
2 3856 333
2 333 3853
2 3853 298
2 298 3857
2 3857 282
2 282 299
2 299 3855
2 3855 3854
2 3854 298
2 367 3858
2 3858 3859
2 3859 366
2 366 3860
2 3860 3861
2 3861 350
2 350 367
2 366 349
2 349 3025
2 3025 3024
2 3024 350
2 350 3861
2 3861 3860
2 3860 366
2 366 3862
2 3862 400
2 400 3821
2 3821 382
2 382 3863
2 3863 366
2 229 3864
2 3864 213
2 213 3032
2 3032 247
2 247 3865
2 3865 229
2 213 3864
2 3864 229
2 229 3866
2 3866 196
2 196 213
2 165 181
2 181 3867
2 3867 197
2 197 2360
2 2360 165
2 181 3868
2 3868 214
2 214 197
2 197 3867
2 3867 181
2 245 3869
2 3869 280
2 280 3870
2 3870 262
2 262 3871
2 3871 245
2 245 3872
2 3872 263
2 263 280
2 280 3869
2 3869 245
2 263 3872
2 3872 245
2 245 228
2 228 3873
2 3873 263
2 245 3871
2 3871 262
2 262 2446
2 2446 227
2 227 3874
2 3874 245
2 194 3875
2 3875 162
2 162 178
2 178 3876
2 3876 194
2 161 3877
2 3877 194
2 194 177
2 177 161
2 162 3875
2 3875 194
2 194 3877
2 3877 161
2 161 3048
2 3048 3047
2 3047 162
2 211 3878
2 3878 195
2 195 3879
2 3879 228
2 228 211
2 211 3880
2 3880 178
2 178 195
2 195 3878
2 3878 211
2 211 194
2 194 3876
2 3876 178
2 178 3880
2 3880 211
2 194 211
2 211 3881
2 3881 227
2 227 3882
2 3882 194
2 245 3883
2 3883 211
2 211 228
2 228 245
2 211 3883
2 3883 245
2 245 3874
2 3874 227
2 227 3881
2 3881 211
2 15 3884
2 3884 7
2 7 11
2 11 15
2 7 3885
2 3885 5
2 5 3062
2 3062 11
2 11 7
2 4 7
2 7 3886
2 3886 10
2 10 3055
2 3055 4
2 7 3884
2 3884 15
2 15 3887
2 3887 10
2 10 3886
2 3886 7
2 15 20
2 20 3888
2 3888 10
2 10 3887
2 3887 15
2 32 3889
2 3889 20
2 20 26
2 26 32
2 20 3890
2 3890 11
2 11 3891
2 3891 26
2 26 20
2 20 15
2 15 11
2 11 3890
2 3890 20
2 31 38
2 38 3892
2 3892 24
2 24 3075
2 3075 31
2 38 3893
2 3893 30
2 30 24
2 24 3892
2 3892 38
2 46 38
2 38 3894
2 3894 39
2 39 2395
2 2395 46
2 38 31
2 31 3895
2 3895 39
2 39 3894
2 3894 38
2 38 3896
2 3896 37
2 37 30
2 30 3893
2 3893 38
2 38 46
2 46 2399
2 2399 45
2 45 3897
2 3897 38
2 37 3896
2 3896 38
2 38 3897
2 3897 45
2 45 37
2 25 31
2 31 3074
2 3074 19
2 19 25
2 25 3898
2 3898 20
2 20 3889
2 3889 32
2 32 3899
2 3899 25
2 25 3899
2 3899 32
2 32 39
2 39 3900
2 3900 25
2 31 25
2 25 3900
2 3900 39
2 39 3895
2 3895 31
2 25 19
2 19 3058
2 3058 10
2 10 3901
2 3901 25
2 20 3898
2 3898 25
2 25 3901
2 3901 10
2 10 3888
2 3888 20
2 110 123
2 123 2400
2 2400 97
2 97 3902
2 3902 110
2 86 3903
2 3903 110
2 110 3902
2 3902 97
2 97 3086
2 3086 86
2 72 62
2 62 3013
2 3013 73
2 73 3904
2 3904 72
2 83 72
2 72 3904
2 3904 73
2 73 3091
2 3091 3090
2 3090 83
2 62 72
2 72 3905
2 3905 52
2 52 3841
2 3841 62
2 72 3906
2 3906 61
2 61 2382
2 2382 52
2 52 3905
2 3905 72
2 61 3906
2 3906 72
2 72 3907
2 3907 71
2 71 61
2 72 3908
2 3908 3909
2 3909 82
2 82 71
2 71 3907
2 3907 72
2 72 83
2 83 3094
2 3094 82
2 82 3909
2 3909 3908
2 3908 72
2 171 187
2 187 3097
2 3097 203
2 203 3910
2 3910 171
2 170 3911
2 3911 171
2 171 3910
2 3910 203
2 203 3912
2 3912 170
2 171 3911
2 3911 170
2 170 3913
2 3913 156
2 156 171
2 187 171
2 171 3914
2 3914 204
2 204 187
2 129 3915
2 3915 103
2 103 3916
2 3916 116
2 116 129
2 103 3917
2 3917 80
2 80 2043
2 2043 2042
2 2042 116
2 116 3916
2 3916 103
2 103 91
2 91 80
2 80 3917
2 3917 103
2 58 3918
2 3918 78
2 78 3113
2 3113 67
2 67 58
2 78 3918
2 3918 58
2 58 3919
2 3919 68
2 68 78
2 49 58
2 58 67
2 67 3920
2 3920 49
2 57 3921
2 3921 49
2 49 3920
2 3920 67
2 67 3922
2 3922 57
2 49 3921
2 3921 57
2 57 48
2 48 3923
2 3923 49
2 77 3924
2 3924 57
2 57 3922
2 3922 67
2 67 77
2 40 3925
2 3925 41
2 41 3926
2 3926 48
2 48 40
2 41 49
2 49 3923
2 3923 48
2 48 3926
2 3926 41
2 33 3927
2 3927 41
2 41 3925
2 3925 40
2 40 33
2 41 3927
2 3927 33
2 33 27
2 27 3928
2 3928 41
2 34 41
2 41 3928
2 3928 27
2 27 2417
2 2417 34
2 21 3929
2 3929 12
2 12 2419
2 2419 27
2 27 21
2 21 16
2 16 12
2 12 3929
2 3929 21
2 33 3930
2 3930 21
2 21 27
2 27 33
2 21 3930
2 3930 33
2 33 3103
2 3103 26
2 26 3931
2 3931 21
2 11 3932
2 3932 21
2 21 3931
2 3931 26
2 26 3891
2 3891 11
2 16 21
2 21 3932
2 3932 11
2 11 3101
2 3101 16
2 66 3933
2 3933 56
2 56 3107
2 3107 48
2 48 3934
2 3934 66
2 56 3933
2 3933 66
2 66 76
2 76 3108
2 3108 56
2 57 66
2 66 3934
2 3934 48
2 48 57
2 66 3935
2 3935 77
2 77 3936
2 3936 76
2 76 66
2 66 57
2 57 3924
2 3924 77
2 77 3935
2 3935 66
2 124 3937
2 3937 153
2 153 138
2 138 124
2 153 3937
2 3937 124
2 124 3938
2 3938 125
2 125 2659
2 2659 153
2 124 111
2 111 3939
2 3939 125
2 125 3938
2 3938 124
2 152 3940
2 3940 124
2 124 138
2 138 3076
2 3076 152
2 123 3941
2 3941 124
2 124 3940
2 3940 152
2 152 2402
2 2402 123
2 110 3942
2 3942 124
2 124 3941
2 3941 123
2 123 110
2 98 110
2 110 3903
2 3903 86
2 86 98
2 124 3943
2 3943 98
2 98 3944
2 3944 111
2 111 124
2 98 3943
2 3943 124
2 124 3942
2 3942 110
2 110 98
2 90 3945
2 3945 89
2 89 3099
2 3099 79
2 79 90
2 80 3946
2 3946 90
2 90 79
2 79 2413
2 2413 80
2 91 3947
2 3947 90
2 90 3946
2 3946 80
2 80 91
2 111 99
2 99 3948
2 3948 125
2 125 3939
2 3939 111
2 387 3949
2 3949 405
2 405 3950
2 3950 422
2 422 3951
2 3951 387
2 404 3952
2 3952 387
2 387 3951
2 3951 422
2 422 3953
2 3953 404
2 405 3949
2 3949 387
2 387 3954
2 3954 371
2 371 2791
2 2791 405
2 455 438
2 438 3955
2 3955 422
2 422 3956
2 3956 455
2 438 3957
2 3957 404
2 404 3953
2 3953 422
2 422 3955
2 3955 438
2 438 455
2 455 2792
2 2792 472
2 472 3958
2 3958 438
2 454 3959
2 3959 438
2 438 3958
2 3958 472
2 472 3812
2 3812 454
2 216 3960
2 3960 232
2 232 3132
2 3132 199
2 199 216
2 216 199
2 199 3127
2 3127 183
2 183 3961
2 3961 216
2 216 233
2 233 250
2 250 3962
2 3962 216
2 232 3960
2 3960 216
2 216 3962
2 3962 250
2 250 3135
2 3135 232
2 351 3963
2 3963 3964
2 3964 350
2 350 333
2 333 3965
2 3965 351
2 367 3966
2 3966 3967
2 3967 351
2 351 368
2 368 2344
2 2344 2343
2 2343 367
2 351 3967
2 3967 3966
2 3966 367
2 367 350
2 350 3964
2 3964 3963
2 3963 351
2 299 316
2 316 3968
2 3968 333
2 333 3856
2 3856 299
2 334 3969
2 3969 316
2 316 299
2 299 3970
2 3970 334
2 316 3971
2 3971 351
2 351 3965
2 3965 333
2 333 3968
2 3968 316
2 351 3971
2 3971 316
2 316 3969
2 3969 334
2 334 351
2 369 3972
2 3972 385
2 385 368
2 368 3973
2 3973 369
2 385 3972
2 3972 369
2 369 3974
2 3974 403
2 403 3818
2 3818 385
2 266 283
2 283 3138
2 3138 248
2 248 3975
2 3975 266
2 231 3976
2 3976 266
2 266 3975
2 3975 248
2 248 231
2 266 3976
2 3976 231
2 231 3123
2 3123 249
2 249 3977
2 3977 266
2 284 3978
2 3978 266
2 266 3977
2 3977 249
2 249 3136
2 3136 284
2 300 3979
2 3979 334
2 334 3970
2 3970 299
2 299 3980
2 3980 300
2 283 300
2 300 3980
2 3980 299
2 299 3139
2 3139 283
2 334 3979
2 3979 300
2 300 317
2 317 3981
2 3981 334
2 300 3982
2 3982 266
2 266 3978
2 3978 284
2 284 3983
2 3983 300
2 266 3982
2 3982 300
2 300 283
2 283 266
2 294 3984
2 3984 260
2 260 3985
2 3985 278
2 278 3151
2 3151 294
2 277 260
2 260 3984
2 3984 294
2 294 277
2 260 277
2 277 2447
2 2447 242
2 242 3986
2 3986 260
2 160 3987
2 3987 3988
2 3988 159
2 159 2071
2 2071 145
2 145 160
2 160 3989
2 3989 192
2 192 3990
2 3990 159
2 159 3988
2 3988 3987
2 3987 160
2 161 3991
2 3991 3992
2 3992 160
2 160 3993
2 3993 146
2 146 161
2 131 3994
2 3994 160
2 160 145
2 145 2457
2 2457 131
2 160 3994
2 3994 131
2 131 146
2 146 3993
2 3993 160
2 261 3995
2 3995 226
2 226 3996
2 3996 244
2 244 3140
2 3140 261
2 159 175
2 175 3997
2 3997 191
2 191 2069
2 2069 159
2 192 175
2 175 159
2 159 3990
2 3990 192
2 175 3998
2 3998 208
2 208 191
2 191 3997
2 3997 175
2 175 192
2 192 3999
2 3999 208
2 208 3998
2 3998 175
2 1430 1418
2 1418 2473
2 2473 1431
2 1431 4000
2 4000 1430
2 1442 1430
2 1430 4000
2 4000 1431
2 1431 3159
2 3159 1442
2 1405 4001
2 4001 1392
2 1392 1406
2 1406 3161
2 3161 1405
2 1392 4001
2 4001 1405
2 1405 4002
2 4002 1377
2 1377 4003
2 4003 1392
2 1392 4003
2 4003 1377
2 1377 1362
2 1362 4004
2 4004 1392
2 1361 1346
2 1346 3429
2 3429 1362
2 1362 4005
2 4005 1361
2 1346 1361
2 1361 4006
2 4006 1330
2 1330 1346
2 1361 4007
2 4007 1345
2 1345 3158
2 3158 1330
2 1330 4006
2 4006 1361
2 1361 4008
2 4008 1360
2 1360 1345
2 1345 4007
2 4007 1361
2 1390 1376
2 1376 4009
2 4009 1404
2 1404 1390
2 1390 4010
2 4010 1403
2 1403 2080
2 2080 1375
2 1375 4011
2 4011 1390
2 1390 1404
2 1404 4012
2 4012 1403
2 1403 4010
2 4010 1390
2 1360 4013
2 4013 1390
2 1390 4011
2 4011 1375
2 1375 1360
2 1361 4014
2 4014 1390
2 1390 4013
2 4013 1360
2 1360 4008
2 4008 1361
2 1390 4014
2 4014 1361
2 1361 1376
2 1376 1390
2 1166 4015
2 4015 1149
2 1149 3169
2 3169 1150
2 1150 1166
2 1166 4016
2 4016 1199
2 1199 2607
2 2607 1182
2 1182 1166
2 1166 4017
2 4017 1183
2 1183 1199
2 1199 4016
2 4016 1166
2 1101 4018
2 4018 1118
2 1118 1134
2 1134 3171
2 3171 1101
2 1102 1118
2 1118 4018
2 4018 1101
2 1101 3175
2 3175 1102
2 1134 1118
2 1118 4019
2 4019 1151
2 1151 2480
2 2480 1134
2 918 4020
2 4020 951
2 951 4021
2 4021 934
2 934 2640
2 2640 918
2 1016 4022
2 4022 1049
2 1049 4023
2 4023 1032
2 1032 1016
2 1016 4024
2 4024 983
2 983 1000
2 1000 1016
2 999 4025
2 4025 1016
2 1016 1032
2 1032 3176
2 3176 999
2 983 4024
2 4024 1016
2 1016 4025
2 4025 999
2 999 4026
2 4026 983
2 1096 4027
2 4027 1113
2 1113 1129
2 1129 3395
2 3395 1096
2 1129 1113
2 1113 4028
2 4028 1146
2 1146 3389
2 3389 1129
2 1117 4029
2 4029 1100
2 1100 4030
2 4030 1101
2 1101 1117
2 1100 1084
2 1084 3180
2 3180 1101
2 1101 4030
2 4030 1100
2 1100 4029
2 4029 1117
2 1117 1133
2 1133 4031
2 4031 1100
2 1116 1100
2 1100 4031
2 4031 1133
2 1133 3167
2 3167 1116
2 1100 4032
2 4032 1083
2 1083 4033
2 4033 1084
2 1084 1100
2 792 4034
2 4034 825
2 825 4035
2 4035 808
2 808 792
2 825 4034
2 4034 792
2 792 3181
2 3181 809
2 809 825
2 922 905
2 905 889
2 889 3200
2 3200 922
2 905 922
2 922 4036
2 4036 938
2 938 4037
2 4037 905
2 971 4038
2 4038 988
2 988 4039
2 4039 1004
2 1004 4040
2 4040 971
2 1084 4041
2 4041 1052
2 1052 4042
2 4042 1069
2 1069 3179
2 3179 1084
2 1052 1036
2 1036 4043
2 4043 1069
2 1069 4042
2 4042 1052
2 1037 4044
2 4044 1020
2 1020 1004
2 1004 4045
2 4045 1037
2 922 4046
2 4046 955
2 955 4047
2 4047 938
2 938 4036
2 4036 922
2 955 971
2 971 4048
2 4048 938
2 938 4047
2 4047 955
2 955 4046
2 4046 922
2 922 939
2 939 955
2 955 4049
2 4049 988
2 988 4038
2 4038 971
2 971 955
2 955 939
2 939 4050
2 4050 972
2 972 4051
2 4051 955
2 988 4049
2 4049 955
2 955 4051
2 4051 972
2 972 988
2 939 4052
2 4052 956
2 956 972
2 972 4050
2 4050 939
2 956 940
2 940 4053
2 4053 973
2 973 4054
2 4054 956
2 940 923
2 923 4055
2 4055 907
2 907 4056
2 4056 940
2 906 923
2 923 4057
2 4057 939
2 939 3202
2 3202 906
2 923 4058
2 4058 956
2 956 4052
2 4052 939
2 939 4057
2 4057 923
2 956 4058
2 4058 923
2 923 940
2 940 956
2 956 4059
2 4059 989
2 989 4060
2 4060 972
2 972 956
2 989 4059
2 4059 956
2 956 4054
2 4054 973
2 973 989
2 1054 1070
2 1070 4061
2 4061 1037
2 1037 4062
2 4062 1054
2 1023 4063
2 4063 1040
2 1040 1056
2 1056 4064
2 4064 1023
2 824 4065
2 4065 791
2 791 4066
2 4066 808
2 808 824
2 791 4065
2 4065 824
2 824 4067
2 4067 807
2 807 791
2 1152 1168
2 1168 4068
2 4068 1151
2 1151 4069
2 4069 1152
2 1152 1136
2 1136 3203
2 3203 1153
2 1153 4070
2 4070 1152
2 1136 4071
2 4071 1103
2 1103 4072
2 4072 1120
2 1120 1136
2 1120 1104
2 1104 4073
2 4073 1137
2 1137 2483
2 2483 1120
2 1103 4074
2 4074 1104
2 1104 1120
2 1120 4072
2 4072 1103
2 1073 4075
2 4075 1088
2 1088 4076
2 4076 1056
2 1056 4077
2 4077 1073
2 1073 4078
2 4078 1040
2 1040 4079
2 4079 1057
2 1057 1073
2 1040 4078
2 4078 1073
2 1073 4077
2 4077 1056
2 1056 1040
2 1041 4080
2 4080 1008
2 1008 4081
2 4081 1025
2 1025 1041
2 925 942
2 942 958
2 958 4082
2 4082 925
2 942 925
2 925 4083
2 4083 909
2 909 3235
2 3235 942
2 925 4084
2 4084 941
2 941 4085
2 4085 908
2 908 925
2 974 4086
2 4086 941
2 941 4087
2 4087 958
2 958 974
2 941 4084
2 4084 925
2 925 4082
2 4082 958
2 958 4087
2 4087 941
2 874 4088
2 4088 891
2 891 907
2 907 4089
2 4089 874
2 891 4088
2 4088 874
2 874 858
2 858 4090
2 4090 891
2 1448 1437
2 1437 3246
2 3246 1449
2 1449 4091
2 4091 1448
2 1459 4092
2 4092 1448
2 1448 4091
2 4091 1449
2 1449 1459
2 1448 4093
2 4093 1436
2 1436 3254
2 3254 1437
2 1437 1448
2 1458 1448
2 1448 4094
2 4094 1468
2 1468 4095
2 4095 1458
2 1448 4092
2 4092 1459
2 1459 1468
2 1468 4094
2 4094 1448
2 1517 4096
2 4096 4097
2 4097 4098
2 4098 1528
2 1528 1526
2 1526 4099
2 4099 4100
2 4100 1517
2 1517 4101
2 4101 1507
2 1507 2095
2 2095 2094
2 2094 2093
2 2093 1488
2 1488 4102
2 4102 4103
2 4103 4104
2 4104 4105
2 4105 1517
2 1453 4106
2 4106 4107
2 4107 4108
2 4108 4109
2 4109 4110
2 4110 4111
2 4111 4112
2 4112 4113
2 4113 1517
2 1517 4105
2 4105 4104
2 4104 4103
2 4103 4102
2 4102 1488
2 1488 2462
2 2462 2461
2 2461 2460
2 2460 2459
2 2459 1453
2 1528 4098
2 4098 4097
2 4097 4096
2 4096 1517
2 1517 4113
2 4113 4112
2 4112 4111
2 4111 4110
2 4110 4109
2 4109 4108
2 4108 4107
2 4107 4106
2 4106 1453
2 1453 2577
2 2577 2576
2 2576 2575
2 2575 2574
2 2574 2573
2 2573 2572
2 2572 2571
2 2571 2570
2 2570 2569
2 2569 2568
2 2568 2567
2 2567 2566
2 2566 1528
2 1400 4114
2 4114 1399
2 1399 4115
2 4115 1386
2 1386 1400
2 1399 4114
2 4114 1400
2 1400 1413
2 1413 4116
2 4116 1399
2 1399 4117
2 4117 1398
2 1398 3311
2 3311 1385
2 1385 1399
2 1399 4118
2 4118 1371
2 1371 4119
2 4119 1386
2 1386 4115
2 4115 1399
2 1371 4118
2 4118 1399
2 1399 1385
2 1385 1371
2 1280 1264
2 1264 4120
2 4120 1265
2 1265 3265
2 3265 1280
2 1264 1248
2 1248 3274
2 3274 1265
2 1265 4120
2 4120 1264
2 1295 4121
2 4121 1264
2 1264 1280
2 1280 1295
2 1248 1264
2 1264 4122
2 4122 1247
2 1247 3268
2 3268 1248
2 1264 4123
2 4123 1263
2 1263 1247
2 1247 4122
2 4122 1264
2 1298 4124
2 4124 1313
2 1313 4125
2 4125 1282
2 1282 4126
2 4126 1298
2 1314 1298
2 1298 1283
2 1283 3431
2 3431 1314
2 1298 4127
2 4127 1267
2 1267 1283
2 1283 1298
2 1267 4127
2 4127 1298
2 1298 4126
2 4126 1282
2 1282 3283
2 3283 1267
2 1297 4128
2 4128 1328
2 1328 1312
2 1312 4129
2 4129 1297
2 1297 1313
2 1313 3275
2 3275 1328
2 1328 4128
2 4128 1297
2 1281 4130
2 4130 1297
2 1297 4129
2 4129 1312
2 1312 3281
2 3281 1281
2 1313 1297
2 1297 1282
2 1282 4125
2 4125 1313
2 1297 4131
2 4131 1266
2 1266 1282
2 1282 1297
2 1297 4130
2 4130 1281
2 1281 3280
2 3280 1266
2 1266 4131
2 4131 1297
2 1329 4132
2 4132 1314
2 1314 3157
2 3157 1345
2 1345 1329
2 1313 1329
2 1329 4133
2 4133 1344
2 1344 3276
2 3276 1313
2 1329 4134
2 4134 1298
2 1298 1314
2 1314 4132
2 4132 1329
2 1298 4134
2 4134 1329
2 1329 1313
2 1313 4124
2 4124 1298
2 1329 4135
2 4135 1360
2 1360 3154
2 3154 1344
2 1344 4133
2 4133 1329
2 1360 4135
2 4135 1329
2 1329 1345
2 1345 1360
2 1236 1252
2 1252 4136
2 4136 1251
2 1251 3291
2 3291 1236
2 1059 1075
2 1075 4137
2 4137 1042
2 1042 2485
2 2485 1059
2 1075 4138
2 4138 1058
2 1058 1042
2 1042 4137
2 4137 1075
2 1156 4139
2 4139 1173
2 1173 2631
2 2631 1172
2 1172 1156
2 1141 4140
2 4140 1092
2 1092 3224
2 3224 3223
2 3223 3222
2 3222 1174
2 1174 4141
2 4141 1141
2 1326 4142
2 4142 1357
2 1357 4143
2 4143 1341
2 1341 4144
2 4144 1326
2 1357 4142
2 4142 1326
2 1326 1342
2 1342 1357
2 1326 4145
2 4145 1311
2 1311 3277
2 3277 1342
2 1342 1326
2 1326 4146
2 4146 1295
2 1295 1311
2 1311 4145
2 4145 1326
2 1186 4147
2 4147 1203
2 1203 4148
2 4148 1202
2 1202 1186
2 1203 4149
2 4149 1234
2 1234 2520
2 2520 1202
2 1202 4148
2 4148 1203
2 1234 4149
2 4149 1203
2 1203 1219
2 1219 2086
2 2086 1234
2 1204 4150
2 4150 1203
2 1203 1187
2 1187 3421
2 3421 1204
2 1203 4151
2 4151 1170
2 1170 3425
2 3425 1187
2 1187 1203
2 1203 4147
2 4147 1186
2 1186 1170
2 1170 4151
2 4151 1203
2 1235 4152
2 4152 1203
2 1203 4150
2 4150 1204
2 1204 3288
2 3288 1235
2 1219 1203
2 1203 4152
2 4152 1235
2 1235 1219
2 1169 1185
2 1185 4153
2 4153 1168
2 1168 4154
2 4154 1169
2 1152 4155
2 4155 1169
2 1169 4154
2 4154 1168
2 1168 1152
2 1169 4155
2 4155 1152
2 1152 4070
2 4070 1153
2 1153 1169
2 1170 4156
2 4156 1169
2 1169 1153
2 1153 2519
2 2519 1170
2 1186 4157
2 4157 1169
2 1169 4156
2 4156 1170
2 1170 1186
2 1169 4157
2 4157 1186
2 1186 1202
2 1202 4158
2 4158 1169
2 1185 1169
2 1169 4158
2 4158 1202
2 1202 4159
2 4159 1185
2 1185 1201
2 1201 4160
2 4160 1168
2 1168 4153
2 4153 1185
2 1201 1217
2 1217 3271
2 3271 1232
2 1232 4161
2 4161 1201
2 1201 1185
2 1185 4159
2 4159 1202
2 1202 4162
2 4162 1201
2 1233 4163
2 4163 1201
2 1201 4162
2 4162 1202
2 1202 2522
2 2522 1233
2 1217 1201
2 1201 4163
2 4163 1233
2 1233 1217
2 1470 4164
2 4164 1487
2 1487 4165
2 4165 1460
2 1460 2532
2 2532 1470
2 1479 1487
2 1487 4164
2 4164 1470
2 1470 1479
2 1487 1479
2 1479 3292
2 3292 1495
2 1495 1487
2 1501 4166
2 4166 1487
2 1487 1495
2 1495 3295
2 3295 1501
2 1487 4166
2 4166 1501
2 1501 1494
2 1494 4167
2 4167 1487
2 1435 4168
2 4168 1434
2 1434 4169
2 4169 1423
2 1423 1435
2 1434 1422
2 1422 3548
2 3548 1423
2 1423 4169
2 4169 1434
2 1434 4170
2 4170 1446
2 1446 3315
2 3315 1445
2 1445 1434
2 1434 4168
2 4168 1435
2 1435 1446
2 1446 4170
2 4170 1434
2 1433 4171
2 4171 1434
2 1434 1445
2 1445 2714
2 2714 1433
2 1422 1434
2 1434 4171
2 4171 1433
2 1433 3550
2 3550 1422
2 1369 4172
2 4172 1384
2 1384 4173
2 4173 1397
2 1397 3320
2 3320 1369
2 1384 1398
2 1398 4174
2 4174 1397
2 1397 4173
2 4173 1384
2 1398 1384
2 1384 1370
2 1370 3312
2 3312 1398
2 1384 4175
2 4175 1355
2 1355 1370
2 1370 1384
2 1483 4176
2 4176 1466
2 1466 1475
2 1475 1483
2 1456 4177
2 4177 1466
2 1466 4176
2 4176 1483
2 1483 3319
2 3319 1456
2 1466 1457
2 1457 4178
2 4178 1475
2 1475 1466
2 1466 4177
2 4177 1456
2 1456 1446
2 1446 4179
2 4179 1466
2 1457 1466
2 1466 4179
2 4179 1446
2 1446 4180
2 4180 1457
2 1447 1457
2 1457 4180
2 4180 1446
2 1446 4181
2 4181 1447
2 1435 4182
2 4182 1447
2 1447 4181
2 4181 1446
2 1446 1435
2 1447 4182
2 4182 1435
2 1435 3310
2 3310 1436
2 1436 1447
2 1447 4183
2 4183 1448
2 1448 1458
2 1458 4184
2 4184 1447
2 1448 4183
2 4183 1447
2 1447 1436
2 1436 4093
2 4093 1448
2 1447 4184
2 4184 1458
2 1458 1467
2 1467 4185
2 4185 1447
2 1457 1447
2 1447 4185
2 4185 1467
2 1467 4186
2 4186 1457
2 1396 4187
2 4187 1383
2 1383 1397
2 1397 4188
2 4188 1396
2 1410 4189
2 4189 1396
2 1396 4188
2 4188 1397
2 1397 1410
2 1396 4189
2 4189 1410
2 1410 3545
2 3545 1409
2 1409 1396
2 1396 1409
2 1409 3556
2 3556 1395
2 1395 4190
2 4190 1396
2 1382 1396
2 1396 4190
2 4190 1395
2 1395 3553
2 3553 1382
2 1383 4187
2 4187 1396
2 1396 4191
2 4191 1368
2 1368 3572
2 3572 1383
2 1396 1382
2 1382 1368
2 1368 4191
2 4191 1396
2 1354 4192
2 4192 1353
2 1353 1338
2 1338 4193
2 4193 1354
2 1354 1339
2 1339 3325
2 3325 1355
2 1355 4194
2 4194 1354
2 1354 4193
2 4193 1338
2 1338 3332
2 3332 1323
2 1323 4195
2 4195 1354
2 1339 1354
2 1354 4195
2 4195 1323
2 1323 1339
2 1383 4196
2 4196 1354
2 1354 1369
2 1369 1383
2 1353 4192
2 4192 1354
2 1354 4196
2 4196 1383
2 1383 3571
2 3571 1353
2 1354 4197
2 4197 1384
2 1384 4172
2 4172 1369
2 1369 1354
2 1384 4197
2 4197 1354
2 1354 4194
2 4194 1355
2 1355 4175
2 4175 1384
2 1294 4198
2 4198 1325
2 1325 1309
2 1309 4199
2 4199 1294
2 1278 4200
2 4200 1294
2 1294 4199
2 4199 1309
2 1309 2518
2 2518 1278
2 1263 4201
2 4201 1294
2 1294 4200
2 4200 1278
2 1278 3339
2 3339 1263
2 1201 4202
2 4202 1184
2 1184 1168
2 1168 4160
2 4160 1201
2 1195 1211
2 1211 4203
2 4203 1226
2 1226 3348
2 3348 1195
2 1211 1195
2 1195 3343
2 3343 1227
2 1227 1211
2 1211 4204
2 4204 1242
2 1242 1226
2 1226 4203
2 4203 1211
2 1242 4204
2 4204 1211
2 1211 1227
2 1227 2605
2 2605 1242
2 1147 4205
2 4205 1114
2 1114 4206
2 4206 1131
2 1131 1147
2 1228 4207
2 4207 1213
2 1213 2608
2 2608 1244
2 1244 1228
2 1243 4208
2 4208 1228
2 1228 1244
2 1244 2603
2 2603 1243
2 1212 1228
2 1228 4208
2 4208 1243
2 1243 3352
2 3352 1212
2 1228 1212
2 1212 1196
2 1196 4209
2 4209 1228
2 1231 1215
2 1215 1199
2 1199 4210
2 4210 1231
2 1215 4211
2 4211 1230
2 1230 3354
2 3354 1199
2 1199 1215
2 1215 1231
2 1231 3342
2 3342 1246
2 1246 4212
2 4212 1215
2 1230 4211
2 4211 1215
2 1215 4212
2 4212 1246
2 1246 1230
2 1198 1214
2 1214 4213
2 4213 1229
2 1229 4214
2 4214 1198
2 1230 1214
2 1214 1198
2 1198 3353
2 3353 1230
2 1229 4213
2 4213 1214
2 1214 4215
2 4215 1245
2 1245 1229
2 1214 1230
2 1230 3355
2 3355 1245
2 1245 4215
2 4215 1214
2 1180 4216
2 4216 1197
2 1197 4217
2 4217 1196
2 1196 1180
2 1197 4218
2 4218 1228
2 1228 4209
2 4209 1196
2 1196 4217
2 4217 1197
2 1228 4218
2 4218 1197
2 1197 1213
2 1213 4207
2 4207 1228
2 1197 1181
2 1181 4219
2 4219 1198
2 1198 4220
2 4220 1197
2 1197 4220
2 4220 1198
2 1198 4214
2 4214 1229
2 1229 4221
2 4221 1197
2 1213 1197
2 1197 4221
2 4221 1229
2 1229 1213
2 1289 1274
2 1274 2737
2 2737 1305
2 1305 1289
2 1289 4222
2 4222 1304
2 1304 3357
2 3357 1273
2 1273 4223
2 4223 1289
2 1258 4224
2 4224 1289
2 1289 4223
2 4223 1273
2 1273 3566
2 3566 1258
2 1289 4224
2 4224 1258
2 1258 1274
2 1274 1289
2 1320 1336
2 1336 1351
2 1351 4225
2 4225 1320
2 1336 1320
2 1320 4226
2 4226 1305
2 1305 4227
2 4227 1336
2 1320 4228
2 4228 1289
2 1289 1305
2 1305 4226
2 4226 1320
2 1289 4228
2 4228 1320
2 1320 1304
2 1304 4222
2 4222 1289
2 1110 4229
2 4229 1127
2 1127 1143
2 1143 3366
2 3366 1110
2 1127 4230
2 4230 1144
2 1144 2619
2 2619 1143
2 1143 1127
2 1127 1111
2 1111 2620
2 2620 1144
2 1144 4230
2 4230 1127
2 1111 1127
2 1127 4231
2 4231 1094
2 1094 3385
2 3385 1111
2 1127 4229
2 4229 1110
2 1110 1094
2 1094 4231
2 4231 1127
2 1062 4232
2 4232 1077
2 1077 4233
2 4233 1045
2 1045 4234
2 4234 1062
2 1110 4235
2 4235 1093
2 1093 4236
2 4236 1094
2 1094 1110
2 1093 4235
2 4235 1110
2 1110 3365
2 3365 1126
2 1126 4237
2 4237 1093
2 1093 4237
2 4237 1126
2 1126 3364
2 3364 1109
2 1109 1093
2 1195 4238
2 4238 1162
2 1162 4239
2 4239 1179
2 1179 1195
2 1178 1162
2 1162 4238
2 4238 1195
2 1195 3388
2 3388 1178
2 1162 4240
2 4240 1163
2 1163 1179
2 1179 4239
2 4239 1162
2 1162 1178
2 1178 3387
2 3387 1161
2 1161 4241
2 4241 1162
2 1114 1098
2 1098 4242
2 4242 1131
2 1131 4206
2 4206 1114
2 1131 4242
2 4242 1098
2 1098 4243
2 4243 1115
2 1115 1131
2 1050 4244
2 4244 1082
2 1082 1066
2 1066 1050
2 1050 4245
2 4245 1017
2 1017 4246
2 4246 1034
2 1034 1050
2 1049 1065
2 1065 4247
2 4247 1032
2 1032 4023
2 4023 1049
2 1210 1194
2 1194 3349
2 3349 1226
2 1226 1210
2 1241 4248
2 4248 1210
2 1210 1226
2 1226 2624
2 2624 1241
2 1240 4249
2 4249 1225
2 1225 1241
2 1241 3408
2 3408 1240
2 1209 1225
2 1225 4249
2 4249 1240
2 1240 3413
2 3413 1209
2 1225 4250
2 4250 1210
2 1210 4248
2 4248 1241
2 1241 1225
2 1210 4250
2 4250 1225
2 1225 4251
2 4251 1194
2 1194 1210
2 1225 4252
2 4252 1193
2 1193 2126
2 2126 1194
2 1194 4251
2 4251 1225
2 1225 1209
2 1209 1193
2 1193 4252
2 4252 1225
2 1221 1205
2 1205 3419
2 3419 1237
2 1237 1221
2 1205 1221
2 1221 4253
2 4253 1236
2 1236 3416
2 3416 1205
2 1252 4254
2 4254 1221
2 1221 1237
2 1237 4255
2 4255 1252
2 1221 4254
2 4254 1252
2 1252 1236
2 1236 4253
2 4253 1221
2 1139 1155
2 1155 4256
2 4256 1122
2 1122 4257
2 4257 1139
2 1155 4258
2 4258 1138
2 1138 1122
2 1122 4256
2 4256 1155
2 1156 4259
2 4259 1155
2 1155 1139
2 1139 4260
2 4260 1156
2 1138 4258
2 4258 1155
2 1155 4261
2 4261 1154
2 1154 1138
2 1155 1171
2 1171 3426
2 3426 1154
2 1154 4261
2 4261 1155
2 1171 1155
2 1155 4262
2 4262 1172
2 1172 3423
2 3423 1171
2 1155 4259
2 4259 1156
2 1156 1172
2 1172 4262
2 4262 1155
2 1317 4263
2 4263 1332
2 1332 4264
2 4264 1301
2 1301 1317
2 1332 1316
2 1316 4265
2 4265 1301
2 1301 4264
2 4264 1332
2 1284 4266
2 4266 1315
2 1315 1299
2 1299 1284
2 1299 1315
2 1315 4267
2 4267 1330
2 1330 3433
2 3433 1299
2 1315 4268
2 4268 1346
2 1346 1330
2 1330 4267
2 4267 1315
2 1315 1331
2 1331 3427
2 3427 1346
2 1346 4268
2 4268 1315
2 1349 1333
2 1333 4269
2 4269 1318
2 1318 3443
2 3443 1349
2 1333 4270
2 4270 1302
2 1302 1318
2 1318 4269
2 4269 1333
2 1333 1317
2 1317 3440
2 3440 1302
2 1302 4270
2 4270 1333
2 1333 1349
2 1349 1364
2 1364 4271
2 4271 1333
2 1253 4272
2 4272 1252
2 1252 4255
2 4255 1237
2 1237 1253
2 1252 4272
2 4272 1253
2 1253 1269
2 1269 4273
2 4273 1252
2 1222 4274
2 4274 1253
2 1253 1237
2 1237 2136
2 2136 1222
2 1238 4275
2 4275 1253
2 1253 4274
2 4274 1222
2 1222 1238
2 1253 4276
2 4276 1270
2 1270 4277
2 4277 1269
2 1269 1253
2 1285 4278
2 4278 1270
2 1270 3446
2 3446 1301
2 1301 4279
2 4279 1285
2 1270 4278
2 4278 1285
2 1285 1269
2 1269 4277
2 4277 1270
2 1316 4280
2 4280 1285
2 1285 4279
2 4279 1301
2 1301 4265
2 4265 1316
2 835 4281
2 4281 868
2 868 4282
2 4282 851
2 851 4283
2 4283 835
2 853 4284
2 4284 837
2 837 4285
2 4285 870
2 870 4286
2 4286 853
2 914 931
2 931 947
2 947 3586
2 3586 914
2 931 914
2 914 3583
2 3583 898
2 898 4287
2 4287 931
2 931 4288
2 4288 964
2 964 4289
2 4289 947
2 947 931
2 964 4288
2 4288 931
2 931 4290
2 4290 948
2 948 964
2 932 4291
2 4291 965
2 965 4292
2 4292 948
2 948 932
2 866 882
2 882 4293
2 4293 849
2 849 4294
2 4294 866
2 849 4293
2 4293 882
2 882 4295
2 4295 865
2 865 849
2 882 898
2 898 2643
2 2643 865
2 865 4295
2 4295 882
2 883 4296
2 4296 900
2 900 4297
2 4297 916
2 916 4298
2 4298 883
2 833 4299
2 4299 800
2 800 2199
2 2199 817
2 817 4300
2 4300 833
2 833 816
2 816 800
2 800 4299
2 4299 833
2 816 833
2 833 4301
2 4301 849
2 849 2759
2 2759 816
2 833 4302
2 4302 866
2 866 4294
2 4294 849
2 849 4301
2 4301 833
2 884 868
2 868 3449
2 3449 901
2 901 4303
2 4303 884
2 917 4304
2 4304 884
2 884 4303
2 4303 901
2 901 3451
2 3451 917
2 884 4304
2 4304 917
2 917 900
2 900 884
2 868 884
2 884 4305
2 4305 851
2 851 4282
2 4282 868
2 870 854
2 854 4306
2 4306 887
2 887 4307
2 4307 870
2 854 837
2 837 4308
2 4308 821
2 821 4309
2 4309 854
2 837 854
2 854 870
2 870 4285
2 4285 837
2 708 725
2 725 741
2 741 4310
2 4310 708
2 708 691
2 691 1650
2 1650 742
2 742 4311
2 4311 708
2 725 708
2 708 4311
2 4311 742
2 742 4312
2 4312 725
2 672 689
2 689 3481
2 3481 655
2 655 672
2 689 672
2 672 4313
2 4313 656
2 656 4314
2 4314 689
2 638 4315
2 4315 672
2 672 655
2 655 638
2 672 4316
2 4316 639
2 639 656
2 656 4313
2 4313 672
2 672 4315
2 4315 638
2 638 3482
2 3482 639
2 639 4316
2 4316 672
2 756 4317
2 4317 723
2 723 4318
2 4318 740
2 740 4319
2 4319 756
2 723 4317
2 4317 756
2 756 739
2 739 723
2 707 4320
2 4320 708
2 708 4310
2 4310 741
2 741 4321
2 4321 707
2 673 690
2 690 4322
2 4322 656
2 656 673
2 690 4323
2 4323 689
2 689 4314
2 4314 656
2 656 4322
2 4322 690
2 690 707
2 707 4324
2 4324 689
2 689 4323
2 4323 690
2 690 673
2 673 3458
2 3458 691
2 691 4325
2 4325 690
2 708 4326
2 4326 690
2 690 4325
2 4325 691
2 691 708
2 707 690
2 690 4326
2 4326 708
2 708 4320
2 4320 707
2 240 223
2 223 3460
2 3460 207
2 207 4327
2 4327 240
2 241 4328
2 4328 240
2 240 4327
2 4327 207
2 207 2156
2 2156 241
2 240 4328
2 4328 241
2 241 258
2 258 4329
2 4329 240
2 223 240
2 240 257
2 257 3462
2 3462 223
2 275 4330
2 4330 240
2 240 4329
2 4329 258
2 258 275
2 240 4330
2 4330 275
2 275 3465
2 3465 257
2 257 240
2 272 255
2 255 4331
2 4331 290
2 290 4332
2 4332 272
2 272 4333
2 4333 306
2 306 289
2 289 272
2 306 4333
2 4333 272
2 272 4332
2 4332 290
2 290 4334
2 4334 306
2 254 4335
2 4335 272
2 272 289
2 289 3467
2 3467 254
2 272 4335
2 4335 254
2 254 237
2 237 4336
2 4336 272
2 255 272
2 272 4336
2 4336 237
2 237 3469
2 3469 255
2 256 4337
2 4337 238
2 238 4338
2 4338 222
2 222 2653
2 2653 256
2 238 255
2 255 3468
2 3468 221
2 221 238
2 238 4339
2 4339 205
2 205 222
2 222 4338
2 4338 238
2 205 4339
2 4339 238
2 238 221
2 221 2655
2 2655 205
2 141 127
2 127 3111
2 3111 156
2 156 141
2 141 4340
2 4340 155
2 155 3471
2 3471 127
2 127 141
2 170 4341
2 4341 141
2 141 156
2 156 3913
2 3913 170
2 155 4340
2 4340 141
2 141 4341
2 4341 170
2 170 155
2 154 169
2 169 4342
2 4342 168
2 168 2660
2 2660 154
2 169 4343
2 4343 201
2 201 4344
2 4344 168
2 168 4342
2 4342 169
2 169 4345
2 4345 155
2 155 170
2 170 4346
2 4346 169
2 169 154
2 154 2436
2 2436 140
2 140 4347
2 4347 169
2 155 4345
2 4345 169
2 169 4347
2 4347 140
2 140 155
2 167 4348
2 4348 200
2 200 183
2 183 167
2 200 4348
2 4348 167
2 167 3079
2 3079 168
2 168 4349
2 4349 200
2 200 4350
2 4350 216
2 216 3961
2 3961 183
2 183 200
2 216 4350
2 4350 200
2 200 4351
2 4351 233
2 233 216
2 251 4352
2 4352 286
2 286 4353
2 4353 268
2 268 251
2 286 4354
2 4354 302
2 302 3122
2 3122 268
2 268 4353
2 4353 286
2 302 4354
2 4354 286
2 286 303
2 303 3120
2 3120 302
2 305 288
2 288 271
2 271 2239
2 2239 305
2 338 4355
2 4355 320
2 320 303
2 303 4356
2 4356 338
2 320 4355
2 4355 338
2 338 355
2 355 2843
2 2843 320
2 355 338
2 338 4357
2 4357 356
2 356 3627
2 3627 355
2 432 449
2 449 4358
2 4358 465
2 465 2690
2 2690 432
2 449 4359
2 4359 483
2 483 3504
2 3504 465
2 465 4358
2 4358 449
2 483 4359
2 4359 449
2 449 466
2 466 483
2 466 449
2 449 4360
2 4360 415
2 415 3497
2 3497 466
2 449 432
2 432 415
2 415 4360
2 4360 449
2 565 4361
2 4361 547
2 547 530
2 530 4362
2 4362 565
2 634 4363
2 4363 633
2 633 4364
2 4364 617
2 617 634
2 633 616
2 616 3521
2 3521 617
2 617 4364
2 4364 633
2 633 4365
2 4365 667
2 667 650
2 650 633
2 633 4363
2 4363 634
2 634 3535
2 3535 667
2 667 4365
2 4365 633
2 616 633
2 633 4366
2 4366 632
2 632 3522
2 3522 616
2 666 4367
2 4367 633
2 633 650
2 650 2774
2 2774 666
2 632 4366
2 4366 633
2 633 4367
2 4367 666
2 666 2808
2 2808 632
2 718 734
2 734 2773
2 2773 701
2 701 718
2 735 4368
2 4368 718
2 718 701
2 701 3525
2 3525 735
2 768 4369
2 4369 801
2 801 2168
2 2168 784
2 784 4370
2 4370 768
2 836 853
2 853 869
2 869 4371
2 4371 836
2 685 668
2 668 2172
2 2172 652
2 652 4372
2 4372 685
2 685 4373
2 4373 651
2 651 668
2 668 685
2 651 4373
2 4373 685
2 685 4374
2 4374 684
2 684 3536
2 3536 651
2 685 702
2 702 3526
2 3526 701
2 701 4375
2 4375 685
2 684 4374
2 4374 685
2 685 4375
2 4375 701
2 701 684
2 496 4376
2 4376 461
2 461 4377
2 4377 479
2 479 496
2 513 496
2 496 479
2 479 4378
2 4378 513
2 497 4379
2 4379 513
2 513 4378
2 4378 479
2 479 4380
2 4380 497
2 496 513
2 513 4381
2 4381 512
2 512 4382
2 4382 496
2 513 4383
2 4383 514
2 514 4384
2 4384 530
2 530 513
2 513 4379
2 4379 497
2 497 514
2 514 4383
2 4383 513
2 513 4385
2 4385 529
2 529 512
2 512 4381
2 4381 513
2 529 4385
2 4385 513
2 513 530
2 530 3635
2 3635 529
2 428 4386
2 4386 410
2 410 393
2 393 4387
2 4387 428
2 411 428
2 428 4387
2 4387 393
2 393 3671
2 3671 411
2 428 4388
2 4388 444
2 444 3747
2 3747 410
2 410 4386
2 4386 428
2 428 4389
2 4389 461
2 461 444
2 444 4388
2 4388 428
2 1410 4390
2 4390 1411
2 1411 1423
2 1423 3547
2 3547 1410
2 1423 1411
2 1411 4391
2 4391 1424
2 1424 3308
2 3308 1423
2 1398 1411
2 1411 4392
2 4392 1397
2 1397 4174
2 4174 1398
2 1411 4390
2 4390 1410
2 1410 1397
2 1397 4392
2 4392 1411
2 1321 4393
2 4393 1306
2 1306 3580
2 3580 1337
2 1337 1321
2 1321 4394
2 4394 1336
2 1336 4227
2 4227 1305
2 1305 1321
2 1290 4395
2 4395 1321
2 1321 1305
2 1305 2736
2 2736 1290
2 1306 4393
2 4393 1321
2 1321 4395
2 4395 1290
2 1290 1306
2 1321 4396
2 4396 1352
2 1352 3568
2 3568 1336
2 1336 4394
2 4394 1321
2 1352 4396
2 4396 1321
2 1321 1337
2 1337 1352
2 895 912
2 912 3604
2 3604 928
2 928 4397
2 4397 895
2 879 4398
2 4398 895
2 895 4399
2 4399 862
2 862 2749
2 2749 879
2 912 895
2 895 4398
2 4398 879
2 879 3595
2 3595 912
2 979 4400
2 4400 1012
2 1012 4401
2 4401 995
2 995 4402
2 4402 979
2 962 4403
2 4403 979
2 979 4402
2 4402 995
2 995 4404
2 4404 962
2 946 4405
2 4405 979
2 979 4403
2 4403 962
2 962 3598
2 3598 946
2 945 4406
2 4406 978
2 978 4407
2 4407 961
2 961 3603
2 3603 945
2 978 4406
2 4406 945
2 945 3600
2 3600 962
2 962 4408
2 4408 978
2 978 4409
2 4409 994
2 994 2756
2 2756 961
2 961 4407
2 4407 978
2 978 4408
2 4408 962
2 962 4404
2 4404 995
2 995 978
2 1011 4410
2 4410 978
2 978 995
2 995 1011
2 978 4410
2 4410 1011
2 1011 3605
2 3605 994
2 994 4409
2 4409 978
2 1011 4411
2 4411 1044
2 1044 4412
2 4412 1027
2 1027 3606
2 3606 1011
2 845 4413
2 4413 829
2 829 4414
2 4414 862
2 862 4415
2 4415 845
2 812 829
2 829 4413
2 4413 845
2 845 3608
2 3608 812
2 862 4414
2 4414 829
2 829 846
2 846 2750
2 2750 862
2 829 812
2 812 3611
2 3611 796
2 796 4416
2 4416 829
2 829 4417
2 4417 813
2 813 2953
2 2953 846
2 846 829
2 829 4416
2 4416 796
2 796 1960
2 1960 813
2 813 4417
2 4417 829
2 765 748
2 748 3622
2 3622 732
2 732 4418
2 4418 765
2 765 4419
2 4419 749
2 749 2765
2 2765 782
2 782 765
2 765 4418
2 4418 732
2 732 749
2 749 4419
2 4419 765
2 748 765
2 765 4420
2 4420 781
2 781 3618
2 3618 748
2 798 4421
2 4421 765
2 765 782
2 782 798
2 765 4421
2 4421 798
2 798 2217
2 2217 781
2 781 4420
2 4420 765
2 546 4422
2 4422 564
2 564 4423
2 4423 563
2 563 546
2 564 4424
2 4424 565
2 565 4425
2 4425 581
2 581 564
2 565 4424
2 4424 564
2 564 547
2 547 4361
2 4361 565
2 529 4426
2 4426 564
2 564 4422
2 4422 546
2 546 529
2 547 564
2 564 4426
2 4426 529
2 529 3634
2 3634 547
2 580 4427
2 4427 564
2 564 581
2 581 2819
2 2819 580
2 564 4427
2 4427 580
2 580 563
2 563 4423
2 4423 564
2 458 4428
2 4428 476
2 476 493
2 493 3646
2 3646 458
2 476 459
2 459 3650
2 3650 494
2 494 4429
2 4429 476
2 476 4428
2 4428 458
2 458 3648
2 3648 442
2 442 4430
2 4430 476
2 459 476
2 476 4430
2 4430 442
2 442 459
2 510 4431
2 4431 476
2 476 4429
2 4429 494
2 494 3645
2 3645 510
2 476 4431
2 4431 510
2 510 493
2 493 476
2 340 4432
2 4432 358
2 358 3656
2 3656 357
2 357 340
2 358 4432
2 4432 340
2 340 323
2 323 3654
2 3654 358
2 340 357
2 357 2244
2 2244 322
2 322 4433
2 4433 340
2 340 4434
2 4434 306
2 306 323
2 323 340
2 305 4435
2 4435 340
2 340 4433
2 4433 322
2 322 305
2 306 4434
2 4434 340
2 340 4435
2 4435 305
2 305 3658
2 3658 306
2 292 4436
2 4436 274
2 274 257
2 257 3464
2 3464 292
2 308 4437
2 4437 274
2 274 4436
2 4436 292
2 292 3660
2 3660 308
2 274 4438
2 4438 239
2 239 3463
2 3463 257
2 257 274
2 239 4438
2 4438 274
2 274 4439
2 4439 256
2 256 239
2 341 4440
2 4440 307
2 307 324
2 324 341
2 307 4441
2 4441 342
2 342 2831
2 2831 324
2 324 307
2 307 4442
2 4442 308
2 308 3662
2 3662 342
2 342 4441
2 4441 307
2 306 4443
2 4443 307
2 307 4440
2 4440 341
2 341 3659
2 3659 306
2 307 4443
2 4443 306
2 306 4334
2 4334 290
2 290 307
2 344 4444
2 4444 326
2 326 309
2 309 1916
2 1916 344
2 326 343
2 343 3677
2 3677 309
2 309 326
2 361 4445
2 4445 326
2 326 4444
2 4444 344
2 344 361
2 343 326
2 326 4445
2 4445 361
2 361 3674
2 3674 343
2 674 4446
2 4446 640
2 640 657
2 657 674
2 640 4447
2 4447 4448
2 4448 4449
2 4449 4450
2 4450 4451
2 4451 519
2 519 4452
2 4452 554
2 554 4453
2 4453 4454
2 4454 4455
2 4455 640
2 519 4451
2 4451 4450
2 4450 4449
2 4449 4448
2 4448 4447
2 4447 640
2 640 4446
2 4446 674
2 674 3798
2 3798 3797
2 3797 3796
2 3796 3795
2 3795 3794
2 3794 3793
2 3793 519
2 537 4456
2 4456 555
2 555 3728
2 3728 3727
2 3727 554
2 554 537
2 555 4456
2 4456 537
2 537 520
2 520 3729
2 3729 555
2 519 4457
2 4457 537
2 537 554
2 554 4452
2 4452 519
2 537 4457
2 4457 519
2 519 3790
2 3790 3789
2 3789 520
2 520 537
2 590 4458
2 4458 574
2 574 591
2 591 4459
2 4459 4460
2 4460 590
2 607 590
2 590 4460
2 4460 4459
2 4459 591
2 591 3735
2 3735 3734
2 3734 607
2 590 607
2 607 4461
2 4461 4462
2 4462 606
2 606 4463
2 4463 4464
2 4464 590
2 624 4465
2 4465 4466
2 4466 608
2 608 625
2 625 4467
2 4467 4468
2 4468 624
2 624 607
2 607 3733
2 3733 3732
2 3732 608
2 608 4466
2 4466 4465
2 4465 624
2 658 4469
2 4469 624
2 624 4468
2 4468 4467
2 4467 625
2 625 3698
2 3698 658
2 473 4470
2 4470 439
2 439 456
2 456 3763
2 3763 473
2 405 4471
2 4471 439
2 439 422
2 422 3950
2 3950 405
2 439 4472
2 4472 455
2 455 3956
2 3956 422
2 422 439
2 439 4470
2 4470 473
2 473 3767
2 3767 455
2 455 4472
2 4472 439
2 439 4471
2 4471 405
2 405 2790
2 2790 423
2 423 4473
2 4473 439
2 456 439
2 439 4473
2 4473 423
2 423 2927
2 2927 456
2 844 4474
2 4474 861
2 861 4475
2 4475 877
2 877 3777
2 3777 844
2 861 4474
2 4474 844
2 844 3779
2 3779 828
2 828 4476
2 4476 861
2 861 4476
2 4476 828
2 828 845
2 845 4477
2 4477 861
2 877 4475
2 4475 861
2 861 4478
2 4478 894
2 894 1969
2 1969 877
2 471 4479
2 4479 453
2 453 3814
2 3814 437
2 437 4480
2 4480 471
2 454 4481
2 4481 471
2 471 4480
2 4480 437
2 437 454
2 453 4479
2 4479 471
2 471 488
2 488 3810
2 3810 453
2 471 4481
2 4481 454
2 454 3811
2 3811 489
2 489 4482
2 4482 471
2 471 4483
2 4483 505
2 505 488
2 488 471
2 471 4482
2 4482 489
2 489 3803
2 3803 505
2 505 4483
2 4483 471
2 420 4484
2 4484 402
2 402 4485
2 4485 385
2 385 3817
2 3817 420
2 402 4486
2 4486 419
2 419 2984
2 2984 384
2 384 4487
2 4487 402
2 368 4488
2 4488 402
2 402 4487
2 4487 384
2 384 2345
2 2345 368
2 385 4485
2 4485 402
2 402 4488
2 4488 368
2 368 385
2 433 4489
2 4489 417
2 417 3824
2 3824 450
2 450 433
2 417 4489
2 4489 433
2 433 4490
2 4490 399
2 399 3822
2 3822 417
2 399 4490
2 4490 433
2 433 416
2 416 2992
2 2992 399
2 416 433
2 433 4491
2 4491 467
2 467 2054
2 2054 416
2 433 450
2 450 2047
2 2047 467
2 467 4491
2 4491 433
2 296 4492
2 4492 4493
2 4493 295
2 295 3153
2 3153 279
2 279 296
2 296 4494
2 4494 330
2 330 3849
2 3849 295
2 295 4493
2 4493 4492
2 4492 296
2 330 4494
2 4494 296
2 296 313
2 313 3847
2 3847 330
2 262 4495
2 4495 296
2 296 279
2 279 262
2 280 4496
2 4496 296
2 296 4495
2 4495 262
2 262 3870
2 3870 280
2 313 296
2 296 4497
2 4497 331
2 331 3019
2 3019 313
2 296 4498
2 4498 4499
2 4499 297
2 297 3053
2 3053 331
2 331 4497
2 4497 296
2 297 4499
2 4499 4498
2 4498 296
2 296 4496
2 4496 280
2 280 297
2 401 4500
2 4500 383
2 383 4501
2 4501 367
2 367 2985
2 2985 401
2 383 366
2 366 3859
2 3859 3858
2 3858 367
2 367 4501
2 4501 383
2 383 4500
2 4500 401
2 401 2987
2 2987 418
2 418 4502
2 4502 383
2 400 4503
2 4503 383
2 383 4502
2 4502 418
2 418 2989
2 2989 400
2 366 383
2 383 4503
2 4503 400
2 400 3862
2 3862 366
2 349 4504
2 4504 4505
2 4505 365
2 365 348
2 348 3027
2 3027 3026
2 3026 349
2 366 4506
2 4506 4507
2 4507 365
2 365 4505
2 4505 4504
2 4504 349
2 349 366
2 365 4507
2 4507 4506
2 4506 366
2 366 3863
2 3863 382
2 382 365
2 399 4508
2 4508 365
2 365 382
2 382 3823
2 3823 399
2 365 4508
2 4508 399
2 399 2991
2 2991 381
2 381 4509
2 4509 365
2 364 4510
2 4510 4511
2 4511 365
2 365 4509
2 4509 381
2 381 364
2 348 365
2 365 4511
2 4511 4510
2 4510 364
2 364 3015
2 3015 3014
2 3014 348
2 264 4512
2 4512 229
2 229 3865
2 3865 247
2 247 4513
2 4513 264
2 282 4514
2 4514 264
2 264 4513
2 4513 247
2 247 3039
2 3039 282
2 264 4515
2 4515 298
2 298 281
2 281 264
2 298 4515
2 4515 264
2 264 4514
2 4514 282
2 282 3857
2 3857 298
2 212 4516
2 4516 179
2 179 196
2 196 4517
2 4517 212
2 229 212
2 212 4517
2 4517 196
2 196 3866
2 3866 229
2 179 4516
2 4516 212
2 212 195
2 195 3040
2 3040 179
2 195 212
2 212 4518
2 4518 228
2 228 3879
2 3879 195
2 181 198
2 198 4519
2 4519 214
2 214 3868
2 3868 181
2 231 4520
2 4520 198
2 198 215
2 215 3124
2 3124 231
2 198 4520
2 4520 231
2 231 214
2 214 4519
2 4519 198
2 215 198
2 198 4521
2 4521 182
2 182 3129
2 3129 215
2 198 4522
2 4522 166
2 166 182
2 182 4521
2 4521 198
2 166 4522
2 4522 198
2 198 4523
2 4523 165
2 165 3083
2 3083 166
2 198 181
2 181 165
2 165 4523
2 4523 198
2 5 4524
2 4524 2
2 2 1
2 1 3065
2 3065 5
2 7 4525
2 4525 2
2 2 4524
2 4524 5
2 5 3885
2 3885 7
2 2 4525
2 4525 7
2 7 4
2 4 2
2 1 2
2 2 4526
2 4526 0
2 0 1
2 2 4527
2 4527 4528
2 4528 3
2 3 2030
2 2030 2029
2 2029 0
2 0 4526
2 4526 2
2 2 4
2 4 3056
2 3056 3
2 3 4528
2 4528 4527
2 4527 2
2 128 142
2 142 4529
2 4529 156
2 156 3110
2 3110 128
2 142 4530
2 4530 171
2 171 156
2 156 4529
2 4529 142
2 204 4531
2 4531 172
2 172 188
2 188 2150
2 2150 204
2 171 4532
2 4532 172
2 172 4531
2 4531 204
2 204 3914
2 3914 171
2 172 4533
2 4533 143
2 143 158
2 158 4534
2 4534 172
2 172 4535
2 4535 205
2 205 188
2 188 172
2 172 4534
2 4534 158
2 158 173
2 173 4536
2 4536 172
2 205 4535
2 4535 172
2 172 4536
2 4536 173
2 173 2657
2 2657 205
2 128 115
2 115 4537
2 4537 129
2 129 4538
2 4538 128
2 115 103
2 103 3915
2 3915 129
2 129 4537
2 4537 115
2 103 115
2 115 4539
2 4539 91
2 91 103
2 58 4540
2 4540 50
2 50 4541
2 4541 68
2 68 3919
2 3919 58
2 50 4540
2 4540 58
2 58 49
2 49 4542
2 4542 50
2 113 101
2 101 4543
2 4543 127
2 127 3118
2 3118 113
2 101 113
2 113 3116
2 3116 89
2 89 101
2 90 4544
2 4544 101
2 101 89
2 89 3945
2 3945 90
2 100 88
2 88 4545
2 4545 89
2 89 3115
2 3115 100
2 88 4546
2 4546 78
2 78 89
2 89 4545
2 4545 88
2 88 77
2 77 3112
2 3112 78
2 78 4546
2 4546 88
2 99 4547
2 4547 112
2 112 125
2 125 3948
2 3948 99
2 112 4548
2 4548 126
2 126 2438
2 2438 125
2 125 112
2 112 100
2 100 3117
2 3117 126
2 126 4548
2 4548 112
2 112 4549
2 4549 88
2 88 100
2 100 112
2 88 4549
2 4549 112
2 112 4547
2 4547 99
2 99 4550
2 4550 88
2 438 421
2 421 4551
2 4551 404
2 404 3957
2 3957 438
2 421 4552
2 4552 437
2 437 3816
2 3816 403
2 403 4553
2 4553 421
2 421 4554
2 4554 454
2 454 437
2 437 4552
2 4552 421
2 421 438
2 438 3959
2 3959 454
2 454 4554
2 4554 421
2 351 4555
2 4555 352
2 352 4556
2 4556 4557
2 4557 368
2 368 351
2 352 369
2 369 3973
2 3973 368
2 368 4557
2 4557 4556
2 4556 352
2 352 4555
2 4555 351
2 351 334
2 334 4558
2 4558 352
2 352 4558
2 4558 334
2 334 3981
2 3981 317
2 317 4559
2 4559 352
2 370 387
2 387 3952
2 3952 404
2 404 4560
2 4560 370
2 371 4561
2 4561 370
2 370 4562
2 4562 4563
2 4563 354
2 354 371
2 387 370
2 370 4561
2 4561 371
2 371 3954
2 3954 387
2 244 4564
2 4564 210
2 210 227
2 227 244
2 226 4565
2 4565 210
2 210 4564
2 4564 244
2 244 3996
2 3996 226
2 194 4566
2 4566 210
2 210 4567
2 4567 177
2 177 194
2 210 4566
2 4566 194
2 194 3882
2 3882 227
2 227 210
2 243 226
2 226 3995
2 3995 261
2 261 4568
2 4568 243
2 243 4568
2 4568 261
2 261 278
2 278 4569
2 4569 243
2 260 4570
2 4570 243
2 243 4569
2 4569 278
2 278 3985
2 3985 260
2 1441 4571
2 4571 1442
2 1442 1453
2 1453 4572
2 4572 1441
2 1441 4573
2 4573 1430
2 1430 1442
2 1442 4571
2 4571 1441
2 1392 1378
2 1378 4574
2 4574 1406
2 1406 1392
2 1361 4575
2 4575 1391
2 1391 4576
2 4576 1376
2 1376 1361
2 1405 1391
2 1391 1377
2 1377 4002
2 4002 1405
2 1377 1391
2 1391 4577
2 4577 1362
2 1362 1377
2 1391 4575
2 4575 1361
2 1361 4005
2 4005 1362
2 1362 4577
2 4577 1391
2 1391 1405
2 1405 3162
2 3162 1404
2 1404 4578
2 4578 1391
2 1376 4576
2 4576 1391
2 1391 4578
2 4578 1404
2 1404 4009
2 4009 1376
2 1198 4579
2 4579 1165
2 1165 4580
2 4580 1182
2 1182 1198
2 1181 1165
2 1165 4579
2 4579 1198
2 1198 4219
2 4219 1181
2 1165 4581
2 4581 1166
2 1166 1182
2 1182 4580
2 4580 1165
2 1166 4581
2 4581 1165
2 1165 1149
2 1149 4015
2 4015 1166
2 1164 4582
2 4582 1165
2 1165 1181
2 1181 4583
2 4583 1164
2 1164 4584
2 4584 1197
2 1197 4216
2 4216 1180
2 1180 1164
2 1197 4584
2 4584 1164
2 1164 4583
2 4583 1181
2 1181 1197
2 1147 4585
2 4585 1164
2 1164 4586
2 4586 1163
2 1163 1147
2 1164 1180
2 1180 3356
2 3356 1163
2 1163 4586
2 4586 1164
2 1166 4587
2 4587 1167
2 1167 1183
2 1183 4017
2 4017 1166
2 1167 4588
2 4588 1150
2 1150 2481
2 2481 1151
2 1151 1167
2 1167 4587
2 4587 1166
2 1166 1150
2 1150 4588
2 4588 1167
2 1168 4589
2 4589 1167
2 1167 1151
2 1151 4068
2 4068 1168
2 1184 4590
2 4590 1167
2 1167 4589
2 4589 1168
2 1168 1184
2 983 967
2 967 4591
2 4591 1000
2 1000 983
2 967 983
2 983 4592
2 4592 950
2 950 4593
2 4593 967
2 967 4593
2 4593 950
2 950 934
2 934 4594
2 4594 967
2 951 967
2 967 4594
2 4594 934
2 934 4021
2 4021 951
2 1099 4595
2 4595 1100
2 1100 1116
2 1116 4596
2 4596 1099
2 1100 4595
2 4595 1099
2 1099 1083
2 1083 4032
2 4032 1100
2 1132 4597
2 4597 1099
2 1099 4596
2 4596 1116
2 1116 1132
2 1099 4597
2 4597 1132
2 1132 4598
2 4598 1115
2 1115 1099
2 1098 4599
2 4599 1099
2 1099 1115
2 1115 4243
2 4243 1098
2 1083 1099
2 1099 4600
2 4600 1082
2 1082 4601
2 4601 1083
2 1099 4599
2 4599 1098
2 1098 1082
2 1082 4600
2 4600 1099
2 969 4602
2 4602 1002
2 1002 985
2 985 969
2 1003 4603
2 4603 1020
2 1020 1036
2 1036 4604
2 4604 1003
2 1002 1018
2 1018 4605
2 4605 985
2 985 1002
2 1018 4606
2 4606 1051
2 1051 4607
2 4607 1034
2 1034 1018
2 1018 1002
2 1002 4608
2 4608 1035
2 1035 4609
2 4609 1018
2 1051 4606
2 4606 1018
2 1018 4609
2 4609 1035
2 1035 1051
2 1049 1033
2 1033 4610
2 4610 1066
2 1066 4611
2 4611 1049
2 1033 4612
2 4612 1050
2 1050 1066
2 1066 4610
2 4610 1033
2 1050 4612
2 4612 1033
2 1033 1017
2 1017 4245
2 4245 1050
2 1016 4613
2 4613 1033
2 1033 1049
2 1049 4022
2 4022 1016
2 1033 4613
2 4613 1016
2 1016 1000
2 1000 4614
2 4614 1033
2 1017 1033
2 1033 4614
2 4614 1000
2 1000 4615
2 4615 1017
2 825 4616
2 4616 841
2 841 4617
2 4617 808
2 808 4035
2 4035 825
2 841 4616
2 4616 825
2 825 4618
2 4618 858
2 858 841
2 841 824
2 824 808
2 808 4617
2 4617 841
2 874 4619
2 4619 841
2 841 858
2 858 874
2 841 4619
2 4619 874
2 874 4620
2 4620 857
2 857 4621
2 4621 841
2 824 841
2 841 4621
2 4621 857
2 857 4622
2 4622 824
2 876 4623
2 4623 859
2 859 4624
2 4624 809
2 809 3186
2 3186 3185
2 3185 876
2 874 890
2 890 4625
2 4625 857
2 857 4620
2 4620 874
2 890 4626
2 4626 923
2 923 906
2 906 890
2 890 874
2 874 4089
2 4089 907
2 907 4627
2 4627 890
2 923 4626
2 4626 890
2 890 4627
2 4627 907
2 907 4055
2 4055 923
2 921 4628
2 4628 905
2 905 4037
2 4037 938
2 938 921
2 921 4629
2 4629 937
2 937 4630
2 4630 904
2 904 921
2 1053 4631
2 4631 1085
2 1085 1069
2 1069 1053
2 1053 4632
2 4632 1070
2 1070 4633
2 4633 1085
2 1085 4631
2 4631 1053
2 1070 4632
2 4632 1053
2 1053 1037
2 1037 4061
2 4061 1070
2 1053 4634
2 4634 1020
2 1020 4044
2 4044 1037
2 1037 1053
2 1036 4635
2 4635 1053
2 1053 1069
2 1069 4043
2 4043 1036
2 1020 4634
2 4634 1053
2 1053 4635
2 4635 1036
2 1036 1020
2 1052 1068
2 1068 4636
2 4636 1035
2 1035 4637
2 4637 1052
2 1068 1052
2 1052 4041
2 4041 1084
2 1084 1068
2 1068 4638
2 4638 1051
2 1051 1035
2 1035 4636
2 4636 1068
2 1083 4639
2 4639 1068
2 1068 1084
2 1084 4033
2 4033 1083
2 1051 4638
2 4638 1068
2 1068 4639
2 4639 1083
2 1083 4640
2 4640 1051
2 1006 989
2 989 973
2 973 4641
2 4641 1006
2 989 1006
2 1006 1022
2 1022 4642
2 4642 989
2 1006 4641
2 4641 973
2 973 4643
2 4643 990
2 990 4644
2 4644 1006
2 1023 4645
2 4645 1006
2 1006 4644
2 4644 990
2 990 4646
2 4646 1023
2 1005 988
2 988 972
2 972 4647
2 4647 1005
2 989 4648
2 4648 1005
2 1005 4647
2 4647 972
2 972 4060
2 4060 989
2 1005 4648
2 4648 989
2 989 4642
2 4642 1022
2 1022 4649
2 4649 1005
2 1054 4650
2 4650 1086
2 1086 1070
2 1070 1054
2 1086 1102
2 1102 3174
2 3174 1085
2 1085 4651
2 4651 1086
2 1070 1086
2 1086 4651
2 4651 1085
2 1085 4633
2 4633 1070
2 1086 4650
2 4650 1054
2 1054 4652
2 4652 1071
2 1071 4653
2 4653 1086
2 1086 4654
2 4654 1103
2 1103 4655
2 4655 1102
2 1102 1086
2 1039 1023
2 1023 4064
2 4064 1056
2 1056 4656
2 4656 1039
2 1039 1055
2 1055 4657
2 4657 1022
2 1022 4658
2 4658 1039
2 1006 4659
2 4659 1039
2 1039 4658
2 4658 1022
2 1022 1006
2 1039 4659
2 4659 1006
2 1006 4645
2 4645 1023
2 1023 1039
2 758 4660
2 4660 725
2 725 4312
2 4312 742
2 742 4661
2 4661 758
2 725 4660
2 4660 758
2 758 741
2 741 725
2 774 757
2 757 4662
2 4662 741
2 741 4663
2 4663 774
2 758 4664
2 4664 774
2 774 4663
2 4663 741
2 741 758
2 774 4664
2 4664 758
2 758 4665
2 4665 791
2 791 774
2 774 791
2 791 807
2 807 4666
2 4666 774
2 905 4667
2 4667 872
2 872 4668
2 4668 889
2 889 905
2 756 4669
2 4669 789
2 789 772
2 772 3453
2 3453 756
2 772 789
2 789 805
2 805 4670
2 4670 772
2 774 4671
2 4671 790
2 790 4672
2 4672 757
2 757 774
2 790 4671
2 4671 774
2 774 4666
2 4666 807
2 807 4673
2 4673 790
2 823 4674
2 4674 790
2 790 4673
2 4673 807
2 807 823
2 790 4674
2 4674 823
2 823 4675
2 4675 806
2 806 790
2 873 4676
2 4676 906
2 906 3201
2 3201 889
2 889 873
2 890 4677
2 4677 873
2 873 857
2 857 4625
2 4625 890
2 873 4677
2 4677 890
2 890 906
2 906 4676
2 4676 873
2 840 823
2 823 807
2 807 4678
2 4678 840
2 840 4679
2 4679 824
2 824 4622
2 4622 857
2 857 840
2 824 4679
2 4679 840
2 840 4678
2 4678 807
2 807 4067
2 4067 824
2 873 4680
2 4680 840
2 840 857
2 857 873
2 1152 4681
2 4681 1119
2 1119 4682
2 4682 1136
2 1136 1152
2 1119 1103
2 1103 4071
2 4071 1136
2 1136 4682
2 4682 1119
2 1103 1119
2 1119 4683
2 4683 1102
2 1102 4655
2 4655 1103
2 1104 4684
2 4684 1087
2 1087 4685
2 4685 1088
2 1088 1104
2 1087 4684
2 4684 1104
2 1104 4074
2 4074 1103
2 1103 1087
2 1055 4686
2 4686 1087
2 1087 1071
2 1071 1055
2 1087 4687
2 4687 1086
2 1086 4653
2 4653 1071
2 1071 1087
2 1086 4687
2 4687 1087
2 1087 1103
2 1103 4654
2 4654 1086
2 1073 1089
2 1089 4688
2 4688 1088
2 1088 4075
2 4075 1073
2 1074 4689
2 4689 1089
2 1089 4690
2 4690 1057
2 1057 3231
2 3231 1074
2 1089 1073
2 1073 1057
2 1057 4690
2 4690 1089
2 975 4691
2 4691 942
2 942 3234
2 3234 959
2 959 975
2 942 4691
2 4691 975
2 975 4692
2 4692 958
2 958 942
2 974 4693
2 4693 1007
2 1007 990
2 990 974
2 1007 1023
2 1023 4646
2 4646 990
2 990 1007
2 1023 1007
2 1007 4694
2 4694 1040
2 1040 4063
2 4063 1023
2 892 876
2 876 3237
2 3237 909
2 909 4695
2 4695 892
2 925 4696
2 4696 892
2 892 4695
2 4695 909
2 909 4083
2 4083 925
2 892 4696
2 4696 925
2 925 908
2 908 892
2 892 4697
2 4697 859
2 859 4623
2 4623 876
2 876 892
2 973 957
2 957 4698
2 4698 990
2 990 4643
2 4643 973
2 957 4699
2 4699 974
2 974 990
2 990 4698
2 4698 957
2 957 941
2 941 4086
2 4086 974
2 974 4699
2 4699 957
2 940 4700
2 4700 957
2 957 973
2 973 4053
2 4053 940
2 1520 4701
2 4701 1517
2 1517 4100
2 4100 4099
2 4099 1526
2 1526 4702
2 4702 1520
2 1486 4703
2 4703 1493
2 1493 4704
2 4704 1477
2 1477 4705
2 4705 1486
2 1486 4706
2 4706 1459
2 1459 3238
2 3238 1469
2 1469 4707
2 4707 1486
2 1459 4706
2 4706 1486
2 1486 4705
2 4705 1477
2 1477 3239
2 3239 1459
2 1493 1485
2 1485 1477
2 1477 4704
2 4704 1493
2 1485 4708
2 4708 1476
2 1476 3247
2 3247 1458
2 1458 4709
2 4709 1485
2 1485 4709
2 4709 1458
2 1458 4095
2 4095 1468
2 1468 4710
2 4710 1485
2 1477 1485
2 1485 4710
2 4710 1468
2 1468 1477
2 1525 4711
2 4711 1528
2 1528 1529
2 1529 4712
2 4712 1525
2 1527 1525
2 1525 4712
2 4712 1529
2 1529 3298
2 3298 1527
2 1484 4713
2 4713 1498
2 1498 1491
2 1491 4714
2 4714 1484
2 1475 4715
2 4715 1484
2 1484 4714
2 4714 1491
2 1491 2580
2 2580 1475
2 1457 4716
2 4716 1484
2 1484 4715
2 4715 1475
2 1475 4178
2 4178 1457
2 1476 1484
2 1484 4717
2 4717 1467
2 1467 1476
2 1484 4716
2 4716 1457
2 1457 4186
2 4186 1467
2 1467 4717
2 4717 1484
2 1412 1399
2 1399 4116
2 4116 1413
2 1413 4718
2 4718 1412
2 1412 4719
2 4719 1425
2 1425 3255
2 3255 1424
2 1424 1412
2 1425 4719
2 4719 1412
2 1412 4718
2 4718 1413
2 1413 1425
2 1411 4720
2 4720 1412
2 1412 1424
2 1424 4391
2 4391 1411
2 1399 1412
2 1412 4721
2 4721 1398
2 1398 4117
2 4117 1399
2 1412 4720
2 4720 1411
2 1411 1398
2 1398 4721
2 4721 1412
2 1357 4722
2 4722 1356
2 1356 1341
2 1341 4143
2 4143 1357
2 1356 4722
2 4722 1357
2 1357 2502
2 2502 1386
2 1386 4723
2 4723 1356
2 1371 1356
2 1356 4723
2 4723 1386
2 1386 4119
2 4119 1371
2 1356 4724
2 4724 1325
2 1325 1341
2 1341 1356
2 1356 4725
2 4725 1340
2 1340 2514
2 2514 1325
2 1325 4724
2 4724 1356
2 1356 4726
2 4726 1355
2 1355 1340
2 1340 4725
2 4725 1356
2 1355 4726
2 4726 1356
2 1356 4727
2 4727 1385
2 1385 3322
2 3322 1355
2 1356 1371
2 1371 1385
2 1385 4727
2 4727 1356
2 1268 4728
2 4728 1267
2 1267 1251
2 1251 4729
2 4729 1268
2 1252 1268
2 1268 4729
2 4729 1251
2 1251 4136
2 4136 1252
2 1267 4728
2 4728 1268
2 1268 4730
2 4730 1283
2 1283 1267
2 1268 4731
2 4731 1299
2 1299 3432
2 3432 1283
2 1283 4730
2 4730 1268
2 1268 1284
2 1284 1299
2 1299 4731
2 4731 1268
2 1284 1268
2 1268 4732
2 4732 1269
2 1269 4733
2 4733 1284
2 1268 1252
2 1252 4273
2 4273 1269
2 1269 4732
2 4732 1268
2 1058 4734
2 4734 1090
2 1090 1074
2 1074 1058
2 1075 4735
2 4735 1090
2 1090 4734
2 4734 1058
2 1058 4138
2 4138 1075
2 1090 4736
2 4736 1089
2 1089 4689
2 4689 1074
2 1074 1090
2 1076 4737
2 4737 1091
2 1091 4738
2 4738 1059
2 1059 3204
2 3204 1076
2 1091 1075
2 1075 1059
2 1059 4738
2 4738 1091
2 1091 4737
2 4737 1076
2 1076 1092
2 1092 4739
2 4739 1091
2 1091 4740
2 4740 1090
2 1090 4735
2 4735 1075
2 1075 1091
2 1156 4741
2 4741 1157
2 1157 1173
2 1173 4139
2 4139 1156
2 1157 4741
2 4741 1156
2 1156 1140
2 1140 4742
2 4742 1157
2 1173 1157
2 1157 4743
2 4743 1174
2 1174 2636
2 2636 1173
2 1157 1141
2 1141 4141
2 4141 1174
2 1174 4743
2 4743 1157
2 1124 4744
2 4744 1157
2 1157 4742
2 4742 1140
2 1140 1124
2 1157 4744
2 4744 1124
2 1124 4745
2 4745 1141
2 1141 1157
2 1478 4746
2 4746 1487
2 1487 4167
2 4167 1494
2 1494 4747
2 4747 1478
2 1478 1486
2 1486 4707
2 4707 1469
2 1469 1478
2 1486 1478
2 1478 4747
2 4747 1494
2 1494 1486
2 1460 4748
2 4748 1478
2 1478 1469
2 1469 1460
2 1487 4746
2 4746 1478
2 1478 4748
2 4748 1460
2 1460 4165
2 4165 1487
2 1279 1294
2 1294 4201
2 4201 1263
2 1263 1279
2 1279 4749
2 4749 1264
2 1264 4121
2 4121 1295
2 1295 4750
2 4750 1279
2 1264 4749
2 4749 1279
2 1279 1263
2 1263 4123
2 4123 1264
2 1326 1310
2 1310 4751
2 4751 1295
2 1295 4146
2 4146 1326
2 1310 4752
2 4752 1279
2 1279 4750
2 4750 1295
2 1295 4751
2 4751 1310
2 1279 4752
2 4752 1310
2 1310 1294
2 1294 1279
2 1294 1310
2 1310 4753
2 4753 1325
2 1325 4198
2 4198 1294
2 1325 4753
2 4753 1310
2 1310 4754
2 4754 1341
2 1341 1325
2 1310 1326
2 1326 4144
2 4144 1341
2 1341 4754
2 4754 1310
2 1183 4755
2 4755 1200
2 1200 4756
2 4756 1199
2 1199 1183
2 1200 4757
2 4757 1231
2 1231 4210
2 4210 1199
2 1199 4756
2 4756 1200
2 1167 4758
2 4758 1200
2 1200 4755
2 4755 1183
2 1183 1167
2 1200 4758
2 4758 1167
2 1167 4590
2 4590 1184
2 1184 1200
2 1200 4759
2 4759 1201
2 1201 4161
2 4161 1232
2 1232 4760
2 4760 1200
2 1200 1184
2 1184 4202
2 4202 1201
2 1201 4759
2 4759 1200
2 1130 4761
2 4761 1147
2 1147 4762
2 4762 1146
2 1146 1130
2 1147 4761
2 4761 1130
2 1130 1114
2 1114 4205
2 4205 1147
2 1113 4763
2 4763 1130
2 1130 1146
2 1146 4028
2 4028 1113
2 1335 4764
2 4764 1320
2 1320 4225
2 4225 1351
2 1351 4765
2 4765 1335
2 1335 4766
2 4766 1380
2 1380 2723
2 2723 2722
2 2722 1319
2 1319 1335
2 1380 4766
2 4766 1335
2 1335 4765
2 4765 1351
2 1351 3560
2 3560 1380
2 1304 4767
2 4767 1335
2 1335 1319
2 1319 3358
2 3358 1304
2 1320 4764
2 4764 1335
2 1335 4767
2 4767 1304
2 1304 1320
2 1062 1078
2 1078 4768
2 4768 1077
2 1077 4232
2 4232 1062
2 1093 4769
2 4769 4770
2 4770 1078
2 1078 1094
2 1094 4236
2 4236 1093
2 1078 4770
2 4770 4769
2 4769 1093
2 1093 1077
2 1077 4768
2 4768 1078
2 1078 1062
2 1062 1046
2 1046 4771
2 4771 1078
2 1078 4771
2 4771 1046
2 1046 3371
2 3371 1063
2 1063 4772
2 4772 1078
2 1078 4773
2 4773 1079
2 1079 3384
2 3384 3383
2 3383 1094
2 1094 1078
2 1078 4772
2 4772 1063
2 1063 1079
2 1079 4773
2 4773 1078
2 1046 4774
2 4774 1029
2 1029 1013
2 1013 3373
2 3373 1046
2 1062 4775
2 4775 1029
2 1029 4774
2 4774 1046
2 1046 1062
2 1029 4775
2 4775 1062
2 1062 4234
2 4234 1045
2 1045 4776
2 4776 1029
2 1012 4777
2 4777 1029
2 1029 4776
2 4776 1045
2 1045 4778
2 4778 1012
2 1065 4779
2 4779 1048
2 1048 1032
2 1032 4247
2 4247 1065
2 1048 4780
2 4780 1015
2 1015 3177
2 3177 1032
2 1032 1048
2 1048 4781
2 4781 1080
2 1080 1064
2 1064 1048
2 1048 4779
2 4779 1065
2 1065 4782
2 4782 1080
2 1080 4781
2 4781 1048
2 1031 4783
2 4783 1048
2 1048 1064
2 1064 3375
2 3375 1031
2 1048 4783
2 4783 1031
2 1031 1015
2 1015 4780
2 4780 1048
2 1081 4784
2 4784 1049
2 1049 4611
2 4611 1066
2 1066 4785
2 4785 1081
2 1081 1065
2 1065 1049
2 1049 4784
2 4784 1081
2 1065 1081
2 1081 4786
2 4786 1080
2 1080 4782
2 4782 1065
2 1082 4787
2 4787 1081
2 1081 4785
2 4785 1066
2 1066 1082
2 1331 1347
2 1347 1362
2 1362 3428
2 3428 1331
2 1316 4788
2 4788 1347
2 1347 1331
2 1331 4789
2 4789 1316
2 1347 4788
2 4788 1316
2 1316 1332
2 1332 4790
2 4790 1347
2 1300 4791
2 4791 1315
2 1315 4266
2 4266 1284
2 1284 4792
2 4792 1300
2 1300 1285
2 1285 4280
2 4280 1316
2 1316 1300
2 1300 1316
2 1316 4789
2 4789 1331
2 1331 4793
2 4793 1300
2 1315 4791
2 4791 1300
2 1300 4793
2 4793 1331
2 1331 1315
2 1300 4792
2 4792 1284
2 1284 4733
2 4733 1269
2 1269 4794
2 4794 1300
2 1285 1300
2 1300 4794
2 4794 1269
2 1269 1285
2 1254 4795
2 4795 1253
2 1253 4275
2 4275 1238
2 1238 1254
2 1253 4795
2 4795 1254
2 1254 1270
2 1270 4276
2 4276 1253
2 1254 1238
2 1238 3445
2 3445 1223
2 1223 4796
2 4796 1254
2 1254 4796
2 4796 1223
2 1223 4797
2 4797 1271
2 1271 4798
2 4798 1254
2 1270 1254
2 1254 4798
2 4798 1271
2 1271 3447
2 3447 1270
2 834 4799
2 4799 818
2 818 4800
2 4800 851
2 851 834
2 818 835
2 835 4283
2 4283 851
2 851 4800
2 4800 818
2 835 818
2 818 802
2 802 4801
2 4801 835
2 818 4799
2 4799 834
2 834 2662
2 2662 801
2 801 4802
2 4802 818
2 964 980
2 980 4803
2 4803 947
2 947 4289
2 4289 964
2 981 4804
2 4804 964
2 964 948
2 948 4805
2 4805 981
2 965 981
2 981 4805
2 4805 948
2 948 4292
2 4292 965
2 931 4806
2 4806 915
2 915 4807
2 4807 948
2 948 4290
2 4290 931
2 915 932
2 932 948
2 948 4807
2 4807 915
2 915 4806
2 4806 931
2 931 4287
2 4287 898
2 898 915
2 882 4808
2 4808 915
2 915 898
2 898 882
2 982 999
2 999 1015
2 1015 4809
2 4809 982
2 850 4810
2 4810 883
2 883 4811
2 4811 866
2 866 850
2 833 850
2 850 866
2 866 4302
2 4302 833
2 834 4812
2 4812 850
2 850 4813
2 4813 817
2 817 834
2 850 833
2 833 4300
2 4300 817
2 817 4813
2 4813 850
2 883 867
2 867 4814
2 4814 900
2 900 4296
2 4296 883
2 884 4815
2 4815 867
2 867 851
2 851 4305
2 4305 884
2 867 4815
2 4815 884
2 884 900
2 900 4814
2 4814 867
2 867 4816
2 4816 834
2 834 851
2 851 867
2 867 4817
2 4817 850
2 850 4812
2 4812 834
2 834 4816
2 4816 867
2 850 4817
2 4817 867
2 867 883
2 883 4810
2 4810 850
2 853 4818
2 4818 886
2 886 4819
2 4819 869
2 869 853
2 886 4818
2 4818 853
2 853 4286
2 4286 870
2 870 886
2 885 4820
2 4820 902
2 902 4821
2 4821 918
2 918 3450
2 3450 885
2 902 886
2 886 4822
2 4822 919
2 919 902
2 902 4820
2 4820 885
2 885 869
2 869 4823
2 4823 902
2 886 902
2 902 4823
2 4823 869
2 869 4819
2 4819 886
2 904 4824
2 4824 920
2 920 4825
2 4825 887
2 887 4826
2 4826 904
2 937 920
2 920 4824
2 4824 904
2 904 4630
2 4630 937
2 920 937
2 937 953
2 953 4827
2 4827 920
2 707 4828
2 4828 706
2 706 689
2 689 4324
2 4324 707
2 723 706
2 706 4829
2 4829 740
2 740 4318
2 4318 723
2 706 4828
2 4828 707
2 707 4830
2 4830 740
2 740 4829
2 4829 706
2 688 4831
2 4831 706
2 706 4832
2 4832 705
2 705 688
2 706 4831
2 4831 688
2 688 3480
2 3480 689
2 689 706
2 706 4833
2 4833 739
2 739 4834
2 4834 705
2 705 4832
2 4832 706
2 706 723
2 723 739
2 739 4833
2 4833 706
2 757 4835
2 4835 724
2 724 4836
2 4836 741
2 741 4662
2 4662 757
2 724 707
2 707 4321
2 4321 741
2 741 4836
2 4836 724
2 724 4835
2 4835 757
2 757 740
2 740 724
2 707 724
2 724 740
2 740 4830
2 4830 707
2 186 170
2 170 3912
2 3912 203
2 203 186
2 201 184
2 184 168
2 168 4344
2 4344 201
2 184 4837
2 4837 200
2 200 4349
2 4349 168
2 168 184
2 218 4838
2 4838 234
2 234 4839
2 4839 201
2 201 218
2 270 4840
2 4840 252
2 252 235
2 235 4841
2 4841 270
2 252 4840
2 4840 270
2 270 287
2 287 4842
2 4842 252
2 252 4843
2 4843 218
2 218 235
2 235 252
2 252 4844
2 4844 234
2 234 4838
2 4838 218
2 218 4843
2 4843 252
2 169 185
2 185 4845
2 4845 201
2 201 4343
2 4343 169
2 185 4846
2 4846 218
2 218 201
2 201 4845
2 4845 185
2 287 304
2 304 4847
2 4847 303
2 303 4848
2 4848 287
2 304 4849
2 4849 338
2 338 4356
2 4356 303
2 303 4847
2 4847 304
2 339 4850
2 4850 304
2 304 4851
2 4851 305
2 305 2245
2 2245 339
2 304 4852
2 4852 288
2 288 305
2 305 4851
2 4851 304
2 270 4853
2 4853 304
2 304 287
2 287 270
2 304 4853
2 4853 270
2 270 4854
2 4854 288
2 288 4852
2 4852 304
2 253 270
2 270 4841
2 4841 235
2 235 4855
2 4855 253
2 253 236
2 236 3476
2 3476 271
2 271 4856
2 4856 253
2 288 4857
2 4857 253
2 253 4856
2 4856 271
2 271 288
2 270 253
2 253 4857
2 4857 288
2 288 4854
2 4854 270
2 566 4858
2 4858 531
2 531 4859
2 4859 549
2 549 566
2 514 531
2 531 4860
2 4860 530
2 530 4384
2 4384 514
2 531 4861
2 4861 532
2 532 549
2 549 4859
2 4859 531
2 532 4861
2 4861 531
2 531 4862
2 4862 515
2 515 532
2 531 514
2 514 2699
2 2699 515
2 515 4862
2 4862 531
2 582 4863
2 4863 566
2 566 583
2 583 4864
2 4864 582
2 582 565
2 565 4865
2 4865 566
2 566 4863
2 4863 582
2 582 4866
2 4866 598
2 598 581
2 581 4867
2 4867 582
2 565 582
2 582 4867
2 4867 581
2 581 4425
2 4425 565
2 768 785
2 785 801
2 801 4369
2 4369 768
2 785 4868
2 4868 818
2 818 4802
2 4802 801
2 801 785
2 818 4868
2 4868 785
2 785 4869
2 4869 802
2 802 818
2 751 4870
2 4870 718
2 718 4368
2 4368 735
2 735 4871
2 4871 751
2 768 751
2 751 4871
2 4871 735
2 735 4872
2 4872 768
2 718 4870
2 4870 751
2 751 734
2 734 718
2 734 751
2 751 4873
2 4873 767
2 767 2214
2 2214 734
2 767 4873
2 4873 751
2 751 4874
2 4874 784
2 784 767
2 751 768
2 768 4370
2 4370 784
2 784 4874
2 4874 751
2 835 852
2 852 868
2 868 4281
2 4281 835
2 852 4875
2 4875 836
2 836 4371
2 4371 869
2 869 4876
2 4876 852
2 885 4877
2 4877 852
2 852 4876
2 4876 869
2 869 885
2 852 4877
2 4877 885
2 885 3448
2 3448 868
2 868 852
2 704 721
2 721 737
2 737 4878
2 4878 704
2 755 4879
2 4879 739
2 739 3454
2 3454 772
2 772 755
2 478 4880
2 4880 460
2 460 3745
2 3745 444
2 444 4881
2 4881 478
2 461 478
2 478 4881
2 4881 444
2 444 461
2 460 4880
2 4880 478
2 478 495
2 495 3741
2 3741 460
2 478 461
2 461 4376
2 4376 496
2 496 4882
2 4882 478
2 495 478
2 478 4883
2 4883 512
2 512 495
2 478 4882
2 4882 496
2 496 4382
2 4382 512
2 512 4883
2 4883 478
2 446 4884
2 4884 462
2 462 4885
2 4885 429
2 429 446
2 462 4884
2 4884 446
2 446 2707
2 2707 480
2 480 4886
2 4886 462
2 497 4887
2 4887 462
2 462 4886
2 4886 480
2 480 497
2 462 4887
2 4887 497
2 497 4380
2 4380 479
2 479 462
2 911 4888
2 4888 895
2 895 4397
2 4397 928
2 928 911
2 911 4889
2 4889 927
2 927 1968
2 1968 894
2 894 911
2 911 4890
2 4890 944
2 944 2193
2 2193 927
2 927 4889
2 4889 911
2 911 928
2 928 944
2 944 4890
2 4890 911
2 963 4891
2 4891 979
2 979 4405
2 4405 946
2 946 4892
2 4892 963
2 963 4893
2 4893 930
2 930 3587
2 3587 947
2 947 4894
2 4894 963
2 963 4892
2 4892 946
2 946 930
2 930 4893
2 4893 963
2 980 4895
2 4895 963
2 963 4894
2 4894 947
2 947 4803
2 4803 980
2 1077 1061
2 1061 4896
2 4896 1045
2 1045 4233
2 4233 1077
2 1061 4897
2 4897 1093
2 1093 1109
2 1109 4898
2 4898 1061
2 1093 4897
2 4897 1061
2 1061 1077
2 1077 1093
2 273 4899
2 4899 307
2 307 290
2 290 273
2 255 4900
2 4900 273
2 273 290
2 290 4331
2 4331 255
2 273 4901
2 4901 238
2 238 4337
2 4337 256
2 256 273
2 238 4901
2 4901 273
2 273 4900
2 4900 255
2 255 238
2 291 274
2 274 4437
2 4437 308
2 308 291
2 307 4902
2 4902 291
2 291 308
2 308 4442
2 4442 307
2 273 4903
2 4903 291
2 291 4902
2 4902 307
2 307 4899
2 4899 273
2 274 291
2 291 4904
2 4904 256
2 256 4439
2 4439 274
2 291 4903
2 4903 273
2 273 256
2 256 4904
2 4904 291
2 590 573
2 573 4905
2 4905 4906
2 4906 574
2 574 4458
2 4458 590
2 574 4906
2 4906 4905
2 4905 573
2 573 4907
2 4907 4908
2 4908 557
2 557 574
2 624 641
2 641 4909
2 4909 657
2 657 4910
2 4910 4911
2 4911 624
2 641 624
2 624 4469
2 4469 658
2 658 641
2 641 4912
2 4912 4913
2 4913 674
2 674 657
2 657 4909
2 4909 641
2 641 658
2 658 675
2 675 4914
2 4914 641
2 674 4913
2 4913 4912
2 4912 641
2 641 4914
2 4914 675
2 675 3704
2 3704 3703
2 3703 674
2 640 623
2 623 4915
2 4915 657
2 657 640
2 623 4916
2 4916 4917
2 4917 624
2 624 4911
2 4911 4910
2 4910 657
2 657 4915
2 4915 623
2 606 623
2 623 4918
2 4918 4919
2 4919 4920
2 4920 554
2 554 2877
2 2877 2876
2 2876 606
2 623 640
2 640 4455
2 4455 4454
2 4454 4453
2 4453 554
2 554 4920
2 4920 4919
2 4919 4918
2 4918 623
2 607 4921
2 4921 4922
2 4922 623
2 623 606
2 606 4462
2 4462 4461
2 4461 607
2 624 4917
2 4917 4916
2 4916 623
2 623 4922
2 4922 4921
2 4921 607
2 607 624
2 436 4923
2 4923 420
2 420 3813
2 3813 453
2 453 436
2 436 4924
2 4924 402
2 402 4484
2 4484 420
2 420 4923
2 4923 436
2 402 4924
2 4924 436
2 436 419
2 419 4486
2 4486 402
2 436 453
2 453 3809
2 3809 470
2 470 4925
2 4925 436
2 419 436
2 436 4926
2 4926 452
2 452 2980
2 2980 419
2 436 4925
2 4925 470
2 470 2970
2 2970 452
2 452 4926
2 4926 436
2 264 4927
2 4927 246
2 246 229
2 229 4512
2 4512 264
2 246 4928
2 4928 263
2 263 3873
2 3873 228
2 228 4929
2 4929 246
2 263 4928
2 4928 246
2 246 4930
2 4930 281
2 281 3051
2 3051 263
2 246 4927
2 4927 264
2 264 281
2 281 4930
2 4930 246
2 212 4931
2 4931 246
2 246 4929
2 4929 228
2 228 4518
2 4518 212
2 246 4931
2 4931 212
2 212 229
2 229 246
2 142 157
2 157 4932
2 4932 171
2 171 4530
2 4530 142
2 157 172
2 172 4532
2 4532 171
2 171 4932
2 4932 157
2 172 157
2 157 4933
2 4933 143
2 143 4533
2 4533 172
2 157 4934
2 4934 129
2 129 143
2 143 4933
2 4933 157
2 157 4935
2 4935 128
2 128 4538
2 4538 129
2 129 4934
2 4934 157
2 157 142
2 142 128
2 128 4935
2 4935 157
2 102 4936
2 4936 115
2 115 128
2 128 4937
2 4937 102
2 102 90
2 90 3947
2 3947 91
2 91 4938
2 4938 102
2 115 4936
2 4936 102
2 102 4938
2 4938 91
2 91 4539
2 4539 115
2 50 59
2 59 68
2 68 4541
2 4541 50
2 59 4939
2 4939 69
2 69 79
2 79 4940
2 4940 59
2 68 59
2 59 4940
2 4940 79
2 79 3100
2 3100 68
2 69 4939
2 4939 59
2 59 4941
2 4941 35
2 35 2415
2 2415 2414
2 2414 69
2 59 50
2 50 4942
2 4942 35
2 35 4941
2 4941 59
2 41 4943
2 4943 42
2 42 4944
2 4944 49
2 49 41
2 42 50
2 50 4542
2 4542 49
2 49 4944
2 4944 42
2 42 4943
2 4943 41
2 41 34
2 34 4945
2 4945 42
2 42 4945
2 4945 34
2 34 28
2 28 4946
2 4946 42
2 35 42
2 42 4946
2 4946 28
2 28 2032
2 2032 35
2 50 42
2 42 35
2 35 4942
2 4942 50
2 87 4947
2 4947 88
2 88 4550
2 4550 99
2 99 87
2 77 4948
2 4948 87
2 87 76
2 76 3936
2 3936 77
2 88 4947
2 4947 87
2 87 4948
2 4948 77
2 77 88
2 87 4949
2 4949 86
2 86 3087
2 3087 76
2 76 87
2 87 4950
2 4950 98
2 98 86
2 86 4949
2 4949 87
2 98 4950
2 4950 87
2 87 4951
2 4951 111
2 111 3944
2 3944 98
2 87 99
2 99 111
2 111 4951
2 4951 87
2 386 4952
2 4952 370
2 370 4560
2 4560 404
2 404 4953
2 4953 386
2 370 4952
2 4952 386
2 386 369
2 369 4954
2 4954 370
2 421 4955
2 4955 386
2 386 4953
2 4953 404
2 404 4551
2 4551 421
2 369 386
2 386 4956
2 4956 403
2 403 3974
2 3974 369
2 386 4955
2 4955 421
2 421 4553
2 4553 403
2 403 4956
2 4956 386
2 352 4957
2 4957 353
2 353 4958
2 4958 4959
2 4959 369
2 369 352
2 353 370
2 370 4954
2 4954 369
2 369 4959
2 4959 4958
2 4958 353
2 370 353
2 353 4960
2 4960 354
2 354 4563
2 4563 4562
2 4562 370
2 160 176
2 176 4961
2 4961 192
2 192 3989
2 3989 160
2 225 4962
2 4962 260
2 260 3986
2 3986 242
2 242 225
2 225 4963
2 4963 243
2 243 4570
2 4570 260
2 260 4962
2 4962 225
2 208 225
2 225 242
2 242 1861
2 1861 208
2 192 4964
2 4964 225
2 225 208
2 208 3999
2 3999 192
2 1471 1462
2 1462 4965
2 4965 1480
2 1480 1471
2 1462 4966
2 4966 4967
2 4967 1453
2 1453 2465
2 2465 2464
2 2464 2463
2 2463 1480
2 1480 4965
2 4965 1462
2 1451 4968
2 4968 1462
2 1462 1471
2 1471 2531
2 2531 1451
2 1429 1441
2 1441 4969
2 4969 1440
2 1440 4970
2 4970 1429
2 1428 4971
2 4971 1429
2 1429 4970
2 4970 1440
2 1440 1428
2 1416 4972
2 4972 1429
2 1429 4971
2 4971 1428
2 1428 1416
2 1441 1429
2 1429 4973
2 4973 1430
2 1430 4573
2 4573 1441
2 1379 1393
2 1393 4974
2 4974 1364
2 1364 1379
2 1393 1379
2 1379 3434
2 3434 1407
2 1407 1393
2 1406 4975
2 4975 1393
2 1393 1407
2 1407 2475
2 2475 1406
2 1378 4976
2 4976 1393
2 1393 4975
2 4975 1406
2 1406 4574
2 4574 1378
2 1348 4977
2 4977 1333
2 1333 4271
2 4271 1364
2 1364 4978
2 4978 1348
2 1348 1332
2 1332 4263
2 4263 1317
2 1317 4979
2 4979 1348
2 1333 4977
2 4977 1348
2 1348 4979
2 4979 1317
2 1317 1333
2 1148 4980
2 4980 1131
2 1131 1115
2 1115 4981
2 4981 1148
2 1132 1148
2 1148 4981
2 4981 1115
2 1115 4598
2 4598 1132
2 1148 4982
2 4982 1147
2 1147 1131
2 1131 4980
2 4980 1148
2 1148 1164
2 1164 4585
2 4585 1147
2 1147 4982
2 4982 1148
2 1149 4983
2 4983 1148
2 1148 1132
2 1132 3168
2 3168 1149
2 1165 4984
2 4984 1148
2 1148 4983
2 4983 1149
2 1149 1165
2 1164 1148
2 1148 4984
2 4984 1165
2 1165 4582
2 4582 1164
2 1051 1067
2 1067 4985
2 4985 1034
2 1034 4607
2 4607 1051
2 1067 1051
2 1051 4640
2 4640 1083
2 1083 1067
2 1067 4986
2 4986 1050
2 1050 1034
2 1034 4985
2 4985 1067
2 1067 1083
2 1083 4601
2 4601 1082
2 1082 4987
2 4987 1067
2 1050 4986
2 4986 1067
2 1067 4987
2 4987 1082
2 1082 4244
2 4244 1050
2 1002 4988
2 4988 1019
2 1019 1035
2 1035 4608
2 4608 1002
2 1019 4989
2 4989 1052
2 1052 4637
2 4637 1035
2 1035 1019
2 1052 4989
2 4989 1019
2 1019 4990
2 4990 1036
2 1036 1052
2 1019 1003
2 1003 4604
2 4604 1036
2 1036 4990
2 4990 1019
2 971 4991
2 4991 954
2 954 938
2 938 4048
2 4048 971
2 954 4992
2 4992 921
2 921 938
2 938 954
2 921 4992
2 4992 954
2 954 4993
2 4993 937
2 937 4629
2 4629 921
2 937 4994
2 4994 970
2 970 4995
2 4995 953
2 953 937
2 954 970
2 970 4994
2 4994 937
2 937 4993
2 4993 954
2 1020 4996
2 4996 987
2 987 1004
2 1004 1020
2 1003 4997
2 4997 987
2 987 4996
2 4996 1020
2 1020 4603
2 4603 1003
2 970 4998
2 4998 987
2 987 4997
2 4997 1003
2 1003 4999
2 4999 970
2 987 971
2 971 4040
2 4040 1004
2 1004 987
2 987 5000
2 5000 954
2 954 4991
2 4991 971
2 971 987
2 987 4998
2 4998 970
2 970 954
2 954 5000
2 5000 987
2 1001 5001
2 5001 968
2 968 5002
2 5002 985
2 985 5003
2 5003 1001
2 1017 1001
2 1001 5004
2 5004 1034
2 1034 4246
2 4246 1017
2 1018 5005
2 5005 1001
2 1001 5003
2 5003 985
2 985 4605
2 4605 1018
2 1001 5005
2 5005 1018
2 1018 1034
2 1034 5004
2 5004 1001
2 935 5006
2 5006 968
2 968 5007
2 5007 951
2 951 935
2 935 5008
2 5008 902
2 902 919
2 919 5009
2 5009 935
2 935 951
2 951 4020
2 4020 918
2 918 935
2 902 5008
2 5008 935
2 935 918
2 918 4821
2 4821 902
2 952 5010
2 5010 935
2 935 5009
2 5009 919
2 919 5011
2 5011 952
2 935 5010
2 5010 952
2 952 968
2 968 5006
2 5006 935
2 952 5012
2 5012 969
2 969 985
2 985 5013
2 5013 952
2 968 952
2 952 5013
2 5013 985
2 985 5002
2 5002 968
2 825 842
2 842 5014
2 5014 858
2 858 4618
2 4618 825
2 842 825
2 825 809
2 809 5015
2 5015 842
2 859 842
2 842 5015
2 5015 809
2 809 4624
2 4624 859
2 1038 5016
2 5016 1005
2 1005 4649
2 4649 1022
2 1022 1038
2 1054 1038
2 1038 5017
2 5017 1071
2 1071 4652
2 4652 1054
2 1038 5018
2 5018 1055
2 1055 1071
2 1071 5017
2 5017 1038
2 1055 5018
2 5018 1038
2 1038 1022
2 1022 4657
2 4657 1055
2 758 775
2 775 5019
2 5019 791
2 791 4665
2 4665 758
2 775 792
2 792 808
2 808 5020
2 5020 775
2 791 5019
2 5019 775
2 775 5020
2 5020 808
2 808 4066
2 4066 791
2 792 775
2 775 5021
2 5021 742
2 742 3182
2 3182 792
2 775 758
2 758 4661
2 4661 742
2 742 5021
2 5021 775
2 789 5022
2 5022 822
2 822 5023
2 5023 805
2 805 789
2 822 5022
2 5022 789
2 789 5024
2 5024 806
2 806 822
2 773 756
2 756 4319
2 4319 740
2 740 5025
2 5025 773
2 757 5026
2 5026 773
2 773 5025
2 5025 740
2 740 757
2 790 773
2 773 5026
2 5026 757
2 757 4672
2 4672 790
2 773 5027
2 5027 789
2 789 4669
2 4669 756
2 756 773
2 789 5027
2 5027 773
2 773 5028
2 5028 806
2 806 5024
2 5024 789
2 773 790
2 790 806
2 806 5028
2 5028 773
2 856 5029
2 5029 840
2 840 4680
2 4680 873
2 873 5030
2 5030 856
2 872 856
2 856 5031
2 5031 889
2 889 4668
2 4668 872
2 856 5030
2 5030 873
2 873 889
2 889 5031
2 5031 856
2 840 5029
2 5029 856
2 856 5032
2 5032 823
2 823 840
2 1135 5033
2 5033 1152
2 1152 4069
2 4069 1151
2 1151 1135
2 1135 1119
2 1119 4681
2 4681 1152
2 1152 5033
2 5033 1135
2 1118 5034
2 5034 1135
2 1135 1151
2 1151 4019
2 4019 1118
2 1135 5034
2 5034 1118
2 1118 1102
2 1102 5035
2 5035 1135
2 1119 1135
2 1135 5035
2 5035 1102
2 1102 4683
2 4683 1119
2 1087 5036
2 5036 1072
2 1072 1088
2 1088 4685
2 4685 1087
2 1072 5036
2 5036 1087
2 1087 4686
2 4686 1055
2 1055 5037
2 5037 1072
2 1039 5038
2 5038 1072
2 1072 5037
2 5037 1055
2 1055 1039
2 1088 1072
2 1072 1056
2 1056 4076
2 4076 1088
2 1072 5038
2 5038 1039
2 1039 4656
2 4656 1056
2 1056 1072
2 1105 5039
2 5039 1104
2 1104 1088
2 1088 5040
2 5040 1105
2 1089 1105
2 1105 5040
2 5040 1088
2 1088 4688
2 4688 1089
2 1138 5041
2 5041 1105
2 1105 5042
2 5042 1122
2 1122 1138
2 976 992
2 992 5043
2 5043 959
2 959 2487
2 2487 976
2 992 5044
2 5044 975
2 975 959
2 959 5043
2 5043 992
2 1009 992
2 992 976
2 976 3225
2 3225 1009
2 975 5044
2 5044 992
2 992 5045
2 5045 1008
2 1008 5046
2 5046 975
2 992 1009
2 1009 1025
2 1025 5047
2 5047 992
2 1008 5045
2 5045 992
2 992 5047
2 5047 1025
2 1025 4081
2 4081 1008
2 991 975
2 975 5046
2 5046 1008
2 1008 991
2 991 5048
2 5048 1007
2 1007 4693
2 4693 974
2 974 5049
2 5049 991
2 991 5049
2 5049 974
2 974 958
2 958 5050
2 5050 991
2 975 991
2 991 5050
2 5050 958
2 958 4692
2 4692 975
2 924 5051
2 5051 957
2 957 4700
2 4700 940
2 940 5052
2 5052 924
2 957 5051
2 5051 924
2 924 941
2 941 957
2 924 5052
2 5052 940
2 940 4056
2 4056 907
2 907 924
2 891 5053
2 5053 924
2 924 907
2 907 891
2 941 924
2 924 5054
2 5054 908
2 908 4085
2 4085 941
2 924 5053
2 5053 891
2 891 5055
2 5055 908
2 908 5054
2 5054 924
2 1523 1520
2 1520 4702
2 4702 1526
2 1526 1523
2 1523 5056
2 5056 1525
2 1525 5057
2 5057 1519
2 1519 5058
2 5058 1523
2 1515 5059
2 5059 1523
2 1523 5058
2 5058 1519
2 1519 1515
2 1528 5060
2 5060 1523
2 1523 1526
2 1526 1528
2 1525 5056
2 5056 1523
2 1523 5060
2 5060 1528
2 1528 4711
2 4711 1525
2 1517 1512
2 1512 5061
2 5061 1507
2 1507 4101
2 4101 1517
2 1500 1506
2 1506 5062
2 5062 1493
2 1493 1500
2 1500 5063
2 5063 1486
2 1486 1494
2 1494 5064
2 5064 1500
2 1486 5063
2 5063 1500
2 1500 1493
2 1493 4703
2 4703 1486
2 1500 5064
2 5064 1494
2 1494 3296
2 3296 1507
2 1507 5065
2 5065 1500
2 1512 5066
2 5066 1500
2 1500 5065
2 5065 1507
2 1507 5061
2 5061 1512
2 1500 5066
2 5066 1512
2 1512 1506
2 1506 1500
2 1525 1522
2 1522 1519
2 1519 5057
2 5057 1525
2 1514 5067
2 5067 1522
2 1522 5068
2 5068 1518
2 1518 1514
2 1518 5068
2 5068 1522
2 1522 5069
2 5069 1524
2 1524 2579
2 2579 1518
2 1515 5070
2 5070 1522
2 1522 5067
2 5067 1514
2 1514 5071
2 5071 1515
2 1522 5070
2 5070 1515
2 1515 1519
2 1519 1522
2 1522 5072
2 5072 1527
2 1527 3297
2 3297 1524
2 1524 5069
2 5069 1522
2 1522 1525
2 1525 1527
2 1527 5072
2 5072 1522
2 1484 1492
2 1492 5073
2 5073 1498
2 1498 4713
2 4713 1484
2 1485 5074
2 5074 1492
2 1492 5075
2 5075 1476
2 1476 4708
2 4708 1485
2 1492 1484
2 1484 1476
2 1476 5075
2 5075 1492
2 1504 5076
2 5076 1514
2 1514 1509
2 1509 5077
2 5077 1504
2 1504 5077
2 5077 1509
2 1509 3302
2 3302 1497
2 1497 5078
2 5078 1504
2 1504 5078
2 5078 1497
2 1497 2582
2 2582 1491
2 1491 5079
2 5079 1504
2 1498 1504
2 1504 5079
2 5079 1491
2 1491 1498
2 1123 5080
2 5080 1156
2 1156 4260
2 4260 1139
2 1139 1123
2 1156 5080
2 5080 1123
2 1123 5081
2 5081 1140
2 1140 1156
2 1108 5082
2 5082 1091
2 1091 4739
2 4739 1092
2 1092 1108
2 1141 5083
2 5083 1108
2 1108 1092
2 1092 4140
2 4140 1141
2 1124 1108
2 1108 5083
2 5083 1141
2 1141 4745
2 4745 1124
2 1107 5084
2 5084 1124
2 1124 1140
2 1140 5085
2 5085 1107
2 1123 1107
2 1107 5085
2 5085 1140
2 1140 5081
2 5081 1123
2 1108 5086
2 5086 1107
2 1107 1091
2 1091 5082
2 5082 1108
2 1107 5086
2 5086 1108
2 1108 1124
2 1124 5084
2 5084 1107
2 1091 1107
2 1107 5087
2 5087 1090
2 1090 4740
2 4740 1091
2 1216 1200
2 1200 4760
2 4760 1232
2 1232 1216
2 1200 1216
2 1216 5088
2 5088 1231
2 1231 4757
2 4757 1200
2 1247 5089
2 5089 1216
2 1216 1232
2 1232 3269
2 3269 1247
2 1231 5088
2 5088 1216
2 1216 5089
2 5089 1247
2 1247 1231
2 1097 1113
2 1113 4027
2 4027 1096
2 1096 5090
2 5090 1097
2 1097 5091
2 5091 1130
2 1130 4763
2 4763 1113
2 1113 1097
2 1130 5091
2 5091 1097
2 1097 5092
2 5092 1114
2 1114 1130
2 1097 5093
2 5093 1098
2 1098 1114
2 1114 5092
2 5092 1097
2 980 997
2 997 1013
2 1013 5094
2 5094 980
2 997 980
2 980 964
2 964 5095
2 5095 997
2 981 5096
2 5096 997
2 997 5095
2 5095 964
2 964 4804
2 4804 981
2 1013 997
2 997 5097
2 5097 1030
2 1030 3374
2 3374 1013
2 997 5098
2 5098 1014
2 1014 1030
2 1030 5097
2 5097 997
2 997 5096
2 5096 981
2 981 5099
2 5099 1014
2 1014 5098
2 5098 997
2 981 998
2 998 1014
2 1014 5099
2 5099 981
2 998 981
2 981 965
2 965 5100
2 5100 998
2 982 5101
2 5101 998
2 998 5100
2 5100 965
2 965 5102
2 5102 982
2 1014 998
2 998 5103
2 5103 1031
2 1031 3380
2 3380 1014
2 1031 5103
2 5103 998
2 998 5104
2 5104 1015
2 1015 1031
2 998 5101
2 5101 982
2 982 4809
2 4809 1015
2 1015 5104
2 5104 998
2 899 5105
2 5105 915
2 915 4808
2 4808 882
2 882 5106
2 5106 899
2 899 5106
2 5106 882
2 882 866
2 866 5107
2 5107 899
2 883 899
2 899 5107
2 5107 866
2 866 4811
2 4811 883
2 899 883
2 883 4298
2 4298 916
2 916 899
2 932 5108
2 5108 899
2 899 916
2 916 5109
2 5109 932
2 915 5105
2 5105 899
2 899 5108
2 5108 932
2 932 915
2 982 966
2 966 5110
2 5110 999
2 999 982
2 983 5111
2 5111 966
2 966 950
2 950 4592
2 4592 983
2 966 5111
2 5111 983
2 983 4026
2 4026 999
2 999 5110
2 5110 966
2 886 5112
2 5112 903
2 903 5113
2 5113 919
2 919 4822
2 4822 886
2 920 903
2 903 887
2 887 4825
2 4825 920
2 903 5114
2 5114 870
2 870 4307
2 4307 887
2 887 903
2 903 5112
2 5112 886
2 886 870
2 870 5114
2 5114 903
2 217 5115
2 5115 184
2 184 201
2 201 5116
2 5116 217
2 234 217
2 217 5116
2 5116 201
2 201 4839
2 4839 234
2 184 5115
2 5115 217
2 217 200
2 200 4837
2 4837 184
2 200 217
2 217 5117
2 5117 233
2 233 4351
2 4351 200
2 217 5118
2 5118 251
2 251 3472
2 3472 233
2 233 5117
2 5117 217
2 217 234
2 234 251
2 251 5118
2 5118 217
2 269 252
2 252 4842
2 4842 287
2 287 5119
2 5119 269
2 269 5119
2 5119 287
2 287 4848
2 4848 303
2 303 5120
2 5120 269
2 286 269
2 269 5120
2 5120 303
2 303 286
2 269 286
2 286 4352
2 4352 251
2 251 5121
2 5121 269
2 234 5122
2 5122 269
2 269 5121
2 5121 251
2 251 234
2 252 269
2 269 5122
2 5122 234
2 234 4844
2 4844 252
2 218 5123
2 5123 202
2 202 5124
2 5124 235
2 235 218
2 185 202
2 202 5123
2 5123 218
2 218 4846
2 4846 185
2 186 5125
2 5125 202
2 202 5126
2 5126 170
2 170 186
2 202 5127
2 5127 169
2 169 4346
2 4346 170
2 170 5126
2 5126 202
2 202 185
2 185 169
2 169 5127
2 5127 202
2 321 304
2 304 4850
2 4850 339
2 339 5128
2 5128 321
2 304 321
2 321 338
2 338 4849
2 4849 304
2 321 5128
2 5128 339
2 339 356
2 356 5129
2 5129 321
2 338 321
2 321 5129
2 5129 356
2 356 4357
2 4357 338
2 565 548
2 548 5130
2 5130 566
2 566 4865
2 4865 565
2 548 531
2 531 4858
2 4858 566
2 566 5130
2 5130 548
2 548 565
2 565 4362
2 4362 530
2 530 5131
2 5131 548
2 531 548
2 548 5131
2 5131 530
2 530 4860
2 4860 531
2 599 582
2 582 4864
2 4864 583
2 583 5132
2 5132 599
2 599 5132
2 5132 583
2 583 600
2 600 5133
2 5133 599
2 616 599
2 599 5133
2 5133 600
2 600 3520
2 3520 616
2 582 599
2 599 5134
2 5134 598
2 598 4866
2 4866 582
2 598 5134
2 5134 599
2 599 5135
2 5135 615
2 615 598
2 599 616
2 616 3523
2 3523 615
2 615 5135
2 5135 599
2 785 5136
2 5136 769
2 769 5137
2 5137 802
2 802 4869
2 4869 785
2 753 5138
2 5138 720
2 720 5139
2 5139 737
2 737 5140
2 5140 753
2 738 5141
2 5141 704
2 704 5142
2 5142 705
2 705 5143
2 5143 738
2 704 5141
2 5141 738
2 738 5144
2 5144 721
2 721 704
2 445 428
2 428 411
2 411 5145
2 5145 445
2 445 5145
2 5145 411
2 411 3666
2 3666 429
2 429 5146
2 5146 445
2 462 445
2 445 5146
2 5146 429
2 429 4885
2 4885 462
2 445 462
2 462 479
2 479 5147
2 5147 445
2 461 5148
2 5148 445
2 445 5147
2 5147 479
2 479 4377
2 4377 461
2 428 445
2 445 5148
2 5148 461
2 461 4389
2 4389 428
2 895 5149
2 5149 878
2 878 5150
2 5150 862
2 862 4399
2 4399 895
2 911 5151
2 5151 878
2 878 5149
2 5149 895
2 895 4888
2 4888 911
2 878 5151
2 5151 911
2 911 894
2 894 5152
2 5152 878
2 878 5153
2 5153 845
2 845 4415
2 4415 862
2 862 5150
2 5150 878
2 861 5154
2 5154 878
2 878 5152
2 5152 894
2 894 4478
2 4478 861
2 878 5154
2 5154 861
2 861 4477
2 4477 845
2 845 5153
2 5153 878
2 996 5155
2 5155 963
2 963 4895
2 4895 980
2 980 5156
2 5156 996
2 996 5157
2 5157 1029
2 1029 4777
2 4777 1012
2 1012 996
2 979 996
2 996 1012
2 1012 4400
2 4400 979
2 963 5155
2 5155 996
2 996 979
2 979 4891
2 4891 963
2 1029 5157
2 5157 996
2 996 5158
2 5158 1013
2 1013 1029
2 996 5156
2 5156 980
2 980 5094
2 5094 1013
2 1013 5158
2 5158 996
2 1028 5159
2 5159 1012
2 1012 4778
2 4778 1045
2 1045 5160
2 5160 1028
2 1061 5161
2 5161 1028
2 1028 5160
2 5160 1045
2 1045 4896
2 4896 1061
2 1028 5161
2 5161 1061
2 1061 5162
2 5162 1044
2 1044 5163
2 5163 1028
2 1028 5163
2 5163 1044
2 1044 4411
2 4411 1011
2 1011 5164
2 5164 1028
2 1012 5159
2 5159 1028
2 1028 5165
2 5165 995
2 995 4401
2 4401 1012
2 1028 5164
2 5164 1011
2 1011 995
2 995 5165
2 5165 1028
2 1060 5166
2 5166 1061
2 1061 4898
2 4898 1109
2 1109 5167
2 5167 5168
2 5168 1060
2 1061 5166
2 5166 1060
2 1060 5169
2 5169 1044
2 1044 5162
2 5162 1061
2 1060 5168
2 5168 5167
2 5167 1109
2 1109 3363
2 3363 1125
2 1125 5170
2 5170 5171
2 5171 1060
2 1060 5171
2 5171 5170
2 5170 1125
2 1125 2318
2 2318 2317
2 2317 2316
2 2316 1043
2 1043 5172
2 5172 1060
2 1027 5173
2 5173 1060
2 1060 5172
2 5172 1043
2 1043 2189
2 2189 1027
2 1044 5169
2 5169 1060
2 1060 5173
2 5173 1027
2 1027 4412
2 4412 1044
2 556 539
2 539 3730
2 3730 557
2 557 5174
2 5174 5175
2 5175 556
2 573 556
2 556 5175
2 5175 5174
2 5174 557
2 557 4908
2 4908 4907
2 4907 573
2 521 5176
2 5176 556
2 556 5177
2 5177 538
2 538 521
2 539 556
2 556 5176
2 5176 521
2 521 3731
2 3731 539
2 556 5178
2 5178 5179
2 5179 555
2 555 538
2 538 5177
2 5177 556
2 555 5179
2 5179 5178
2 5178 556
2 556 5180
2 5180 5181
2 5181 572
2 572 555
2 556 573
2 573 5182
2 5182 5183
2 5183 572
2 572 5181
2 5181 5180
2 5180 556
2 572 589
2 589 606
2 606 2875
2 2875 572
2 573 5184
2 5184 589
2 589 572
2 572 5183
2 5183 5182
2 5182 573
2 589 5185
2 5185 5186
2 5186 590
2 590 4464
2 4464 4463
2 4463 606
2 606 589
2 589 5184
2 5184 573
2 573 590
2 590 5186
2 5186 5185
2 5185 589
2 127 114
2 114 5187
2 5187 128
2 128 3109
2 3109 127
2 114 102
2 102 4937
2 4937 128
2 128 5187
2 5187 114
2 101 5188
2 5188 114
2 114 127
2 127 4543
2 4543 101
2 114 5188
2 5188 101
2 101 4544
2 4544 90
2 90 5189
2 5189 114
2 102 114
2 114 5189
2 5189 90
2 90 102
2 193 210
2 210 4565
2 4565 226
2 226 5190
2 5190 193
2 210 193
2 193 5191
2 5191 177
2 177 4567
2 4567 210
2 193 5192
2 5192 161
2 161 177
2 177 5191
2 5191 193
2 193 5193
2 5193 160
2 160 3992
2 3992 3991
2 3991 161
2 161 5192
2 5192 193
2 193 176
2 176 160
2 160 5193
2 5193 193
2 1452 1441
2 1441 4572
2 4572 1453
2 1453 5194
2 5194 1452
2 1462 1452
2 1452 5194
2 5194 1453
2 1453 4967
2 4967 4966
2 4966 1462
2 1452 1462
2 1462 4968
2 4968 1451
2 1451 5195
2 5195 1452
2 1452 5195
2 5195 1451
2 1451 1440
2 1440 5196
2 5196 1452
2 1441 1452
2 1452 5196
2 5196 1440
2 1440 4969
2 4969 1441
2 1417 1429
2 1429 4972
2 4972 1416
2 1416 5197
2 5197 1417
2 1404 1417
2 1417 5198
2 5198 1403
2 1403 4012
2 4012 1404
2 1417 5197
2 5197 1416
2 1416 1403
2 1403 5198
2 5198 1417
2 1417 1404
2 1404 3163
2 3163 1418
2 1418 5199
2 5199 1417
2 1430 5200
2 5200 1417
2 1417 5199
2 5199 1418
2 1418 1430
2 1429 1417
2 1417 5200
2 5200 1430
2 1430 4973
2 4973 1429
2 1393 5201
2 5201 1363
2 1363 5202
2 5202 1364
2 1364 4974
2 4974 1393
2 1363 5201
2 5201 1393
2 1393 4976
2 4976 1378
2 1378 1363
2 1363 1348
2 1348 4978
2 4978 1364
2 1364 5202
2 5202 1363
2 1347 5203
2 5203 1363
2 1363 5204
2 5204 1362
2 1362 1347
2 1363 5203
2 5203 1347
2 1347 4790
2 4790 1332
2 1332 5205
2 5205 1363
2 1348 1363
2 1363 5205
2 5205 1332
2 1332 1348
2 1363 5206
2 5206 1392
2 1392 4004
2 4004 1362
2 1362 5204
2 5204 1363
2 1363 1378
2 1378 1392
2 1392 5206
2 5206 1363
2 986 5207
2 5207 1019
2 1019 4988
2 4988 1002
2 1002 5208
2 5208 986
2 1019 5207
2 5207 986
2 986 1003
2 1003 1019
2 969 5209
2 5209 986
2 986 5208
2 5208 1002
2 1002 4602
2 4602 969
2 986 970
2 970 4999
2 4999 1003
2 1003 986
2 986 5209
2 5209 969
2 969 953
2 953 5210
2 5210 986
2 970 986
2 986 5210
2 5210 953
2 953 4995
2 4995 970
2 967 5211
2 5211 984
2 984 5212
2 5212 1000
2 1000 4591
2 4591 967
2 1001 984
2 984 968
2 968 5001
2 5001 1001
2 984 5211
2 5211 967
2 967 951
2 951 5213
2 5213 984
2 968 984
2 984 5213
2 5213 951
2 951 5007
2 5007 968
2 984 5214
2 5214 1017
2 1017 4615
2 4615 1000
2 1000 5212
2 5212 984
2 984 1001
2 1001 1017
2 1017 5214
2 5214 984
2 952 936
2 936 5215
2 5215 969
2 969 5012
2 5012 952
2 969 5215
2 5215 936
2 936 5216
2 5216 953
2 953 969
2 936 5217
2 5217 920
2 920 4827
2 4827 953
2 953 5216
2 5216 936
2 936 5218
2 5218 903
2 903 920
2 920 5217
2 5217 936
2 936 952
2 952 5011
2 5011 919
2 919 936
2 903 5218
2 5218 936
2 936 919
2 919 5113
2 5113 903
2 875 891
2 891 4090
2 4090 858
2 858 5219
2 5219 875
2 842 5220
2 5220 875
2 875 5219
2 5219 858
2 858 5014
2 5014 842
2 875 5220
2 5220 842
2 842 859
2 859 875
2 891 875
2 875 5221
2 5221 908
2 908 5055
2 5055 891
2 875 5222
2 5222 892
2 892 908
2 908 5221
2 5221 875
2 892 5222
2 5222 875
2 875 859
2 859 4697
2 4697 892
2 1021 5223
2 5223 1038
2 1038 1054
2 1054 5224
2 5224 1021
2 1038 5223
2 5223 1021
2 1021 1005
2 1005 5016
2 5016 1038
2 1021 5224
2 5224 1054
2 1054 4062
2 4062 1037
2 1037 1021
2 1005 1021
2 1021 5225
2 5225 988
2 988 1005
2 1021 1037
2 1037 4045
2 4045 1004
2 1004 5226
2 5226 1021
2 988 5225
2 5225 1021
2 1021 5226
2 5226 1004
2 1004 4039
2 4039 988
2 854 5227
2 5227 871
2 871 887
2 887 4306
2 4306 854
2 871 5228
2 5228 904
2 904 4826
2 4826 887
2 887 871
2 888 5229
2 5229 855
2 855 5230
2 5230 872
2 872 888
2 888 5231
2 5231 921
2 921 904
2 904 888
2 871 5232
2 5232 888
2 888 904
2 904 5228
2 5228 871
2 888 5232
2 5232 871
2 871 855
2 855 5229
2 5229 888
2 921 5231
2 5231 888
2 888 5233
2 5233 905
2 905 4628
2 4628 921
2 888 872
2 872 4667
2 4667 905
2 905 5233
2 5233 888
2 839 856
2 856 872
2 872 5234
2 5234 839
2 855 5235
2 5235 839
2 839 5234
2 5234 872
2 872 5230
2 5230 855
2 839 5235
2 5235 855
2 855 5236
2 5236 822
2 822 839
2 839 822
2 822 806
2 806 5237
2 5237 839
2 823 5238
2 5238 839
2 839 5237
2 5237 806
2 806 4675
2 4675 823
2 856 839
2 839 5238
2 5238 823
2 823 5032
2 5032 856
2 1104 5239
2 5239 1121
2 1121 1137
2 1137 4073
2 4073 1104
2 1105 1121
2 1121 5239
2 5239 1104
2 1104 5039
2 5039 1105
2 1121 1105
2 1105 5041
2 5041 1138
2 1138 5240
2 5240 1121
2 1121 5241
2 5241 1154
2 1154 2479
2 2479 1137
2 1137 1121
2 1121 5240
2 5240 1138
2 1138 1154
2 1154 5241
2 5241 1121
2 1007 5242
2 5242 1024
2 1024 1040
2 1040 4694
2 4694 1007
2 991 5243
2 5243 1024
2 1024 5242
2 5242 1007
2 1007 5048
2 5048 991
2 1024 5243
2 5243 991
2 991 1008
2 1008 1024
2 1040 1024
2 1024 5244
2 5244 1057
2 1057 4079
2 4079 1040
2 1024 5245
2 5245 1041
2 1041 1057
2 1057 5244
2 5244 1024
2 1024 1008
2 1008 4080
2 4080 1041
2 1041 5245
2 5245 1024
2 1520 1516
2 1516 5246
2 5246 1517
2 1517 4701
2 4701 1520
2 1516 5247
2 5247 1512
2 1512 1517
2 1517 5246
2 5246 1516
2 1516 5248
2 5248 1515
2 1515 5249
2 5249 1511
2 1511 1516
2 1506 5250
2 5250 1516
2 1516 1511
2 1511 5251
2 5251 1506
2 1512 5247
2 5247 1516
2 1516 5250
2 5250 1506
2 1506 1512
2 1523 5252
2 5252 1516
2 1516 1520
2 1520 1523
2 1516 5252
2 5252 1523
2 1523 5059
2 5059 1515
2 1515 5248
2 5248 1516
2 1492 5253
2 5253 1505
2 1505 5254
2 5254 1498
2 1498 5073
2 5073 1492
2 1515 5255
2 5255 1505
2 1505 1511
2 1511 5249
2 5249 1515
2 1107 5256
2 5256 1106
2 1106 1090
2 1090 5087
2 5087 1107
2 1106 5256
2 5256 1107
2 1107 1123
2 1123 5257
2 5257 1106
2 1106 5257
2 5257 1123
2 1123 1139
2 1139 5258
2 5258 1106
2 1106 5258
2 5258 1139
2 1139 4257
2 4257 1122
2 1122 1106
2 1105 5259
2 5259 1106
2 1106 1122
2 1122 5042
2 5042 1105
2 1090 1106
2 1106 5260
2 5260 1089
2 1089 4736
2 4736 1090
2 1106 5259
2 5259 1105
2 1105 1089
2 1089 5260
2 5260 1106
2 949 5261
2 5261 982
2 982 5102
2 5102 965
2 965 949
2 949 5262
2 5262 966
2 966 982
2 982 5261
2 5261 949
2 949 5263
2 5263 932
2 932 5109
2 5109 916
2 916 5264
2 5264 949
2 949 965
2 965 4291
2 4291 932
2 932 5263
2 5263 949
2 202 219
2 219 5265
2 5265 235
2 235 5124
2 5124 202
2 219 5266
2 5266 253
2 253 4855
2 4855 235
2 235 5265
2 5265 219
2 253 5266
2 5266 219
2 219 236
2 236 253
2 219 202
2 202 5125
2 5125 186
2 186 5267
2 5267 219
2 236 219
2 219 5268
2 5268 203
2 203 3474
2 3474 236
2 219 5267
2 5267 186
2 186 203
2 203 5268
2 5268 219
2 769 5269
2 5269 736
2 736 753
2 753 5270
2 5270 769
2 736 720
2 720 5138
2 5138 753
2 753 736
2 702 5271
2 5271 736
2 736 5272
2 5272 719
2 719 702
2 703 5273
2 5273 704
2 704 4878
2 4878 737
2 737 5274
2 5274 703
2 720 703
2 703 5274
2 5274 737
2 737 5139
2 5139 720
2 703 5275
2 5275 736
2 736 5271
2 5271 702
2 702 5276
2 5276 703
2 736 5275
2 5275 703
2 703 720
2 720 736
2 819 5277
2 5277 835
2 835 4801
2 4801 802
2 802 5278
2 5278 819
2 819 803
2 803 5279
2 5279 836
2 836 819
2 819 5280
2 5280 852
2 852 835
2 835 5277
2 5277 819
2 852 5280
2 5280 819
2 819 836
2 836 4875
2 4875 852
2 770 753
2 753 5140
2 5140 737
2 737 5281
2 5281 770
2 803 5282
2 5282 820
2 820 5283
2 5283 836
2 836 5279
2 5279 803
2 820 837
2 837 4284
2 4284 853
2 853 5284
2 5284 820
2 836 5283
2 5283 820
2 820 5284
2 5284 853
2 853 836
2 722 738
2 738 5143
2 5143 705
2 705 722
2 738 722
2 722 5285
2 5285 755
2 755 738
2 739 5286
2 5286 722
2 722 705
2 705 4834
2 4834 739
2 755 5285
2 5285 722
2 722 5286
2 5286 739
2 739 4879
2 4879 755
2 335 5287
2 5287 353
2 353 4957
2 4957 352
2 352 335
2 335 5288
2 5288 318
2 318 5289
2 5289 353
2 353 5287
2 5287 335
2 335 352
2 352 4559
2 4559 317
2 317 5290
2 5290 335
2 300 5291
2 5291 335
2 335 5290
2 5290 317
2 317 300
2 318 5292
2 5292 336
2 336 353
2 353 5289
2 5289 318
2 336 319
2 319 2440
2 2440 354
2 354 5293
2 5293 336
2 353 336
2 336 5293
2 5293 354
2 354 4960
2 4960 353
2 336 5294
2 5294 302
2 302 319
2 319 336
2 209 5295
2 5295 193
2 193 5190
2 5190 226
2 226 209
2 193 5295
2 5295 209
2 209 5296
2 5296 176
2 176 193
2 176 5296
2 5296 209
2 209 192
2 192 4961
2 4961 176
2 209 5297
2 5297 225
2 225 4964
2 4964 192
2 192 209
2 243 5298
2 5298 209
2 209 226
2 226 243
2 225 5297
2 5297 209
2 209 5298
2 5298 243
2 243 4963
2 4963 225
2 838 5299
2 5299 854
2 854 4309
2 4309 821
2 821 838
2 838 5300
2 5300 871
2 871 5227
2 5227 854
2 854 5299
2 5299 838
2 871 5300
2 5300 838
2 838 855
2 855 871
2 838 821
2 821 805
2 805 5301
2 5301 838
2 822 5302
2 5302 838
2 838 5301
2 5301 805
2 805 5023
2 5023 822
2 855 838
2 838 5302
2 5302 822
2 822 5236
2 5236 855
2 1499 1505
2 1505 5253
2 5253 1492
2 1492 1499
2 1499 5303
2 5303 1485
2 1485 1493
2 1493 5304
2 5304 1499
2 1499 1492
2 1492 5074
2 5074 1485
2 1485 5303
2 5303 1499
2 1506 5305
2 5305 1499
2 1499 5304
2 5304 1493
2 1493 5062
2 5062 1506
2 1499 5305
2 5305 1506
2 1506 5251
2 5251 1511
2 1511 5306
2 5306 1499
2 1505 1499
2 1499 5306
2 5306 1511
2 1511 1505
2 1510 5307
2 5307 1505
2 1505 5255
2 5255 1515
2 1515 1510
2 1510 1515
2 1515 5071
2 5071 1514
2 1514 5308
2 5308 1510
2 1504 1510
2 1510 5308
2 5308 1514
2 1514 5076
2 5076 1504
2 1510 1504
2 1504 1498
2 1498 5309
2 5309 1510
2 1505 5307
2 5307 1510
2 1510 5309
2 5309 1498
2 1498 5254
2 5254 1505
2 949 933
2 933 5310
2 5310 966
2 966 5262
2 5262 949
2 933 5311
2 5311 917
2 917 3452
2 3452 950
2 950 5312
2 5312 933
2 966 5310
2 5310 933
2 933 5312
2 5312 950
2 950 966
2 917 5311
2 5311 933
2 933 5313
2 5313 900
2 900 917
2 900 5313
2 5313 933
2 933 916
2 916 4297
2 4297 900
2 933 949
2 949 5264
2 5264 916
2 916 933
2 736 5314
2 5314 752
2 752 5315
2 5315 719
2 719 5272
2 5272 736
2 752 5314
2 5314 736
2 736 5269
2 5269 769
2 769 752
2 752 735
2 735 719
2 719 5315
2 5315 752
2 752 5316
2 5316 768
2 768 4872
2 4872 735
2 735 752
2 752 5317
2 5317 785
2 785 768
2 768 5316
2 5316 752
2 752 769
2 769 5136
2 5136 785
2 785 5317
2 5317 752
2 636 5318
2 5318 669
2 669 5319
2 5319 635
2 635 5320
2 5320 636
2 635 5319
2 5319 669
2 669 652
2 652 635
2 653 5321
2 5321 669
2 669 5318
2 5318 636
2 636 653
2 786 769
2 769 5270
2 5270 753
2 753 5322
2 5322 786
2 770 5323
2 5323 786
2 786 5322
2 5322 753
2 753 770
2 769 786
2 786 802
2 802 5137
2 5137 769
2 786 5323
2 5323 770
2 770 5324
2 5324 803
2 803 5325
2 5325 786
2 786 5326
2 5326 819
2 819 5278
2 5278 802
2 802 786
2 819 5326
2 5326 786
2 786 5325
2 5325 803
2 803 819
2 771 5327
2 5327 738
2 738 755
2 755 5328
2 5328 771
2 301 5329
2 5329 300
2 300 3983
2 3983 284
2 284 301
2 301 5330
2 5330 335
2 335 5291
2 5291 300
2 300 5329
2 5329 301
2 335 5330
2 5330 301
2 301 318
2 318 5288
2 5288 335
2 301 5331
2 5331 267
2 267 2443
2 2443 285
2 285 5332
2 5332 301
2 301 284
2 284 267
2 267 5331
2 5331 301
2 301 5333
2 5333 336
2 336 5292
2 5292 318
2 318 301
2 302 5334
2 5334 301
2 301 5332
2 5332 285
2 285 302
2 336 5333
2 5333 301
2 301 5334
2 5334 302
2 302 5294
2 5294 336
2 670 687
2 687 5335
2 5335 653
2 653 670
2 688 5336
2 5336 687
2 687 5337
2 5337 654
2 654 3477
2 3477 688
2 687 670
2 670 3530
2 3530 654
2 654 5337
2 5337 687
2 687 5336
2 5336 688
2 688 705
2 705 5338
2 5338 687
2 704 687
2 687 5338
2 5338 705
2 705 5142
2 5142 704
2 754 5339
2 5339 770
2 770 5281
2 5281 737
2 737 754
2 721 5340
2 5340 754
2 754 737
2 737 721
2 738 5341
2 5341 754
2 754 5340
2 5340 721
2 721 5144
2 5144 738
2 771 754
2 754 5341
2 5341 738
2 738 5327
2 5327 771
2 770 787
2 787 803
2 803 5324
2 5324 770
2 787 5342
2 5342 820
2 820 5282
2 5282 803
2 803 787
2 754 5343
2 5343 787
2 787 770
2 770 5339
2 5339 754
2 787 5343
2 5343 754
2 754 771
2 771 5344
2 5344 787
2 821 5345
2 5345 788
2 788 5346
2 5346 805
2 805 821
2 788 5347
2 5347 772
2 772 4670
2 4670 805
2 805 5346
2 5346 788
2 788 5348
2 5348 755
2 755 772
2 772 5347
2 5347 788
2 788 771
2 771 5328
2 5328 755
2 755 5348
2 5348 788
2 686 669
2 669 5321
2 5321 653
2 653 5349
2 5349 686
2 687 5350
2 5350 686
2 686 5349
2 5349 653
2 653 5335
2 5335 687
2 686 5351
2 5351 685
2 685 4372
2 4372 652
2 652 5352
2 5352 686
2 669 686
2 686 5352
2 5352 652
2 652 669
2 804 5353
2 5353 787
2 787 5344
2 5344 771
2 771 5354
2 5354 804
2 788 804
2 804 5354
2 5354 771
2 771 788
2 787 5353
2 5353 804
2 804 820
2 820 5342
2 5342 787
2 820 804
2 804 5355
2 5355 837
2 837 820
2 837 5355
2 5355 804
2 804 5356
2 5356 821
2 821 4308
2 4308 837
2 804 788
2 788 5345
2 5345 821
2 821 5356
2 5356 804
2 619 636
2 636 5320
2 5320 635
2 635 5357
2 5357 619
2 619 5357
2 5357 635
2 635 618
2 618 5358
2 5358 619
2 619 5359
2 5359 637
2 637 3529
2 3529 636
2 636 619
2 637 5359
2 5359 619
2 619 2668
2 2668 620
2 620 637
2 601 5360
2 5360 619
2 619 5358
2 5358 618
2 618 601
2 619 5360
2 5360 601
2 601 2679
2 2679 602
2 602 619
2 600 3513
2 3513 601
2 601 5361
2 5361 617
2 617 600
2 617 5361
2 5361 601
2 601 618
2 618 5362
2 5362 617
2 635 2681
2 2681 634
2 634 5363
2 5363 618
2 618 635
2 634 617
2 617 5362
2 5362 618
2 618 5363
2 5363 634
2 379 362
2 362 2179
2 2179 363
2 363 5364
2 5364 379
2 379 5364
2 5364 363
2 363 380
2 380 3539
2 3539 379
2 584 5365
2 5365 568
2 568 585
2 585 3512
2 3512 584
2 568 5365
2 5365 584
2 584 567
2 567 2702
2 2702 568
2 533 5366
2 5366 517
2 517 534
2 534 3543
2 3543 533
2 517 5366
2 5366 533
2 533 516
2 516 3499
2 3499 517
2 533 5367
2 5367 515
2 515 2175
2 2175 516
2 516 533
2 533 3544
2 3544 532
2 532 515
2 515 5367
2 5367 533
2 1243 5368
2 5368 5369
2 5369 1258
2 1258 1242
2 1242 2604
2 2604 1243
2 1258 5369
2 5369 5368
2 5368 1243
2 1243 1259
2 1259 3564
2 3564 1258
2 1258 5370
2 5370 1241
2 1241 2623
2 2623 1242
2 1242 1258
2 1258 3565
2 3565 1257
2 1257 1241
2 1241 5370
2 5370 1258
2 1162 5371
2 5371 5372
2 5372 1147
2 1147 1163
2 1163 4240
2 4240 1162
2 1147 5372
2 5372 5371
2 5371 1162
2 1162 1146
2 1146 4762
2 4762 1147
2 1162 5373
2 5373 1145
2 1145 3390
2 3390 1146
2 1146 1162
2 1145 5373
2 5373 1162
2 1162 4241
2 4241 1161
2 1161 1145
2 1097 1081
2 1081 4787
2 4787 1082
2 1082 5374
2 5374 5375
2 5375 1097
2 1098 5093
2 5093 1097
2 1097 5375
2 5375 5374
2 5374 1082
2 1082 1098
2 1080 5376
2 5376 1097
2 1097 5090
2 5090 1096
2 1096 1080
2 1081 1097
2 1097 5376
2 5376 1080
2 1080 4786
2 4786 1081
2 686 5350
2 5350 687
2 687 704
2 704 5377
2 5377 686
2 703 686
2 686 5377
2 5377 704
2 704 5273
2 5273 703
2 685 5351
2 5351 686
2 686 5378
2 5378 702
2 702 685
2 686 703
2 703 5276
2 5276 702
2 702 5378
2 5378 686
3 1530 1531 5379
3 174 191 5379
3 1531 174 5379
3 191 1530 5379
3 224 1531 1530
3 191 174 5380
3 174 1534 5380
3 1533 191 5380
3 1534 1533 5380
3 1532 1535 144
3 1532 1533 1535
3 1533 1534 1535
3 1588 467 1589
3 1556 1555 1255
3 1555 1556 1554
3 1556 1557 1554
3 776 1536 1575
3 776 1575 1576
3 1600 776 1576
3 1536 1537 1574
3 1536 1574 1575
3 1537 1538 1573
3 1537 1573 1574
3 1538 1539 1572
3 1538 1572 1573
3 1539 1540 1571
3 1539 1571 1572
3 1540 1541 1570
3 1540 1570 1571
3 1541 1542 1569
3 1541 1569 1570
3 1542 1543 1568
3 1542 1568 1569
3 1543 1544 1567
3 1543 1567 1568
3 1544 1545 1566
3 1544 1566 1567
3 1545 1546 1565
3 1545 1565 1566
3 1546 1547 1564
3 1546 1564 1565
3 1547 1548 1563
3 1547 1563 1564
3 1548 1549 1562
3 1548 1562 1563
3 1550 1561 1549
3 1549 1561 1562
3 1551 1560 1550
3 1560 1561 1550
3 1551 1552 1559
3 1560 1551 1559
3 1553 1558 1552
3 1552 1558 1559
3 1554 1557 1553
3 1557 1558 1553
3 1600 1576 1577
3 1599 1577 1578
3 1599 1600 1577
3 1598 1578 1579
3 1598 1599 1578
3 1597 1579 1580
3 1597 1598 1579
3 1596 1580 1581
3 1596 1597 1580
3 1595 1581 1582
3 1595 1596 1581
3 1594 1582 1583
3 1594 1595 1582
3 1593 1583 1584
3 1593 1594 1583
3 1592 1584 1585
3 1592 1593 1584
3 1585 1586 1591
3 1592 1585 1591
3 1586 1587 1590
3 1586 1590 1591
3 1587 1588 1589
3 1587 1589 1590
3 1536 776 1606
3 1601 1551 1125
3 1125 1551 1550
3 1619 1125 1550
3 1605 1255 1555
3 1602 1552 1601
3 1552 1551 1601
3 1603 1553 1602
3 1553 1552 1602
3 1604 1554 1603
3 1554 1553 1603
3 1604 1605 1555
3 1554 1604 1555
3 1619 1550 1549
3 1618 1549 1548
3 1618 1619 1549
3 1617 1548 1547
3 1617 1618 1548
3 1616 1547 1546
3 1616 1617 1547
3 1615 1546 1545
3 1615 1616 1546
3 1544 1614 1545
3 1614 1615 1545
3 1613 1544 1543
3 1613 1614 1544
3 1612 1543 1542
3 1612 1613 1543
3 1611 1542 1541
3 1611 1612 1542
3 1610 1541 1540
3 1610 1611 1541
3 1609 1540 1539
3 1609 1610 1540
3 1608 1539 1538
3 1608 1609 1539
3 1607 1538 1537
3 1607 1608 1538
3 1537 1536 1606
3 1607 1537 1606
3 1622 1621 224
3 1622 1620 5381
3 259 1621 5381
3 1620 259 5381
3 1621 1622 5381
3 1620 1622 242
3 1634 893 1623
3 1629 1628 1043
3 1634 1623 1624
3 1633 1634 1624
3 1629 1627 1628
3 1627 1629 1630
3 1625 960 1632
3 960 1626 1631
3 960 1631 1632
3 1633 1624 1625
3 1633 1625 1632
3 1626 1627 1630
3 1626 1630 1631
3 1646 346 5382
3 1638 1645 5382
3 1649 259 1635
3 346 1638 5382
3 1645 1646 5382
3 346 1646 1637
3 1641 467 1642
3 1648 1635 1636
3 1648 1649 1635
3 1647 1636 1637
3 1647 1648 1636
3 1646 1647 1637
3 1639 1645 1638
3 1639 1640 1644
3 1645 1639 1644
3 1643 1640 1641
3 1640 1643 1644
3 1643 1641 1642
3 1651 1650 691
3 742 1650 1652
3 742 1652 1653
3 1672 742 1653
3 1663 1662 993
3 1650 1651 1652
3 1672 1653 1654
3 1671 1654 1655
3 1671 1672 1654
3 1670 1655 1656
3 1670 1671 1655
3 1669 1656 1657
3 1669 1670 1656
3 1658 1668 1657
3 1668 1669 1657
3 1659 1667 1658
3 1667 1668 1658
3 1660 1666 1659
3 1666 1667 1659
3 1661 1665 1660
3 1665 1666 1660
3 1662 1664 1661
3 1664 1665 1661
3 1663 1664 1662
3 1643 1725 1726
3 1736 1718 1719
3 1736 1737 1718
3 1644 1643 1726
3 1735 1719 1720
3 1735 1736 1719
3 1734 1720 1721
3 1734 1735 1720
3 1733 1721 1722
3 1733 1734 1721
3 1732 1722 1723
3 1732 1733 1722
3 467 1723 1724
3 1642 1724 1725
3 467 1732 1723
3 1643 1642 1725
3 1642 467 1724
3 1649 1731 259
3 1673 1782 1524
3 1781 1673 1674
3 1781 1782 1673
3 1780 1674 1675
3 1780 1781 1674
3 1779 1675 1676
3 1779 1780 1675
3 1778 1676 1677
3 1778 1779 1676
3 1777 1677 1678
3 1777 1778 1677
3 1776 1678 1679
3 1776 1777 1678
3 1775 1679 1680
3 1775 1776 1679
3 1681 1774 1680
3 1774 1775 1680
3 1682 1773 1681
3 1773 1774 1681
3 1772 1682 1683
3 1772 1773 1682
3 1731 1648 1730
3 1649 1648 1731
3 1684 1771 1683
3 1771 1772 1683
3 1685 1770 1684
3 1770 1771 1684
3 1686 1769 1685
3 1769 1770 1685
3 1687 1768 1686
3 1768 1769 1686
3 1688 1767 1687
3 1767 1768 1687
3 1766 1688 1689
3 1766 1767 1688
3 1690 1765 1689
3 1765 1766 1689
3 1691 1764 1690
3 1764 1765 1690
3 1692 1763 1691
3 1763 1764 1691
3 1693 1762 1692
3 1762 1763 1692
3 1694 1761 1693
3 1761 1762 1693
3 1695 1760 1694
3 1760 1761 1694
3 1696 1759 1695
3 1759 1760 1695
3 1697 1758 1696
3 1758 1759 1696
3 1698 1757 1697
3 1757 1758 1697
3 1699 1756 1698
3 1756 1757 1698
3 1755 1699 1700
3 1756 1699 1755
3 1754 1700 1701
3 1754 1755 1700
3 1753 1701 1702
3 1753 1754 1701
3 1752 1702 1703
3 1752 1753 1702
3 1751 1703 1704
3 1751 1752 1703
3 1750 1704 1705
3 1750 1751 1704
3 1749 1705 1706
3 1749 1750 1705
3 1748 1706 1707
3 1748 1749 1706
3 1747 1707 1708
3 1747 1748 1707
3 1746 1708 1709
3 1746 1747 1708
3 1745 1709 1710
3 1745 1746 1709
3 1744 1710 1711
3 1744 1745 1710
3 1743 1711 1712
3 1743 1744 1711
3 1742 1712 1713
3 1742 1743 1712
3 1714 1741 1713
3 1741 1742 1713
3 1740 1714 1715
3 1740 1741 1714
3 1739 1715 1716
3 1739 1740 1715
3 1738 1716 1717
3 1738 1739 1716
3 1737 1717 1718
3 1737 1738 1717
3 1644 1726 1727
3 1645 1727 1728
3 1645 1644 1727
3 1646 1728 1729
3 1646 1645 1728
3 1730 1647 1729
3 1647 1646 1729
3 1648 1647 1730
3 1255 1794 1793
3 1394 1786 1787
3 1394 1800 1786
3 1799 1394 1787
3 1783 1803 1472
3 1802 1783 1784
3 1802 1803 1783
3 1801 1784 1785
3 1801 1802 1784
3 1786 1800 1785
3 1800 1801 1785
3 1799 1787 1788
3 1798 1788 1789
3 1798 1799 1788
3 1797 1789 1790
3 1797 1798 1789
3 1796 1790 1791
3 1796 1797 1790
3 1795 1791 1792
3 1795 1796 1791
3 1794 1792 1793
3 1794 1795 1792
3 1472 1810 1809
3 1805 1806 1513
3 1814 1805 1513
3 1513 1806 1813
3 1815 1524 1804
3 1805 1814 1804
3 1815 1804 1814
3 1806 1807 1813
3 1808 1812 1807
3 1807 1812 1813
3 1809 1811 1808
3 1808 1811 1812
3 1809 1810 1811
3 1859 467 1588
3 1793 1826 1255
3 1826 1827 1255
3 1827 1556 1255
3 1472 1816 1783
3 1792 1825 1793
3 1825 1826 1793
3 1824 1792 1791
3 1824 1825 1792
3 1823 1791 1790
3 1823 1824 1791
3 1822 1790 1789
3 1822 1823 1790
3 1788 1821 1789
3 1821 1822 1789
3 1820 1788 1787
3 1820 1821 1788
3 1819 1787 1786
3 1819 1820 1787
3 1818 1786 1785
3 1818 1819 1786
3 1784 1817 1785
3 1817 1818 1785
3 1816 1784 1783
3 1816 1817 1784
3 1828 1556 1827
3 1829 1557 1828
3 1557 1556 1828
3 1830 1558 1829
3 1558 1557 1829
3 1559 1830 1831
3 1559 1558 1830
3 1560 1831 1832
3 1560 1559 1831
3 1561 1832 1833
3 1561 1560 1832
3 1562 1833 1834
3 1562 1561 1833
3 1563 1834 1835
3 1563 1562 1834
3 1564 1835 1836
3 1564 1563 1835
3 1565 1836 1837
3 1565 1564 1836
3 1566 1837 1838
3 1566 1565 1837
3 1567 1838 1839
3 1567 1566 1838
3 1568 1839 1840
3 1568 1567 1839
3 1569 1840 1841
3 1569 1568 1840
3 1570 1841 1842
3 1570 1569 1841
3 1571 1842 1843
3 1571 1570 1842
3 1844 1572 1843
3 1572 1571 1843
3 1573 1844 1845
3 1573 1572 1844
3 1846 1574 1845
3 1574 1573 1845
3 1575 1846 1847
3 1575 1574 1846
3 1576 1847 1848
3 1576 1575 1847
3 1577 1848 1849
3 1577 1576 1848
3 1578 1849 1850
3 1578 1577 1849
3 1579 1850 1851
3 1579 1578 1850
3 1580 1851 1852
3 1580 1579 1851
3 1581 1852 1853
3 1581 1580 1852
3 1582 1853 1854
3 1582 1581 1853
3 1583 1854 1855
3 1583 1582 1854
3 1584 1855 1856
3 1584 1583 1855
3 1585 1856 1857
3 1585 1584 1856
3 1586 1857 1858
3 1586 1585 1857
3 1587 1858 1859
3 1587 1586 1858
3 1587 1859 1588
3 1859 1732 467
3 1804 1524 1782
3 1808 1807 1779
3 1778 1808 1779
3 1780 1807 1806
3 1807 1780 1779
3 1806 1805 1781
3 1780 1806 1781
3 1805 1804 1782
3 1805 1782 1781
3 1769 1822 1770
3 1822 1821 1770
3 1768 1823 1769
3 1823 1822 1769
3 1767 1824 1768
3 1824 1823 1768
3 1766 1825 1767
3 1825 1824 1767
3 1765 1826 1766
3 1826 1825 1766
3 1764 1827 1765
3 1827 1826 1765
3 1763 1828 1764
3 1828 1827 1764
3 1829 1763 1762
3 1829 1828 1763
3 1830 1762 1761
3 1830 1829 1762
3 1831 1761 1760
3 1831 1830 1761
3 1832 1760 1759
3 1832 1831 1760
3 1833 1759 1758
3 1833 1832 1759
3 1834 1758 1757
3 1834 1833 1758
3 1835 1757 1756
3 1835 1834 1757
3 1836 1756 1755
3 1836 1835 1756
3 1837 1755 1754
3 1837 1836 1755
3 1838 1754 1753
3 1838 1837 1754
3 1839 1753 1752
3 1839 1838 1753
3 1840 1752 1751
3 1840 1839 1752
3 1841 1751 1750
3 1841 1840 1751
3 1842 1750 1749
3 1842 1841 1750
3 1843 1749 1748
3 1843 1842 1749
3 1844 1748 1747
3 1844 1843 1748
3 1845 1747 1746
3 1845 1844 1747
3 1846 1746 1745
3 1846 1845 1746
3 1847 1745 1744
3 1847 1846 1745
3 1848 1744 1743
3 1848 1847 1744
3 1849 1743 1742
3 1849 1848 1743
3 1850 1742 1741
3 1850 1849 1742
3 1851 1741 1740
3 1851 1850 1741
3 1852 1740 1739
3 1852 1851 1740
3 1853 1739 1738
3 1853 1852 1739
3 1854 1738 1737
3 1854 1853 1738
3 1855 1737 1736
3 1855 1854 1737
3 1856 1736 1735
3 1856 1855 1736
3 1857 1735 1734
3 1857 1856 1735
3 1858 1734 1733
3 1858 1857 1734
3 1732 1859 1733
3 1859 1858 1733
3 1809 1777 1472
3 1777 1776 1472
3 1776 1816 1472
3 1778 1809 1808
3 1778 1777 1809
3 1776 1775 1816
3 1817 1775 1774
3 1775 1817 1816
3 1773 1818 1774
3 1818 1817 1774
3 1772 1819 1773
3 1819 1818 1773
3 1771 1820 1772
3 1820 1819 1772
3 1770 1821 1771
3 1821 1820 1771
3 208 1530 191
3 1860 1530 208
3 1530 1860 224
3 224 1860 1622
3 242 1622 5383
3 1861 242 5383
3 1622 1860 5383
3 1861 1860 208
3 1860 1861 5383
3 1863 64 5384
3 55 1862 5384
3 1862 1863 5384
3 64 55 5384
3 1863 1862 75
3 75 1864 1863
3 1864 74 64
3 1863 1864 64
3 1480 1865 1471
3 1865 1480 1488
3 1866 1867 1454
3 1463 1866 1472
3 1866 1463 1867
3 1871 1870 1125
3 1868 1872 1207
3 1870 1158 1869
3 1158 1872 1869
3 1158 1870 1871
3 1869 1872 1868
3 1870 1601 1125
3 1605 1873 1255
3 1873 1604 1207
3 1604 1603 1207
3 1603 1868 1207
3 1873 1605 1604
3 1602 1868 1603
3 1601 1869 1602
3 1869 1868 1602
3 1870 1869 1601
3 1876 116 1877
3 1876 1878 1875
3 1878 1876 1877
3 1880 207 190
3 1874 1880 190
3 1875 1879 1874
3 1879 1880 1874
3 1878 1879 1875
3 1875 1882 158
3 1875 158 5385
3 1883 1876 5385
3 158 1883 5385
3 1881 1874 190
3 1876 1875 5385
3 1883 116 1876
3 1882 1874 1881
3 1875 1874 1882
3 1884 1881 190
3 1882 173 158
3 1884 173 1882
3 1881 1884 1882
3 415 1889 1888
3 1893 536 1885
3 536 1893 1894
3 1895 536 1894
3 571 1895 1894
3 1885 1886 1892
3 1893 1885 1892
3 1886 1887 1891
3 1886 1891 1892
3 1887 1888 1890
3 1887 1890 1891
3 1888 1889 1890
3 1895 1896 5386
3 553 536 5386
3 536 1895 5386
3 1896 553 5386
3 1895 571 1896
3 1898 1897 535
3 553 1898 536
3 1897 1898 553
3 1899 621 604
3 621 1899 1900
3 1900 1899 622
3 1901 1897 5387
3 553 570 5387
3 1897 553 5387
3 570 1901 5387
3 1897 1901 535
3 1902 570 553
3 1896 1902 553
3 1902 1896 571
3 1906 1905 328
3 1907 1904 363
3 1905 1906 363
3 1906 1907 363
3 415 1903 1908
3 1904 1908 1903
3 1907 1908 1904
3 1910 1903 415
3 1904 1909 363
3 1909 1904 397
3 1904 1903 397
3 397 1903 1910
3 380 1909 397
3 1909 380 363
3 1913 1914 5389
3 1911 1912 5388
3 310 1911 5388
3 5388 1912 5389
3 1914 310 5389
3 310 5388 5389
3 1912 1913 5389
3 1912 1911 276
3 1914 1913 328
3 1916 1915 344
3 1915 1917 310
3 1917 1915 1916
3 309 1917 1916
3 1919 1918 395
3 1919 413 430
3 1918 1919 430
3 1920 1918 430
3 1920 412 395
3 1918 1920 395
3 1921 1814 1513
3 1524 1815 1521
3 1815 1921 1521
3 1921 1815 1814
3 1922 1810 1472
3 1813 1508 1513
3 1813 1924 1508
3 1811 1922 1923
3 1811 1810 1922
3 1924 1812 1923
3 1812 1811 1923
3 1813 1812 1924
3 1925 1922 1472
3 1924 1502 1508
3 1502 1924 1926
3 1924 1923 1926
3 1922 1925 1923
3 1923 1925 1926
3 1927 1928 5390
3 1513 1508 5390
3 1508 1927 5390
3 1928 1513 5390
3 1928 1927 1503
3 354 1929 371
3 1929 354 1930
3 1929 1930 355
3 595 1932 612
3 595 1933 1932
3 1931 1933 596
3 1932 1933 1931
3 356 1934 373
3 1934 356 1935
3 1934 1935 357
3 374 1934 357
3 1934 1936 373
3 374 1936 1934
3 1937 712 1938
3 1938 745 728
3 1937 1938 728
3 1939 643 626
3 643 1939 660
3 1943 1940 5391
3 1942 1943 5391
3 1942 1941 625
3 659 1941 5391
3 1941 1942 5391
3 1940 659 5391
3 1940 1943 626
3 643 1940 626
3 1940 1944 659
3 643 1944 1940
3 759 1945 5392
3 1948 776 5392
3 776 759 5392
3 1945 1948 5392
3 1947 1946 743
3 1946 1947 1945
3 1947 1948 1945
3 760 1949 5393
3 1947 743 5393
3 743 760 5393
3 1949 1947 5393
3 1948 1950 776
3 1950 1948 1949
3 1949 1948 1947
3 1950 1949 5395
3 1951 1949 760
3 1949 1951 5394
3 1951 793 5394
3 1949 5394 5395
3 1952 1950 5395
3 5394 1952 5395
3 1950 1952 776
3 793 1952 5394
3 777 1951 760
3 793 1951 777
3 1954 1953 727
3 1954 760 743
3 1953 1954 743
3 1956 1955 727
3 1955 710 693
3 1955 1956 710
3 1957 1953 743
3 1956 1953 1957
3 1956 1957 710
3 1953 1956 727
3 1958 1959 810
3 777 1959 5396
3 1958 793 5396
3 1959 1958 5396
3 793 777 5396
3 796 780 5397
3 780 1961 5397
3 1960 796 5397
3 1961 1960 5397
3 1960 1961 813
3 1962 1963 877
3 910 893 1962
3 893 1963 1962
3 910 1623 893
3 1964 1624 910
3 1624 1623 910
3 960 1625 1965
3 1625 1964 1965
3 1964 1625 1624
3 927 1964 910
3 960 1965 1966
3 1965 927 1966
3 1965 1964 927
3 910 1967 5398
3 1968 927 5398
3 1967 1968 5398
3 927 910 5398
3 1967 894 1968
3 1962 1967 910
3 1967 1962 1969
3 1969 1962 877
3 894 1967 1969
3 1970 1987 51
3 60 1987 1970
3 1986 60 1971
3 1986 1987 60
3 1978 144 1979
3 1985 1971 1972
3 1985 1986 1971
3 1984 1972 1973
3 1984 1985 1972
3 1974 1983 1973
3 1983 1984 1973
3 1982 1974 1975
3 1982 1983 1974
3 1976 1981 1975
3 1981 1982 1975
3 1980 1976 1977
3 1980 1981 1976
3 1977 1978 1979
3 1980 1977 1979
3 1990 1989 92
3 105 1989 5399
3 1988 105 5399
3 1989 1990 5399
3 81 1988 5399
3 1990 81 5399
3 1992 1991 164
3 1992 196 5400
3 196 1993 5400
3 1991 1992 5400
3 163 1991 5400
3 1993 163 5400
3 1994 134 1995
3 1995 163 148
3 1994 1995 148
3 1996 1991 163
3 164 1991 149
3 1991 1996 149
3 1996 134 149
3 1995 134 1996
3 1995 1996 163
3 51 1998 5401
3 1997 1970 5401
3 1998 1997 5401
3 1970 51 5401
3 1970 1997 60
3 1997 1998 71
3 1999 2007 17
3 2004 2001 43
3 2002 2003 43
3 2003 2004 43
3 2003 2002 51
3 2000 2006 1999
3 2006 2007 1999
3 2005 2000 2001
3 2005 2006 2000
3 2004 2005 2001
3 2007 2006 2011
3 2019 2018 0
3 2003 51 2008
3 2006 2010 2011
3 2004 2003 2008
3 2009 2004 2008
3 17 2007 2012
3 2013 17 2012
3 17 2013 2024
3 2007 2011 2012
3 2006 2005 2010
3 2009 2005 2004
3 2005 2009 2010
3 2013 2014 2024
3 2015 2023 2014
3 2014 2023 2024
3 2016 2022 2015
3 2022 2023 2015
3 2017 2021 2016
3 2021 2022 2016
3 2018 2020 2017
3 2020 2021 2017
3 2020 2018 2019
3 2029 2019 0
3 3 2025 2021
3 3 2021 2020
3 2030 3 2020
3 2028 17 2024
3 2025 2026 2022
3 2025 2022 2021
3 2026 2027 2023
3 2022 2026 2023
3 2028 2024 2027
3 2027 2024 2023
3 2019 2030 2020
3 2029 2030 2019
3 2031 28 22
3 2032 28 2031
3 2032 2031 35
3 2035 35 2036
3 80 2033 2039
3 2040 80 2039
3 2043 80 2040
3 2041 116 2042
3 2033 2034 2038
3 2033 2038 2039
3 2034 2035 2037
3 2034 2037 2038
3 2037 2035 2036
3 2043 2040 2041
3 2043 2041 2042
3 1930 354 337
3 2044 1930 337
3 1930 2044 355
3 2047 2046 467
3 2046 2047 2045
3 2045 2047 450
3 485 2046 2045
3 2048 2045 450
3 2045 468 485
3 2048 468 2045
3 346 2049 1638
3 1641 2052 467
3 2050 1638 2049
3 1639 1638 2050
3 1639 2050 398
3 2051 1640 398
3 1640 1639 398
3 2052 1641 2051
3 1641 1640 2051
3 2054 2052 5402
3 2053 2051 398
3 2051 2053 5402
3 2053 416 5402
3 416 2054 5402
3 2052 2054 467
3 2052 2051 5402
3 2055 2053 398
3 2056 2053 2055
3 2056 2055 381
3 2053 2056 416
3 1971 60 2057
3 2062 130 1977
3 130 2063 1978
3 130 1978 1977
3 2063 144 1978
3 1972 2057 2058
3 1972 1971 2057
3 1973 2058 2059
3 1973 1972 2058
3 1974 2059 2060
3 1974 1973 2059
3 1975 2060 2061
3 1975 1974 2060
3 2061 2062 1976
3 1975 2061 1976
3 2062 1977 1976
3 2057 60 2064
3 2068 130 2062
3 2067 2062 2061
3 2067 2068 2062
3 2058 2057 2064
3 2058 2064 2065
3 2060 2059 92
3 2060 92 2066
3 92 2059 2065
3 2061 2060 2066
3 2067 2061 2066
3 2059 2058 2065
3 1532 144 159
3 2069 191 1533
3 2069 1532 159
3 1532 2069 1533
3 2070 2063 130
3 144 2070 159
3 144 2063 2070
3 2070 2071 159
3 145 2071 130
3 2071 2070 130
3 2072 145 130
3 2074 2073 117
3 2074 145 2072
3 2073 2074 2072
3 2075 1350 1365
3 1350 2075 1334
3 2077 2076 1287
3 2078 1350 1334
3 2078 1334 2076
3 2077 2078 2076
3 2079 2076 1318
3 2076 2079 1287
3 2076 1334 1318
3 2080 1403 1389
3 1375 2080 1389
3 2081 2082 1402
3 1403 2082 1389
3 2082 2081 1389
3 2084 2083 1250
3 1251 2083 1235
3 2083 2084 1235
3 1235 2084 5403
3 2085 1219 5403
3 2084 2085 5403
3 1219 1235 5403
3 1250 2085 2084
3 2085 2086 1219
3 2085 1250 1234
3 2086 2085 1234
3 1415 2088 1427
3 2088 2087 1427
3 2087 2088 1428
3 1865 1488 2090
3 2090 2089 5404
3 1471 1865 5404
3 2089 1471 5404
3 1865 2090 5404
3 2089 2090 1461
3 2093 2092 1488
3 2094 2091 1495
3 2092 2093 1495
3 2093 2094 1495
3 2091 2095 1507
3 2094 2095 2091
3 2096 2097 1443
3 2096 1867 5405
3 1463 2097 5405
3 1867 1463 5405
3 2097 2096 5405
3 1867 2096 1454
3 1443 2097 2098
3 2098 1463 1472
3 2097 1463 2098
3 2099 2100 1420
3 2102 2101 1394
3 1443 2100 2099
3 2100 2103 1420
3 2101 2103 2100
3 2102 2103 2101
3 1800 1394 2101
3 2098 1803 1443
3 1803 1802 1443
3 1802 2100 1443
3 1803 2098 1472
3 1801 2100 1802
3 1801 1800 2101
3 2100 1801 2101
3 2105 2104 1496
3 2104 1482 1490
3 2105 1482 2104
3 2106 2107 2104
3 2107 2106 1503
3 2106 2104 1490
3 2104 2107 1496
3 1927 2107 1503
3 1496 2107 5406
3 2108 1496 5406
3 2107 1927 5406
3 1508 2108 5406
3 1927 1508 5406
3 2108 1502 1496
3 1502 2108 1508
3 2110 2109 1455
3 2110 2111 5407
3 1473 2109 5407
3 2111 1473 5407
3 2109 2110 5407
3 1482 2111 2110
3 1308 2112 2114
3 2112 2113 2114
3 2113 2112 1277
3 2113 1293 2114
3 2115 2116 1244
3 1245 2116 1229
3 2116 2115 1229
3 2118 2117 1303
3 2121 1272 5408
3 2117 2118 5408
3 2118 2121 5408
3 1272 2117 5408
3 2120 2119 1255
3 2119 2121 2118
3 2120 2121 2119
3 2123 1175 5409
3 2122 2123 5409
3 1175 1191 5409
3 1191 2122 5409
3 2123 2122 1158
3 2122 1872 1158
3 1207 1872 1191
3 1872 2122 1191
3 1272 2121 1256
3 2124 2120 1255
3 2121 2124 1256
3 2120 2124 2121
3 2125 1873 1207
3 1255 1873 1239
3 1873 2125 1239
3 1177 2126 1193
3 1177 2127 2126
3 2126 2127 1194
3 1175 2128 1191
3 1175 2129 2128
3 2128 2129 1192
3 2131 1207 1191
3 1192 2130 2128
3 2128 2131 1191
3 2130 2131 2128
3 2133 2132 1193
3 2133 1224 5410
3 1224 2134 5410
3 2132 2133 5410
3 1192 2132 5410
3 2134 1192 5410
3 1176 2132 1192
3 1176 2135 2132
3 2132 2135 1193
3 1222 2137 1206
3 2137 2136 1237
3 2136 2137 1222
3 2141 2142 605
3 2142 2141 571
3 2138 2145 691
3 2143 2140 605
3 2142 2143 605
3 2138 2139 2145
3 2140 2144 2139
3 2139 2144 2145
3 2143 2144 2140
3 2146 2138 691
3 2139 2138 2147
3 2138 2146 2147
3 2140 622 605
3 2140 2148 622
3 2139 2148 2140
3 2148 2139 2147
3 2149 1899 604
3 622 1899 605
3 1899 2149 605
3 204 2150 5411
3 2151 221 5411
3 221 204 5411
3 2150 2151 5411
3 2151 2150 188
3 2152 2153 5412
3 204 221 5412
3 2153 204 5412
3 221 2152 5412
3 237 2153 2152
3 2155 258 5413
3 241 2154 5413
3 258 241 5413
3 2154 2155 5413
3 2155 2154 276
3 2157 2156 207
3 2156 2157 241
3 2157 2158 241
3 241 2158 2164
3 2162 2161 328
3 2158 2159 2164
3 2160 2163 2159
3 2159 2163 2164
3 2161 2162 2160
3 2162 2163 2160
3 2164 2154 241
3 2154 2164 276
3 2164 2163 276
3 2163 1912 276
3 1913 2162 328
3 1912 2163 2162
3 1913 1912 2162
3 2155 276 5414
3 293 2165 5414
3 276 293 5414
3 2165 2155 5414
3 2155 2165 258
3 2166 1917 309
3 310 1917 293
3 1917 2166 293
3 276 1911 293
3 1911 310 293
3 2168 801 5415
3 817 2167 5415
3 2167 2168 5415
3 801 817 5415
3 784 2168 2167
3 2169 602 585
3 586 2170 2169
3 2170 602 2169
3 652 2171 635
3 2171 2172 668
3 652 2172 2171
3 2173 380 397
3 414 2173 397
3 516 2175 499
3 2175 2174 499
3 2175 515 2174
3 2174 515 5416
3 481 2177 5416
3 2174 2177 499
3 515 2176 5416
3 2176 481 5416
3 2177 2174 5416
3 2178 345 5417
3 328 1905 5417
3 1905 2178 5417
3 345 328 5417
3 2178 1905 363
3 2179 362 345
3 2178 2179 345
3 2179 2178 363
3 1914 2180 310
3 1914 328 345
3 2180 1914 345
3 344 2181 361
3 344 2182 2181
3 2181 2182 362
3 2183 2184 5418
3 549 532 5418
3 532 2183 5418
3 2184 549 5418
3 2184 2183 567
3 481 2176 498
3 2176 515 498
3 2185 447 430
3 413 2185 430
3 446 429 2186
3 2186 429 412
3 2186 2187 446
3 2186 1920 2187
3 1920 2186 412
3 2187 1920 430
3 2189 2188 1027
3 2189 2190 2188
3 2190 2189 1043
3 2188 2190 1010
3 2191 1626 960
3 1628 2190 1043
3 1627 2192 1010
3 2190 1628 1010
3 1628 1627 1010
3 2192 1626 2191
3 1627 1626 2192
3 2193 1966 927
3 2193 2194 5419
3 960 1966 5419
3 2194 960 5419
3 1966 2193 5419
3 2194 2193 944
3 2195 2196 848
3 832 2196 815
3 2196 2195 815
3 2196 832 2198
3 2197 2196 2198
3 865 2197 2198
3 2196 2197 848
3 784 2167 5420
3 2199 800 5420
3 800 784 5420
3 2167 2199 5420
3 2199 2167 817
3 2200 784 800
3 784 2200 767
3 2203 2202 864
3 2202 2203 2201
3 2201 2203 848
3 2202 2201 881
3 2197 2201 848
3 2197 865 881
3 2201 2197 881
3 2198 832 849
3 865 2198 849
3 750 2205 5421
3 2204 733 5421
3 733 750 5421
3 2205 2204 5421
3 2204 2205 766
3 2206 733 717
3 750 733 2206
3 2207 832 815
3 2207 815 799
3 2209 2208 782
3 2209 799 5422
3 815 2208 5422
3 2208 2209 5422
3 799 815 5422
3 766 2210 5423
3 2211 2209 782
3 799 2209 5423
3 2210 799 5423
3 2209 2211 5423
3 2211 766 5423
3 2213 2206 2212
3 2206 2213 750
3 2212 2206 717
3 2213 2212 734
3 2214 2213 734
3 750 2214 767
3 2214 750 2213
3 2217 2215 5424
3 2217 2216 781
3 814 2216 5424
3 2215 814 5424
3 2216 2217 5424
3 2215 2217 798
3 798 782 5425
3 782 2208 5425
3 2218 798 5425
3 2208 2218 5425
3 815 2218 2208
3 2219 388 2220
3 423 2220 406
3 2219 2220 423
3 2221 647 630
3 647 2221 664
3 2223 2222 631
3 2223 664 5426
3 664 2221 5426
3 2222 2223 5426
3 630 2222 5426
3 2221 630 5426
3 2224 2225 5427
3 546 563 5427
3 2225 546 5427
3 563 2224 5427
3 2224 528 2225
3 2224 2226 5428
3 545 528 5428
3 528 2224 5428
3 2226 545 5428
3 2226 2224 563
3 563 2227 2226
3 2227 562 545
3 2226 2227 545
3 2228 579 562
3 2227 2228 562
3 2228 2227 563
3 596 1933 579
3 1933 2229 579
3 595 2229 1933
3 2229 2230 579
3 2230 595 578
3 2229 595 2230
3 579 2232 562
3 578 2231 2230
3 2230 2232 579
3 2231 2232 2230
3 2234 2233 5429
3 545 562 5429
3 2233 545 5429
3 562 2234 5429
3 2233 2234 527
3 2235 2233 527
3 2235 528 545
3 2233 2235 545
3 2236 2238 376
3 2236 2237 2238
3 2237 2236 410
3 2237 392 2238
3 2236 376 393
3 410 2236 393
3 2241 305 5430
3 271 2240 5430
3 2240 289 2241
3 305 2239 5430
3 2239 271 5430
3 2240 2241 5430
3 2242 374 391
3 408 2242 391
3 2243 357 1935
3 1935 356 339
3 2243 1935 339
3 2243 339 5431
3 322 2244 5431
3 2244 2243 5431
3 339 322 5431
3 2243 2244 357
3 322 2245 305
3 2245 322 339
3 2248 626 609
3 610 2247 2246
3 2246 2248 609
3 2247 2248 2246
3 626 2250 609
3 2249 1942 625
3 626 1943 2250
3 1942 2249 1943
3 1943 2249 2250
3 2253 2252 694
3 2251 1955 693
3 2253 727 5432
3 727 1955 5432
3 2251 2252 5432
3 2252 2253 5432
3 1955 2251 5432
3 625 1941 642
3 642 1941 659
3 693 2255 676
3 2254 2257 692
3 2256 2255 693
3 2255 2256 2254
3 2256 2257 2254
3 2258 659 676
3 659 2258 642
3 2259 1944 643
3 2259 676 659
3 1944 2259 659
3 592 2261 575
3 2261 2260 575
3 2260 2262 591
3 2261 2262 2260
3 2264 2263 576
3 2263 592 575
3 2264 592 2263
3 2265 512 2266
3 2266 528 511
3 2265 2266 511
3 2267 2265 511
3 512 2265 495
3 2265 2267 495
3 528 2268 511
3 2268 2235 527
3 528 2235 2268
3 2264 2269 592
3 593 2269 576
3 2269 2264 576
3 592 2271 609
3 592 2269 2271
3 593 2270 2269
3 2271 2269 2270
3 610 2270 593
3 609 2271 2246
3 610 2246 2270
3 2270 2246 2271
3 2231 578 561
3 2232 2272 562
3 2272 2231 561
3 2232 2231 2272
3 2274 560 543
3 2273 2274 543
3 2274 2273 561
3 2275 2276 594
3 595 2276 578
3 2276 2275 578
3 2279 610 593
3 594 2278 2277
3 2277 2279 593
3 2278 2279 2277
3 423 2280 440
3 2280 423 406
3 2281 2282 5433
3 457 440 5433
3 440 2281 5433
3 2282 457 5433
3 2282 2281 424
3 2283 2280 406
3 2281 2283 424
3 2283 2281 2280
3 2280 2281 440
3 2285 2256 693
3 2285 726 5434
3 2257 2284 692
3 726 2284 5434
3 2257 2256 5434
3 2256 2285 5434
3 2284 2257 5434
3 2285 2286 726
3 2285 693 710
3 2286 2285 710
3 743 1946 726
3 1946 2287 726
3 2287 1945 759
3 1946 1945 2287
3 1957 2286 710
3 1957 743 726
3 2286 1957 726
3 2289 2288 826
3 2288 2289 1958
3 2289 793 1958
3 2288 1958 810
3 2290 2291 5435
3 2291 1952 5435
3 2290 2289 826
3 793 2289 5435
3 2289 2290 5435
3 1952 793 5435
3 1952 2291 776
3 2292 2303 826
3 1629 1043 2295
3 2303 2292 2293
3 2293 2294 2302
3 2303 2293 2302
3 2294 2301 2302
3 2297 1632 1631
3 2297 2298 1632
3 2296 1631 1630
3 2296 2297 1631
3 1630 1629 2295
3 2296 1630 2295
3 893 2301 2294
3 2300 893 1634
3 2300 2301 893
3 1633 2299 1634
3 2299 2300 1634
3 2298 1633 1632
3 2298 2299 1633
3 2303 2315 826
3 2307 1043 2306
3 1043 2316 2306
3 2295 1043 2307
3 2304 2318 1125
3 2317 2304 2305
3 2317 2318 2304
3 2316 2305 2306
3 2316 2317 2305
3 2295 2307 2308
3 2296 2308 2309
3 2296 2295 2308
3 2297 2309 2310
3 2297 2296 2309
3 2298 2310 2311
3 2298 2297 2310
3 2299 2311 2312
3 2299 2298 2311
3 2300 2312 2313
3 2300 2299 2312
3 2301 2313 2314
3 2301 2300 2313
3 2315 2302 2314
3 2302 2301 2314
3 2315 2303 2302
3 776 2291 1606
3 826 2315 1608
3 826 1608 1607
3 2290 826 1607
3 1619 2304 1125
3 2315 2314 1609
3 2315 1609 1608
3 2314 2313 1610
3 2314 1610 1609
3 2313 2312 1611
3 2313 1611 1610
3 2312 2311 1612
3 2312 1612 1611
3 2311 2310 1613
3 2311 1613 1612
3 2310 2309 1614
3 1613 2310 1614
3 2309 2308 1615
3 2309 1615 1614
3 2308 2307 1616
3 2308 1616 1615
3 2307 2306 1617
3 2307 1617 1616
3 2306 2305 1618
3 2306 1618 1617
3 2305 2304 1619
3 2305 1619 1618
3 2290 1607 1606
3 2291 2290 1606
3 2320 1961 780
3 2320 2319 5436
3 813 1961 5436
3 2319 813 5436
3 1961 2320 5436
3 2319 2320 797
3 2321 764 781
3 797 2321 781
3 2322 2320 780
3 797 2320 5437
3 2321 797 5437
3 2320 2322 5437
3 2322 764 5437
3 764 2321 5437
3 797 781 5438
3 781 2216 5438
3 2323 797 5438
3 2216 2323 5438
3 2323 2216 814
3 2324 2325 5439
3 746 763 5439
3 2325 746 5439
3 763 2324 5439
3 2325 2324 779
3 779 2324 2327
3 796 2327 5440
3 2326 796 5440
3 2327 2324 5440
3 763 2326 5440
3 2324 763 5440
3 2326 780 796
3 780 2326 763
3 2328 2325 5441
3 779 762 5441
3 762 2328 5441
3 2325 779 5441
3 2325 2328 746
3 2330 745 762
3 2329 2330 762
3 778 2330 2329
3 2331 779 795
3 779 2331 762
3 2329 2332 778
3 795 2332 5442
3 2331 795 5442
3 2332 2329 5442
3 2329 762 5442
3 762 2331 5442
3 2336 520 503
3 2333 2336 503
3 2335 2334 504
3 2334 2335 2333
3 2335 2336 2333
3 504 2334 487
3 2334 2337 487
3 2337 2333 503
3 2333 2337 2334
3 505 2338 488
3 2338 2340 488
3 2340 2339 504
3 2338 2339 2340
3 2048 2341 5443
3 2342 468 5443
3 2341 2342 5443
3 468 2048 5443
3 2342 2341 434
3 2341 2048 450
3 2343 384 367
3 2344 368 2345
3 384 2343 2345
3 2343 2344 2345
3 81 2347 70
3 92 2346 1990
3 1990 2347 81
3 2347 1990 2346
3 70 2064 60
3 2347 2064 70
3 2065 2346 92
3 2065 2347 2346
3 2065 2064 2347
3 2350 81 70
3 2349 2348 71
3 2348 2350 70
3 2349 2350 2348
3 60 2348 70
3 60 1997 2348
3 2348 1997 71
3 1988 81 93
3 105 1988 93
3 2352 105 5444
3 2351 2352 5444
3 105 93 5444
3 93 2351 5444
3 2352 2351 119
3 2353 2354 161
3 147 2354 132
3 2354 2353 132
3 2353 2355 132
3 146 2353 161
3 146 2355 2353
3 180 1992 164
3 1992 2356 196
3 2356 1992 180
3 164 2357 180
3 180 2357 197
3 2359 2358 164
3 165 2358 150
3 2358 2359 150
3 2360 2358 165
3 2360 197 5445
3 197 2357 5445
3 2358 2360 5445
3 2357 164 5445
3 164 2358 5445
3 2361 106 5446
3 2351 2361 5446
3 106 119 5446
3 119 2351 5446
3 2361 2351 93
3 133 2363 119
3 2363 2362 147
3 2362 2363 133
3 119 2364 133
3 133 2364 148
3 2365 2366 5447
3 108 121 5447
3 2366 108 5447
3 121 2365 5447
3 2366 2365 95
3 2365 2367 5448
3 107 95 5448
3 95 2365 5448
3 2367 107 5448
3 2367 2365 121
3 150 2359 135
3 2359 2368 135
3 2368 2359 164
3 2368 2369 135
3 2368 164 149
3 2369 2368 149
3 2370 135 121
3 135 2370 150
3 135 2371 121
3 2371 2369 149
3 2369 2371 135
3 265 2372 5449
3 2373 2374 5449
3 2372 2373 5449
3 2374 265 5449
3 2373 2372 230
3 248 2374 2373
3 247 230 5450
3 230 2372 5450
3 2375 247 5450
3 2372 2375 5450
3 2375 2372 265
3 6 2376 5451
3 2377 3 5451
3 3 6 5451
3 2376 2377 5451
3 2377 2376 9
3 2378 2380 19
3 2379 2380 2378
3 2380 2379 9
3 2379 2378 24
3 52 2381 43
3 52 2382 2381
3 2381 2382 61
3 61 71 5452
3 71 1998 5452
3 2383 61 5452
3 1998 2383 5452
3 2383 1998 51
3 2383 2381 61
3 2383 2002 2381
3 2002 2383 51
3 2381 2002 43
3 2377 2385 3
3 2384 9 13
3 9 2384 2385
3 2377 9 2385
3 2385 2025 3
3 2028 2386 17
3 2386 2027 13
3 2027 2026 13
3 2026 2384 13
3 2386 2028 2027
3 2025 2384 2026
3 2385 2384 2025
3 36 2388 29
3 2387 2390 43
3 2388 2389 2387
3 2389 2390 2387
3 36 2389 2388
3 1999 2391 29
3 2388 2000 5453
3 1999 29 5453
3 2391 1999 17
3 29 2388 5453
3 2000 1999 5453
3 2001 2387 43
3 2388 2387 2001
3 2388 2001 2000
3 2391 17 23
3 29 2391 23
3 55 2392 46
3 55 64 2392
3 2394 2393 47
3 2393 55 46
3 2394 55 2393
3 47 2395 39
3 2395 2393 46
3 47 2393 2395
3 2396 64 5454
3 74 2397 5454
3 64 74 5454
3 2397 2396 5454
3 2396 2397 54
3 2396 2398 2392
3 2392 2398 46
3 64 2396 2392
3 2398 2396 54
3 2398 2399 46
3 45 2399 54
3 2399 2398 54
3 2400 2401 5455
3 109 97 5455
3 97 2400 5455
3 2401 109 5455
3 2401 2400 123
3 137 2402 152
3 2402 137 123
3 2404 84 73
3 2403 2404 73
3 2404 2403 74
3 108 2366 5456
3 84 2406 5456
3 2405 2366 95
3 2406 108 5456
3 2366 2405 5456
3 2405 84 5456
3 96 2406 84
3 108 2406 96
3 97 2407 85
3 109 2407 97
3 109 2409 5457
3 2408 2409 96
3 85 2407 5457
3 2407 109 5457
3 2409 2408 5457
3 2408 85 5457
3 1864 75 2410
3 2410 85 74
3 1864 2410 74
3 2404 74 85
3 2404 2411 84
3 2411 2404 85
3 2408 2411 85
3 2411 96 84
3 2408 96 2411
3 2413 79 69
3 2412 2413 69
3 2413 2412 80
3 2035 2415 35
3 2412 2033 80
3 2414 2034 69
3 2034 2033 69
3 2033 2412 69
3 2415 2035 2414
3 2414 2035 2034
3 28 2416 22
3 2416 28 34
3 2416 2418 22
3 2418 2416 2417
3 2417 2416 34
3 2418 2417 27
3 2420 2419 12
3 2418 2419 2420
3 22 2418 2420
3 2419 2418 27
3 2425 1 2426
3 12 2424 2428
3 2431 35 2421
3 2431 2421 2422
3 2422 2423 2430
3 2431 2422 2430
3 2423 2429 2430
3 2424 2425 2427
3 2424 2427 2428
3 2425 2426 2427
3 12 2429 2423
3 2429 12 2428
3 2423 2420 12
3 2422 22 2423
3 22 2420 2423
3 2422 2031 22
3 2031 2421 35
3 2421 2031 2422
3 2433 47 39
3 2432 2433 39
3 2433 2432 40
3 48 2433 40
3 2433 2434 47
3 2434 2433 48
3 140 2435 126
3 2435 2436 154
3 2435 140 2436
3 2437 2435 154
3 2438 2435 2437
3 125 2438 2437
3 2435 2438 126
3 2439 337 5458
3 354 2440 5458
3 337 354 5458
3 2440 2439 5458
3 2439 2440 319
3 2442 268 5459
3 285 2441 5459
3 268 285 5459
3 2441 2442 5459
3 2442 2441 250
3 2443 267 5460
3 250 2441 5460
3 2441 2443 5460
3 267 250 5460
3 2443 2441 285
3 2444 2445 244
3 279 2445 262
3 2445 2444 262
3 227 2446 244
3 2446 2444 244
3 2444 2446 262
3 2448 2447 277
3 2448 1620 5461
3 242 2447 5461
3 1620 242 5461
3 2447 2448 5461
3 1620 2448 259
3 2451 346 329
3 2450 2449 347
3 2449 2451 329
3 2450 2451 2449
3 347 2449 2453
3 2449 2452 5462
3 312 2453 5462
3 2452 312 5462
3 2453 2449 5462
3 2452 2449 329
3 381 2454 364
3 2055 2454 381
3 2454 2055 398
3 2450 347 5463
3 2455 2450 5463
3 347 364 5463
3 364 2455 5463
3 346 2451 2456
3 2451 2455 2456
3 2451 2450 2455
3 2456 2049 346
3 2050 2049 5464
3 2454 398 2050
3 2456 2455 5464
3 2455 364 5465
3 364 2454 5465
3 2454 2050 5465
3 2049 2456 5464
3 2050 5464 5465
3 5464 2455 5465
3 131 2074 117
3 2074 2457 145
3 2457 2074 131
3 2458 131 117
3 131 2458 146
3 2459 2465 1453
3 1488 1480 2462
3 1480 2461 2462
3 1480 2463 2461
3 2460 2464 2459
3 2464 2465 2459
3 2461 2463 2460
3 2463 2464 2460
3 2466 2471 1407
3 1431 2467 2468
3 2470 2467 1431
3 2469 1431 2468
3 1453 2469 2468
3 2467 2470 2466
3 2470 2471 2466
3 2472 2473 1418
3 2473 1419 1431
3 2473 2472 1419
3 2470 1431 1419
3 1407 2471 2474
3 2474 2470 1419
3 2471 2470 2474
3 2474 1419 1406
3 2475 2474 1406
3 2474 2475 1407
3 2476 2477 1439
3 1440 2477 1428
3 2477 2476 1428
3 2476 2087 1428
3 2087 1439 1427
3 2087 2476 1439
3 1137 2478 1153
3 1137 2479 2478
3 2478 2479 1154
3 2481 1150 1134
3 2480 2481 1134
3 2481 2480 1151
3 2483 2482 1120
3 2482 1137 1153
3 2483 1137 2482
3 2484 1059 2485
3 2485 1042 1026
3 2484 2485 1026
3 2486 959 943
3 959 2486 2487
3 2487 2486 976
3 2488 2486 943
3 2490 2489 993
3 2486 2488 976
3 2488 2489 976
3 2489 2490 976
3 2491 1460 5466
3 1469 2492 5466
3 2492 2491 5466
3 1460 1469 5466
3 2491 2492 1449
3 2493 2491 1449
3 2493 1450 1460
3 2491 2493 1460
3 2494 2495 1389
3 1359 2495 1374
3 2495 2494 1374
3 2494 2496 1374
3 2494 2081 2496
3 2081 2494 1389
3 2496 2081 1402
3 2497 1401 1387
3 1373 2497 1387
3 2498 2499 1401
3 1415 2499 1402
3 2499 2498 1402
3 1387 2501 2500
3 2500 1372 1357
3 2501 1372 2500
3 1372 2502 1357
3 2502 1372 1386
3 2504 1358 1343
3 2503 2504 1343
3 2504 2503 1359
3 1342 2505 1357
3 1342 2506 2505
3 2505 2506 1358
3 1373 2507 1358
3 2507 1373 1387
3 2507 2500 2505
3 2507 2505 1358
3 2500 2507 1387
3 2505 2500 1357
3 1359 2508 1344
3 1344 2508 1328
3 2508 2509 1328
3 2508 2503 2509
3 2503 2508 1359
3 2509 2503 1343
3 2510 2509 1343
3 2509 1312 1328
3 2510 1312 2509
3 2510 2511 1312
3 2511 1343 1327
3 2511 2510 1343
3 2512 2513 1327
3 2506 2513 2512
3 2506 2512 1358
3 2513 2506 1342
3 1343 1358 2512
3 1343 2512 1327
3 2515 2514 1340
3 2514 1309 1325
3 2515 1309 2514
3 2516 2114 1293
3 2114 1324 1308
3 2114 2516 1324
3 2516 2517 1324
3 2517 1293 1309
3 2516 1293 2517
3 2515 2517 1309
3 2517 1340 1324
3 2517 2515 1340
3 2518 1293 1278
3 1293 2518 1309
3 2478 2519 1153
3 2519 1154 1170
3 2478 1154 2519
3 1218 2520 1234
3 1202 2520 1218
3 2522 2521 1233
3 2522 1202 1218
3 2521 2522 1218
3 2523 2524 1249
3 1250 2524 1234
3 2524 2523 1234
3 1218 1234 5467
3 1234 2523 5467
3 2525 1218 5467
3 2523 2525 5467
3 2525 2523 1249
3 2525 2521 1218
3 1233 2525 1249
3 1233 2521 2525
3 2524 2526 1249
3 2526 1250 1266
3 2524 1250 2526
3 2526 1265 1249
3 2527 1265 2526
3 2527 2526 1266
3 2529 2528 1450
3 1461 2529 1451
3 2528 2529 1461
3 2477 2530 1439
3 2530 1440 1451
3 2477 1440 2530
3 2530 1450 1439
3 2529 1450 2530
3 2529 2530 1451
3 2089 1461 5468
3 1451 2531 5468
3 1461 1451 5468
3 2531 2089 5468
3 2089 2531 1471
3 2532 1460 5469
3 1450 2533 5469
3 1460 1450 5469
3 2533 2532 5469
3 2532 2533 1470
3 2528 1461 5470
3 1470 2533 5470
3 2533 2528 5470
3 1461 1470 5470
3 2528 2533 1450
3 2549 1407 2550
3 2536 2563 2535
3 2563 2564 2535
3 2537 2562 2536
3 2562 2563 2536
3 2561 2537 2538
3 2561 2562 2537
3 2539 2560 2538
3 2560 2561 2538
3 2539 2540 2559
3 2560 2539 2559
3 2540 2541 2558
3 2540 2558 2559
3 2541 2542 2557
3 2541 2557 2558
3 2542 2543 2556
3 2542 2556 2557
3 2543 2544 2555
3 2543 2555 2556
3 2544 2545 2554
3 2544 2554 2555
3 2545 2546 2553
3 2545 2553 2554
3 2546 2547 2552
3 2546 2552 2553
3 2547 2548 2551
3 2547 2551 2552
3 2548 2549 2550
3 2548 2550 2551
3 1528 2565 1529
3 2534 2565 1528
3 2535 2564 2534
3 2564 2565 2534
3 2577 1453 5474
3 2467 2548 5471
3 2547 2468 5471
3 2468 2547 5472
3 2577 2545 5473
3 1453 2546 5474
3 2546 1453 5472
3 2544 2576 5473
3 2545 2577 5474
3 1453 2468 5472
3 2534 1528 2566
3 2576 2577 5473
3 2468 2467 5471
3 2548 2547 5471
3 2547 2546 5472
3 2546 2545 5474
3 2545 2544 5473
3 2466 1407 2549
3 2567 2535 2566
3 2535 2534 2566
3 2536 2567 2568
3 2536 2535 2567
3 2569 2537 2568
3 2537 2536 2568
3 2570 2538 2569
3 2538 2537 2569
3 2570 2571 2539
3 2538 2570 2539
3 2571 2572 2540
3 2571 2540 2539
3 2572 2573 2541
3 2572 2541 2540
3 2573 2574 2542
3 2573 2542 2541
3 2574 2575 2543
3 2574 2543 2542
3 2575 2576 2544
3 2575 2544 2543
3 2467 2466 2549
3 2467 2549 2548
3 2579 2578 1518
3 2579 1524 1521
3 2579 1521 2578
3 2106 1497 1503
3 1497 2106 1490
3 2580 1491 1483
3 2580 1483 1475
3 2582 1497 2581
3 1491 2582 1483
3 2582 2581 1483
3 2581 2583 1483
3 1490 2583 1497
3 2583 2581 1497
3 2584 1866 1454
3 1866 2585 1472
3 2585 2584 1481
3 2585 1866 2584
3 1925 2585 1481
3 2585 1925 1472
3 2586 1926 1481
3 1926 1925 1481
3 1926 2586 1502
3 2109 2587 1455
3 2109 1473 1464
3 2587 2109 1464
3 2584 2588 1481
3 2589 2584 1454
3 2588 2589 1464
3 2584 2589 2588
3 1473 2588 1464
3 2588 2590 1481
3 1473 2590 2588
3 1455 1445 5475
3 1445 2592 5475
3 2591 1455 5475
3 2592 2591 5475
3 2591 2592 1465
3 1482 2110 2593
3 2110 2591 5476
3 1465 2593 5476
3 2591 1465 5476
3 2593 2110 5476
3 2591 2110 1455
3 1276 2594 1260
3 1291 2594 1276
3 2595 2596 1323
3 1308 2596 1292
3 2596 2595 1292
3 2112 1292 1277
3 2112 1308 1292
3 2598 2597 1245
3 1262 2597 1246
3 2597 2598 1246
3 2113 2600 1293
3 2599 2113 1277
3 2600 2113 2599
3 2600 2599 1262
3 1278 2600 1262
3 1293 2600 1278
3 2601 1259 1243
3 2602 1259 2601
3 1260 2602 2601
3 2603 2601 1243
3 2601 1244 1260
3 2603 1244 2601
3 2605 2604 1242
3 2604 1227 1243
3 2605 1227 2604
3 1199 2606 2607
3 1182 2606 1198
3 2606 1182 2607
3 1229 2115 5477
3 2608 1213 5477
3 1213 1229 5477
3 2115 2608 5477
3 2115 1244 2608
3 2117 2609 1303
3 2117 2610 2609
3 2610 2117 1272
3 2609 2610 1288
3 2611 2609 1288
3 2609 1319 1303
3 2611 1319 2609
3 2612 2123 1158
3 1175 2612 1159
3 2123 2612 1175
3 1159 2614 1143
3 1158 2613 2612
3 2614 1159 2612
3 2613 2614 2612
3 2129 1175 5478
3 2615 2129 5478
3 1175 1159 5478
3 1159 2615 5478
3 1192 2129 2615
3 2615 2616 5479
3 1176 1192 5479
3 2616 1176 5479
3 1192 2615 5479
3 2616 2615 1159
3 1143 2618 1159
3 1143 2619 2618
3 1144 2617 2619
3 2618 2619 2617
3 1144 2620 5480
3 1128 1144 5480
3 2621 1128 5480
3 2620 2621 5480
3 2621 2620 1111
3 2622 2127 5481
3 1177 1161 5481
3 1161 2622 5481
3 2127 1177 5481
3 2127 2622 1194
3 2624 2623 1241
3 2623 1226 1242
3 2624 1226 2623
3 1224 2626 1208
3 2626 2625 1208
3 2625 2626 1239
3 2134 1208 1192
3 1208 2134 1224
3 2625 2627 1208
3 2125 2627 2625
3 2125 2625 1239
3 2627 2125 1207
3 1208 2130 1192
3 1207 2131 2627
3 2627 2130 1208
3 2130 2627 2131
3 2628 2629 5482
3 1189 1173 5482
3 1173 2628 5482
3 2629 1189 5482
3 2629 2628 1206
3 2631 2630 1172
3 1189 2631 1173
3 2630 2631 1189
3 2632 2633 1223
3 1174 2633 1190
3 2633 2632 1190
3 2632 2634 5483
3 1206 1190 5483
3 1190 2632 5483
3 2634 1206 5483
3 2634 2632 1223
3 2636 2635 1173
3 2636 1174 1190
3 2635 2636 1190
3 2628 2635 5484
3 1190 1206 5484
3 2635 1190 5484
3 1206 2628 5484
3 2635 2628 1173
3 2637 1271 1287
3 1302 2637 1287
3 1287 2079 1302
3 2079 1318 1302
3 2637 1302 2638
3 2639 2638 1286
3 2639 2637 2638
3 2637 2639 1271
3 2641 2640 934
3 918 2640 901
3 2640 2641 901
3 2642 2643 898
3 865 2642 881
3 865 2643 2642
3 2141 605 588
3 571 2141 588
3 605 2149 588
3 2149 2644 588
3 604 2644 2149
3 1902 2645 570
3 2645 571 588
3 1902 571 2645
3 1884 2646 206
3 2647 1884 206
3 2646 1884 190
3 1884 2647 173
3 189 2647 206
3 173 2647 189
3 189 206 5485
3 206 2648 5485
3 2649 189 5485
3 2648 2649 5485
3 2649 2648 222
3 2166 309 5486
3 275 2650 5486
3 2166 2650 293
3 309 2651 5486
3 2651 275 5486
3 2650 2166 5486
3 2650 275 5487
3 258 2165 5487
3 2165 2650 5487
3 275 258 5487
3 2650 2165 293
3 2652 2153 5488
3 237 220 5488
3 220 2652 5488
3 2153 237 5488
3 2153 2652 204
3 2653 222 239
3 256 2653 239
3 2648 2654 5489
3 239 222 5489
3 222 2648 5489
3 2654 239 5489
3 2654 2648 206
3 188 205 5490
3 205 2655 5490
3 2151 188 5490
3 2655 2151 5490
3 2151 2655 221
3 205 2656 5491
3 2649 222 5491
3 222 205 5491
3 2656 2649 5491
3 2649 2656 189
3 2657 2656 205
3 2657 173 189
3 2656 2657 189
3 139 2437 154
3 125 2437 139
3 2659 2658 153
3 2659 125 139
3 2658 2659 139
3 139 154 5492
3 154 2660 5492
3 2661 139 5492
3 2660 2661 5492
3 2660 168 2661
3 2661 168 5493
3 168 153 5493
3 2658 2661 5493
3 153 2658 5493
3 2661 2658 139
3 2662 817 801
3 817 2662 834
3 654 2663 671
3 2663 654 637
3 2644 2664 588
3 2664 604 587
3 2644 604 2664
3 570 2645 587
3 2645 2664 587
3 2664 2645 588
3 2665 586 569
3 2666 586 2665
3 2666 2665 587
3 2667 2665 569
3 2665 570 587
3 570 2665 2667
3 602 2669 619
3 2669 2668 619
3 2668 2669 620
3 1901 2670 5494
3 552 535 5494
3 535 1901 5494
3 2670 552 5494
3 2670 1901 570
3 2667 569 552
3 2670 2667 552
3 2667 2670 570
3 2671 535 518
3 1898 535 2671
3 1898 2671 536
3 2672 2673 5495
3 551 534 5495
3 534 2672 5495
3 2673 551 5495
3 2673 2672 569
3 2672 2674 5496
3 552 569 5496
3 2674 552 5496
3 569 2672 5496
3 2674 2672 534
3 2675 2674 534
3 2675 535 552
3 2674 2675 552
3 551 2676 568
3 551 2673 2676
3 2676 2673 569
3 2676 2677 568
3 586 2677 569
3 2677 2676 569
3 2677 585 568
3 2677 2169 585
3 2169 2677 586
3 2678 2679 601
3 602 2679 585
3 2679 2678 585
3 2680 2171 668
3 2681 2171 2680
3 2681 2680 634
3 2171 2681 635
3 2683 2682 379
3 2683 1919 2682
3 1919 2683 413
3 2682 1919 395
3 2684 448 431
3 2684 431 414
3 2685 447 2185
3 2686 2685 2185
3 413 2686 2185
3 2685 2686 431
3 1910 2687 397
3 1910 415 432
3 2687 1910 432
3 2688 2687 432
3 397 2688 414
3 397 2687 2688
3 2684 2689 448
3 2689 2684 2688
3 2688 2684 414
3 2689 2688 432
3 2689 2690 5497
3 465 448 5497
3 448 2689 5497
3 2690 465 5497
3 2690 2689 432
3 327 1915 310
3 344 1915 327
3 345 2691 2180
3 310 2180 327
3 2180 2691 327
3 2182 344 5498
3 327 2692 5498
3 2692 2182 5498
3 344 327 5498
3 2182 2692 362
3 2691 345 5499
3 362 2692 5499
3 345 362 5499
3 2692 2691 5499
3 2691 2692 327
3 395 2693 378
3 412 2693 395
3 2682 2694 379
3 2694 395 378
3 2682 395 2694
3 2695 362 379
3 2695 2694 378
3 2694 2695 379
3 2695 378 361
3 2181 2695 361
3 2695 2181 362
3 2696 514 5500
3 480 2698 5500
3 2696 2698 498
3 514 2697 5500
3 2697 480 5500
3 2698 2696 5500
3 515 2699 498
3 2699 2696 498
3 2699 514 2696
3 2183 2700 5501
3 550 567 5501
3 2700 550 5501
3 567 2183 5501
3 2700 2183 532
3 2702 567 550
3 2701 2702 550
3 2702 2701 568
3 2704 2703 5502
3 431 448 5502
3 2703 431 5502
3 448 2704 5502
3 2703 2704 464
3 2685 2703 5503
3 464 447 5503
3 447 2685 5503
3 2703 464 5503
3 2703 2685 431
3 2177 481 5504
3 464 2705 5504
3 2705 2177 5504
3 481 464 5504
3 2177 2705 499
3 464 2706 447
3 481 2706 464
3 463 2707 446
3 463 480 2707
3 2709 481 5505
3 498 2708 5505
3 481 498 5505
3 2708 2709 5505
3 2709 2708 463
3 2698 480 5506
3 463 2708 5506
3 2708 2698 5506
3 480 463 5506
3 2708 498 2698
3 2706 2710 447
3 2706 2709 2710
3 2709 2706 481
3 2710 2709 463
3 2710 2711 5507
3 430 447 5507
3 2711 430 5507
3 447 2710 5507
3 2711 2710 463
3 2187 2711 5508
3 463 446 5508
3 446 2187 5508
3 2711 463 5508
3 2711 2187 430
3 2713 2712 1444
3 2713 1445 1455
3 2712 2713 1455
3 1444 1433 5509
3 2714 2713 5509
3 1433 2714 5509
3 2713 1444 5509
3 2713 2714 1445
3 1454 1444 5510
3 1444 2715 5510
3 2589 1454 5510
3 2715 2589 5510
3 2589 2715 1464
3 2712 2715 1444
3 2712 2587 5511
3 1464 2715 5511
3 2587 1464 5511
3 2715 2712 5511
3 2587 2712 1455
3 2716 2096 1443
3 1454 2716 1444
3 2716 1454 2096
3 2099 1420 1432
3 1443 2099 1432
3 1443 1432 5512
3 2717 2716 5512
3 1432 2717 5512
3 2716 1443 5512
3 1444 2716 2717
3 1433 1444 5513
3 2717 2718 5513
3 2718 1433 5513
3 1444 2717 5513
3 2718 2717 1432
3 2719 2723 1380
3 1319 2721 1303
3 2722 2721 1319
3 2720 2723 2719
3 2721 2722 2720
3 2722 2723 2720
3 2724 1794 1255
3 1380 1394 1799
3 2729 1380 1799
3 2725 1794 2724
3 2726 1795 2725
3 1795 1794 2725
3 1796 2726 2727
3 1796 1795 2726
3 2727 2728 1797
3 1796 2727 1797
3 2728 2729 1798
3 2728 1798 1797
3 2729 1799 1798
3 2726 1303 5514
3 2721 2727 5514
3 2724 1255 2119
3 1303 2721 5514
3 2727 2726 5514
3 2118 1303 2726
3 2729 2719 1380
3 2721 2720 2728
3 2727 2721 2728
3 2720 2719 2729
3 2720 2729 2728
3 2118 2726 2725
3 2725 2724 2119
3 2118 2725 2119
3 2731 2730 1394
3 1395 2730 1381
3 2730 2731 1381
3 2732 1395 1381
3 1367 2732 1381
3 1290 2733 2735
3 2734 2733 1274
3 2733 2734 2735
3 2734 1259 2735
3 2736 1305 2737
3 2733 2736 2737
3 2733 2737 1274
3 2736 2733 1290
3 2738 2202 881
3 2739 2202 2738
3 2739 2738 897
3 2202 2739 864
3 2741 2740 929
3 913 2740 896
3 2740 2741 896
3 2743 2742 897
3 2742 930 913
3 2743 930 2742
3 2745 2744 879
3 2746 2744 2745
3 863 2746 2745
3 2744 2746 896
3 2745 2748 863
3 2747 2748 2745
3 2747 2745 879
3 2748 2747 846
3 2750 2749 862
3 2750 2747 2749
3 2747 2750 846
3 2747 879 2749
3 977 2751 5515
3 5515 2191 5516
3 977 5515 5516
3 2191 2752 5516
3 2752 977 5516
3 960 2752 2191
3 2192 2751 1010
3 2751 2192 5515
3 2192 2191 5515
3 2194 2752 960
3 2752 2194 2753
3 2753 2194 944
3 2752 2753 977
3 2753 2755 977
3 2755 2753 2754
3 961 2755 2754
3 2754 2753 944
3 2756 2755 961
3 2756 994 977
3 2755 2756 977
3 1010 2751 994
3 994 2751 977
3 2757 1010 994
3 2757 2188 1010
3 2188 2757 1027
3 928 2758 5517
3 2754 944 5517
3 2758 2754 5517
3 944 928 5517
3 2754 2758 961
3 2759 2760 816
3 832 2760 849
3 2760 2759 849
3 2207 2760 832
3 2760 2207 2761
3 2761 2207 799
3 2760 2761 816
3 2763 2762 749
3 2762 2763 2764
3 2763 716 2764
3 2762 2764 733
3 2204 2762 733
3 2204 766 749
3 2762 2204 749
3 2211 2765 5518
3 749 766 5518
3 2765 749 5518
3 766 2211 5518
3 782 2765 2211
3 767 2200 5519
3 2767 2766 783
3 800 2766 5519
3 2200 800 5519
3 2766 2767 5519
3 2767 767 5519
3 2210 766 783
3 799 2210 783
3 2766 2768 783
3 2766 800 5520
3 816 2768 5520
3 2768 2766 5520
3 800 816 5520
3 783 2768 5521
3 2761 799 5521
3 799 783 5521
3 2768 2761 5521
3 816 2761 2768
3 2767 2769 5522
3 750 767 5522
3 2769 750 5522
3 767 2767 5522
3 2769 2767 783
3 2205 2769 5523
3 783 766 5523
3 766 2205 5523
3 2769 783 5523
3 2769 2205 750
3 717 2770 700
3 2770 717 733
3 701 2773 2772
3 2773 2771 2772
3 2771 2773 734
3 2772 2771 700
3 2212 2771 734
3 2771 717 700
3 2212 717 2771
3 2774 650 2775
3 2775 683 666
3 2774 2775 666
3 666 2776 649
3 683 2776 666
3 2195 2777 815
3 2777 848 831
3 2777 2195 848
3 2778 2777 831
3 2218 2777 2778
3 2218 2778 798
3 2777 2218 815
3 2778 2215 798
3 814 2778 831
3 814 2215 2778
3 864 2779 2203
3 848 2779 831
3 2779 848 2203
3 2779 2780 831
3 2781 2780 2779
3 864 2781 2779
3 2780 2781 847
3 2782 2780 847
3 2780 814 831
3 2782 814 2780
3 2783 2784 731
3 697 2784 714
3 2784 2783 714
3 2787 697 680
3 2786 2785 681
3 2785 2787 680
3 2786 2787 2785
3 2788 664 681
3 664 2788 647
3 2789 2785 680
3 2789 647 5524
3 647 2788 5524
3 2785 2789 5524
3 2788 681 5524
3 681 2785 5524
3 2219 423 2790
3 388 2790 405
3 388 2219 2790
3 388 2791 371
3 2791 388 405
3 2794 2793 490
3 2794 2792 5525
3 455 2793 5525
3 2792 455 5525
3 2793 2794 5525
3 2792 2794 472
3 2795 2282 5526
3 424 441 5526
3 2282 424 5526
3 441 2795 5526
3 457 2282 2795
3 2797 2796 475
3 2796 2797 2795
3 2797 457 2795
3 2796 2795 441
3 2798 441 424
3 407 2798 424
3 2800 2799 373
3 2800 2801 2799
3 2801 2800 407
3 2799 2801 389
3 2801 2802 389
3 2801 407 424
3 2802 2801 424
3 2283 2802 424
3 2283 406 389
3 2802 2283 389
3 631 2804 2803
3 632 2804 615
3 2803 2804 632
3 649 2805 632
3 2805 2806 665
3 649 2806 2805
3 2805 2803 632
3 2805 665 5527
3 665 2807 5527
3 2803 2805 5527
3 2807 631 5527
3 631 2803 5527
3 649 2808 666
3 2808 649 632
3 2810 2809 682
3 2810 649 5528
3 649 2776 5528
3 2809 2810 5528
3 683 2809 5528
3 2776 683 5528
3 649 2810 2806
3 2810 682 665
3 2806 2810 665
3 648 2223 631
3 2223 2811 664
3 2811 2223 648
3 648 2807 665
3 631 2807 648
3 2812 2811 648
3 681 664 2812
3 664 2811 2812
3 665 2813 648
3 2813 665 682
3 2813 682 5529
3 2812 2814 681
3 2812 648 5529
3 648 2813 5529
3 2814 2812 5529
3 682 2814 5529
3 2815 528 2266
3 529 2266 512
3 529 2815 2266
3 2815 2225 528
3 546 2815 529
3 2225 2815 546
3 597 2816 580
3 2816 2817 580
3 596 2817 2816
3 2817 2818 580
3 2818 596 579
3 2817 596 2818
3 2228 563 580
3 2228 2818 579
3 2818 2228 580
3 2820 2819 581
3 2819 597 580
3 2819 2820 597
3 2222 630 2821
3 631 2821 614
3 631 2222 2821
3 2804 631 614
3 2822 2804 614
3 2804 2822 615
3 509 2825 5530
3 475 2823 5530
3 493 2824 2823
3 2825 475 5530
3 2823 2824 5530
3 2824 509 5530
3 2826 392 375
3 2826 376 2238
3 392 2826 2238
3 2827 2828 375
3 374 2828 391
3 2828 2827 391
3 2829 341 5531
3 324 2830 5531
3 2830 2829 5531
3 341 324 5531
3 2829 2830 359
3 2831 342 5532
3 359 2830 5532
3 342 359 5532
3 2830 2831 5532
3 2830 324 2831
3 376 2832 359
3 2832 2826 375
3 376 2826 2832
3 2833 360 2834
3 2834 376 359
3 2833 2834 359
3 342 2833 359
3 342 2835 2833
3 2833 2835 360
3 2835 342 5533
3 325 2836 5533
3 2836 2835 5533
3 342 325 5533
3 2835 2836 360
3 2837 442 425
3 2837 425 408
3 2839 2798 407
3 2798 2839 2838
3 2838 2839 425
3 2798 2838 441
3 2840 1936 374
3 1936 390 373
3 1936 2840 390
3 2242 2840 374
3 2840 2242 2841
3 2841 2242 408
3 2840 2841 390
3 2841 2842 390
3 2841 408 425
3 2842 2841 425
3 390 2800 373
3 407 2800 390
3 2842 425 2839
3 2839 407 390
3 2842 2839 390
3 2044 337 5534
3 320 2843 5534
3 2843 2044 5534
3 337 320 5534
3 2044 2843 355
3 320 2844 303
3 337 2844 320
3 697 2846 680
3 696 2845 2847
3 697 2847 2846
3 2846 2847 2845
3 2845 696 679
3 680 2846 2848
3 2848 2845 679
3 2846 2845 2848
3 2789 2849 647
3 2789 680 663
3 2789 663 2849
3 2850 2852 630
3 2850 663 5535
3 663 2851 5535
3 2852 2850 5535
3 2851 629 5535
3 629 2852 5535
3 647 2850 630
3 2850 2849 663
3 647 2849 2850
3 679 2853 662
3 662 2853 645
3 2249 625 608
3 2854 2249 608
3 2250 2855 609
3 2855 2250 2854
3 2250 2249 2854
3 592 2856 2261
3 2857 608 591
3 2262 2857 591
3 2856 2262 2261
3 2856 2857 2262
3 2856 592 609
3 2857 2854 608
3 2855 2856 609
3 2854 2857 2855
3 2857 2856 2855
3 712 2858 695
3 2858 1937 728
3 712 1937 2858
3 2860 2858 728
3 2858 2860 2859
3 2859 2860 694
3 2858 2859 695
3 2863 679 696
3 695 2862 2861
3 2861 2863 696
3 2862 2863 2861
3 2864 2865 644
3 660 2864 677
3 660 2865 2864
3 677 2866 660
3 660 2866 643
3 2868 2259 5536
3 2867 2868 5536
3 2867 2866 677
3 643 2866 5536
3 2866 2867 5536
3 2259 643 5536
3 2259 2868 676
3 694 2870 677
3 2869 2251 693
3 2252 2870 694
3 2251 2869 2252
3 2869 2870 2252
3 2869 693 676
3 2868 2869 676
3 2870 2867 677
3 2867 2870 2868
3 2868 2870 2869
3 711 2253 694
3 2253 2871 727
3 2871 2253 711
3 2872 2860 728
3 2860 711 694
3 2860 2872 711
3 2873 2284 726
3 692 2284 709
3 2284 2873 709
3 726 2287 5537
3 709 2873 5537
3 2874 2287 759
3 2873 726 5537
3 2287 2874 5537
3 2874 709 5537
3 2879 2877 2878
3 2879 572 5538
3 2875 2876 5538
3 572 2875 5538
3 2877 554 2878
3 2876 2875 606
3 2876 2877 5538
3 2877 2879 5538
3 2880 591 574
3 2260 2881 575
3 2260 591 2880
3 2881 2260 2880
3 557 2883 574
3 557 2884 2883
3 558 2882 2884
3 2883 2884 2882
3 2882 558 575
3 2883 2880 574
3 2881 2882 575
3 2880 2883 2881
3 2883 2882 2881
3 524 2886 507
3 523 2885 2887
3 524 2887 2886
3 2887 2885 2886
3 558 2889 575
3 558 2890 2889
3 559 2888 2890
3 2890 2888 2889
3 576 2888 559
3 575 2889 2263
3 576 2263 2888
3 2888 2263 2889
3 2892 542 5539
3 2891 2892 5539
3 542 559 5539
3 559 2891 5539
3 2892 2891 524
3 542 2893 559
3 542 2894 2893
3 2893 2894 560
3 2896 576 559
3 560 2895 2893
3 2893 2896 559
3 2896 2893 2895
3 2884 557 540
3 2897 2884 540
3 2884 2897 558
3 523 2898 5540
3 2897 540 5540
3 2898 2897 5540
3 540 523 5540
3 2897 2898 558
3 557 2899 5541
3 2900 540 5541
3 540 557 5541
3 2899 2900 5541
3 2899 522 2900
3 540 2902 523
3 2901 2900 522
3 2900 2902 540
3 2901 2902 2900
3 558 2898 5542
3 2903 541 5542
3 2898 2903 5542
3 541 558 5542
3 2903 2898 523
3 2887 2903 523
3 2887 524 541
3 2903 2887 541
3 2890 558 541
3 2904 2890 541
3 2890 2904 559
3 2904 541 5543
3 2891 2904 5543
3 541 524 5543
3 524 2891 5543
3 2904 2891 559
3 392 2905 375
3 2905 392 409
3 2905 2827 375
3 2906 2827 2905
3 2906 2905 409
3 2827 2906 391
3 2267 511 5544
3 477 2908 5544
3 2267 2908 495
3 511 2907 5544
3 2907 477 5544
3 2908 2267 5544
3 2907 494 477
3 494 2907 511
3 2909 2273 5545
3 543 526 5545
3 526 2909 5545
3 2273 543 5545
3 2273 2909 561
3 2234 2910 5546
3 544 527 5546
3 527 2234 5546
3 2910 544 5546
3 2910 2234 562
3 2272 561 544
3 2910 2272 544
3 2272 2910 562
3 2912 2911 526
3 2912 527 544
3 2911 2912 544
3 2909 2911 5547
3 544 561 5547
3 2911 544 5547
3 561 2909 5547
3 2911 2909 526
3 2914 2913 507
3 2913 491 508
3 2914 491 2913
3 2916 524 507
3 508 2915 2913
3 2913 2916 507
3 2915 2916 2913
3 2275 2917 578
3 2917 594 577
3 2917 2275 594
3 578 2919 561
3 577 2918 2917
3 578 2917 2919
3 2919 2917 2918
3 560 2918 577
3 560 2274 2918
3 561 2919 2274
3 2918 2274 2919
3 2920 2277 593
3 594 2277 577
3 2277 2920 577
3 577 2895 560
3 576 2896 2921
3 2921 2895 577
3 2895 2921 2896
3 2920 2921 577
3 576 2921 593
3 2921 2920 593
3 2924 595 612
3 611 2923 2922
3 2922 2924 612
3 2923 2924 2922
3 2923 611 594
3 595 2924 2276
3 2276 2923 594
3 2923 2276 2924
3 611 2278 594
3 610 2279 2925
3 2925 2278 611
3 2925 2279 2278
3 2926 2927 5548
3 423 440 5548
3 2927 423 5548
3 440 2926 5548
3 2927 2926 456
3 2332 2928 778
3 811 2928 5549
3 2332 2929 5549
3 2928 2332 5549
3 2929 811 5549
3 2332 795 2929
3 2930 2929 795
3 2930 828 811
3 2929 2930 811
3 2932 2931 794
3 2932 827 810
3 2931 2932 810
3 2932 2934 827
3 2934 2932 2933
3 2933 2932 794
3 2934 2933 811
3 778 2928 794
3 2928 2933 794
3 811 2933 2928
3 1959 777 2935
3 2935 2931 5550
3 810 1959 5550
3 2931 810 5550
3 1959 2935 5550
3 2931 2935 794
3 1954 2936 760
3 2936 727 744
3 727 2936 1954
3 2937 2936 744
3 2937 777 760
3 2936 2937 760
3 2938 2871 711
3 744 727 2938
3 727 2871 2938
3 2938 2939 744
3 2872 2939 2938
3 2872 2938 711
3 2939 2872 728
3 893 2941 1963
3 2941 2940 1963
3 2940 877 1963
3 2940 2941 860
3 827 2943 5551
3 2942 810 5551
3 2943 2942 5551
3 810 827 5551
3 2943 843 2942
3 843 826 5552
3 826 2288 5552
3 2942 843 5552
3 2288 2942 5552
3 2288 810 2942
3 2945 2943 827
3 2943 2945 2944
3 2944 2945 860
3 2943 2944 843
3 843 2292 826
3 2946 2293 843
3 2293 2292 843
3 2294 2947 893
3 2947 2294 2946
3 2294 2293 2946
3 2946 2944 5553
3 860 2941 5554
3 2947 5553 5554
3 5553 860 5554
3 2941 2947 5554
3 2944 2946 843
3 2944 860 5553
3 2947 2941 893
3 2947 2946 5553
3 2782 2948 814
3 2948 847 830
3 2948 2782 847
3 2949 2948 830
3 2949 2323 2948
3 2323 2949 797
3 2323 814 2948
3 2949 2319 797
3 813 2949 830
3 813 2319 2949
3 2950 863 2951
3 847 2951 830
3 2950 2951 847
3 2951 2952 830
3 2951 2748 2952
3 2748 2951 863
3 2748 846 2952
3 2952 846 2953
3 830 2952 813
3 2952 2953 813
3 2954 2955 730
3 746 2954 763
3 2954 746 2955
3 2956 2955 746
3 2956 2957 2955
3 2957 2956 713
3 2955 2957 730
3 2959 2958 730
3 2959 697 714
3 2958 2959 714
3 2957 2960 730
3 2960 713 696
3 2957 713 2960
3 2959 2847 697
3 2847 2959 2960
3 2960 2959 730
3 2847 2960 696
3 2961 2962 729
3 745 2961 762
3 2961 745 2962
3 746 2328 729
3 2328 2961 729
3 2961 2328 762
3 2956 2963 713
3 2956 746 729
3 2963 2956 729
3 2962 745 1938
3 2964 2962 1938
3 712 2964 1938
3 2962 2964 729
3 713 2965 696
3 2965 2963 729
3 713 2963 2965
3 2966 712 695
3 712 2966 2964
3 2966 729 2964
3 2965 2861 696
3 2861 2965 2966
3 2966 2965 729
3 2861 2966 695
3 2340 2967 488
3 2967 2968 470
3 2968 2340 504
3 2340 2968 2967
3 2968 504 487
3 2968 487 470
3 2969 452 2970
3 487 2969 470
3 2969 2970 470
3 2337 2972 5555
3 2971 2337 5555
3 2972 469 5555
3 469 2971 5555
3 2337 2971 487
3 2972 2337 503
3 2972 503 486
3 2972 486 469
3 2971 2969 487
3 2971 2973 5556
3 452 2969 5556
3 2973 452 5556
3 2969 2971 5556
3 2973 2971 469
3 2974 502 485
3 468 2974 485
3 2975 2974 5557
3 2976 2975 5557
3 2974 468 5557
3 468 2976 5557
3 2975 2976 486
3 2974 2975 502
3 503 2977 486
3 2977 2975 486
3 2975 2978 502
3 2977 2978 2975
3 2979 2980 5558
3 452 435 5558
3 435 2979 5558
3 2980 452 5558
3 2980 2979 419
3 2973 469 2981
3 452 2981 435
3 452 2973 2981
3 2984 2983 384
3 2983 2984 2982
3 2983 2982 401
3 2982 2984 419
3 384 2985 367
3 384 2983 2985
3 2985 2983 401
3 2986 2987 401
3 418 2986 435
3 418 2987 2986
3 2982 2979 5559
3 2986 401 5559
3 2979 2986 5559
3 401 2982 5559
3 2986 2979 435
3 2979 2982 419
3 2989 2990 5560
3 2988 400 5560
3 2990 2988 5560
3 400 2989 5560
3 2988 2990 434
3 2990 2989 418
3 2992 2991 399
3 2056 2991 2992
3 416 2056 2992
3 2991 2056 381
3 82 2349 71
3 81 2350 2993
3 2993 2349 82
3 2350 2349 2993
3 2994 2993 82
3 81 2993 93
3 2993 2994 93
3 2995 94 106
3 94 2995 82
3 2994 2361 93
3 106 2361 5561
3 2995 106 5561
3 2361 2994 5561
3 82 2995 5561
3 2994 82 5561
3 2996 132 118
3 132 2996 147
3 2998 2363 5562
3 2997 2998 5562
3 2997 2996 118
3 147 2996 5562
3 2996 2997 5562
3 2363 147 5562
3 2363 2998 119
3 105 2997 118
3 2352 2997 105
3 119 2998 2352
3 2998 2997 2352
3 118 2999 5563
3 1989 105 5563
3 2999 1989 5563
3 105 118 5563
3 1989 2999 92
3 3001 3002 5564
3 3000 3001 5564
3 3000 2458 117
3 146 2458 5564
3 2458 3000 5564
3 3002 146 5564
3 3002 3001 118
3 132 3002 118
3 3002 2355 146
3 2355 3002 132
3 137 3003 123
3 3003 3004 151
3 137 3004 3003
3 3006 3005 5565
3 106 94 5565
3 94 3006 5565
3 3005 106 5565
3 3005 3006 120
3 3006 3007 5566
3 107 120 5566
3 3007 107 5566
3 120 3006 5566
3 3007 3006 94
3 134 3008 120
3 3008 1994 148
3 134 1994 3008
3 3009 134 120
3 134 3009 149
3 3008 3010 120
3 3008 148 5567
3 148 2364 5567
3 3010 3008 5567
3 2364 119 5567
3 119 3010 5567
3 3010 119 106
3 3005 3010 106
3 3010 3005 120
3 2371 3011 121
3 2371 149 5568
3 149 3009 5568
3 3011 2371 5568
3 120 3011 5568
3 3009 120 5568
3 107 3011 120
3 2367 3011 107
3 3011 2367 121
3 3013 62 5569
3 53 3012 5569
3 3012 3013 5569
3 62 53 5569
3 3013 3012 73
3 347 3015 364
3 347 3016 3015
3 3014 3017 348
3 3015 3016 3014
3 3016 3017 3014
3 3019 3018 313
3 3018 331 348
3 331 3018 3019
3 3021 3020 315
3 3020 333 350
3 333 3020 3021
3 3023 3020 350
3 3023 3022 5570
3 315 3020 5570
3 3022 315 5570
3 3020 3023 5570
3 3022 3023 332
3 3025 349 332
3 3024 3023 350
3 3023 3025 332
3 3024 3025 3023
3 331 3027 348
3 3026 3028 349
3 3028 3027 331
3 3027 3028 3026
3 3028 3030 349
3 3028 3029 5571
3 314 3030 5571
3 3029 314 5571
3 3030 3028 5571
3 3029 3028 331
3 3031 3030 314
3 349 3030 332
3 3030 3031 332
3 230 3032 213
3 247 3032 230
3 3033 2356 180
3 196 3033 213
3 196 2356 3033
3 197 3034 180
3 3034 3033 180
3 3033 3034 213
3 3034 3035 5572
3 230 213 5572
3 213 3034 5572
3 3035 230 5572
3 3035 3034 197
3 248 2373 5573
3 3036 2373 230
3 3037 248 5573
3 2373 3036 5573
3 3036 214 5573
3 214 3037 5573
3 3036 3035 5574
3 197 214 5574
3 3035 197 5574
3 214 3036 5574
3 3035 3036 230
3 3038 282 265
3 3038 299 282
3 265 282 5575
3 282 3039 5575
3 2375 265 5575
3 3039 2375 5575
3 2375 3039 247
3 1993 179 163
3 179 1993 196
3 3041 3040 195
3 3041 163 179
3 3040 3041 179
3 148 163 3042
3 3044 3043 162
3 3044 148 3042
3 3043 3044 3042
3 3042 3041 5576
3 3043 3042 5576
3 3043 3045 162
3 195 3045 5576
3 3045 3043 5576
3 3041 195 5576
3 3041 3042 163
3 3045 178 162
3 178 3045 195
3 3046 3044 162
3 148 3044 133
3 3044 3046 133
3 3046 2362 133
3 162 147 3046
3 147 2362 3046
3 147 162 3047
3 2354 3048 161
3 2354 147 3047
3 3048 2354 3047
3 3031 3049 332
3 3049 314 297
3 3031 314 3049
3 281 3052 3051
3 263 3051 5577
3 3050 263 5577
3 3051 3052 5577
3 297 3050 5577
3 3052 297 5577
3 3050 280 263
3 280 3050 297
3 314 3053 297
3 3053 3029 331
3 314 3029 3053
3 10 6 5578
3 6 3054 5578
3 3055 10 5578
3 3054 3055 5578
3 3055 3054 4
3 3054 3056 4
3 3 3056 6
3 3056 3054 6
3 3057 10 14
3 10 3057 6
3 10 3058 14
3 3058 19 14
3 3057 2376 6
3 3059 2376 3057
3 3059 3057 14
3 2376 3059 9
3 3059 2380 9
3 19 2380 14
3 2380 3059 14
3 3060 32 5579
3 26 3061 5579
3 3061 3060 5579
3 32 26 5579
3 3060 3061 40
3 2432 39 32
3 3060 2432 32
3 2432 3060 40
3 8 3063 5580
3 3062 5 5580
3 5 8 5580
3 3063 3062 5580
3 3063 11 3062
3 2425 3065 1
3 2424 3064 5
3 3065 2425 5
3 2425 2424 5
3 12 3064 2424
3 3064 8 5
3 8 3064 12
3 3066 17 2386
3 18 2386 13
3 18 3066 2386
3 3067 3066 18
3 17 3066 23
3 3066 3067 23
3 3068 3067 18
3 3068 3069 3067
3 3069 3068 30
3 3069 23 3067
3 24 3068 18
3 3068 24 30
3 2379 3070 9
3 2379 24 18
3 3070 2379 18
3 9 3070 13
3 3070 18 13
3 3072 29 5581
3 23 3071 5581
3 3071 3072 5581
3 29 23 5581
3 37 3072 3071
3 3073 36 29
3 3072 3073 29
3 3073 3072 37
3 3069 30 5582
3 37 3071 5582
3 30 37 5582
3 3071 3069 5582
3 3069 3071 23
3 3074 2378 19
3 3074 3075 2378
3 3075 3074 31
3 3075 24 2378
3 3077 167 5583
3 167 152 5583
3 3076 3077 5583
3 152 3076 5583
3 3077 3076 138
3 138 153 5584
3 153 3078 5584
3 3077 138 5584
3 3078 3077 5584
3 3077 3078 167
3 168 3079 153
3 3079 3078 153
3 3079 167 3078
3 137 152 5585
3 152 3080 5585
3 3081 137 5585
3 3080 3081 5585
3 3081 3080 166
3 3081 3004 137
3 3081 166 151
3 3004 3081 151
3 3080 3082 166
3 3082 152 167
3 3080 152 3082
3 3084 3083 165
3 166 3083 151
3 3083 3084 151
3 2410 75 86
3 2410 3085 85
3 2410 86 3085
3 3086 3085 86
3 3085 97 85
3 3086 97 3085
3 86 75 3087
3 75 3088 3087
3 3087 3088 76
3 2405 3089 84
3 3089 95 83
3 2405 95 3089
3 3091 73 84
3 83 3090 3089
3 3089 3091 84
3 3090 3091 3089
3 83 3092 5586
3 107 3007 5586
3 3093 3007 94
3 3092 107 5586
3 3007 3093 5586
3 3093 83 5586
3 3092 95 107
3 95 3092 83
3 3093 3094 83
3 3094 94 82
3 3093 94 3094
3 158 3095 1883
3 116 1883 129
3 1883 3095 129
3 143 3095 158
3 3095 143 129
3 3096 220 5587
3 220 203 5587
3 3097 3096 5587
3 203 3097 5587
3 3096 3097 187
3 187 204 5588
3 204 2652 5588
3 3096 187 5588
3 2652 3096 5588
3 3096 2652 220
3 3099 89 78
3 3098 3099 78
3 3099 3098 79
3 3098 78 68
3 3100 3098 68
3 3098 3100 79
3 3063 8 3102
3 3101 3063 3102
3 16 3101 3102
3 3063 3101 11
3 3102 8 12
3 16 3102 12
3 3103 33 5589
3 40 3061 5589
3 33 40 5589
3 3061 3103 5589
3 3061 26 3103
3 3088 75 65
3 3104 3088 65
3 3088 3104 76
3 3105 65 5590
3 75 1862 5590
3 65 75 5590
3 1862 3105 5590
3 3105 1862 55
3 3106 2394 47
3 3105 3106 65
3 3106 3105 2394
3 3105 55 2394
3 3107 2434 48
3 47 2434 56
3 56 2434 3107
3 3106 47 56
3 65 3106 56
3 3104 65 5591
3 56 3108 5591
3 3108 3104 5591
3 65 56 5591
3 3108 76 3104
3 3111 3110 156
3 3110 3111 3109
3 3109 3111 127
3 3110 3109 128
3 67 3112 77
3 67 3113 3112
3 3112 3113 78
3 3115 89 5592
3 113 3114 5592
3 3115 3114 100
3 89 3116 5592
3 3116 113 5592
3 3114 3115 5592
3 3117 3114 5593
3 113 126 5593
3 3114 113 5593
3 126 3117 5593
3 3114 3117 100
3 3119 126 113
3 3118 3119 113
3 3119 3118 127
3 2844 3120 303
3 2844 3121 3120
3 3121 2844 337
3 3120 3121 302
3 337 2439 3121
3 3121 319 302
3 2439 319 3121
3 268 3122 285
3 3122 302 285
3 215 3125 5594
3 249 3123 5594
3 3124 3123 231
3 3125 249 5594
3 3123 3124 5594
3 3124 215 5594
3 231 3037 214
3 248 3037 231
3 183 3126 167
3 3126 3127 199
3 3126 183 3127
3 199 3128 5595
3 3129 182 5595
3 182 199 5595
3 3128 3129 5595
3 3129 3128 215
3 182 3130 199
3 3130 182 166
3 3082 167 3126
3 3082 3130 166
3 3130 3126 199
3 3130 3082 3126
3 2442 250 5596
3 233 3131 5596
3 250 233 5596
3 3131 2442 5596
3 2442 3131 268
3 3125 215 232
3 249 3125 232
3 3128 3132 5597
3 232 215 5597
3 215 3128 5597
3 3132 232 5597
3 3132 3128 199
3 232 3133 5598
3 3134 249 5598
3 249 232 5598
3 3133 3134 5598
3 3133 267 3134
3 3135 250 5599
3 267 3133 5599
3 3133 3135 5599
3 250 267 5599
3 3135 3133 232
3 284 3136 5600
3 3134 267 5600
3 267 284 5600
3 3136 3134 5600
3 3134 3136 249
3 248 3138 5601
3 3137 2374 5601
3 3138 3137 5601
3 2374 248 5601
3 2374 3137 265
3 283 3137 3138
3 3139 3137 283
3 265 3137 5602
3 3038 265 5602
3 3137 3139 5602
3 3139 299 5602
3 299 3038 5602
3 279 3141 2445
3 3141 3140 5603
3 244 2445 5603
3 3140 244 5603
3 2445 3141 5603
3 3140 3141 261
3 3142 3143 311
3 346 3143 329
3 329 3143 3142
3 3142 3144 329
3 294 3144 311
3 3144 3142 311
3 3145 1635 259
3 1637 3143 346
3 1636 1635 3146
3 1635 3145 3146
3 3143 1637 311
3 1637 1636 311
3 1636 3146 311
3 277 3146 5604
3 3147 3146 277
3 3145 2448 5604
3 2448 277 5604
3 3146 3145 5604
3 2448 3145 259
3 3146 3147 311
3 294 3147 277
3 3147 294 311
3 312 3148 295
3 3148 2452 329
3 312 2452 3148
3 3149 278 295
3 3151 3150 294
3 3151 278 3149
3 3150 3151 3149
3 3148 3149 295
3 3150 3144 294
3 3148 329 5605
3 329 3144 5605
3 3150 3149 5605
3 3149 3148 5605
3 3144 3150 5605
3 3153 3141 279
3 3141 3152 261
3 3152 3153 295
3 3141 3153 3152
3 3152 278 261
3 278 3152 295
3 3155 1359 1344
3 3154 3155 1344
3 3155 3154 1360
3 1375 3156 1360
3 3156 1375 1389
3 3156 3155 1360
3 2495 3155 3156
3 2495 3156 1389
3 3155 2495 1359
3 3157 3158 1345
3 1330 3157 1314
3 1330 3158 3157
3 3159 1431 2469
3 2469 1453 1442
3 3159 2469 1442
3 3161 3160 1405
3 3160 1406 1419
3 3160 3161 1406
3 3160 1418 1405
3 3160 2472 1418
3 3160 1419 2472
3 3162 3163 1404
3 1418 3163 1405
3 3163 3162 1405
3 3164 2088 1415
3 1428 2088 1416
3 2088 3164 1416
3 3165 1415 1402
3 3165 3164 1415
3 3164 3165 1416
3 2082 3165 1402
3 3165 1403 1416
3 3165 2082 1403
3 3167 1133 5606
3 1149 3166 5606
3 1133 1149 5606
3 3166 3167 5606
3 3167 3166 1116
3 3168 1132 5607
3 1116 3166 5607
3 3166 3168 5607
3 1132 1116 5607
3 3168 3166 1149
3 1133 3169 1149
3 1133 3170 3169
3 3169 3170 1150
3 3172 1117 5608
3 1101 3171 5608
3 1117 1101 5608
3 3171 3172 5608
3 3172 3171 1134
3 3170 1133 5609
3 1117 3173 5609
3 3173 3170 5609
3 1133 1117 5609
3 3170 3173 1150
3 3172 1134 5610
3 1150 3173 5610
3 1134 1150 5610
3 3173 3172 5610
3 3172 3173 1117
3 3174 1101 1085
3 1101 3174 3175
3 3175 3174 1102
3 1015 999 5611
3 999 3176 5611
3 3177 1015 5611
3 3176 3177 5611
3 1032 3177 3176
3 3179 3178 1084
3 3178 1069 1085
3 3179 1069 3178
3 3178 3180 1084
3 1101 3180 1085
3 3180 3178 1085
3 3183 3182 742
3 792 3182 5612
3 3181 3184 809
3 3181 792 5612
3 3184 3181 5612
3 3182 3183 5612
3 3183 3184 5612
3 3187 3183 742
3 876 3185 3191
3 3186 3190 3185
3 3185 3190 3191
3 3189 3186 809
3 3184 3188 809
3 3188 3189 809
3 3189 3190 3186
3 3183 3187 3184
3 3187 3188 3184
3 3187 742 1672
3 3192 1663 993
3 3189 3188 1671
3 3189 1671 1670
3 3188 3187 1672
3 3188 1672 1671
3 1664 3194 1665
3 1663 3193 1664
3 3193 3194 1664
3 3192 3193 1663
3 876 3191 1668
3 1667 876 1668
3 1667 3196 876
3 3191 3190 1669
3 3191 1669 1668
3 3190 3189 1670
3 3190 1670 1669
3 1667 1666 3196
3 1665 3195 1666
3 1666 3195 3196
3 3194 3195 1665
3 3196 3198 876
3 3197 3194 943
3 3194 3193 943
3 3193 2488 943
3 2489 3192 993
3 3198 3195 3197
3 3195 3194 3197
3 3196 3195 3198
3 3192 2488 3193
3 2488 3192 2489
3 3200 3199 922
3 3199 3200 3201
3 3200 889 3201
3 3199 3201 906
3 3202 3199 906
3 3199 939 922
3 3202 939 3199
3 3203 1136 5613
3 1120 2482 5613
3 2482 3203 5613
3 1136 1120 5613
3 3203 2482 1153
3 3204 3206 1076
3 3205 2484 1026
3 3206 3204 1059
3 2484 3205 1059
3 3205 3206 1059
3 3208 3207 993
3 3206 3210 1076
3 3206 3205 3210
3 3205 3209 3210
3 3209 3205 1026
3 3207 3208 1026
3 3208 3209 1026
3 3215 3208 993
3 1076 3218 3214
3 1076 3210 3217
3 3218 1076 3217
3 3221 1174 3211
3 3221 3211 3212
3 3220 3212 3213
3 3220 3221 3212
3 3219 3213 3214
3 3219 3220 3213
3 3218 3219 3214
3 3210 3209 3216
3 3210 3216 3217
3 3208 3215 3209
3 3209 3215 3216
3 3214 1092 1076
3 3214 3224 1092
3 3222 3211 1174
3 3224 3214 3213
3 3212 3223 3213
3 3223 3224 3213
3 3211 3222 3212
3 3212 3222 3223
3 3225 3226 1009
3 3225 2490 3226
3 2490 3225 976
3 2490 993 3226
3 3227 1025 1009
3 3227 3228 1025
3 3228 3227 1042
3 993 3207 3226
3 3207 3229 3226
3 3229 3207 1026
3 3226 3229 1009
3 3229 1026 5614
3 1042 3227 5614
3 3227 3229 5614
3 1026 1042 5614
3 3229 3227 1009
3 3231 3230 1074
3 3231 1057 1041
3 3230 3231 1041
3 959 3232 943
3 943 3232 926
3 3232 3233 926
3 3232 3234 3233
3 3234 3232 959
3 3233 3234 942
3 3235 3233 942
3 3233 909 926
3 3235 909 3233
3 909 3237 3236
3 3236 3237 876
3 909 3236 926
3 3198 3236 876
3 3197 943 926
3 3236 3197 926
3 3198 3197 3236
3 3238 1459 5615
3 1449 2492 5615
3 1459 1449 5615
3 2492 3238 5615
3 1469 3238 2492
3 3239 1468 1459
3 1468 3239 1477
3 3240 3241 1438
3 1450 3241 1439
3 3241 3240 1439
3 3241 1449 1438
3 2493 1449 3241
3 1450 2493 3241
3 3242 3240 1438
3 3240 1427 1439
3 3242 1427 3240
3 3242 3243 1427
3 1426 3243 1438
3 3243 3242 1438
3 3245 3244 1437
3 3244 1426 1438
3 3245 1426 3244
3 3244 3246 1437
3 1449 3246 1438
3 3246 3244 1438
3 3247 1467 1458
3 1467 3247 1476
3 3249 3248 1400
3 1401 3248 1387
3 3248 3249 1387
3 1372 2501 3250
3 2501 3249 3250
3 3249 2501 1387
3 3250 3249 1400
3 3250 1400 1386
3 1372 3250 1386
3 3251 1425 1413
3 3251 3252 1425
3 3252 3251 1426
3 3245 3252 1426
3 3252 1437 1425
3 3252 3245 1437
3 3253 3254 1436
3 1437 3254 1425
3 3254 3253 1425
3 3253 3255 1425
3 1424 3255 1436
3 3255 3253 1436
3 2496 1402 1388
3 1374 2496 1388
3 2497 1373 3257
3 3256 2497 3257
3 3256 3257 1388
3 2497 3256 1401
3 3256 2498 1401
3 1402 2498 1388
3 2498 3256 1388
3 3257 3258 1388
3 3258 1373 1358
3 3257 1373 3258
3 1388 3259 1374
3 3259 1359 1374
3 3259 2504 1359
3 2504 3259 3258
3 3258 3259 1388
3 2504 3258 1358
3 2499 1414 1401
3 2499 3260 1414
3 3260 2499 1415
3 3260 3261 1414
3 3261 1415 1427
3 3260 1415 3261
3 3261 1426 1414
3 3243 1426 3261
3 3243 3261 1427
3 3262 3251 1413
3 3251 1414 1426
3 3251 3262 1414
3 3263 1413 1400
3 3263 3262 1413
3 3262 3263 1414
3 3248 3263 1400
3 3263 1401 1414
3 3263 3248 1401
3 3265 3264 1280
3 3266 3264 3265
3 3264 3266 1296
3 1265 3266 3265
3 1327 3267 2511
3 1312 2511 1296
3 2511 3267 1296
3 3269 3268 1247
3 3268 1232 1248
3 3269 1232 3268
3 3270 3271 1217
3 1232 3270 1248
3 3270 1232 3271
3 1217 1233 5616
3 1233 3272 5616
3 3270 1217 5616
3 3272 3270 5616
3 3270 3272 1248
3 3272 3273 1248
3 3273 1233 1249
3 3272 1233 3273
3 3273 3274 1248
3 1265 3274 1249
3 3274 3273 1249
3 3276 3275 1313
3 3275 1344 1328
3 3276 1344 3275
3 3277 2513 1342
3 1327 2513 1311
3 2513 3277 1311
3 3279 3278 1311
3 3279 3264 3278
3 3264 3279 1280
3 3278 3264 1296
3 3267 3278 1296
3 3278 1327 1311
3 3267 1327 3278
3 3280 2527 1266
3 1265 2527 1281
3 2527 3280 1281
3 3281 1296 1281
3 3281 1312 1296
3 3266 1265 1281
3 1296 3266 1281
3 3283 3282 1267
3 3282 1282 1266
3 3283 1282 3282
3 2083 3284 1250
3 1267 3284 1251
3 3284 2083 1251
3 1250 3284 1266
3 3284 3282 1266
3 3282 3284 1267
3 3228 3285 1025
3 3228 1042 1058
3 3285 3228 1058
3 3286 3285 1058
3 1025 3286 1041
3 1025 3285 3286
3 3286 3230 1041
3 1074 3286 1058
3 3286 1074 3230
3 3288 3287 1235
3 3288 1204 1220
3 3287 3288 1220
3 1220 3289 1236
3 1204 3289 1220
3 3290 3287 1220
3 3290 1251 1235
3 3287 3290 1235
3 1236 3291 5617
3 3290 1220 5617
3 3291 3290 5617
3 1220 1236 5617
3 1251 3290 3291
3 1280 3279 1295
3 3279 1311 1295
3 3292 2092 1495
3 3293 2092 3292
3 3293 3292 1479
3 2092 3293 1488
3 2090 3294 1461
3 2090 3293 5618
3 1479 3294 5618
3 3293 1479 5618
3 3294 2090 5618
3 1488 3293 2090
3 1461 3294 1470
3 3294 1479 1470
3 2091 3295 1495
3 2091 1507 1501
3 3295 2091 1501
3 3296 1501 1507
3 1501 3296 1494
3 3297 3300 1524
3 1527 3300 3297
3 3298 3299 1527
3 3300 1527 3299
3 3299 3298 1529
3 3301 1928 5619
3 1503 1509 5619
3 1928 1503 5619
3 1509 3301 5619
3 1928 3301 1513
3 3302 1503 1497
3 1503 3302 1509
3 3303 3304 1514
3 3304 3303 1921
3 3303 1521 1921
3 1513 3304 1921
3 1518 3303 1514
3 3303 2578 1521
3 2578 3303 1518
3 3301 3304 1513
3 1514 3304 1509
3 3304 3301 1509
3 3305 1496 1502
3 1496 3305 1489
3 3305 2586 1489
3 1489 2586 1481
3 2586 3305 1502
3 2105 3306 1482
3 3306 1496 1489
3 3306 2105 1496
3 3306 1489 3307
3 2111 3306 3307
3 2111 3307 1473
3 3306 2111 1482
3 1473 3307 2590
3 3307 1489 1481
3 2590 3307 1481
3 3309 3308 1424
3 3308 1435 1423
3 3308 3309 1435
3 3309 3310 1435
3 3310 1424 1436
3 3309 1424 3310
3 3313 3312 1370
3 3312 3313 3311
3 3311 3313 1385
3 3312 3311 1398
3 1445 3315 3314
3 1456 3315 1446
3 3315 1456 3314
3 3314 2592 1445
3 3314 1456 5620
3 1465 2592 5620
3 2592 3314 5620
3 1456 1465 5620
3 1482 3316 1490
3 3316 1482 1474
3 1474 2593 1465
3 1482 2593 1474
3 3316 2583 1490
3 2583 3316 3317
3 3317 3316 1474
3 2583 3317 1483
3 3319 3318 1456
3 3319 3317 5621
3 1474 3318 5621
3 3317 1474 5621
3 3318 3319 5621
3 1483 3317 3319
3 3318 1465 1456
3 1465 3318 1474
3 3320 1397 1383
3 1369 3320 1383
3 3321 1340 1355
3 1340 3321 1324
3 3313 3322 1385
3 3322 1370 1355
3 3313 1370 3322
3 3323 2596 1308
3 2596 1339 1323
3 2596 3323 1339
3 3323 3324 1339
3 3324 1308 1324
3 3323 1308 3324
3 1355 3325 3321
3 3325 3324 3321
3 3324 1324 3321
3 3324 3325 1339
3 2595 3326 1292
3 3326 1323 1307
3 2595 1323 3326
3 3328 3327 1322
3 3327 1291 1307
3 3328 1291 3327
3 3329 1291 1276
3 1291 3329 1307
3 3329 3326 1307
3 3330 3326 3329
3 1276 3330 3329
3 3326 3330 1292
3 3331 3332 1338
3 1323 3332 1307
3 3332 3331 1307
3 3331 3327 1307
3 1322 3327 1338
3 3327 3331 1338
3 1245 2597 1261
3 2597 3333 1261
3 2597 1262 3333
3 2599 3333 1262
3 3333 1277 1261
3 2599 1277 3333
3 3335 3334 1261
3 3334 1276 1260
3 3335 1276 3334
3 3330 3336 1292
3 3330 3335 3336
3 3335 3330 1276
3 3336 3335 1261
3 1277 3336 1261
3 1292 3336 1277
3 2116 3337 1244
3 3337 1245 1261
3 2116 1245 3337
3 1244 3337 1260
3 3337 3334 1260
3 3337 1261 3334
3 3338 1278 1262
3 1263 3339 3338
3 3339 1278 3338
3 3341 3340 1246
3 1263 3340 1247
3 3340 3341 1247
3 1246 3340 1262
3 3340 3338 1262
3 3338 3340 1263
3 3342 3341 1246
3 1247 3341 1231
3 3341 3342 1231
3 3345 3344 1196
3 3345 1227 5622
3 1227 3343 5622
3 3344 3345 5622
3 3343 1195 5622
3 1195 3344 5622
3 1196 3344 3346
3 3344 1195 1179
3 3346 3344 1179
3 3348 3347 1195
3 3348 1226 5623
3 1226 3349 5623
3 3347 3348 5623
3 1194 3347 5623
3 3349 1194 5623
3 3350 3346 5624
3 1179 1163 5624
3 1163 3350 5624
3 3346 1179 5624
3 3346 3350 1196
3 3345 3351 1227
3 3345 1196 1212
3 3351 3345 1212
3 3352 3351 1212
3 1227 3352 1243
3 1227 3351 3352
3 3353 1198 5625
3 3354 2606 1199
3 3354 1230 5625
3 1230 3353 5625
3 2606 3354 5625
3 1198 2606 5625
3 3355 2598 1245
3 1246 2598 1230
3 2598 3355 1230
3 3350 3356 5626
3 1180 1196 5626
3 3356 1180 5626
3 1196 3350 5626
3 3356 3350 1163
3 3357 1304 1288
3 1273 3357 1288
3 2611 3358 1319
3 1304 3358 1288
3 3358 2611 1288
3 2613 1158 1142
3 1143 2614 3359
3 3359 2613 1142
3 2614 2613 3359
3 3360 1143 3359
3 3359 1142 1126
3 3360 3359 1126
3 3361 1871 1125
3 1158 1871 1142
3 1871 3361 1142
3 3361 3362 1142
3 3361 3363 5627
3 1109 3362 5627
3 3363 1109 5627
3 3362 3361 5627
3 3363 3361 1125
3 1126 1142 5628
3 1142 3362 5628
3 3364 1126 5628
3 3362 3364 5628
3 3364 3362 1109
3 3366 1143 3360
3 3360 3365 5629
3 1110 3366 5629
3 3365 1110 5629
3 3366 3360 5629
3 3365 3360 1126
3 3367 3368 5630
3 1177 1193 5630
3 3368 1177 5630
3 1193 3367 5630
3 3368 3367 1160
3 3367 2135 5631
3 1176 1160 5631
3 1160 3367 5631
3 2135 1176 5631
3 2135 3367 1193
3 3369 3368 1160
3 1177 3369 1161
3 1177 3368 3369
3 3370 2616 1159
3 1160 1176 3370
3 1176 2616 3370
3 1160 2617 1144
3 1159 2618 3370
3 3370 2617 1160
3 2618 2617 3370
3 3371 3372 1063
3 1030 3371 1046
3 1030 3372 3371
3 3374 3373 1013
3 3374 1030 1046
3 3373 3374 1046
3 3376 3375 1064
3 3376 1047 1031
3 3375 3376 1031
3 3376 3377 1047
3 3376 3378 3377
3 3378 3376 1064
3 3377 3378 1079
3 3377 1079 1063
3 3377 1063 1047
3 3380 3379 1014
3 3380 1031 1047
3 3379 3380 1047
3 3372 1030 3381
3 1063 3381 1047
3 1063 3372 3381
3 3381 3379 1047
3 3381 1030 1014
3 3379 3381 1014
3 1095 3384 1079
3 1094 3383 3382
3 3382 3384 1095
3 3383 3384 3382
3 3382 3385 1094
3 1111 3382 1095
3 3385 3382 1111
3 1095 3386 5632
3 1111 1095 5632
3 2621 1111 5632
3 3386 2621 5632
3 3386 1128 2621
3 2622 3387 5633
3 1178 1194 5633
3 3387 1178 5633
3 1194 2622 5633
3 3387 2622 1161
3 3347 1194 1178
3 3388 3347 1178
3 3347 3388 1195
3 3390 1145 1129
3 3389 3390 1129
3 3390 3389 1146
3 1128 3391 1144
3 1128 3392 3391
3 3391 3392 1145
3 1144 3394 1160
3 3394 1144 3391
3 1145 3393 3391
3 3393 3394 3391
3 1161 3393 1145
3 1160 3394 3369
3 1161 3369 3393
3 3369 3394 3393
3 1096 3395 5634
3 1112 1096 5634
3 3396 1112 5634
3 3395 3396 5634
3 3396 3395 1129
3 3392 1128 5635
3 1112 3397 5635
3 3397 3392 5635
3 1128 1112 5635
3 1145 3392 3397
3 1145 3397 5636
3 1129 1145 5636
3 3396 1129 5636
3 3397 3396 5636
3 3396 3397 1112
3 3398 3386 1095
3 3398 1112 5637
3 1128 3386 5637
3 3386 3398 5637
3 1112 1128 5637
3 3399 3398 1095
3 3399 1096 1112
3 3398 3399 1112
3 3378 3400 1079
3 3400 1064 1080
3 3378 1064 3400
3 1079 3402 1095
3 1079 3400 3402
3 1080 3401 3400
3 3402 3400 3401
3 1096 3401 1080
3 1095 3402 3399
3 1096 3399 3401
3 3401 3399 3402
3 3404 3403 1257
3 3403 1272 1256
3 3404 1272 3403
3 1257 3406 1241
3 1256 3405 3403
3 3403 3406 1257
3 3405 3406 3403
3 3404 2610 1272
3 2610 3404 3407
3 2610 3407 1288
3 3407 3404 1257
3 1273 3407 1257
3 1288 3407 1273
3 3405 1256 1240
3 1241 3406 3408
3 3408 3405 1240
3 3406 3405 3408
3 2626 3409 1239
3 3409 1224 1240
3 2626 1224 3409
3 1256 3411 1240
3 1255 3410 2124
3 2124 3411 1256
3 3410 3411 2124
3 3410 1255 1239
3 1240 3411 3409
3 3409 3410 1239
3 3411 3410 3409
3 1209 2133 1193
3 2133 3412 1224
3 3412 2133 1209
3 3413 3412 1209
3 1224 3413 1240
3 1224 3412 3413
3 3414 2630 5638
3 1189 1205 5638
3 2630 1189 5638
3 1205 3414 5638
3 3414 1172 2630
3 3414 3415 5639
3 1188 1172 5639
3 1172 3414 5639
3 3415 1188 5639
3 3415 3414 1205
3 3289 3416 1236
3 3416 3289 3417
3 3289 1204 3417
3 3416 3417 1205
3 3417 1204 1188
3 3415 3417 1188
3 3417 3415 1205
3 3419 2137 1237
3 2137 3419 3418
3 3418 3419 1205
3 2137 3418 1206
3 1189 3418 1205
3 1189 2629 3418
3 3418 2629 1206
3 3420 3421 5640
3 1187 1171 5640
3 1171 3420 5640
3 3421 1187 5640
3 3421 3420 1204
3 3420 3422 5641
3 1188 1204 5641
3 3422 1188 5641
3 1204 3420 5641
3 3422 3420 1171
3 3423 3422 1171
3 1172 1188 3423
3 1188 3422 3423
3 3424 3425 1170
3 1187 3424 1171
3 1187 3425 3424
3 1154 3426 1170
3 3426 3424 1170
3 3424 3426 1171
3 3427 3429 1346
3 3429 3427 3428
3 3428 3427 1331
3 1362 3429 3428
3 3432 3431 1283
3 3431 3432 3430
3 3431 3430 1314
3 3430 3432 1299
3 3433 3430 1299
3 3433 1330 1314
3 3433 1314 3430
3 3437 3434 1379
3 3437 1379 5642
3 3435 3436 5642
3 1379 3435 5642
3 3437 1407 3434
3 3436 3437 5642
3 3435 1365 3436
3 3435 1379 1364
3 3438 3435 1364
3 3435 3438 1365
3 3439 1301 1286
3 1301 3439 1317
3 3439 3440 1317
3 2638 3440 3439
3 2638 3439 1286
3 3440 2638 1302
3 2075 3442 3441
3 2075 3441 1334
3 3441 3442 1349
3 3442 2075 1365
3 3438 1364 1349
3 3442 3438 1349
3 3438 3442 1365
3 3443 3441 1349
3 1334 3443 1318
3 1334 3441 3443
3 1238 3444 5643
3 2634 3445 5643
3 3445 1238 5643
3 3444 2634 5643
3 3445 2634 1223
3 2634 3444 1206
3 1222 3444 1238
3 1206 3444 1222
3 1286 3446 1270
3 1301 3446 1286
3 2639 3447 1271
3 3447 1286 1270
3 3447 2639 1286
3 3448 3449 868
3 901 3448 885
3 901 3449 3448
3 3450 901 885
3 918 901 3450
3 2641 3451 901
3 3451 934 917
3 2641 934 3451
3 3452 934 950
3 934 3452 917
3 739 756 5644
3 756 3453 5644
3 3454 739 5644
3 3453 3454 5644
3 3454 3453 772
3 1900 3455 621
3 639 3455 622
3 3455 1900 622
3 656 3456 673
3 3456 656 639
3 2148 3457 622
3 3457 2147 673
3 2147 3458 673
3 3458 2146 691
3 2147 3457 2148
3 2146 3458 2147
3 622 3457 639
3 3457 3456 639
3 673 3456 3457
3 190 207 5645
3 207 3460 5645
3 3459 190 5645
3 3460 3459 5645
3 3459 3460 223
3 206 2646 5646
3 3459 223 5646
3 223 206 5646
3 2646 3459 5646
3 3459 2646 190
3 3461 223 5647
3 257 3463 5647
3 3461 3463 239
3 223 3462 5647
3 3462 257 5647
3 3463 3461 5647
3 3461 2654 5648
3 206 223 5648
3 2654 206 5648
3 223 3461 5648
3 2654 3461 239
3 2651 292 275
3 2651 309 292
3 3465 275 5649
3 292 3464 5649
3 275 292 5649
3 3464 3465 5649
3 3464 257 3465
3 3466 237 254
3 237 3466 220
3 2240 271 5650
3 254 3467 5650
3 3467 2240 5650
3 271 254 5650
3 2240 3467 289
3 2152 221 5651
3 255 3469 5651
3 3469 237 2152
3 221 3468 5651
3 3468 255 5651
3 3469 2152 5651
3 140 3470 155
3 3470 140 126
3 155 3470 3471
3 3470 3119 3471
3 3470 126 3119
3 3471 3119 127
3 3472 251 5652
3 268 3131 5652
3 3131 3472 5652
3 251 268 5652
3 3472 3131 233
3 3473 3474 5653
3 203 220 5653
3 3474 203 5653
3 220 3473 5653
3 3474 3473 236
3 3475 254 5654
3 271 3476 5654
3 3476 3475 5654
3 254 271 5654
3 3475 3476 236
3 3473 220 5655
3 254 3475 5655
3 3473 3475 236
3 220 3466 5655
3 3466 254 5655
3 3475 3473 5655
3 671 3477 654
3 688 3477 671
3 3479 3478 655
3 3479 688 671
3 3478 3479 671
3 655 3481 3479
3 3479 3481 3480
3 3481 689 3480
3 3479 3480 688
3 621 3455 638
3 3455 3482 638
3 3482 3455 639
3 620 3484 637
3 3484 3483 637
3 3483 3484 638
3 3485 3484 620
3 3484 621 638
3 3485 621 3484
3 655 3486 638
3 3486 3478 671
3 655 3478 3486
3 3486 2663 3483
3 2663 3486 671
3 3483 2663 637
3 3486 3483 638
3 3487 3488 603
3 604 3488 587
3 3488 3487 587
3 3488 3489 603
3 621 3489 604
3 3489 3488 604
3 3489 620 603
3 620 3489 3485
3 3489 621 3485
3 3487 2666 587
3 586 2666 603
3 2666 3487 603
3 2170 3490 602
3 3490 586 603
3 2170 586 3490
3 3490 2669 602
3 620 2669 603
3 2669 3490 603
3 3493 2671 5657
3 3491 3492 5656
3 518 3491 5656
3 5656 3492 5657
3 2671 518 5657
3 3492 3493 5657
3 3492 3491 484
3 518 5656 5657
3 2671 3493 536
3 3491 501 484
3 518 501 3491
3 1888 3495 415
3 3493 1885 536
3 1886 3492 484
3 3494 1887 484
3 1887 1886 484
3 3492 1885 3493
3 1886 1885 3492
3 3495 1888 3494
3 1888 1887 3494
3 3494 466 5658
3 3494 3496 466
3 3497 3495 5658
3 466 3497 5658
3 3496 3494 484
3 3495 3494 5658
3 3495 3497 415
3 3496 484 5659
3 501 3498 5659
3 484 501 5659
3 3498 3496 5659
3 466 3496 3498
3 517 3499 500
3 3499 3500 500
3 3499 516 3500
3 3502 3501 517
3 3501 501 518
3 3502 501 3501
3 3501 3503 517
3 518 535 3503
3 3501 518 3503
3 3503 534 517
3 3503 2675 534
3 2675 3503 535
3 3504 483 5660
3 500 3505 5660
3 483 500 5660
3 3505 3504 5660
3 3504 3505 465
3 3506 483 5661
3 466 3498 5661
3 3498 3506 5661
3 483 466 5661
3 3498 501 3506
3 3502 517 5662
3 483 3506 5662
3 3502 3506 501
3 517 3507 5662
3 3507 483 5662
3 3506 3502 5662
3 3507 500 483
3 500 3507 517
3 3508 482 5663
3 465 3505 5663
3 3505 3508 5663
3 482 465 5663
3 3508 3505 500
3 3500 516 5664
3 482 3508 5664
3 3500 3508 500
3 516 3509 5664
3 3509 482 5664
3 3508 3500 5664
3 3509 499 482
3 3509 516 499
3 3510 482 5665
3 499 2705 5665
3 482 499 5665
3 2705 3510 5665
3 3510 2705 464
3 3511 448 465
3 482 3511 465
3 2704 3511 3510
3 3511 2704 448
3 3510 3511 482
3 2704 3510 464
3 2678 3512 585
3 3512 601 584
3 3512 2678 601
3 3514 3513 600
3 601 3513 584
3 3513 3514 584
3 3516 567 584
3 3516 3515 583
3 3516 584 3515
3 3514 3515 584
3 3515 600 583
3 3514 600 3515
3 549 3517 566
3 549 2184 3517
3 3517 2184 567
3 3516 583 566
3 3517 3516 566
3 3516 3517 567
3 2820 3518 597
3 3518 581 598
3 2820 581 3518
3 615 3519 598
3 3519 2822 614
3 615 2822 3519
3 597 3519 614
3 597 3518 3519
3 3519 3518 598
3 617 3520 600
3 3520 3521 616
3 617 3521 3520
3 615 3522 632
3 615 3523 3522
3 3522 3523 616
3 3524 3526 702
3 3525 3526 3524
3 3525 3524 735
3 3526 3525 701
3 719 3524 702
3 3524 719 735
3 653 3527 670
3 636 3527 653
3 3527 3528 670
3 3527 3529 3528
3 3529 3527 636
3 3528 3529 637
3 654 3528 637
3 3528 3530 670
3 654 3530 3528
3 701 3531 684
3 3531 2772 700
3 701 2772 3531
3 683 3531 700
3 683 3532 3531
3 3531 3532 684
3 2775 3532 683
3 3533 2775 650
3 3532 3533 684
3 2775 3533 3532
3 667 3533 650
3 684 3533 667
3 651 2680 668
3 2680 651 634
3 651 3535 634
3 3535 3534 667
3 651 3534 3535
3 3536 3534 651
3 667 3536 684
3 667 3534 3536
3 3538 3537 396
3 3538 414 431
3 3537 3538 431
3 3539 396 379
3 380 3540 3539
3 3540 396 3539
3 3540 380 2173
3 3538 3540 2173
3 414 3538 2173
3 3540 3538 396
3 396 2683 379
3 413 2683 396
3 2686 3537 431
3 2686 413 396
3 3537 2686 396
3 480 2697 497
3 2697 514 497
3 3541 3542 5666
3 551 568 5666
3 3542 551 5666
3 568 3541 5666
3 3542 3541 533
3 3541 2701 5667
3 550 533 5667
3 533 3541 5667
3 2701 550 5667
3 568 2701 3541
3 3543 3542 533
3 551 3543 534
3 551 3542 3543
3 532 3544 2700
3 550 3544 533
3 2700 3544 550
3 3545 3546 1409
3 3546 1410 1422
3 3546 3545 1410
3 3547 1422 1410
3 3547 3548 1422
3 3548 3547 1423
3 3550 3549 1422
3 3549 1433 1421
3 3550 1433 3549
3 3546 1421 1409
3 3546 3549 1421
3 3549 3546 1422
3 3551 2718 1432
3 1433 2718 1421
3 2718 3551 1421
3 3551 3552 1421
3 1432 1420 3552
3 3551 1432 3552
3 3554 2732 1367
3 3553 3554 1382
3 2732 3554 3553
3 2732 3553 1395
3 1408 1395 5668
3 3556 3555 5668
3 1395 3556 5668
3 3555 1408 5668
3 3555 3556 1409
3 1420 2103 1408
3 3557 2102 1394
3 2103 3557 1408
3 2102 3557 2103
3 1395 1408 5669
3 3557 2730 5669
3 2730 1395 5669
3 1408 3557 5669
3 2730 3557 1394
3 1420 1408 5670
3 3558 3552 5670
3 1408 3558 5670
3 3552 1420 5670
3 3552 3558 1421
3 1409 1421 5671
3 3558 3555 5671
3 3555 1409 5671
3 1421 3558 5671
3 3555 3558 1408
3 3560 3559 1380
3 3560 1351 1366
3 3559 3560 1366
3 3561 3562 1381
3 1351 3562 1366
3 3562 3561 1366
3 3563 3559 1366
3 3563 1394 1380
3 3559 3563 1380
3 2731 1394 3563
3 3561 2731 5672
3 3563 1366 5672
3 1366 3561 5672
3 2731 3563 5672
3 2731 3561 1381
3 2734 3564 1259
3 3564 1274 1258
3 3564 2734 1274
3 3566 3565 1258
3 3565 1273 1257
3 3566 1273 3565
3 3554 3567 1382
3 3567 1367 1352
3 3554 1367 3567
3 3569 1351 1336
3 3568 3569 1336
3 3569 3568 1352
3 1367 3570 1352
3 3570 1367 1381
3 3570 3569 1352
3 3570 3562 3569
3 3562 3570 1381
3 3562 1351 3569
3 1383 3572 3571
3 3571 1368 1353
3 3572 1368 3571
3 1337 3573 1352
3 1337 3574 3573
3 3573 3574 1353
3 3576 3575 1322
3 3575 3576 3574
3 3574 3576 1353
3 3575 3574 1337
3 1353 3576 1338
3 1338 3576 1322
3 1368 3577 1353
3 3577 1368 1382
3 3567 3577 1382
3 3577 3573 1353
3 3577 3567 3573
3 3573 3567 1352
3 2735 1259 1275
3 1290 2735 1275
3 3579 2594 1291
3 3578 3579 1275
3 2594 3579 3578
3 2594 3578 1260
3 3578 2602 1260
3 1259 2602 1275
3 2602 3578 1275
3 3575 1337 3580
3 1322 3575 1306
3 3575 3580 1306
3 3581 1291 3328
3 3581 1322 1306
3 3581 3328 1322
3 3579 3582 1275
3 3579 3581 3582
3 3582 3581 1306
3 3581 3579 1291
3 1290 3582 1306
3 3582 1290 1275
3 914 3584 3583
3 3584 2642 3583
3 2642 3584 881
3 3583 2642 898
3 881 3584 2738
3 3584 914 897
3 2738 3584 897
3 3586 3585 914
3 3587 3585 3586
3 947 3587 3586
3 3585 3587 930
3 2743 3585 930
3 914 3585 897
3 3585 2743 897
3 3588 3589 2739
3 3589 864 2739
3 3589 3588 880
3 3588 2739 897
3 3590 2742 913
3 3590 3588 2742
3 3588 3590 880
3 3588 897 2742
3 3590 3591 880
3 896 3590 913
3 896 3591 3590
3 3589 2781 864
3 2781 3589 3592
3 3592 3589 880
3 2781 3592 847
3 3591 3593 880
3 2746 3593 3591
3 896 2746 3591
3 3593 2746 863
3 2950 3593 863
3 3593 2950 3592
3 3592 2950 847
3 3593 3592 880
3 2741 3594 896
3 3594 929 912
3 2741 929 3594
3 3595 3594 912
3 2744 3594 3595
3 2744 3595 879
3 3594 2744 896
3 3596 2740 913
3 3597 2740 3596
3 3597 3596 946
3 2740 3597 929
3 3597 3599 929
3 3597 3598 5673
3 962 3599 5673
3 3598 962 5673
3 3599 3597 5673
3 3598 3597 946
3 3596 930 946
3 930 3596 913
3 945 929 5674
3 929 3599 5674
3 3600 945 5674
3 3599 3600 5674
3 3600 3599 962
3 3601 929 945
3 929 3601 912
3 3602 2758 928
3 3602 3603 5675
3 961 2758 5675
3 3603 961 5675
3 2758 3602 5675
3 3602 945 3603
3 3601 3604 912
3 3601 3602 3604
3 3602 3601 945
3 3602 928 3604
3 3605 2757 994
3 3605 3606 5676
3 1027 2757 5676
3 3606 1027 5676
3 2757 3605 5676
3 3606 3605 1011
3 3608 3607 812
3 3607 845 828
3 3608 845 3607
3 2930 3607 828
3 2930 3609 3607
3 3609 2930 795
3 3607 3609 812
3 779 3610 5677
3 3609 795 5677
3 3610 3609 5677
3 795 779 5677
3 3609 3610 812
3 2327 3610 779
3 2327 3611 5678
3 812 3610 5678
3 3611 812 5678
3 3610 2327 5678
3 3611 2327 796
3 716 2763 732
3 2763 749 732
3 3612 3613 698
3 2784 3613 3612
3 2784 3612 731
3 3613 2784 697
3 715 3612 698
3 3612 3614 731
3 715 3614 3612
3 698 2786 681
3 697 2787 3613
3 698 3613 2786
3 3613 2787 2786
3 698 681 3615
3 681 2814 3615
3 3615 2814 682
3 3616 732 3617
3 3616 715 698
3 715 3616 3617
3 3619 3618 5679
3 781 764 5679
3 764 3619 5679
3 3618 781 5679
3 3618 3619 748
3 3620 731 5680
3 748 3619 5680
3 731 748 5680
3 3619 3620 5680
3 3620 3619 764
3 3621 3614 715
3 3621 748 731
3 3614 3621 731
3 3622 748 3621
3 3617 3622 3621
3 715 3617 3621
3 3622 3617 732
3 389 3623 372
3 406 3623 389
3 3623 406 2220
3 3624 3623 2220
3 388 3624 2220
3 3623 3624 372
3 2799 3625 373
3 3625 389 372
3 3625 2799 389
3 3624 3626 372
3 3626 388 371
3 3624 388 3626
3 1929 355 372
3 1929 3626 371
3 3626 1929 372
3 3627 356 3628
3 3628 372 355
3 3627 3628 355
3 3628 356 373
3 3628 3625 372
3 3625 3628 373
3 3630 683 700
3 3630 3629 699
3 3629 3630 700
3 2809 683 3630
3 3630 699 682
3 2809 3630 682
3 2764 3631 733
3 3631 716 699
3 2764 716 3631
3 2770 3629 700
3 2770 3631 3629
3 3631 2770 733
3 3629 3631 699
3 3615 682 699
3 3615 3632 698
3 3632 3615 699
3 716 3633 699
3 3633 716 732
3 3633 3616 3632
3 3633 3632 699
3 3616 3633 732
3 3632 3616 698
3 3635 3634 529
3 3635 530 547
3 3635 547 3634
3 2821 630 613
3 3636 2821 613
3 2821 3636 614
3 1931 596 613
3 612 1932 3637
3 3637 1931 613
3 1931 3637 1932
3 596 3638 613
3 596 2816 3638
3 3638 2816 597
3 3638 597 614
3 3638 3636 613
3 3636 3638 614
3 3640 629 612
3 3639 3637 613
3 3637 3640 612
3 3639 3640 3637
3 630 3639 613
3 629 3640 2852
3 2852 3639 630
3 3640 3639 2852
3 2824 3641 509
3 510 3641 493
3 3641 2824 493
3 526 509 3643
3 509 3641 3643
3 3642 3641 510
3 3641 3642 3643
3 527 3642 510
3 526 3643 2912
3 527 2912 3642
3 2912 3643 3642
3 3645 3644 510
3 3644 494 511
3 3645 494 3644
3 2268 527 510
3 3644 2268 510
3 2268 3644 511
3 458 2796 441
3 458 475 2796
3 2823 475 5681
3 458 3646 5681
3 3646 2823 5681
3 475 458 5681
3 2823 3646 493
3 3648 3647 5682
3 425 442 5682
3 3647 425 5682
3 442 3648 5682
3 3647 3648 458
3 2838 3647 5683
3 458 441 5683
3 441 2838 5683
3 3647 458 5683
3 3647 2838 425
3 3649 477 5684
3 494 3650 5684
3 477 494 5684
3 3650 3649 5684
3 3649 3650 459
3 443 3652 3651
3 3652 3649 3651
3 3649 3652 477
3 3651 3649 459
3 341 3653 358
3 341 2829 3653
3 3653 2829 359
3 2832 375 358
3 3653 2832 358
3 2832 3653 359
3 3655 341 5685
3 358 3654 5685
3 341 358 5685
3 3654 3655 5685
3 3655 3654 323
3 3657 374 357
3 3656 3657 357
3 3657 3656 358
3 2828 374 3657
3 375 3657 358
3 375 2828 3657
3 2241 3658 305
3 3658 289 306
3 2241 289 3658
3 3659 341 3655
3 3659 323 306
3 3659 3655 323
3 3660 3661 308
3 309 3661 292
3 3661 3660 292
3 325 3662 308
3 342 3662 325
3 2693 3663 378
3 3663 2693 3664
3 2693 412 3664
3 3663 3664 394
3 3664 3665 394
3 429 3664 412
3 429 3665 3664
3 3665 429 3666
3 3666 411 394
3 3665 3666 394
3 3668 361 378
3 3668 3667 377
3 3667 3668 378
3 3668 377 360
3 3669 3668 360
3 3668 3669 361
3 3667 394 377
3 378 3663 3667
3 3663 394 3667
3 394 3670 377
3 411 3670 394
3 3670 3672 377
3 3671 3672 3670
3 3671 3670 411
3 3672 3671 393
3 3672 3673 377
3 376 3673 393
3 3673 3672 393
3 3673 376 2834
3 377 2834 360
3 377 3673 2834
3 3669 360 343
3 3674 3669 343
3 3669 3674 361
3 3675 343 5686
3 360 2836 5686
3 343 360 5686
3 2836 3675 5686
3 3675 2836 325
3 3677 3661 309
3 3661 3677 3676
3 3676 3677 343
3 3661 3676 308
3 3675 3676 343
3 3676 325 308
3 325 3676 3675
3 629 2851 646
3 646 2851 663
3 3679 3678 662
3 3679 629 646
3 3678 3679 646
3 3680 3678 646
3 3680 679 662
3 3680 662 3678
3 3680 2848 679
3 3680 646 5687
3 646 3681 5687
3 2848 3680 5687
3 3681 680 5687
3 680 2848 5687
3 680 3681 663
3 663 3681 646
3 3682 660 5688
3 3682 3683 627
3 660 1939 5688
3 3683 3682 5688
3 1939 626 5688
3 626 3683 5688
3 644 3682 627
3 3682 2865 660
3 2865 3682 644
3 2247 610 627
3 626 2248 3683
3 3683 2247 627
3 2248 2247 3683
3 610 3685 627
3 610 2925 3685
3 611 3684 2925
3 3685 2925 3684
3 3686 644 627
3 644 3686 661
3 3687 661 678
3 661 3687 644
3 2864 644 5689
3 2864 3688 677
3 644 3687 5689
3 3688 2864 5689
3 678 3688 5689
3 3687 678 5689
3 2862 695 678
3 679 2863 3689
3 3689 2862 678
3 2862 3689 2863
3 695 3691 678
3 694 3690 2859
3 2859 3691 695
3 3690 3691 2859
3 3690 694 677
3 678 3691 3688
3 3688 3690 677
3 3691 3690 3688
3 3692 645 5690
3 3692 3689 678
3 645 2853 5690
3 3689 3692 5690
3 679 3689 5690
3 2853 679 5690
3 3692 3693 645
3 3692 678 661
3 3693 3692 661
3 2255 3695 676
3 2254 692 675
3 3694 2254 675
3 3695 2255 3694
3 2255 2254 3694
3 3694 3696 5691
3 3695 3694 5691
3 3695 2258 676
3 642 2258 5691
3 2258 3695 5691
3 3696 642 5691
3 3696 3694 675
3 3698 3697 658
3 3698 625 642
3 3697 3698 642
3 3696 3697 642
3 3696 675 658
3 3697 3696 658
3 3702 692 5692
3 3699 3702 5692
3 692 709 5692
3 3701 3700 674
3 709 3699 5692
3 3700 3702 3699
3 3702 3700 3701
3 3704 675 5693
3 675 692 5693
3 3702 3704 5693
3 692 3702 5693
3 3703 3701 674
3 3703 3704 3702
3 3701 3703 3702
3 3705 3706 5694
3 3699 709 5694
3 3706 3699 5694
3 2874 3705 5694
3 3700 3707 674
3 709 2874 5694
3 3705 2874 759
3 3699 3707 3700
3 3706 3707 3699
3 3712 1589 467
3 1600 3711 776
3 3708 3709 1598
3 3708 1598 1597
3 1599 3709 3710
3 3709 1599 1598
3 3710 3711 1600
3 1599 3710 1600
3 3719 1596 1595
3 1594 3718 1595
3 3718 3719 1595
3 1594 1593 3717
3 3718 1594 3717
3 1592 3716 1593
3 1593 3716 3717
3 1591 3715 1592
3 3715 3716 1592
3 1590 3714 1591
3 3714 3715 1591
3 1590 1589 3713
3 3714 1590 3713
3 1589 3712 3713
3 674 3708 1597
3 674 1597 1596
3 3719 674 1596
3 3707 3708 674
3 3711 759 776
3 3711 3705 759
3 3709 3707 3706
3 3709 3708 3707
3 3705 3710 3706
3 3710 3709 3706
3 3711 3710 3705
3 3723 521 3720
3 522 3721 505
3 522 3722 3721
3 3721 3722 3720
3 3722 3723 3720
3 504 3720 521
3 504 2339 3720
3 3721 2338 505
3 3720 2339 3721
3 2339 2338 3721
3 2335 504 521
3 2336 3725 520
3 3724 2335 521
3 3725 2336 3724
3 2336 2335 3724
3 538 3724 521
3 3725 3726 520
3 3726 3724 538
3 3725 3724 3726
3 3728 555 5695
3 555 572 5695
3 2879 3728 5695
3 572 2879 5695
3 3727 2878 554
3 2878 3727 2879
3 3727 3728 2879
3 555 3729 5696
3 3726 538 5696
3 538 555 5696
3 3729 3726 5696
3 3729 520 3726
3 522 2899 5697
3 3730 539 5697
3 539 522 5697
3 2899 3730 5697
3 2899 557 3730
3 3722 522 539
3 3723 3731 521
3 3731 3722 539
3 3723 3722 3731
3 3735 591 608
3 3734 3733 607
3 3732 3735 608
3 3733 3734 3732
3 3734 3735 3732
3 2906 3736 391
3 426 2906 409
3 3736 2906 426
3 3737 443 426
3 3737 426 409
3 3736 426 3738
3 391 3738 408
3 391 3736 3738
3 2837 3739 442
3 3739 2837 3738
3 3738 2837 408
3 3739 3738 426
3 3739 3740 5698
3 459 442 5698
3 442 3739 5698
3 3740 459 5698
3 3740 3739 426
3 3651 3740 5699
3 426 443 5699
3 3740 426 5699
3 443 3651 5699
3 3740 3651 459
3 2908 477 5700
3 460 3741 5700
3 3741 2908 5700
3 477 460 5700
3 2908 3741 495
3 3652 443 460
3 477 3652 460
3 3743 443 3737
3 3742 3743 3737
3 3742 3737 409
3 3743 3742 427
3 3743 3744 5701
3 460 443 5701
3 443 3743 5701
3 3744 460 5701
3 3744 3743 427
3 3745 3744 5702
3 427 444 5702
3 3744 427 5702
3 444 3745 5702
3 3744 3745 460
3 3742 3746 427
3 392 3742 409
3 392 3746 3742
3 2237 3746 392
3 427 2237 410
3 3746 2237 427
3 3747 444 427
3 410 3747 427
3 2894 542 5703
3 3748 2894 5703
3 542 525 5703
3 525 3748 5703
3 2894 3748 560
3 3748 3749 5704
3 543 560 5704
3 3749 543 5704
3 560 3748 5704
3 3749 3748 525
3 3750 2892 524
3 542 3750 525
3 542 2892 3750
3 525 2915 508
3 524 2916 3750
3 3750 2915 525
3 2916 2915 3750
3 3751 3749 525
3 543 3751 526
3 543 3749 3751
3 3753 509 526
3 525 3752 3751
3 3751 3753 526
3 3752 3753 3751
3 3752 525 508
3 509 3753 3754
3 3754 3752 508
3 3752 3754 3753
3 2825 492 475
3 509 492 2825
3 3755 3754 508
3 509 3754 492
3 3754 3755 492
3 492 3756 5705
3 2797 475 5705
3 475 492 5705
3 3756 2797 5705
3 3756 457 2797
3 629 3758 612
3 628 3757 3759
3 3758 629 3759
3 3757 3758 3759
3 3757 628 611
3 612 3758 2922
3 2922 3757 611
3 2922 3758 3757
3 3679 3759 629
3 3679 662 5706
3 662 3760 5706
3 3759 3679 5706
3 3760 628 5706
3 628 3759 5706
3 3760 645 628
3 645 3760 662
3 3684 611 628
3 627 3685 3761
3 3761 3684 628
3 3685 3684 3761
3 645 3762 628
3 3762 3693 661
3 645 3693 3762
3 3762 3761 628
3 3762 661 5707
3 661 3686 5707
3 3761 3762 5707
3 627 3761 5707
3 3686 627 5707
3 456 3764 5708
3 3765 3763 5708
3 3764 3765 5708
3 3763 456 5708
3 3763 3765 473
3 491 3765 3764
3 3766 490 473
3 490 3766 507
3 2914 3765 491
3 473 3765 5709
3 3766 473 5709
3 3765 2914 5709
3 507 3766 5709
3 2914 507 5709
3 473 490 5710
3 490 2793 5710
3 3767 473 5710
3 2793 3767 5710
3 3767 2793 455
3 474 491 5711
3 491 3764 5711
3 3768 474 5711
3 3764 3768 5711
3 3768 3764 456
3 3769 474 5712
3 457 3756 5712
3 3756 3769 5712
3 474 457 5712
3 3769 3756 492
3 457 3770 440
3 3770 457 474
3 3768 3770 474
3 3770 3768 2926
3 2926 3768 456
3 440 3770 2926
3 3771 491 474
3 491 3771 508
3 508 3771 5713
3 3755 3769 492
3 474 3769 5713
3 3771 474 5713
3 3769 3755 5713
3 3755 508 5713
3 761 2937 744
3 3772 2937 761
3 2937 3772 777
3 3772 3773 5714
3 2935 3772 5714
3 3773 794 5714
3 794 2935 5714
3 3773 3772 761
3 3772 2935 777
3 778 3773 761
3 3773 778 794
3 3774 2939 728
3 3774 761 744
3 2939 3774 744
3 3774 3775 761
3 3775 728 745
3 3774 728 3775
3 778 761 5715
3 3775 2330 5715
3 761 3775 5715
3 2330 778 5715
3 2330 3775 745
3 3777 3776 844
3 2940 3776 3777
3 3776 2940 860
3 877 2940 3777
3 2945 3776 860
3 2945 827 844
3 3776 2945 844
3 827 2934 5716
3 3778 844 5716
3 2934 3778 5716
3 844 827 5716
3 3778 2934 811
3 828 3779 5717
3 3778 811 5717
3 3779 3778 5717
3 811 828 5717
3 3779 844 3778
3 747 3780 730
3 3780 2954 730
3 2954 3780 763
3 2322 3781 5718
3 747 764 5718
3 3781 747 5718
3 764 2322 5718
3 3781 2322 780
3 3780 3781 5719
3 780 763 5719
3 763 3780 5719
3 3781 780 5719
3 3781 3780 747
3 3782 2958 714
3 3782 747 730
3 2958 3782 730
3 3620 3783 731
3 764 747 3620
3 747 3783 3620
3 3782 3783 747
3 3783 3782 2783
3 3782 714 2783
3 3783 2783 731
3 2976 3784 486
3 2976 3785 5720
3 451 3784 5720
3 3785 451 5720
3 3784 2976 5720
3 2976 468 3785
3 3786 3784 451
3 486 3784 5721
3 3786 469 5721
3 3784 3786 5721
3 469 486 5721
3 451 2342 434
3 3785 2342 451
3 2342 3785 468
3 3786 3787 5722
3 2981 469 5722
3 3787 2981 5722
3 469 3786 5722
3 2981 3787 435
3 3787 3786 451
3 2990 418 3788
3 3788 451 434
3 2990 3788 434
3 418 435 5723
3 3787 3788 5723
3 3788 418 5723
3 435 3787 5723
3 451 3788 3787
3 3791 3790 519
3 3792 503 520
3 3789 3792 520
3 3790 3791 3789
3 3791 3792 3789
3 3792 2977 503
3 3791 519 502
3 2978 3791 502
3 2977 3792 2978
3 3792 3791 2978
3 3799 3712 467
3 3798 674 3719
3 3716 3794 3795
3 3716 3715 3794
3 3717 3795 3796
3 3717 3716 3795
3 3796 3797 3718
3 3717 3796 3718
3 3797 3798 3719
3 3797 3719 3718
3 3713 3712 3800
3 3712 3799 3800
3 3714 519 3793
3 3714 3713 519
3 3713 3800 519
3 3715 3793 3794
3 3715 3714 3793
3 3799 2046 5724
3 485 3801 5725
3 3800 5724 5725
3 3801 3800 5725
3 5724 485 5725
3 2046 485 5724
3 2046 3799 467
3 3800 3801 519
3 3800 3799 5724
3 3801 485 502
3 519 3801 502
3 506 3802 489
3 3802 3803 489
3 3802 505 3803
3 523 3805 506
3 3804 2901 522
3 2902 3805 523
3 2902 2901 3804
3 2902 3804 3805
3 3804 522 505
3 506 3805 3802
3 3802 3804 505
3 3805 3804 3802
3 3807 3806 506
3 3806 490 507
3 3807 490 3806
3 2885 523 506
3 507 2886 3806
3 3806 2885 506
3 2886 2885 3806
3 3807 2794 490
3 472 2794 5726
3 3808 472 5726
3 2794 3807 5726
3 506 3808 5726
3 3807 506 5726
3 472 3808 489
3 3808 506 489
3 2967 3810 488
3 453 3810 5727
3 2967 3809 5727
3 3810 2967 5727
3 3809 453 5727
3 3809 2967 470
3 472 489 5728
3 489 3811 5728
3 3812 472 5728
3 3811 3812 5728
3 3812 3811 454
3 3814 3813 5729
3 420 437 5729
3 3813 420 5729
3 437 3814 5729
3 3813 3814 453
3 3816 3815 403
3 3816 437 420
3 3815 3816 420
3 3815 3818 403
3 3818 3815 3817
3 3817 3815 420
3 3818 3817 385
3 3819 3821 400
3 3820 3821 3819
3 3820 3819 417
3 3821 3820 382
3 2988 3819 400
3 2988 434 417
3 3819 2988 417
3 3823 3822 399
3 3822 3823 3820
3 3823 382 3820
3 417 3822 3820
3 434 3824 417
3 2341 3824 434
3 3824 2341 450
3 92 2999 5730
3 3825 104 5730
3 2999 3825 5730
3 104 92 5730
3 118 3825 2999
3 3000 117 104
3 3001 3825 118
3 3825 3000 104
3 3001 3000 3825
3 2068 3827 130
3 3827 2067 3826
3 2068 2067 3827
3 2066 92 104
3 3826 2066 104
3 2067 2066 3826
3 117 3826 104
3 3827 2072 130
3 2072 3827 2073
3 3827 3826 2073
3 2073 3826 117
3 109 3828 122
3 2401 3828 109
3 3828 2401 123
3 3003 3828 123
3 3828 3829 122
3 3829 3003 151
3 3828 3003 3829
3 108 3830 121
3 3831 3830 108
3 3830 3831 122
3 3832 3830 122
3 3830 2370 121
3 2370 3832 150
3 3832 2370 3830
3 3833 3831 5731
3 108 96 5731
3 96 3833 5731
3 3831 108 5731
3 3831 3833 122
3 3833 2409 5732
3 109 122 5732
3 2409 109 5732
3 122 3833 5732
3 2409 3833 96
3 3834 3835 136
3 150 3834 165
3 150 3835 3834
3 151 3084 5733
3 3834 136 5733
3 136 151 5733
3 3084 3834 5733
3 3834 3084 165
3 136 3832 122
3 3832 3835 150
3 3832 136 3835
3 136 3829 151
3 3829 136 122
3 3836 63 5734
3 73 3012 5734
3 63 73 5734
3 3012 3836 5734
3 3836 3012 53
3 45 3838 3837
3 3838 3836 3837
3 3836 3838 63
3 3837 3836 53
3 3838 45 54
3 63 3838 54
3 2403 73 63
3 3839 2403 63
3 2403 3839 74
3 3839 63 5735
3 54 2397 5735
3 2397 3839 5735
3 63 54 5735
3 3839 2397 74
3 53 3840 44
3 53 62 3840
3 3840 3842 44
3 3841 3842 3840
3 3841 3840 62
3 3842 3841 52
3 3837 3843 45
3 3843 53 44
3 3843 3837 53
3 2389 36 44
3 43 2390 3844
3 3844 2389 44
3 2390 2389 3844
3 3842 3844 44
3 3844 52 43
3 3842 52 3844
3 36 3845 44
3 36 3073 3845
3 3845 3073 37
3 45 3845 37
3 3845 3843 44
3 45 3843 3845
3 3016 347 330
3 3017 3846 348
3 3846 3016 330
3 3017 3016 3846
3 3846 3018 348
3 3846 3847 5736
3 313 3018 5736
3 3847 313 5736
3 3018 3846 5736
3 3847 3846 330
3 3848 2453 312
3 347 2453 330
3 330 2453 3848
3 3848 3849 330
3 3849 312 295
3 3848 312 3849
3 315 3850 298
3 3850 3022 332
3 3022 3850 315
3 3851 281 298
3 3052 3852 297
3 3052 281 3851
3 3852 3052 3851
3 3851 298 3850
3 3852 3049 297
3 3850 332 5737
3 332 3049 5737
3 3852 3851 5737
3 3851 3850 5737
3 3049 3852 5737
3 3021 3853 333
3 3853 315 298
3 3853 3021 315
3 3854 3853 298
3 3856 3855 299
3 333 3853 5738
3 3856 333 5738
3 3854 3855 5738
3 3853 3854 5738
3 3855 3856 5738
3 299 3855 282
3 3855 3857 282
3 3857 3854 298
3 3855 3854 3857
3 3861 350 367
3 3860 3859 366
3 3858 3861 367
3 3859 3860 3858
3 3860 3861 3858
3 3024 350 3861
3 3860 366 349
3 3025 3860 349
3 3025 3024 3861
3 3860 3025 3861
3 3821 3863 5739
3 3862 400 5739
3 3863 3862 5739
3 400 3821 5739
3 3862 3863 366
3 3863 3821 382
3 3864 3865 229
3 247 3865 5740
3 3032 247 5740
3 3865 3864 5740
3 3864 213 5740
3 213 3032 5740
3 3864 3866 5741
3 196 213 5741
3 3866 196 5741
3 213 3864 5741
3 3866 3864 229
3 181 2360 165
3 2360 3867 197
3 3867 2360 181
3 3868 3867 181
3 197 3868 214
3 197 3867 3868
3 3870 3869 280
3 245 3869 5742
3 3870 3871 5742
3 3869 3870 5742
3 3871 245 5742
3 3871 3870 262
3 3872 3869 245
3 280 3869 263
3 3869 3872 263
3 228 3873 245
3 3873 3872 245
3 3872 3873 263
3 227 3874 2446
3 3874 3871 5743
3 262 2446 5743
3 3871 262 5743
3 2446 3874 5743
3 3871 3874 245
3 178 3875 162
3 3875 3876 194
3 178 3876 3875
3 3877 177 161
3 177 3877 194
3 3047 3875 5744
3 3048 3047 5744
3 3048 3877 161
3 194 3877 5744
3 3877 3048 5744
3 3875 194 5744
3 3875 3047 162
3 3878 3879 5745
3 228 211 5745
3 211 3878 5745
3 3879 228 5745
3 3879 3878 195
3 195 3878 178
3 3878 3880 178
3 3878 211 3880
3 3876 178 3880
3 3880 211 194
3 3876 3880 194
3 3881 3882 5746
3 194 211 5746
3 3882 194 5746
3 211 3881 5746
3 3882 3881 227
3 3883 228 245
3 228 3883 211
3 3881 3874 227
3 245 3874 5747
3 3883 245 5747
3 3874 3881 5747
3 211 3883 5747
3 3881 211 5747
3 3884 11 15
3 11 3884 7
3 11 7 5748
3 7 3885 5748
3 3062 11 5748
3 3885 3062 5748
3 3062 3885 5
3 7 3886 5749
3 3055 4 5749
3 4 7 5749
3 3886 3055 5749
3 3055 3886 10
3 3884 3886 7
3 3887 3886 3884
3 3887 3884 15
3 3886 3887 10
3 3888 10 3887
3 20 3888 15
3 3888 3887 15
3 26 3889 20
3 3889 26 32
3 3891 3890 11
3 3891 26 20
3 3890 3891 20
3 11 3890 15
3 3890 20 15
3 3075 31 5750
3 38 3892 5750
3 31 38 5750
3 3892 3075 5750
3 3075 3892 24
3 3893 30 5751
3 24 3892 5751
3 3892 3893 5751
3 30 24 5751
3 3893 3892 38
3 3894 39 2395
3 2395 46 38
3 3894 2395 38
3 3894 38 31
3 3895 3894 31
3 3894 3895 39
3 30 3896 37
3 30 3893 3896
3 3896 3893 38
3 46 3897 38
3 3897 2399 45
3 2399 3897 46
3 3897 45 37
3 3896 3897 37
3 3897 3896 38
3 3074 19 25
3 31 3074 25
3 3889 3898 20
3 3889 3899 3898
3 3899 3889 32
3 3898 3899 25
3 3899 32 5752
3 39 3900 5752
3 32 39 5752
3 3900 3899 5752
3 3899 3900 25
3 3895 31 5753
3 25 3900 5753
3 3900 3895 5753
3 31 25 5753
3 3895 3900 39
3 3901 3058 10
3 3901 25 19
3 3058 3901 19
3 3898 3888 20
3 3898 3901 3888
3 3901 10 3888
3 3901 3898 25
3 2400 3902 5754
3 110 123 5754
3 3902 110 5754
3 123 2400 5754
3 3902 2400 97
3 110 3902 5755
3 3086 3902 97
3 86 3903 5755
3 3903 110 5755
3 3902 3086 5755
3 3086 86 5755
3 3904 72 62
3 3013 3904 62
3 3904 3013 73
3 3090 83 72
3 3091 3904 73
3 3904 3090 72
3 3091 3090 3904
3 72 3905 5756
3 3841 62 5756
3 62 72 5756
3 3905 3841 5756
3 3841 3905 52
3 3906 2382 5757
3 3905 3906 5757
3 2382 52 5757
3 52 3905 5757
3 2382 3906 61
3 72 3906 3905
3 3907 71 61
3 3906 3907 61
3 3907 3906 72
3 71 3909 82
3 71 3907 3909
3 3908 3907 72
3 3909 3907 3908
3 83 3908 72
3 82 3909 3094
3 3094 3908 83
3 3094 3909 3908
3 187 3910 171
3 203 3910 3097
3 3097 3910 187
3 3912 3910 203
3 3910 3912 3911
3 3911 3912 170
3 3910 3911 171
3 3913 3911 170
3 3911 156 171
3 3913 156 3911
3 187 3914 204
3 3914 187 171
3 3915 3916 5758
3 116 129 5758
3 3916 116 5758
3 129 3915 5758
3 3916 3915 103
3 2043 103 3917
3 103 2043 5759
3 2042 3916 5759
3 3916 103 5759
3 2043 2042 5759
3 2043 3917 80
3 3916 2042 116
3 3917 103 91
3 80 3917 91
3 3113 67 5760
3 58 3918 5760
3 3918 3113 5760
3 67 58 5760
3 3113 3918 78
3 3919 68 5761
3 78 3918 5761
3 68 78 5761
3 3918 3919 5761
3 3919 3918 58
3 58 3920 49
3 67 3920 58
3 3920 3921 49
3 3920 3922 3921
3 3922 3920 67
3 3921 3922 57
3 3921 3923 49
3 48 3923 57
3 3923 3921 57
3 3922 67 5762
3 77 3924 5762
3 67 77 5762
3 3924 3922 5762
3 3922 3924 57
3 3926 48 40
3 3925 3926 40
3 3926 3925 41
3 49 3926 41
3 3926 3923 48
3 3923 3926 49
3 3925 40 33
3 3927 3925 33
3 3925 3927 41
3 3927 33 5763
3 27 3928 5763
3 3928 3927 5763
3 33 27 5763
3 3927 3928 41
3 2417 34 5764
3 41 3928 5764
3 34 41 5764
3 3928 2417 5764
3 3928 27 2417
3 2419 3929 12
3 2419 27 21
3 3929 2419 21
3 12 3929 16
3 3929 21 16
3 27 3930 21
3 3930 27 33
3 3930 3931 21
3 3931 3930 3103
3 3930 33 3103
3 26 3931 3103
3 3932 3891 11
3 3891 3932 3931
3 3932 21 3931
3 26 3891 3931
3 3101 3932 11
3 21 3932 16
3 3932 3101 16
3 3107 48 3934
3 3933 3107 3934
3 66 3933 3934
3 3107 3933 56
3 3933 66 5765
3 76 3108 5765
3 66 76 5765
3 3108 3933 5765
3 3933 3108 56
3 3934 48 57
3 66 3934 57
3 3936 76 66
3 3935 3936 66
3 3936 3935 77
3 3935 66 5766
3 57 3924 5766
3 3924 3935 5766
3 66 57 5766
3 3935 3924 77
3 138 3937 153
3 3937 138 124
3 2659 3938 125
3 3938 3937 124
3 3937 2659 153
3 3938 2659 3937
3 3938 124 111
3 3939 3938 111
3 3938 3939 125
3 138 3940 124
3 3940 3076 152
3 138 3076 3940
3 3940 3941 124
3 3941 2402 123
3 2402 3940 152
3 3940 2402 3941
3 3941 123 110
3 3942 3941 110
3 3941 3942 124
3 3903 86 98
3 110 3903 98
3 3943 3944 5767
3 111 124 5767
3 3944 111 5767
3 124 3943 5767
3 3944 3943 98
3 3943 3942 5768
3 110 98 5768
3 98 3943 5768
3 3942 110 5768
3 3942 3943 124
3 3099 79 90
3 3099 3945 89
3 3945 3099 90
3 79 3946 90
3 79 2413 3946
3 3946 2413 80
3 3946 80 91
3 3946 3947 90
3 3947 3946 91
3 3948 3939 5769
3 111 99 5769
3 99 3948 5769
3 3939 111 5769
3 3939 3948 125
3 3950 3949 405
3 3950 3951 3949
3 3951 3950 422
3 3949 3951 387
3 3952 3953 404
3 3951 3953 3952
3 3951 3952 387
3 3953 3951 422
3 3949 2791 405
3 3954 2791 3949
3 3954 3949 387
3 2791 3954 371
3 3955 3956 5770
3 455 438 5770
3 438 3955 5770
3 3956 455 5770
3 3955 422 3956
3 3953 3957 404
3 3953 3955 3957
3 3955 3953 422
3 3957 3955 438
3 472 3958 2792
3 455 3958 438
3 2792 3958 455
3 3958 3959 438
3 3958 472 5771
3 3812 3959 5771
3 3959 3958 5771
3 472 3812 5771
3 3959 3812 454
3 3960 3132 5772
3 199 216 5772
3 3132 199 5772
3 216 3960 5772
3 3132 3960 232
3 3127 183 3961
3 3961 216 199
3 3127 3961 199
3 233 3962 216
3 250 3962 233
3 250 3135 5773
3 216 3962 5773
3 3960 3135 232
3 3962 250 5773
3 3135 3960 5773
3 3960 216 5773
3 333 3964 350
3 3963 3965 351
3 333 3965 3964
3 3964 3965 3963
3 368 3967 351
3 3966 2343 367
3 368 2344 3967
3 3967 2344 3966
3 2344 2343 3966
3 350 3966 367
3 350 3964 3966
3 3967 3963 351
3 3966 3964 3967
3 3964 3963 3967
3 316 3856 299
3 3856 3968 333
3 3968 3856 316
3 3969 3970 334
3 299 3970 316
3 3970 3969 316
3 3965 3971 351
3 3965 3968 5774
3 316 3971 5774
3 3968 316 5774
3 3971 3965 5774
3 3965 333 3968
3 334 351 5775
3 351 3971 5775
3 3969 334 5775
3 3971 3969 5775
3 3969 3971 316
3 3972 3973 369
3 368 3973 385
3 3973 3972 385
3 3974 3972 369
3 3974 403 5776
3 3818 3972 5776
3 3972 3974 5776
3 403 3818 5776
3 3972 3818 385
3 266 283 5777
3 283 3138 5777
3 3975 266 5777
3 3138 3975 5777
3 3975 3138 248
3 248 231 5778
3 231 3976 5778
3 3975 248 5778
3 3976 3975 5778
3 3975 3976 266
3 266 3976 5779
3 3123 3977 5779
3 3976 3123 5779
3 3977 266 5779
3 3123 3976 231
3 3977 3123 249
3 249 3136 5780
3 3978 3977 5780
3 3136 3978 5780
3 3977 249 5780
3 3977 3978 266
3 3136 284 3978
3 3979 3980 300
3 3970 3980 3979
3 3970 3979 334
3 3980 3970 299
3 3139 3980 299
3 300 3980 283
3 3980 3139 283
3 317 3979 300
3 3979 3981 334
3 317 3981 3979
3 300 3982 5781
3 266 3978 5781
3 3983 3978 284
3 3982 266 5781
3 3978 3983 5781
3 3983 300 5781
3 3982 283 266
3 300 283 3982
3 278 3151 3985
3 3985 3984 260
3 3984 3151 294
3 3151 3984 3985
3 3984 294 277
3 3984 277 260
3 3986 2447 242
3 277 2447 260
3 2447 3986 260
3 3987 145 160
3 2071 3988 159
3 2071 145 3987
3 3988 2071 3987
3 3987 3989 5782
3 3988 3987 5782
3 159 3988 3990
3 192 3990 5782
3 3990 3988 5782
3 3989 192 5782
3 3989 3987 160
3 3991 146 161
3 3993 3992 160
3 3993 146 3991
3 3992 3993 3991
3 3994 2457 131
3 145 3994 160
3 145 2457 3994
3 3994 3993 160
3 146 3993 131
3 3993 3994 131
3 3996 3995 226
3 3996 3140 5783
3 261 3995 5783
3 3140 261 5783
3 3995 3996 5783
3 3140 3996 244
3 175 2069 159
3 2069 3997 191
3 3997 2069 175
3 159 3990 175
3 175 3990 192
3 3998 3997 175
3 191 3998 208
3 191 3997 3998
3 192 3999 175
3 3999 3998 175
3 3999 208 3998
3 2473 1430 1418
3 2473 4000 1430
3 4000 2473 1431
3 4000 1442 1430
3 1431 3159 4000
3 3159 1442 4000
3 4001 3161 1405
3 1406 3161 1392
3 3161 4001 1392
3 4003 4002 1377
3 4002 4003 4001
3 4001 4003 1392
3 4002 4001 1405
3 4003 4004 1392
3 1362 4004 1377
3 4004 4003 1377
3 1362 4005 3429
3 4005 1361 1346
3 3429 4005 1346
3 1361 4006 1346
3 1346 4006 1330
3 4006 3158 1330
3 3158 4006 4007
3 4007 4006 1361
3 3158 4007 1345
3 1345 4008 1360
3 1345 4007 4008
3 4008 4007 1361
3 4009 1404 1390
3 1376 4009 1390
3 4011 2080 1375
3 2080 4011 4010
3 4010 4011 1390
3 2080 4010 1403
3 4010 4012 1403
3 1404 4012 1390
3 4012 4010 1390
3 4011 4013 1390
3 4013 1375 1360
3 4011 1375 4013
3 4014 4008 1361
3 4013 4008 4014
3 4013 4014 1390
3 4008 4013 1360
3 1376 4014 1361
3 4014 1376 1390
3 3169 4015 1149
3 4015 1150 1166
3 3169 1150 4015
3 4016 2607 5784
3 1182 1166 5784
3 1166 4016 5784
3 2607 1182 5784
3 2607 4016 1199
3 4016 4017 5785
3 1183 1199 5785
3 4017 1183 5785
3 1199 4016 5785
3 4017 4016 1166
3 4018 1118 5786
3 1134 3171 5786
3 3171 4018 5786
3 1118 1134 5786
3 4018 3171 1101
3 3175 4018 1101
3 1118 3175 1102
3 4018 3175 1118
3 2480 1134 5787
3 1118 4019 5787
3 4019 2480 5787
3 1134 1118 5787
3 1151 2480 4019
3 4020 2640 918
3 4021 2640 4020
3 4021 4020 951
3 2640 4021 934
3 4023 4022 1049
3 4023 1032 1016
3 4022 4023 1016
3 4024 1000 1016
3 1000 4024 983
3 4025 3176 999
3 4025 1016 5788
3 1032 3176 5788
3 3176 4025 5788
3 1016 1032 5788
3 4025 4024 1016
3 4025 4026 4024
3 4024 4026 983
3 4026 4025 999
3 4027 1113 5789
3 1129 3395 5789
3 3395 4027 5789
3 1113 1129 5789
3 4027 3395 1096
3 3389 1129 5790
3 1113 4028 5790
3 4028 3389 5790
3 1129 1113 5790
3 3389 4028 1146
3 4030 4029 1100
3 4030 1101 1117
3 4029 4030 1117
3 3180 1100 1084
3 3180 4030 1100
3 4030 3180 1101
3 4029 1117 5791
3 1133 4031 5791
3 4031 4029 5791
3 1117 1133 5791
3 4029 4031 1100
3 3167 1116 5792
3 1100 4031 5792
3 1116 1100 5792
3 4031 3167 5792
3 4031 1133 3167
3 4033 4032 1083
3 4032 1084 1100
3 4033 1084 4032
3 792 4034 5793
3 808 792 5793
3 4034 4035 5793
3 4035 808 5793
3 4035 4034 825
3 3181 809 5794
3 825 4034 5794
3 4034 3181 5794
3 809 825 5794
3 3181 4034 792
3 889 3200 905
3 3200 922 905
3 4037 4036 938
3 922 4036 905
3 4036 4037 905
3 1004 4040 4039
3 4038 4040 971
3 4040 4038 4039
3 4038 988 4039
3 4042 4041 1052
3 3179 4041 4042
3 1069 3179 4042
3 4041 3179 1084
3 4042 4043 1069
3 4042 1052 1036
3 4043 4042 1036
3 4044 1020 5795
3 1004 4045 5795
3 1020 1004 5795
3 4045 4044 5795
3 4044 4045 1037
3 4046 4036 922
3 4036 4046 4047
3 4047 4046 955
3 938 4036 4047
3 4047 955 5796
3 971 4048 5796
3 4048 4047 5796
3 955 971 5796
3 4048 938 4047
3 4046 939 955
3 939 4046 922
3 4038 4049 988
3 4038 971 955
3 4049 4038 955
3 4051 955 5797
3 939 4050 5797
3 955 939 5797
3 4050 4051 5797
3 4051 4050 972
3 4051 4049 955
3 4051 972 988
3 4049 4051 988
3 4052 956 5798
3 972 4050 5798
3 4050 4052 5798
3 956 972 5798
3 4052 4050 939
3 4054 956 5799
3 940 4053 5799
3 956 940 5799
3 4053 4054 5799
3 4053 973 4054
3 4056 4055 907
3 4055 940 923
3 4055 4056 940
3 3202 4057 939
3 923 4057 906
3 4057 3202 906
3 4058 4057 923
3 4058 956 4052
3 4057 4058 4052
3 939 4057 4052
3 4058 940 956
3 940 4058 923
3 4060 4059 989
3 4060 972 956
3 4059 4060 956
3 4054 4059 956
3 4054 973 989
3 4059 4054 989
3 4062 4061 1037
3 1070 4062 1054
3 4061 4062 1070
3 4063 4064 1023
3 1040 1056 4063
3 1056 4064 4063
3 4066 808 5800
3 824 4065 5800
3 4065 4066 5800
3 808 824 5800
3 4066 4065 791
3 4067 807 5801
3 791 4065 5801
3 807 791 5801
3 4065 4067 5801
3 4067 4065 824
3 4069 4068 1151
3 1168 4068 1152
3 4068 4069 1152
3 3203 1153 4070
3 4070 1152 1136
3 3203 4070 1136
3 4072 1120 5802
3 1136 4071 5802
3 4071 4072 5802
3 1120 1136 5802
3 4072 4071 1103
3 4073 1120 1104
3 4073 2483 1120
3 2483 4073 1137
3 4074 4072 1103
3 1120 4074 1104
3 4074 1120 4072
3 4077 4076 1056
3 4076 4077 4075
3 4075 4077 1073
3 4076 4075 1088
3 4079 4078 1040
3 4079 1057 1073
3 4078 4079 1073
3 4077 4078 1073
3 4077 1056 1040
3 4078 4077 1040
3 4081 1025 5803
3 1041 4080 5803
3 4080 4081 5803
3 1025 1041 5803
3 4081 4080 1008
3 958 4082 942
3 942 4082 925
3 3235 4083 909
3 4083 942 925
3 4083 3235 942
3 4085 4084 941
3 4084 908 925
3 4085 908 4084
3 4087 958 5804
3 974 4086 5804
3 4086 4087 5804
3 958 974 5804
3 4087 4086 941
3 4082 4084 925
3 4082 4087 4084
3 4087 4082 958
3 4087 941 4084
3 4088 4089 874
3 907 4088 891
3 907 4089 4088
3 4088 4090 891
3 858 4088 874
3 858 4090 4088
3 3246 1448 1437
3 3246 4091 1448
3 4091 3246 1449
3 4091 4092 1448
3 4091 1449 1459
3 4092 4091 1459
3 3254 4093 1436
3 4093 1437 1448
3 3254 1437 4093
3 1448 4094 5805
3 4095 1458 5805
3 1458 1448 5805
3 4094 4095 5805
3 1468 4095 4094
3 4092 1459 5806
3 1468 4094 5806
3 4094 4092 5806
3 1459 1468 5806
3 4092 4094 1448
3 4096 4100 1517
3 1526 4098 1528
3 4098 1526 4099
3 4100 4096 4097
3 4097 4098 4099
3 4100 4097 4099
3 4102 2093 1488
3 4105 4101 1507
3 2095 4104 1507
3 4104 4105 1507
3 4101 4105 1517
3 2094 4103 2095
3 4103 4104 2095
3 2093 4102 2094
3 4102 4103 2094
3 2459 1453 4106
3 4113 1517 4105
3 2460 4106 4107
3 2460 2459 4106
3 2461 4107 4108
3 2461 2460 4107
3 4109 4110 1488
3 2462 4109 1488
3 4110 4102 1488
3 4109 2462 4108
3 2462 2461 4108
3 4102 4110 4111
3 4103 4111 4112
3 4103 4102 4111
3 4112 4113 4104
3 4103 4112 4104
3 4113 4105 4104
3 2577 4106 1453
3 4098 2566 1528
3 2575 4108 4107
3 4106 2576 4107
3 2576 2575 4107
3 2577 2576 4106
3 1517 2568 4096
3 2569 1517 4113
3 2569 2568 1517
3 2566 4098 4097
3 2567 4097 4096
3 2567 2566 4097
3 2568 2567 4096
3 2570 4113 4112
3 2570 2569 4113
3 2571 4112 4111
3 2571 2570 4112
3 2572 4111 4110
3 2572 2571 4111
3 2573 4110 4109
3 2573 2572 4110
3 2574 4109 4108
3 2574 2573 4109
3 2575 2574 4108
3 4115 4114 1399
3 1400 4114 1386
3 4114 4115 1386
3 4114 4116 1399
3 1413 4116 1400
3 1400 4116 4114
3 3311 4117 1398
3 1399 4117 1385
3 4117 3311 1385
3 4119 4118 1371
3 4119 4115 4118
3 4115 4119 1386
3 4118 4115 1399
3 1385 4118 1399
3 1371 4118 1385
3 4120 1280 1264
3 1265 3265 4120
3 3265 1280 4120
3 3274 1264 1248
3 3274 4120 1264
3 4120 3274 1265
3 1280 4121 1264
3 1295 4121 1280
3 3268 4122 1247
3 1264 4122 1248
3 4122 3268 1248
3 1247 4122 1263
3 4122 4123 1263
3 4123 4122 1264
3 1282 4126 4125
3 4126 4124 4125
3 4125 4124 1313
3 4124 4126 1298
3 1283 3431 1298
3 3431 1314 1298
3 1283 4127 1267
3 1298 4127 1283
3 4126 4127 1298
3 4127 4126 3283
3 4126 1282 3283
3 4127 3283 1267
3 4128 4129 1297
3 1312 4129 1328
3 4129 4128 1328
3 3275 1328 4128
3 1313 3275 1297
3 3275 4128 1297
3 3281 4129 1312
3 4129 3281 4130
3 4130 3281 1281
3 4129 4130 1297
3 1282 4125 1297
3 4125 1313 1297
3 1282 4131 1266
3 1297 4131 1282
3 4130 4131 1297
3 3280 4130 1281
3 3280 4131 4130
3 4131 3280 1266
3 3157 4132 1314
3 3157 1345 1329
3 4132 3157 1329
3 3276 4133 1344
3 1329 4133 1313
3 4133 3276 1313
3 1329 4134 4132
3 1314 4134 1298
3 4134 1314 4132
3 4134 4124 1298
3 1313 4134 1329
3 1313 4124 4134
3 4135 4133 1329
3 4135 3154 4133
3 3154 4135 1360
3 3154 1344 4133
3 4135 1345 1360
3 1345 4135 1329
3 3291 4136 1251
3 1252 4136 1236
3 4136 3291 1236
3 2485 4137 1042
3 1075 2485 1059
3 4137 2485 1075
3 4138 4137 1075
3 1042 4138 1058
3 1042 4137 4138
3 4139 1172 1156
3 1172 4139 2631
3 4139 1173 2631
3 3224 4140 1092
3 3223 1141 4140
3 3223 4141 1141
3 4141 3222 1174
3 3224 3223 4140
3 3223 3222 4141
3 4142 4144 1326
3 4143 4144 4142
3 4143 4142 1357
3 4144 4143 1341
3 4142 1342 1357
3 1342 4142 1326
3 3277 4145 1311
3 4145 1342 1326
3 3277 1342 4145
3 4146 4145 1326
3 1311 4145 1295
3 4145 4146 1295
3 4148 1202 1186
3 4147 4148 1186
3 4148 4147 1203
3 2520 4149 1234
3 2520 4148 4149
3 4148 2520 1202
3 4149 4148 1203
3 1219 4149 1203
3 4149 2086 1234
3 1219 2086 4149
3 3421 1204 4150
3 1187 4150 1203
3 1187 3421 4150
3 4151 3425 5807
3 1187 1203 5807
3 3425 1187 5807
3 1203 4151 5807
3 3425 4151 1170
3 4151 4147 5808
3 1186 1170 5808
3 1170 4151 5808
3 4147 1186 5808
3 4147 4151 1203
3 4152 3288 1235
3 4150 3288 4152
3 4150 4152 1203
3 3288 4150 1204
3 1219 4152 1235
3 4152 1219 1203
3 4154 4153 1168
3 1185 4154 1169
3 4153 4154 1185
3 4155 1168 1152
3 4154 1168 4155
3 4154 4155 1169
3 4070 4155 1152
3 1153 1169 4155
3 4070 1153 4155
3 1153 2519 1169
3 2519 4156 1169
3 4156 2519 1170
3 4156 4157 1169
3 4156 1170 1186
3 4156 1186 4157
3 4158 4157 5809
3 1186 1202 5809
3 4157 1186 5809
3 1202 4158 5809
3 4157 4158 1169
3 4158 4159 5810
3 1185 1169 5810
3 1169 4158 5810
3 4159 1185 5810
3 4159 4158 1202
3 4160 4153 5811
3 1185 1201 5811
3 4153 1185 5811
3 1201 4160 5811
3 1168 4153 4160
3 1217 4161 1201
3 4161 3271 1232
3 3271 4161 1217
3 4162 1201 1185
3 4159 4162 1185
3 4162 4159 1202
3 4163 2522 1233
3 4162 4163 1201
3 4162 2522 4163
3 2522 4162 1202
3 1217 4163 1233
3 4163 1217 1201
3 4165 4164 1487
3 1470 4164 5812
3 4165 2532 5812
3 4164 4165 5812
3 2532 1470 5812
3 2532 4165 1460
3 1487 4164 1479
3 4164 1470 1479
3 3292 1487 1479
3 3292 1495 1487
3 4166 3295 1501
3 1495 3295 1487
3 3295 4166 1487
3 4166 4167 1487
3 1494 4167 1501
3 4167 4166 1501
3 4169 4168 1434
3 4168 1423 1435
3 4169 1423 4168
3 4169 3548 1423
3 3548 1434 1422
3 3548 4169 1434
3 4170 1445 1434
3 1445 4170 3315
3 3315 4170 1446
3 4168 4170 1434
3 1446 4170 1435
3 1435 4170 4168
3 4171 2714 1433
3 1445 2714 1434
3 2714 4171 1434
3 3550 4171 1433
3 1434 4171 1422
3 4171 3550 1422
3 4172 3320 1369
3 4173 3320 4172
3 4173 4172 1384
3 3320 4173 1397
3 4173 4174 1397
3 1398 4174 1384
3 4174 4173 1384
3 3312 1398 1384
3 1370 3312 1384
3 1370 4175 1355
3 1370 1384 4175
3 1475 4176 1466
3 4176 1475 1483
3 3319 4176 1483
3 3319 4177 5813
3 1466 4176 5813
3 4177 1466 5813
3 4176 3319 5813
3 4177 3319 1456
3 4178 1466 1457
3 4178 1475 1466
3 1446 4179 5814
3 1456 1446 5814
3 4177 1456 5814
3 4179 4177 5814
3 4177 4179 1466
3 4180 4179 1446
3 4180 1457 5815
3 1466 4179 5815
3 4179 4180 5815
3 1457 1466 5815
3 4180 1446 4181
3 1457 4181 1447
3 4180 4181 1457
3 4182 1446 1435
3 4181 1446 4182
3 4181 4182 1447
3 3310 4182 1435
3 4182 1436 1447
3 1436 4182 3310
3 4183 4184 1447
3 1458 4183 1448
3 1458 4184 4183
3 1436 4093 1447
3 4093 4183 1447
3 4183 4093 1448
3 4184 4185 1447
3 4184 1458 5816
3 1467 4185 5816
3 4185 4184 5816
3 1458 1467 5816
3 1447 4185 5817
3 4186 1457 5817
3 1457 1447 5817
3 4185 4186 5817
3 4186 4185 1467
3 4187 4188 1396
3 1397 4188 1383
3 4188 4187 1383
3 4188 4189 1396
3 4189 1397 1410
3 4189 4188 1397
3 4189 1409 1396
3 3545 1409 4189
3 1410 3545 4189
3 4190 3556 1395
3 1409 3556 1396
3 3556 4190 1396
3 3553 4190 1395
3 1396 4190 1382
3 4190 3553 1382
3 3572 4191 1368
3 4191 3572 4187
3 4187 3572 1383
3 4191 4187 1396
3 4191 1396 1382
3 1368 4191 1382
3 1338 4192 1353
3 1338 4193 4192
3 4192 4193 1354
3 4194 1354 1339
3 3325 4194 1339
3 4194 3325 1355
3 4195 3332 1323
3 3332 4195 4193
3 4193 4195 1354
3 3332 4193 1338
3 1354 4195 1339
3 1339 4195 1323
3 1369 4196 1354
3 4196 1369 1383
3 4196 4192 1354
3 4196 3571 4192
3 3571 4196 1383
3 4192 3571 1353
3 4197 1384 4172
3 4197 1369 1354
3 1369 4197 4172
3 4175 4194 1355
3 4194 4175 4197
3 4197 4175 1384
3 4194 4197 1354
3 4198 4199 1294
3 1325 1309 4199
3 4198 1325 4199
3 2518 4199 1309
3 4199 2518 4200
3 4200 2518 1278
3 4199 4200 1294
3 4200 4201 1294
3 3339 4200 1278
3 4200 3339 4201
3 4201 3339 1263
3 4160 4202 5818
3 1184 1168 5818
3 1168 4160 5818
3 4202 1184 5818
3 4160 1201 4202
3 1211 3348 1195
3 3348 4203 1226
3 4203 3348 1211
3 3343 1211 1195
3 1211 3343 1227
3 4204 4203 1211
3 1226 4204 1242
3 4204 1226 4203
3 4204 1211 5819
3 1227 2605 5819
3 1211 1227 5819
3 2605 4204 5819
3 4204 2605 1242
3 1147 4205 5820
3 4206 1131 5820
3 1131 1147 5820
3 4205 4206 5820
3 4206 4205 1114
3 2608 4207 1213
3 2608 1244 1228
3 4207 2608 1228
3 4208 2603 1243
3 1244 2603 1228
3 2603 4208 1228
3 1228 4208 5821
3 3352 1212 5821
3 1212 1228 5821
3 4208 3352 5821
3 1243 3352 4208
3 1196 4209 1212
3 1212 4209 1228
3 1215 4210 1231
3 1199 4210 1215
3 3354 4211 1230
3 3354 1199 1215
3 4211 3354 1215
3 1215 1231 5822
3 1231 3342 5822
3 4212 1215 5822
3 3342 4212 5822
3 1246 4212 3342
3 4212 4211 1215
3 4212 1246 1230
3 4211 4212 1230
3 1214 4214 1198
3 4214 4213 1229
3 4213 4214 1214
3 1214 3353 1230
3 1198 3353 1214
3 4215 4213 1214
3 4215 1245 1229
3 4213 4215 1229
3 1230 3355 5823
3 4215 1214 5823
3 1214 1230 5823
3 3355 4215 5823
3 1245 4215 3355
3 4217 1196 1180
3 4216 4217 1180
3 4217 4216 1197
3 4218 4217 1197
3 4218 1228 5824
3 1228 4209 5824
3 4217 4218 5824
3 4209 1196 5824
3 1196 4217 5824
3 1213 4218 1197
3 4218 4207 1228
3 1213 4207 4218
3 1198 4220 4219
3 4220 1197 1181
3 4219 4220 1181
3 4214 4220 1198
3 4214 1229 5825
3 1229 4221 5825
3 4220 4214 5825
3 1197 4220 5825
3 4221 1197 5825
3 1213 4221 1229
3 4221 1213 1197
3 2737 1305 1289
3 2737 1289 1274
3 3357 4222 1304
3 3357 4223 4222
3 4223 3357 1273
3 4222 4223 1289
3 4223 4224 1289
3 4223 3566 4224
3 3566 4223 1273
3 4224 3566 1258
3 1274 4224 1258
3 1289 4224 1274
3 1351 4225 1336
3 1336 4225 1320
3 4227 4226 1305
3 4226 1336 1320
3 4226 4227 1336
3 4228 4226 1320
3 1305 4226 1289
3 4226 4228 1289
3 4228 4222 1289
3 1304 4222 1320
3 4222 4228 1320
3 1127 1143 5826
3 1143 3366 5826
3 4229 1127 5826
3 3366 4229 5826
3 4229 3366 1110
3 2619 1143 1127
3 4230 2619 1127
3 2619 4230 1144
3 4230 2620 1144
3 4230 1127 5827
3 1111 2620 5827
3 2620 4230 5827
3 1127 1111 5827
3 3385 4231 1094
3 3385 1111 5828
3 1127 4231 5828
3 4231 3385 5828
3 1111 1127 5828
3 1110 1094 5829
3 1094 4231 5829
3 4229 1110 5829
3 4231 4229 5829
3 1127 4229 4231
3 4234 4233 1045
3 4232 4234 1062
3 4233 4234 4232
3 4233 4232 1077
3 4236 4235 1093
3 4236 1094 1110
3 4235 4236 1110
3 4235 4237 1093
3 4235 3365 5830
3 1126 4237 5830
3 3365 1126 5830
3 4237 4235 5830
3 3365 4235 1110
3 1109 1093 5831
3 1093 4237 5831
3 3364 1109 5831
3 4237 3364 5831
3 1126 3364 4237
3 4238 4239 5832
3 1179 1195 5832
3 4239 1179 5832
3 1195 4238 5832
3 4239 4238 1162
3 4238 3388 5833
3 1178 1162 5833
3 1162 4238 5833
3 3388 1178 5833
3 1195 3388 4238
3 4240 4239 1162
3 1179 4240 1163
3 1179 4239 4240
3 4241 3387 1161
3 1178 4241 1162
3 3387 4241 1178
3 1098 4242 5834
3 1114 1098 5834
3 4206 1114 5834
3 4242 4206 5834
3 4206 4242 1131
3 4243 1115 5835
3 1131 4242 5835
3 4242 4243 5835
3 1115 1131 5835
3 4243 4242 1098
3 1066 4244 1082
3 1050 4244 1066
3 4246 4245 1017
3 4246 1034 1050
3 4246 1050 4245
3 4023 4247 1032
3 1065 4023 1049
3 4247 4023 1065
3 3349 1210 1194
3 1210 3349 1226
3 4248 1210 5836
3 1226 2624 5836
3 1210 1226 5836
3 2624 4248 5836
3 4248 2624 1241
3 4249 3408 1240
3 1241 3408 1225
3 3408 4249 1225
3 3413 1209 5837
3 1225 4249 5837
3 1209 1225 5837
3 4249 3413 5837
3 4249 1240 3413
3 4248 4250 1210
3 4248 1241 1225
3 4248 1225 4250
3 4251 4250 1225
3 4251 1194 1210
3 4250 4251 1210
3 4251 2126 1194
3 4251 1225 5838
3 1225 4252 5838
3 2126 4251 5838
3 4252 1193 5838
3 1193 2126 5838
3 1193 4252 1209
3 1209 4252 1225
3 1221 3419 1237
3 3419 1221 1205
3 1221 3416 1205
3 3416 4253 1236
3 4253 3416 1221
3 1237 4255 5839
3 4254 1221 5839
3 4255 4254 5839
3 1221 1237 5839
3 4255 1252 4254
3 4254 4253 1221
3 1236 4254 1252
3 1236 4253 4254
3 4257 4256 1122
3 1155 4256 1139
3 4256 4257 1139
3 4258 1138 5840
3 1122 4256 5840
3 4256 4258 5840
3 1138 1122 5840
3 4258 4256 1155
3 1139 4259 1155
3 1139 4260 4259
3 4259 4260 1156
3 4261 1154 1138
3 4258 4261 1138
3 4261 4258 1155
3 1154 4261 3426
3 1171 3426 1155
3 3426 4261 1155
3 4262 1171 1155
3 4262 3423 1171
3 4262 1172 3423
3 4259 4262 1155
3 1172 4262 1156
3 4262 4259 1156
3 1332 4264 4263
3 4264 1301 1317
3 4263 4264 1317
3 1301 4264 4265
3 4264 1332 1316
3 4265 4264 1316
3 4266 1299 1284
3 1299 4266 1315
3 3433 4267 1330
3 1315 3433 1299
3 4267 3433 1315
3 4268 4267 1315
3 1330 4268 1346
3 1330 4267 4268
3 4268 3427 1346
3 1331 4268 1315
3 3427 4268 1331
3 3443 4269 1318
3 3443 1349 1333
3 4269 3443 1333
3 4270 4269 1333
3 1318 4270 1302
3 1318 4269 4270
3 3440 1302 4270
3 4270 1333 1317
3 3440 4270 1317
3 1364 4271 1349
3 1349 4271 1333
3 4255 4272 1252
3 4272 1237 1253
3 4255 1237 4272
3 4272 4273 1252
3 1269 4273 1253
3 4273 4272 1253
3 4274 2136 1222
3 1253 1237 4274
3 1237 2136 4274
3 1238 4275 5841
3 4274 1222 5841
3 4275 4274 5841
3 1222 1238 5841
3 4275 1253 4274
3 4276 1269 1253
3 1269 4276 4277
3 4276 1270 4277
3 4279 3446 1301
3 3446 4279 4278
3 4278 4279 1285
3 3446 4278 1270
3 4278 4277 1270
3 1269 4277 1285
3 1285 4277 4278
3 4279 4280 1285
3 4279 4265 4280
3 4265 1316 4280
3 4265 4279 1301
3 4281 4283 835
3 4281 4282 4283
3 4282 4281 868
3 4282 851 4283
3 4285 4284 837
3 870 4286 4285
3 4286 4284 4285
3 4284 4286 853
3 947 3586 931
3 931 3586 914
3 898 4287 3583
3 3583 931 914
3 3583 4287 931
3 947 931 5842
3 931 4288 5842
3 4289 947 5842
3 4288 4289 5842
3 4289 4288 964
3 4290 4288 931
3 4290 948 5843
3 964 4288 5843
3 4288 4290 5843
3 948 964 5843
3 948 932 5844
3 932 4291 5844
3 4292 948 5844
3 4291 4292 5844
3 4292 4291 965
3 4294 4293 849
3 882 4294 866
3 4293 4294 882
3 4295 4293 882
3 4295 865 849
3 4293 4295 849
3 4295 2643 865
3 898 4295 882
3 2643 4295 898
3 4298 4297 916
3 4297 4298 4296
3 4296 4298 883
3 4297 4296 900
3 4299 4300 833
3 4299 2199 4300
3 2199 4299 800
3 2199 817 4300
3 4299 833 816
3 800 4299 816
3 2759 4301 849
3 833 4301 816
3 4301 2759 816
3 4302 4301 833
3 4294 4301 4302
3 4294 4302 866
3 4301 4294 849
3 4303 3449 901
3 4303 884 868
3 3449 4303 868
3 4304 3451 917
3 4303 3451 4304
3 4303 4304 884
3 3451 4303 901
3 4304 900 884
3 917 900 4304
3 4282 4305 851
3 884 4282 868
3 4305 4282 884
3 4307 4306 887
3 4307 870 854
3 4306 4307 854
3 821 4309 4308
3 4308 854 837
3 4309 854 4308
3 854 4285 837
3 870 4285 854
3 725 4310 708
3 741 4310 725
3 4311 1650 742
3 1650 708 691
3 1650 4311 708
3 4312 4311 742
3 4311 725 708
3 4311 4312 725
3 672 3481 655
3 689 3481 672
3 4314 4313 656
3 4314 689 672
3 4313 4314 672
3 655 4315 672
3 4315 655 638
3 656 4316 639
3 4316 4313 672
3 656 4313 4316
3 4315 4316 672
3 3482 4316 4315
3 3482 4315 638
3 4316 3482 639
3 4317 4319 756
3 4318 4319 4317
3 4318 4317 723
3 4319 4318 740
3 4317 739 723
3 739 4317 756
3 4321 4310 741
3 4310 4321 4320
3 4310 4320 708
3 4320 4321 707
3 673 4322 656
3 690 4322 673
3 4322 4314 656
3 4314 4322 4323
3 4323 4322 690
3 4314 4323 689
3 4323 4324 689
3 707 4324 690
3 4324 4323 690
3 3458 690 673
3 690 3458 4325
3 3458 691 4325
3 4325 4326 690
3 4326 691 708
3 4325 691 4326
3 4326 707 690
3 707 4326 4320
3 4326 708 4320
3 3460 4327 5845
3 240 223 5845
3 223 3460 5845
3 4327 240 5845
3 207 4327 3460
3 4327 207 2156
3 4328 4327 2156
3 241 4328 2156
3 4327 4328 240
3 4328 4329 240
3 258 4328 241
3 258 4329 4328
3 240 3462 223
3 257 3462 240
3 4329 258 5846
3 275 4330 5846
3 4330 4329 5846
3 258 275 5846
3 4329 4330 240
3 3465 257 5847
3 240 4330 5847
3 257 240 5847
3 4330 3465 5847
3 3465 4330 275
3 4332 272 5848
3 255 4331 5848
3 4331 4332 5848
3 272 255 5848
3 4332 4331 290
3 4333 289 272
3 289 4333 306
3 4334 306 5849
3 272 4332 5849
3 4334 4332 290
3 306 4333 5849
3 4333 272 5849
3 4332 4334 5849
3 4335 272 5850
3 289 3467 5850
3 272 289 5850
3 3467 4335 5850
3 4335 3467 254
3 4335 254 5851
3 237 4336 5851
3 254 237 5851
3 4336 4335 5851
3 4335 4336 272
3 3469 255 5852
3 272 4336 5852
3 4336 3469 5852
3 255 272 5852
3 4336 237 3469
3 4338 222 5853
3 256 4337 5853
3 4338 4337 238
3 222 2653 5853
3 2653 256 5853
3 4337 4338 5853
3 3468 221 238
3 255 3468 238
3 4338 4339 5854
3 205 222 5854
3 4339 205 5854
3 222 4338 5854
3 4339 4338 238
3 2655 4339 5855
3 238 221 5855
3 221 2655 5855
3 4339 238 5855
3 4339 2655 205
3 141 3111 156
3 3111 141 127
3 3471 4340 155
3 3471 127 141
3 4340 3471 141
3 141 156 5856
3 156 3913 5856
3 4341 141 5856
3 3913 4341 5856
3 3913 170 4341
3 155 4340 5857
3 4341 170 5857
3 170 155 5857
3 4340 4341 5857
3 4341 4340 141
3 2660 4342 168
3 169 4342 154
3 4342 2660 154
3 4344 4343 201
3 4343 4344 4342
3 4344 168 4342
3 4343 4342 169
3 4345 4346 169
3 170 4346 155
3 4346 4345 155
3 4347 169 5858
3 169 154 5858
3 2436 4347 5858
3 154 2436 5858
3 4347 2436 140
3 140 155 5859
3 155 4345 5859
3 4347 140 5859
3 4345 4347 5859
3 4345 169 4347
3 183 4348 200
3 4348 183 167
3 4349 3079 168
3 3079 4348 167
3 4348 4349 200
3 3079 4349 4348
3 183 200 5860
3 200 4350 5860
3 3961 183 5860
3 4350 3961 5860
3 4350 216 3961
3 4350 4351 5861
3 233 216 5861
3 216 4350 5861
3 4351 233 5861
3 4351 4350 200
3 4353 268 5862
3 251 4352 5862
3 4352 4353 5862
3 268 251 5862
3 4353 4352 286
3 268 4353 5863
3 4354 4353 286
3 302 3122 5863
3 3122 268 5863
3 4353 4354 5863
3 4354 302 5863
3 303 3120 286
3 3120 4354 286
3 3120 302 4354
3 271 2239 288
3 2239 305 288
3 4355 4356 338
3 303 4356 320
3 4356 4355 320
3 4355 338 5864
3 355 2843 5864
3 338 355 5864
3 2843 4355 5864
3 4355 2843 320
3 3627 355 338
3 4357 3627 338
3 3627 4357 356
3 4358 2690 5865
3 432 449 5865
3 2690 432 5865
3 449 4358 5865
3 2690 4358 465
3 4359 4358 449
3 3504 4358 4359
3 3504 4359 483
3 4358 3504 465
3 466 4359 449
3 4359 466 483
3 3497 4360 415
3 3497 466 449
3 4360 3497 449
3 4360 449 432
3 415 4360 432
3 4362 4361 5866
3 547 530 5866
3 530 4362 5866
3 4361 547 5866
3 4361 4362 565
3 4364 617 634
3 4364 4363 633
3 4363 4364 634
3 617 4364 3521
3 4364 633 616
3 3521 4364 616
3 650 4365 667
3 4365 650 633
3 4365 3535 667
3 3535 4365 4363
3 4363 4365 633
3 3535 4363 634
3 633 3522 616
3 3522 4366 632
3 4366 3522 633
3 650 4367 633
3 4367 2774 666
3 650 2774 4367
3 4367 666 2808
3 4366 4367 2808
3 4366 2808 632
3 4367 4366 633
3 734 2773 718
3 2773 701 718
3 4368 3525 735
3 701 3525 718
3 3525 4368 718
3 801 2168 5867
3 768 4369 5867
3 2168 784 4370
3 4369 801 5867
3 2168 4370 5867
3 4370 768 5867
3 853 4371 836
3 869 4371 853
3 4372 2172 652
3 4372 685 668
3 2172 4372 668
3 668 4373 651
3 4373 668 685
3 4373 3536 651
3 4374 3536 4373
3 4374 4373 685
3 3536 4374 684
3 701 4375 3526
3 702 4375 685
3 4375 702 3526
3 4375 701 684
3 4374 4375 684
3 4375 4374 685
3 4377 479 5868
3 496 4376 5868
3 479 496 5868
3 4376 4377 5868
3 4377 4376 461
3 479 4378 496
3 4378 513 496
3 4379 513 5869
3 479 4380 5869
3 4379 4380 497
3 513 4378 5869
3 4378 479 5869
3 4380 4379 5869
3 513 4381 496
3 4381 4382 496
3 512 4382 4381
3 4384 530 513
3 4383 4384 513
3 4384 4383 514
3 4379 4383 513
3 514 4383 497
3 4383 4379 497
3 512 4385 529
3 512 4381 4385
3 4385 4381 513
3 530 4385 513
3 4385 3635 529
3 530 3635 4385
3 4386 4387 428
3 393 4386 410
3 393 4387 4386
3 3671 4387 393
3 428 3671 411
3 4387 3671 428
3 3747 4388 444
3 3747 4386 4388
3 4386 3747 410
3 4388 4386 428
3 4388 4389 5870
3 461 444 5870
3 444 4388 5870
3 4389 461 5870
3 4389 4388 428
3 4390 3547 1410
3 3547 1411 1423
3 3547 4390 1411
3 4391 1423 1411
3 4391 3308 1423
3 3308 4391 1424
3 4174 4392 1397
3 1411 4392 1398
3 4392 4174 1398
3 1397 4392 1410
3 4392 4390 1410
3 1411 4390 4392
3 3580 4393 1306
3 4393 1337 1321
3 1337 4393 3580
3 4227 4394 1336
3 4394 1305 1321
3 1305 4394 4227
3 4395 2736 1290
3 1305 2736 1321
3 2736 4395 1321
3 4395 4393 1321
3 4393 1290 1306
3 4395 1290 4393
3 3568 4396 1352
3 3568 4394 4396
3 4396 4394 1321
3 4394 3568 1336
3 4396 1337 1352
3 1337 4396 1321
3 4397 3604 928
3 912 3604 895
3 3604 4397 895
3 4398 2749 879
3 4399 2749 4398
3 895 4399 4398
3 2749 4399 862
3 879 3595 4398
3 3595 912 895
3 4398 3595 895
3 4400 4402 979
3 4401 4402 4400
3 4401 4400 1012
3 4402 4401 995
3 995 4404 4402
3 4404 4403 4402
3 4403 4404 962
3 4402 4403 979
3 3598 4403 962
3 4403 3598 4405
3 4405 3598 946
3 4403 4405 979
3 3603 4407 961
3 4407 3603 4406
3 4406 3603 945
3 978 4407 4406
3 4408 3600 962
3 3600 4408 4406
3 4406 4408 978
3 3600 4406 945
3 4409 994 2756
3 4407 4409 2756
3 961 4407 2756
3 4409 4407 978
3 4404 4408 962
3 4404 995 978
3 4408 4404 978
3 4410 995 1011
3 995 4410 978
3 3605 4410 1011
3 4410 3605 4409
3 4410 4409 978
3 3605 994 4409
3 3606 4412 1027
3 4412 3606 4411
3 4411 3606 1011
3 4412 4411 1044
3 4414 4415 4413
3 4414 4413 829
3 4415 4414 862
3 4413 4415 845
3 3608 4413 845
3 829 4413 812
3 4413 3608 812
3 4414 2750 862
3 846 4414 829
3 846 2750 4414
3 4416 3611 796
3 4416 829 812
3 3611 4416 812
3 2953 4417 813
3 4417 846 829
3 2953 846 4417
3 4416 4417 829
3 1960 4417 4416
3 1960 4416 796
3 4417 1960 813
3 4418 3622 732
3 4418 765 748
3 3622 4418 748
3 4419 2765 5871
3 782 765 5871
3 765 4419 5871
3 2765 782 5871
3 2765 4419 749
3 749 4419 5872
3 4418 732 5872
3 732 749 5872
3 4419 4418 5872
3 4418 4419 765
3 4420 3618 5873
3 748 765 5873
3 3618 748 5873
3 765 4420 5873
3 3618 4420 781
3 4421 782 798
3 782 4421 765
3 765 4421 5874
3 4420 2217 781
3 798 2217 5874
3 4421 798 5874
3 2217 4420 5874
3 4420 765 5874
3 4423 563 546
3 4422 4423 546
3 4423 4422 564
3 4425 581 564
3 4424 4425 564
3 4425 4424 565
3 4361 565 4424
3 547 4424 564
3 547 4361 4424
3 4426 4422 5875
3 546 529 5875
3 529 4426 5875
3 4422 546 5875
3 4422 4426 564
3 4426 3634 5876
3 547 564 5876
3 3634 547 5876
3 564 4426 5876
3 3634 4426 529
3 581 4427 564
3 4427 2819 580
3 581 2819 4427
3 563 4427 580
3 563 4423 4427
3 4427 4423 564
3 4428 476 5877
3 493 3646 5877
3 476 493 5877
3 3646 4428 5877
3 4428 3646 458
3 4429 476 5878
3 459 3650 5878
3 3650 4429 5878
3 476 459 5878
3 494 4429 3650
3 3648 442 4430
3 4428 3648 4430
3 4428 4430 476
3 3648 4428 458
3 4430 442 459
3 476 4430 459
3 476 4429 5879
3 3645 4429 494
3 510 4431 5879
3 4431 476 5879
3 4429 3645 5879
3 3645 510 5879
3 4431 493 476
3 493 4431 510
3 4432 358 3656
3 3656 357 340
3 4432 3656 340
3 4432 340 5880
3 323 3654 5880
3 3654 4432 5880
3 340 323 5880
3 4432 3654 358
3 4433 340 5881
3 357 2244 5881
3 340 357 5881
3 2244 4433 5881
3 2244 322 4433
3 323 4434 306
3 323 340 4434
3 4433 4435 340
3 4435 322 305
3 4433 322 4435
3 4434 3658 306
3 4435 3658 4434
3 4435 4434 340
3 3658 4435 305
3 4436 274 5882
3 257 3464 5882
3 3464 4436 5882
3 274 257 5882
3 292 4436 3464
3 3660 308 5883
3 274 4436 5883
3 3660 4436 292
3 308 4437 5883
3 4437 274 5883
3 4436 3660 5883
3 3463 257 5884
3 274 4438 5884
3 4438 3463 5884
3 257 274 5884
3 3463 4438 239
3 4439 256 5885
3 239 4438 5885
3 256 239 5885
3 4438 4439 5885
3 4439 4438 274
3 324 4440 307
3 4440 324 341
3 2831 4441 342
3 4441 324 307
3 2831 324 4441
3 3662 4442 308
3 3662 4441 4442
3 4441 3662 342
3 4442 4441 307
3 4440 4443 307
3 4440 3659 4443
3 3659 4440 341
3 4443 3659 306
3 4334 4443 306
3 4443 290 307
3 4334 290 4443
3 4444 1916 344
3 309 1916 326
3 1916 4444 326
3 343 3677 326
3 3677 309 326
3 4444 344 5886
3 361 4445 5886
3 344 361 5886
3 4445 4444 5886
3 4444 4445 326
3 3674 343 5887
3 326 4445 5887
3 4445 3674 5887
3 343 326 5887
3 3674 4445 361
3 4446 657 674
3 657 4446 640
3 4452 4451 519
3 4451 554 4450
3 554 4453 4450
3 4452 554 4451
3 4447 4455 640
3 4455 4447 4448
3 4449 4454 4448
3 4454 4455 4448
3 4450 4453 4449
3 4453 4454 4449
3 3793 519 4451
3 4447 640 3797
3 640 4446 3798
3 640 3798 3797
3 4446 674 3798
3 4450 3793 4451
3 3794 4450 4449
3 3794 3793 4450
3 4449 4448 3795
3 3794 4449 3795
3 4448 4447 3796
3 4448 3796 3795
3 4447 3797 3796
3 3727 554 537
3 3728 4456 555
3 4456 3727 537
3 3728 3727 4456
3 520 3729 5888
3 4456 537 5888
3 537 520 5888
3 3729 4456 5888
3 4456 3729 555
3 554 4452 5889
3 4457 537 5889
3 537 554 5889
3 4452 4457 5889
3 4457 4452 519
3 3789 520 537
3 3790 4457 519
3 4457 3789 537
3 3790 3789 4457
3 591 4459 574
3 4459 4458 574
3 4458 4460 590
3 4459 4460 4458
3 3734 607 590
3 4460 3734 590
3 3735 4459 591
3 4459 3735 4460
3 3735 3734 4460
3 4463 4462 606
3 607 4464 590
3 4461 4464 607
3 4462 4463 4461
3 4463 4464 4461
3 625 4466 608
3 4465 4468 624
3 625 4467 4466
3 4466 4467 4465
3 4467 4468 4465
3 4465 624 607
3 3733 4465 607
3 4466 3732 608
3 3732 4466 3733
3 4466 4465 3733
3 4467 3698 5890
3 4468 4467 5890
3 4468 4469 624
3 658 4469 5890
3 4469 4468 5890
3 3698 658 5890
3 3698 4467 625
3 456 4470 439
3 4470 456 3763
3 4470 3763 473
3 4471 3950 405
3 422 4471 439
3 422 3950 4471
3 4472 3956 5891
3 422 439 5891
3 3956 422 5891
3 439 4472 5891
3 3956 4472 455
3 473 3767 4470
3 3767 4472 4470
3 4472 3767 455
3 4470 4472 439
3 2790 4471 405
3 4471 2790 4473
3 2790 423 4473
3 439 4471 4473
3 4473 2927 5892
3 456 439 5892
3 439 4473 5892
3 2927 456 5892
3 2927 4473 423
3 4475 4474 861
3 4475 3777 4474
3 3777 4475 877
3 4474 3777 844
3 4476 3779 828
3 3779 4476 4474
3 4474 4476 861
3 3779 4474 844
3 4476 4477 861
3 845 4476 828
3 845 4477 4476
3 4475 1969 877
3 4478 1969 4475
3 4478 4475 861
3 1969 4478 894
3 4480 471 5893
3 4479 3814 5893
3 3814 4480 5893
3 471 4479 5893
3 4480 3814 437
3 3814 4479 453
3 4480 437 454
3 4481 4480 454
3 4480 4481 471
3 488 3810 5894
3 4479 471 5894
3 3810 4479 5894
3 471 488 5894
3 4479 3810 453
3 3811 489 4482
3 454 3811 5895
3 4482 4481 5895
3 3811 4482 5895
3 4481 454 5895
3 471 4481 4482
3 4483 488 471
3 488 4483 505
3 3803 4482 489
3 471 4482 5896
3 4483 471 5896
3 4482 3803 5896
3 3803 505 5896
3 505 4483 5896
3 4485 4484 402
3 4485 3817 4484
3 3817 4485 385
3 4484 3817 420
3 4486 4487 402
3 2984 4487 4486
3 2984 4486 419
3 4487 2984 384
3 4488 402 5897
3 4487 2345 5897
3 2345 4488 5897
3 402 4487 5897
3 4488 2345 368
3 4487 384 2345
3 4488 368 385
3 4485 4488 385
3 4488 4485 402
3 3824 4489 417
3 3824 450 433
3 4489 3824 433
3 3822 4489 5898
3 4490 399 5898
3 4489 4490 5898
3 399 3822 5898
3 4490 4489 433
3 4489 3822 417
3 4490 2992 399
3 416 4490 433
3 416 2992 4490
3 433 2054 416
3 2054 4491 467
3 4491 2054 433
3 450 4491 433
3 2047 4491 450
3 4491 2047 467
3 4492 279 296
3 3153 4493 295
3 3153 279 4492
3 4493 3153 4492
3 4494 4492 296
3 3849 295 4493
3 4494 330 5899
3 330 3849 5899
3 4493 4492 5899
3 4492 4494 5899
3 3849 4493 5899
3 313 4494 296
3 4494 3847 330
3 313 3847 4494
3 4495 279 262
3 279 4495 296
3 4496 3870 280
3 262 3870 5900
3 4495 262 5900
3 3870 4496 5900
3 4496 296 5900
3 296 4495 5900
3 4497 313 296
3 4497 3019 313
3 4497 331 3019
3 3053 4499 297
3 4498 4497 296
3 3053 331 5901
3 331 4497 5901
3 4498 4499 5901
3 4499 3053 5901
3 4497 4498 5901
3 4499 280 297
3 4496 4498 296
3 4496 280 4499
3 4498 4496 4499
3 4500 4501 5902
3 2985 401 5902
3 4501 2985 5902
3 401 4500 5902
3 4501 367 2985
3 4501 4500 383
3 3859 383 366
3 4501 3858 367
3 3859 4501 383
3 3858 4501 3859
3 2987 4500 401
3 2987 4502 4500
3 4502 2987 418
3 4500 4502 383
3 4503 2989 400
3 2989 4503 4502
3 4502 4503 383
3 418 2989 4502
3 383 3862 366
3 4503 3862 383
3 3862 4503 400
3 365 348 4505
3 348 3027 4505
3 4504 3026 349
3 3027 4504 4505
3 3027 3026 4504
3 4504 349 366
3 4505 4507 365
3 4504 366 4506
3 4507 4505 4506
3 4505 4504 4506
3 4507 382 365
3 3863 4506 366
3 3863 382 4507
3 4506 3863 4507
3 382 4508 365
3 4508 382 3823
3 4508 3823 399
3 2991 4509 5903
3 4508 399 5903
3 4509 4508 5903
3 399 2991 5903
3 4508 4509 365
3 4509 2991 381
3 4510 381 364
3 4509 4511 365
3 4509 381 4510
3 4511 4509 4510
3 365 3014 348
3 3015 4510 364
3 4511 3014 365
3 4510 3015 4511
3 3015 3014 4511
3 3865 4512 229
3 3865 4513 5904
3 264 4512 5904
3 4513 264 5904
3 4512 3865 5904
3 247 4513 3865
3 4514 3039 282
3 4514 4513 5905
3 247 3039 5905
3 4513 247 5905
3 3039 4514 5905
3 4513 4514 264
3 4515 281 264
3 281 4515 298
3 3857 4514 282
3 264 4514 5906
3 4515 264 5906
3 4514 3857 5906
3 298 4515 5906
3 3857 298 5906
3 4516 4517 212
3 196 4517 179
3 4517 4516 179
3 4517 3866 5907
3 229 212 5907
3 212 4517 5907
3 3866 229 5907
3 3866 4517 196
3 4516 3040 179
3 195 4516 212
3 195 3040 4516
3 4518 3879 5908
3 195 212 5908
3 3879 195 5908
3 212 4518 5908
3 3879 4518 228
3 198 4519 181
3 4519 3868 181
3 214 3868 4519
3 3124 4520 5909
3 198 215 5909
3 4520 198 5909
3 215 3124 5909
3 4520 3124 231
3 4519 4520 5910
3 231 214 5910
3 214 4519 5910
3 4520 231 5910
3 4520 4519 198
3 3129 4521 182
3 3129 215 198
3 4521 3129 198
3 182 4522 166
3 4522 4521 198
3 182 4521 4522
3 4522 3083 166
3 165 3083 4523
3 4522 198 4523
3 3083 4522 4523
3 165 4523 181
3 181 4523 198
3 4524 2 5911
3 1 3065 5911
3 3065 4524 5911
3 2 1 5911
3 4524 3065 5
3 3885 4524 5
3 7 4525 5912
3 4525 2 5912
3 4524 3885 5912
3 2 4524 5912
3 3885 7 5912
3 4525 4 2
3 4 4525 7
3 4526 0 1
3 2 4526 1
3 2029 4526 5913
3 2 4527 5913
3 4527 2029 5913
3 4526 2 5913
3 4526 2029 0
3 2030 4528 3
3 4528 2030 4527
3 2030 2029 4527
3 4 4527 2
3 4528 3056 3
3 3056 4527 4
3 4528 4527 3056
3 142 3110 128
3 3110 4529 156
3 4529 3110 142
3 156 4529 5914
3 4530 171 5914
3 171 156 5914
3 4529 4530 5914
3 4530 4529 142
3 188 4531 172
3 4531 2150 204
3 188 2150 4531
3 3914 4531 204
3 4531 3914 4532
3 4532 3914 171
3 4531 4532 172
3 143 158 5915
3 158 4534 5915
3 4533 143 5915
3 4534 4533 5915
3 4533 4534 172
3 188 4535 205
3 4535 188 172
3 173 4536 158
3 4536 4534 158
3 172 4534 4536
3 2657 205 4535
3 4536 2657 4535
3 4536 4535 172
3 2657 4536 173
3 4538 128 115
3 4537 4538 115
3 4538 4537 129
3 3915 4537 5916
3 115 103 5916
3 103 3915 5916
3 4537 115 5916
3 4537 3915 129
3 4539 91 103
3 115 4539 103
3 4541 4540 50
3 4541 3919 4540
3 3919 4541 68
3 3919 58 4540
3 4540 4542 50
3 49 4542 58
3 4542 4540 58
3 4543 3118 5917
3 113 101 5917
3 101 4543 5917
3 3118 113 5917
3 3118 4543 127
3 3116 89 101
3 113 3116 101
3 4544 3945 90
3 89 3945 101
3 3945 4544 101
3 4545 100 88
3 4545 89 3115
3 4545 3115 100
3 89 4546 78
3 4546 4545 88
3 89 4545 4546
3 78 4546 3112
3 4546 88 77
3 3112 4546 77
3 3948 4547 5918
3 112 125 5918
3 4547 112 5918
3 125 3948 5918
3 4547 3948 99
3 2438 125 112
3 4548 2438 112
3 2438 4548 126
3 3117 4548 5919
3 112 100 5919
3 100 3117 5919
3 4548 112 5919
3 4548 3117 126
3 4549 100 112
3 100 4549 88
3 112 4547 5920
3 4547 99 4550
3 88 4549 5920
3 4549 112 5920
3 4547 4550 5920
3 4550 88 5920
3 3957 4551 404
3 3957 438 421
3 4551 3957 421
3 3816 4552 437
3 3816 403 5921
3 4553 4552 5921
3 4552 3816 5921
3 403 4553 5921
3 4552 4553 421
3 4552 4554 5922
3 454 437 5922
3 437 4552 5922
3 4554 454 5922
3 4554 4552 421
3 3959 4554 5923
3 421 438 5923
3 4554 421 5923
3 438 3959 5923
3 454 4554 3959
3 4557 368 351
3 352 4556 4555
3 4555 4557 351
3 4556 4557 4555
3 369 4556 352
3 368 4557 3973
3 3973 4556 369
3 4557 4556 3973
3 4558 352 4555
3 334 4555 351
3 334 4558 4555
3 317 4559 5924
3 4558 3981 5924
3 4559 4558 5924
3 3981 317 5924
3 3981 4558 334
3 4558 4559 352
3 3952 404 4560
3 387 4560 370
3 387 3952 4560
3 4563 354 371
3 370 4562 4561
3 4561 4563 371
3 4562 4563 4561
3 4561 387 370
3 371 3954 4561
3 4561 3954 387
3 4564 227 244
3 227 4564 210
3 226 4565 3996
3 244 3996 5925
3 4564 244 5925
3 3996 4565 5925
3 4565 210 5925
3 210 4564 5925
3 4567 4566 210
3 4566 177 194
3 4567 177 4566
3 4566 3882 5926
3 227 210 5926
3 210 4566 5926
3 3882 227 5926
3 3882 4566 194
3 3995 243 226
3 3995 4568 243
3 4568 3995 261
3 4568 4569 243
3 278 4569 261
3 261 4569 4568
3 4569 278 3985
3 3985 4570 5927
3 243 4569 5927
3 4570 243 5927
3 4569 3985 5927
3 4570 3985 260
3 4571 4572 1441
3 1453 4572 1442
3 4572 4571 1442
3 4573 4571 1441
3 1442 4571 1430
3 4571 4573 1430
3 4574 1406 1392
3 1378 4574 1392
3 4576 4575 1391
3 4575 1376 1361
3 4576 1376 4575
3 4002 1405 1391
3 1377 4002 1391
3 1391 4577 1377
3 4577 1362 1377
3 4577 4005 1362
3 4005 4577 4575
3 4575 4577 1391
3 4005 4575 1361
3 4578 3162 1404
3 1405 3162 1391
3 3162 4578 1391
3 4576 4009 1376
3 4578 4009 4576
3 4578 4576 1391
3 4009 4578 1404
3 4579 4580 5928
3 1182 1198 5928
3 4580 1182 5928
3 1198 4579 5928
3 4580 4579 1165
3 4579 4219 5929
3 1181 1165 5929
3 1165 4579 5929
3 4219 1181 5929
3 4579 1198 4219
3 4581 4580 1165
3 1182 4581 1166
3 1182 4580 4581
3 1149 4015 1165
3 4015 4581 1165
3 4581 4015 1166
3 4582 4583 1164
3 1181 4582 1165
3 1181 4583 4582
3 4584 4216 5930
3 1180 1164 5930
3 1164 4584 5930
3 4216 1180 5930
3 4216 4584 1197
3 4584 4583 5931
3 1181 1197 5931
3 4583 1181 5931
3 1197 4584 5931
3 4583 4584 1164
3 4585 1163 1147
3 1163 4585 4586
3 4586 4585 1164
3 4586 3356 1163
3 1180 4586 1164
3 3356 4586 1180
3 4587 4017 1166
3 1183 4587 1167
3 1183 4017 4587
3 2481 4588 1150
3 4588 1151 1167
3 2481 1151 4588
3 1150 4588 1166
3 4588 4587 1166
3 4587 4588 1167
3 1151 4068 1167
3 4068 4589 1167
3 4589 4068 1168
3 4589 4590 1167
3 4589 1168 1184
3 4590 4589 1184
3 4591 983 967
3 4591 1000 983
3 950 4593 4592
3 983 4593 967
3 4592 4593 983
3 934 4594 5932
3 950 934 5932
3 4593 950 5932
3 4594 4593 5932
3 4593 4594 967
3 4021 951 5933
3 967 4594 5933
3 4594 4021 5933
3 951 967 5933
3 4021 4594 934
3 4595 4596 1099
3 1116 4595 1100
3 1116 4596 4595
3 1083 4032 1099
3 4032 4595 1099
3 4595 4032 1100
3 4596 1116 5934
3 1132 4597 5934
3 4597 4596 5934
3 1116 1132 5934
3 4596 4597 1099
3 1099 4597 5935
3 4598 1115 5935
3 1115 1099 5935
3 4597 4598 5935
3 1132 4598 4597
3 4599 4243 1098
3 1115 4599 1099
3 1115 4243 4599
3 4601 4600 1082
3 1099 4600 1083
3 4600 4601 1083
3 1082 4600 1098
3 4600 4599 1098
3 4599 4600 1099
3 4602 985 969
3 985 4602 1002
3 4603 1020 5936
3 1036 4604 5936
3 4604 4603 5936
3 1020 1036 5936
3 4603 4604 1003
3 1018 4605 1002
3 1002 4605 985
3 4607 4606 1051
3 4607 1034 1018
3 4606 4607 1018
3 4609 1018 5937
3 1002 4608 5937
3 1018 1002 5937
3 4608 4609 5937
3 4609 4608 1035
3 4609 4606 1018
3 4609 1035 1051
3 4606 4609 1051
3 4611 4610 1066
3 4611 1049 1033
3 4610 4611 1033
3 4612 4610 1033
3 1066 4612 1050
3 1066 4610 4612
3 4612 4245 1050
3 1017 4612 1033
3 1017 4245 4612
3 4613 4022 1016
3 1049 4613 1033
3 4613 1049 4022
3 1000 4614 5938
3 1016 1000 5938
3 4613 1016 5938
3 4614 4613 5938
3 4613 4614 1033
3 4615 1017 5939
3 1033 4614 5939
3 4614 4615 5939
3 1017 1033 5939
3 4615 4614 1000
3 4617 4616 841
3 4617 4035 4616
3 4035 4617 808
3 4616 4035 825
3 4618 4616 825
3 4616 858 841
3 4618 858 4616
3 808 4617 824
3 4617 841 824
3 4619 858 874
3 858 4619 841
3 4619 4621 841
3 4620 4621 4619
3 4620 4619 874
3 4621 4620 857
3 4621 857 4622
3 841 4621 824
3 4621 4622 824
3 3185 4623 859
3 4623 3185 876
3 3186 4624 809
3 4624 3186 859
3 3186 3185 859
3 4620 4625 857
3 890 4620 874
3 4625 4620 890
3 4626 906 890
3 906 4626 923
3 4627 4089 907
3 4627 890 874
3 4089 4627 874
3 4627 4626 890
3 4055 923 4626
3 4627 4055 4626
3 4055 4627 907
3 4037 4628 905
3 4628 938 921
3 4037 938 4628
3 937 4630 4629
3 4629 904 921
3 4630 904 4629
3 1085 1069 4631
3 4631 1069 1053
3 4632 4631 1053
3 4633 4631 4632
3 4633 4632 1070
3 4631 4633 1085
3 4632 4061 1070
3 1037 4632 1053
3 1037 4061 4632
3 4044 4634 1020
3 4044 1037 1053
3 4044 1053 4634
3 4635 4043 1036
3 1069 4635 1053
3 4635 1069 4043
3 4635 4634 1053
3 4635 1036 1020
3 4634 4635 1020
3 1035 4637 4636
3 1068 4637 1052
3 4637 1068 4636
3 4041 1084 1068
3 4041 1068 1052
3 4638 4636 1068
3 1035 4638 1051
3 1035 4636 4638
3 4639 4033 1083
3 1084 4033 1068
3 4033 4639 1068
3 4639 4638 1068
3 4639 4640 4638
3 4638 4640 1051
3 4640 4639 1083
3 973 4641 989
3 4641 1006 989
3 1022 4642 1006
3 1006 4642 989
3 4643 4641 973
3 4643 4644 4641
3 4644 1006 4641
3 4644 4643 990
3 4646 4644 990
3 4644 4646 4645
3 4645 4646 1023
3 4644 4645 1006
3 972 4647 988
3 4647 1005 988
3 4647 4648 1005
3 4647 4060 4648
3 4060 4647 972
3 4648 4060 989
3 4642 4648 989
3 4642 4649 4648
3 4649 4642 1022
3 4648 4649 1005
3 1070 4650 1086
3 4650 1070 1054
3 4651 3174 1085
3 1102 3174 1086
3 3174 4651 1086
3 4633 4651 1085
3 1086 4651 1070
3 4651 4633 1070
3 4652 4650 1054
3 4652 4653 4650
3 4653 4652 1071
3 4650 4653 1086
3 4654 1102 1086
3 1102 4654 4655
3 4654 1103 4655
3 4064 1056 4656
3 4656 1039 1023
3 4064 4656 1023
3 4658 4657 1022
3 1055 4658 1039
3 4657 4658 1055
3 4658 1022 5940
3 1006 4659 5940
3 1022 1006 5940
3 4659 4658 5940
3 4658 4659 1039
3 4645 1023 5941
3 1039 4659 5941
3 4659 4645 5941
3 1023 1039 5941
3 4645 4659 1006
3 4660 4661 758
3 4661 4660 4312
3 4312 4660 725
3 742 4661 4312
3 4660 741 725
3 741 4660 758
3 741 4663 4662
3 4663 774 757
3 4662 4663 757
3 758 4664 5942
3 4663 741 5942
3 4664 4663 5942
3 741 758 5942
3 4663 4664 774
3 4664 4665 5943
3 791 774 5943
3 774 4664 5943
3 4665 791 5943
3 4665 4664 758
3 791 4666 774
3 807 4666 791
3 4668 4667 872
3 4668 889 905
3 4668 905 4667
3 3453 4669 5944
3 789 772 5944
3 772 3453 5944
3 4669 789 5944
3 4669 3453 756
3 789 4670 772
3 789 805 4670
3 4671 4672 5945
3 757 774 5945
3 4672 757 5945
3 774 4671 5945
3 4671 790 4672
3 4671 774 5946
3 807 4673 5946
3 4671 4673 790
3 774 4666 5946
3 4666 807 5946
3 4673 4671 5946
3 4673 807 5947
3 823 4674 5947
3 4674 4673 5947
3 807 823 5947
3 4673 4674 790
3 4675 806 5948
3 790 4674 5948
3 806 790 5948
3 4674 4675 5948
3 4675 4674 823
3 906 3201 4676
3 3201 889 873
3 4676 3201 873
3 4677 4625 890
3 857 4677 873
3 857 4625 4677
3 4677 4676 873
3 906 4677 890
3 906 4676 4677
3 807 4678 823
3 4678 840 823
3 4622 4679 824
3 4679 857 840
3 4622 857 4679
3 4678 4679 840
3 4678 4067 4679
3 4067 4678 807
3 4679 4067 824
3 4680 857 873
3 857 4680 840
3 4682 1136 5949
3 1152 4681 5949
3 1136 1152 5949
3 4681 4682 5949
3 4682 4681 1119
3 4682 1119 5950
3 1103 4071 5950
3 1119 1103 5950
3 4071 4682 5950
3 4682 4071 1136
3 4655 4683 1102
3 1119 4655 1103
3 4683 4655 1119
3 4685 4684 1087
3 1088 1104 4684
3 4685 1088 4684
3 4684 1103 1087
3 4074 1103 4684
3 4074 4684 1104
3 1071 4686 1087
3 4686 1071 1055
3 4653 4687 1086
3 4687 1071 1087
3 4653 1071 4687
3 4687 4654 1086
3 1103 4654 1087
3 4654 4687 1087
3 4075 4688 1088
3 1089 4688 1073
3 4688 4075 1073
3 4690 4689 1089
3 4689 4690 3231
3 4690 1057 3231
3 4689 3231 1074
3 4690 1089 1073
3 1057 4690 1073
3 3234 959 5951
3 975 4691 5951
3 4691 3234 5951
3 959 975 5951
3 3234 4691 942
3 4691 958 942
3 958 4691 4692
3 4692 4691 975
3 4693 990 974
3 990 4693 1007
3 1023 4646 1007
3 1007 4646 990
3 4694 1023 1007
3 4694 4063 1023
3 4063 4694 1040
3 909 4695 3237
3 4695 892 876
3 3237 4695 876
3 4696 4083 925
3 4083 4696 4695
3 4695 4696 892
3 909 4083 4695
3 4696 908 892
3 908 4696 925
3 4623 4697 859
3 4623 876 892
3 4697 4623 892
3 4643 4698 990
3 4643 973 957
3 4698 4643 957
3 4699 4698 957
3 990 4699 974
3 990 4698 4699
3 4086 957 941
3 957 4086 4699
3 4086 974 4699
3 4700 957 5952
3 973 4053 5952
3 4053 4700 5952
3 957 973 5952
3 4700 4053 940
3 4099 4702 1520
3 4099 1520 5953
3 4701 4100 5953
3 1520 4701 5953
3 4702 4099 1526
3 4100 4099 5953
3 4100 4701 1517
3 4704 4703 1493
3 4704 4705 4703
3 4705 4704 1477
3 4703 4705 1486
3 4706 4707 1486
3 4706 3238 5954
3 1469 4707 5954
3 3238 1469 5954
3 4707 4706 5954
3 3238 4706 1459
3 4706 3239 1459
3 4706 4705 5955
3 1477 3239 5955
3 4705 1477 5955
3 3239 4706 5955
3 4705 4706 1486
3 1477 4704 1485
3 4704 1493 1485
3 4709 3247 1458
3 4709 4708 5956
3 1476 3247 5956
3 4708 1476 5956
3 3247 4709 5956
3 4708 4709 1485
3 4709 4710 1485
3 4709 4095 5957
3 1468 4710 5957
3 4095 1468 5957
3 4710 4709 5957
3 4095 4709 1458
3 1485 4710 1477
3 4710 1468 1477
3 4711 4712 1525
3 4711 1528 5958
3 1529 4712 5958
3 4712 4711 5958
3 1528 1529 5958
3 1527 1525 5959
3 1525 4712 5959
3 3298 1527 5959
3 4712 3298 5959
3 4712 1529 3298
3 4713 4714 1484
3 1491 4714 1498
3 4714 4713 1498
3 2580 4714 1491
3 4714 2580 4715
3 4715 2580 1475
3 4714 4715 1484
3 4716 4178 1457
3 4716 4715 5960
3 1475 4178 5960
3 4715 1475 5960
3 4178 4716 5960
3 4715 4716 1484
3 1484 4717 1476
3 4717 1467 1476
3 4716 4717 1484
3 1467 4717 5961
3 4716 4186 5961
3 4717 4716 5961
3 4186 1467 5961
3 4186 4716 1457
3 4116 1412 1399
3 4116 4718 1412
3 4718 4116 1413
3 4719 1424 1412
3 3255 1424 4719
3 3255 4719 1425
3 4718 4719 1412
3 4719 1413 1425
3 4718 1413 4719
3 4720 4391 1411
3 4391 1412 1424
3 4391 4720 1412
3 4117 4721 1398
3 1412 4721 1399
3 4721 4117 1399
3 1398 4721 1411
3 4721 4720 1411
3 4720 4721 1412
3 1341 4722 1356
3 1341 4143 4722
3 4722 4143 1357
3 2502 4722 1357
3 2502 4723 4722
3 4723 2502 1386
3 4722 4723 1356
3 4119 4723 1386
3 4723 1371 1356
3 4723 4119 1371
3 1341 1356 4724
3 1341 4724 1325
3 1325 4724 2514
3 4724 4725 2514
3 4725 4724 1356
3 2514 4725 1340
3 4725 1356 4726
3 1340 4726 1355
3 1340 4725 4726
3 4727 4726 1356
3 4727 3322 4726
3 3322 4727 1385
3 4726 3322 1355
3 1371 4727 1356
3 1385 4727 1371
3 1251 4729 1267
3 4729 4728 1267
3 4728 4729 1268
3 4136 4729 1251
3 1268 4729 1252
3 4729 4136 1252
3 4730 4728 1268
3 4728 1283 1267
3 4730 1283 4728
3 3432 4731 1299
3 3432 4730 4731
3 4730 3432 1283
3 4731 4730 1268
3 1284 4731 1268
3 1299 4731 1284
3 4732 1284 1268
3 4732 1269 4733
3 1284 4732 4733
3 4273 1268 1252
3 4273 4732 1268
3 4732 4273 1269
3 1074 4734 1090
3 1058 4734 1074
3 4734 4735 1090
3 4734 4138 4735
3 4138 4734 1058
3 4735 4138 1075
3 4689 4736 1089
3 4736 1074 1090
3 4689 1074 4736
3 4738 4737 1091
3 4738 3204 4737
3 3204 4738 1059
3 4737 3204 1076
3 4738 1091 1075
3 1059 4738 1075
3 4737 4739 1091
3 1092 4739 1076
3 4739 4737 1076
3 4735 4740 1090
3 4740 1075 1091
3 4735 1075 4740
3 4741 4139 1156
3 1157 1173 4139
3 4741 1157 4139
3 1140 4741 1156
3 1140 4742 4741
3 4741 4742 1157
3 4743 1173 1157
3 4743 2636 1173
3 4743 1174 2636
3 4141 4743 5962
3 1157 1141 5962
3 1141 4141 5962
3 4743 1157 5962
3 4743 4141 1174
3 4742 1140 5963
3 1124 4744 5963
3 4744 4742 5963
3 1140 1124 5963
3 1157 4742 4744
3 4745 4744 1124
3 4744 1141 1157
3 4745 1141 4744
3 4167 4747 4746
3 4746 4747 1478
3 4747 4167 1494
3 4167 4746 1487
3 1486 4707 1478
3 4707 1469 1478
3 4747 1486 1478
3 4747 1494 1486
3 4748 1469 1460
3 1469 4748 1478
3 4748 1460 4165
3 1478 4748 5964
3 4165 4746 5964
3 4748 4165 5964
3 4746 1478 5964
3 4746 4165 1487
3 4201 1263 1279
3 1294 4201 1279
3 4750 4121 1295
3 4121 4750 4749
3 4749 4750 1279
3 4121 4749 1264
3 4749 4123 1264
3 1263 4123 1279
3 4123 4749 1279
3 4751 1295 4146
3 4751 1326 1310
3 4751 4146 1326
3 4752 4751 1310
3 4750 4751 4752
3 4750 4752 1279
3 4751 4750 1295
3 4752 1294 1279
3 1294 4752 1310
3 4198 4753 1325
3 1310 4753 1294
3 4753 4198 1294
3 4754 4753 1310
3 4753 1341 1325
3 4754 1341 4753
3 4144 1341 4754
3 1326 4144 1310
3 4144 4754 1310
3 4756 1199 1183
3 4755 4756 1183
3 4756 4755 1200
3 4210 4757 1231
3 4210 4756 4757
3 4756 4210 1199
3 4757 4756 1200
3 4758 4755 5965
3 1183 1167 5965
3 1167 4758 5965
3 4755 1183 5965
3 4755 4758 1200
3 4758 4590 5966
3 1184 1200 5966
3 4590 1184 5966
3 1200 4758 5966
3 4590 4758 1167
3 4760 4161 1232
3 4161 4760 4759
3 4759 4760 1200
3 4161 4759 1201
3 4759 1200 1184
3 4202 4759 1184
3 4759 4202 1201
3 1147 4762 4761
3 4762 1146 1130
3 4761 4762 1130
3 4761 1130 5967
3 1114 4205 5967
3 4205 4761 5967
3 1130 1114 5967
3 4761 4205 1147
3 1146 4028 5968
3 1130 1146 5968
3 4763 1130 5968
3 4028 4763 5968
3 4763 4028 1113
3 4225 4764 1320
3 4764 4225 4765
3 4225 1351 4765
3 1335 4764 4765
3 2722 1319 1335
3 4766 2722 1335
3 4766 1380 2723
3 2722 4766 2723
3 3560 4765 1351
3 4765 3560 4766
3 4766 3560 1380
3 4765 4766 1335
3 4767 3358 1304
3 1319 3358 1335
3 3358 4767 1335
3 4767 4764 1335
3 4764 1304 1320
3 4767 1304 4764
3 4232 4768 1077
3 1078 4768 1062
3 4768 4232 1062
3 1094 4770 1078
3 1093 4769 4236
3 1094 4236 4770
3 4770 4236 4769
3 1077 4769 1093
3 4769 1077 4768
3 1078 4770 4768
3 4770 4769 4768
3 4771 1078 1062
3 1046 4771 1062
3 3371 4771 1046
3 3371 4772 4771
3 4772 3371 1063
3 4771 4772 1078
3 3383 1094 1078
3 1079 3384 4773
3 4773 3383 1078
3 3384 3383 4773
3 4772 4773 1078
3 1079 4773 1063
3 4773 4772 1063
3 4774 3373 1046
3 1013 4774 1029
3 1013 3373 4774
3 4774 4775 1029
3 4774 1046 1062
3 4775 4774 1062
3 4775 4234 4776
3 4775 4776 1029
3 4234 1045 4776
3 4234 4775 1062
3 4778 4776 1045
3 4776 4778 4777
3 4776 4777 1029
3 4777 4778 1012
3 4779 4247 1065
3 1032 4779 1048
3 1032 4247 4779
3 3177 4780 1015
3 3177 1032 1048
3 4780 3177 1048
3 1064 4781 1080
3 4781 1064 1048
3 4779 4781 1048
3 4781 4779 4782
3 4782 4779 1065
3 1080 4781 4782
3 4783 3375 1031
3 1064 4783 1048
3 1064 3375 4783
3 1048 4783 4780
3 1015 4783 1031
3 4783 1015 4780
3 4785 4611 1066
3 4611 4784 1049
3 4611 4785 4784
3 4784 4785 1081
3 4784 1081 1065
3 1049 4784 1065
3 4782 4786 1080
3 1081 4786 1065
3 4786 4782 1065
3 4785 4787 1081
3 4787 1066 1082
3 4785 1066 4787
3 1362 3428 1347
3 1347 3428 1331
3 4788 4789 1316
3 1331 4788 1347
3 1331 4789 4788
3 4790 1347 4788
3 1332 4788 1316
3 1332 4790 4788
3 4266 4791 1315
3 4266 4792 4791
3 4792 4266 1284
3 4791 4792 1300
3 4280 1300 1285
3 4280 1316 1300
3 4793 4789 1331
3 1316 4793 1300
3 4789 4793 1316
3 4793 4791 1300
3 4793 1331 1315
3 4791 4793 1315
3 4792 4794 1300
3 4733 4794 4792
3 4733 4792 1284
3 4794 4733 1269
3 4794 1269 1285
3 1300 4794 1285
3 4275 4795 1253
3 4795 1238 1254
3 1238 4795 4275
3 4795 4276 1253
3 1270 4276 1254
3 4276 4795 1254
3 4796 3445 1223
3 4796 1254 1238
3 3445 4796 1238
3 4798 4797 1271
3 4798 1254 5969
3 1254 4796 5969
3 4797 4798 5969
3 4796 1223 5969
3 1223 4797 5969
3 4798 1270 1254
3 4798 3447 1270
3 3447 4798 1271
3 4800 4799 818
3 4799 851 834
3 4800 851 4799
3 4800 4283 851
3 835 4283 818
3 4283 4800 818
3 802 4801 818
3 4801 835 818
3 2662 4799 834
3 2662 4802 4799
3 4802 2662 801
3 4799 4802 818
3 4289 4803 947
3 980 4289 964
3 4803 4289 980
3 4804 4805 981
3 948 4804 964
3 948 4805 4804
3 4292 4805 948
3 981 4292 965
3 4805 4292 981
3 4807 4806 915
3 4806 4807 4290
3 4807 948 4290
3 931 4806 4290
3 948 4807 932
3 932 4807 915
3 4287 4806 931
3 4806 898 915
3 898 4806 4287
3 898 4808 915
3 4808 898 882
3 1015 4809 999
3 999 4809 982
3 4811 4810 883
3 4811 866 850
3 4810 4811 850
3 850 4302 833
3 866 4302 850
3 4812 850 4813
3 4812 817 834
3 817 4812 4813
3 4813 4300 817
3 4300 850 833
3 4300 4813 850
3 4296 4814 900
3 4296 883 867
3 4814 4296 867
3 4815 4305 884
3 851 4815 867
3 851 4305 4815
3 4815 4814 867
3 884 900 4815
3 900 4814 4815
3 4816 851 867
3 851 4816 834
3 4816 4812 834
3 4812 4816 4817
3 4817 4816 867
3 4812 4817 850
3 4817 4810 850
3 883 4817 867
3 883 4810 4817
3 4819 4818 886
3 4819 869 853
3 4818 4819 853
3 4286 4818 853
3 4286 870 886
3 4818 4286 886
3 3450 4821 918
3 4821 3450 4820
3 4820 3450 885
3 4821 4820 902
3 4822 902 886
3 4822 919 902
3 4820 4823 902
3 869 4820 885
3 869 4823 4820
3 4823 869 4819
3 902 4819 886
3 902 4823 4819
3 4825 4824 920
3 4825 4826 4824
3 4826 4825 887
3 4824 4826 904
3 4630 4824 904
3 4824 937 920
3 4824 4630 937
3 953 4827 937
3 937 4827 920
3 689 4324 706
3 4324 4828 706
3 4828 4324 707
3 4318 4829 740
3 4829 723 706
3 4829 4318 723
3 4830 4828 707
3 4830 4829 4828
3 4829 4830 740
3 4828 4829 706
3 4831 705 688
3 705 4831 4832
3 4832 4831 706
3 3480 4831 688
3 4831 689 706
3 3480 689 4831
3 4833 4832 706
3 4834 4832 4833
3 4834 4833 739
3 4832 4834 705
3 723 4833 706
3 739 4833 723
3 4835 4662 757
3 4836 4662 4835
3 4836 4835 724
3 4662 4836 741
3 4836 4321 741
3 4321 724 707
3 4321 4836 724
3 4835 740 724
3 740 4835 757
3 724 4830 707
3 740 4830 724
3 186 3912 203
3 3912 186 170
3 184 4344 201
3 168 4344 184
3 4349 4837 200
3 4349 168 184
3 4837 4349 184
3 4838 4839 5970
3 201 218 5970
3 4839 201 5970
3 218 4838 5970
3 4838 234 4839
3 4840 252 5971
3 235 4841 5971
3 252 235 5971
3 4841 4840 5971
3 4840 4841 270
3 4840 270 5972
3 287 4842 5972
3 270 287 5972
3 4842 4840 5972
3 4840 4842 252
3 4843 235 252
3 235 4843 218
3 252 4844 5973
3 4838 4844 234
3 218 4843 5973
3 4843 252 5973
3 4844 4838 5973
3 4838 218 5973
3 185 4343 169
3 4343 4845 201
3 4845 4343 185
3 4846 218 5974
3 218 201 5974
3 4845 4846 5974
3 201 4845 5974
3 4846 4845 185
3 4848 4847 303
3 304 4847 287
3 4847 4848 287
3 4847 4849 4356
3 4356 4849 338
3 4849 4847 304
3 303 4847 4356
3 2245 4851 305
3 4851 2245 4850
3 4850 2245 339
3 4851 4850 304
3 4852 4851 304
3 305 4851 288
3 4851 4852 288
3 4853 287 270
3 287 4853 304
3 4852 304 5975
3 270 4854 5975
3 4854 288 4852
3 304 4853 5975
3 4853 270 5975
3 4854 4852 5975
3 4855 253 5976
3 270 4841 5976
3 4841 4855 5976
3 253 270 5976
3 4855 4841 235
3 4856 253 5977
3 236 3476 5977
3 253 236 5977
3 3476 4856 5977
3 4856 3476 271
3 4856 271 5978
3 288 4857 5978
3 271 288 5978
3 4857 4856 5978
3 4856 4857 253
3 4854 270 5979
3 253 4857 5979
3 4857 4854 5979
3 270 253 5979
3 4854 4857 288
3 4858 4859 5980
3 549 566 5980
3 4859 549 5980
3 566 4858 5980
3 4859 4858 531
3 531 4384 514
3 4384 4860 530
3 4860 4384 531
3 4861 4859 531
3 549 4861 532
3 4861 549 4859
3 4862 515 532
3 4862 4861 531
3 4861 4862 532
3 4862 531 514
3 2699 4862 514
3 4862 2699 515
3 583 4863 566
3 4863 4864 582
3 583 4864 4863
3 4865 566 4863
3 4863 582 565
3 4865 4863 565
3 4866 4867 582
3 581 4867 598
3 4867 4866 598
3 4867 581 4425
3 582 4425 565
3 4867 4425 582
3 785 4369 768
3 801 4369 785
3 4802 801 5981
3 785 4868 5981
3 801 785 5981
3 4868 4802 5981
3 4802 4868 818
3 4869 802 5982
3 818 4868 5982
3 4868 4869 5982
3 802 818 5982
3 4869 4868 785
3 4368 4871 4870
3 4368 4870 718
3 4871 751 4870
3 4871 4368 735
3 4872 4871 735
3 4872 768 751
3 4871 4872 751
3 4870 734 718
3 734 4870 751
3 751 4873 5983
3 734 751 5983
3 2214 734 5983
3 4873 2214 5983
3 4873 767 2214
3 4873 4874 5984
3 784 767 5984
3 767 4873 5984
3 4874 784 5984
3 4874 4873 751
3 4370 4874 5985
3 751 768 5985
3 4874 751 5985
3 768 4370 5985
3 4370 784 4874
3 852 4281 835
3 868 4281 852
3 869 4876 4371
3 4876 4875 4371
3 4371 4875 836
3 4875 4876 852
3 4876 4877 852
3 869 885 4876
3 885 4877 4876
3 3448 4877 885
3 3448 868 852
3 4877 3448 852
3 721 4878 704
3 737 4878 721
3 3454 4879 739
3 3454 772 755
3 3454 755 4879
3 4881 3745 444
3 3745 4881 4880
3 4880 4881 478
3 3745 4880 460
3 4881 444 461
3 478 4881 461
3 4880 478 5986
3 495 3741 5986
3 478 495 5986
3 3741 4880 5986
3 4880 3741 460
3 4882 478 5987
3 461 4376 5987
3 4376 4882 5987
3 478 461 5987
3 496 4882 4376
3 4883 495 478
3 4883 512 495
3 4382 512 5988
3 478 4882 5988
3 4882 496 4382
3 512 4883 5988
3 4883 478 5988
3 4882 4382 5988
3 4884 4885 5989
3 429 446 5989
3 4885 429 5989
3 446 4884 5989
3 4885 4884 462
3 2707 4884 446
3 2707 4886 4884
3 4886 2707 480
3 4884 4886 462
3 4886 480 5990
3 497 4887 5990
3 480 497 5990
3 4887 4886 5990
3 4886 4887 462
3 4380 479 5991
3 462 4887 5991
3 4887 4380 5991
3 479 462 5991
3 4887 497 4380
3 4397 4888 895
3 4888 928 911
3 4397 928 4888
3 911 4889 5992
3 1968 894 5992
3 4889 1968 5992
3 894 911 5992
3 1968 4889 927
3 4890 4889 911
3 4890 2193 4889
3 2193 4890 944
3 2193 927 4889
3 944 4890 928
3 928 4890 911
3 4891 4892 963
3 4892 4891 4405
3 4405 4891 979
3 946 4892 4405
3 3587 4893 930
3 963 4893 5993
3 4894 963 5993
3 4893 3587 5993
3 947 4894 3587
3 3587 4894 5993
3 946 930 5994
3 930 4893 5994
3 4892 946 5994
3 4893 4892 5994
3 963 4892 4893
3 4894 4895 963
3 4894 4803 4895
3 4803 4894 947
3 4895 4803 980
3 4233 4896 1045
3 4233 1077 1061
3 4896 4233 1061
3 4898 4897 1093
3 4897 4898 1061
3 1109 4898 1093
3 1077 4897 1061
3 4897 1077 1093
3 4899 290 273
3 290 4899 307
3 4900 273 5995
3 290 4331 5995
3 273 290 5995
3 4331 4900 5995
3 4900 4331 255
3 4337 256 5996
3 273 4901 5996
3 4901 4337 5996
3 256 273 5996
3 4337 4901 238
3 4900 255 5997
3 238 4901 5997
3 255 238 5997
3 4901 4900 5997
3 4900 4901 273
3 4437 291 274
3 4437 308 291
3 4902 4442 307
3 308 4442 291
3 4442 4902 291
3 4902 307 5998
3 273 4903 5998
3 4902 4903 291
3 307 4899 5998
3 4899 273 5998
3 4903 4902 5998
3 4439 274 5999
3 291 4904 5999
3 274 291 5999
3 4904 4439 5999
3 4439 4904 256
3 4903 273 6000
3 256 4904 6000
3 4904 4903 6000
3 273 256 6000
3 4903 4904 291
3 4905 590 573
3 4458 4906 574
3 4905 4458 590
3 4906 4458 4905
3 4908 557 574
3 4907 4905 573
3 4906 4908 574
3 4907 4906 4905
3 4908 4906 4907
3 641 4911 624
3 657 4910 4909
3 4909 4911 641
3 4910 4911 4909
3 4469 641 624
3 641 4469 658
3 4912 4909 641
3 657 4913 674
3 657 4909 4913
3 4913 4909 4912
3 675 4914 658
3 658 4914 641
3 3704 3703 6001
3 3704 4914 675
3 4913 4912 6001
3 4914 3704 6002
3 641 4914 6002
3 4912 641 6002
3 3703 4913 6001
3 3704 6001 6002
3 6001 4912 6002
3 4913 3703 674
3 4915 640 623
3 640 4915 657
3 4916 4917 6003
3 4916 4915 623
3 4911 4910 6003
3 4915 4916 6004
3 657 4915 6004
3 4910 657 6004
3 4917 4911 6003
3 4916 6003 6004
3 6003 4910 6004
3 4911 4917 624
3 623 4918 606
3 2877 4920 554
3 4918 2876 606
3 4919 2876 4918
3 2877 4919 4920
3 2877 2876 4919
3 4920 4453 554
3 640 4455 623
3 4455 4918 623
3 4918 4455 4454
3 4453 4919 4454
3 4919 4918 4454
3 4920 4919 4453
3 4921 4461 607
3 623 606 4922
3 606 4462 4922
3 4462 4921 4922
3 4462 4461 4921
3 4922 4916 623
3 4921 607 624
3 4921 624 4917
3 4916 4922 4917
3 4922 4921 4917
3 4923 3813 6005
3 453 436 6005
3 436 4923 6005
3 3813 453 6005
3 3813 4923 420
3 4924 402 6006
3 4484 4923 6006
3 4923 4924 6006
3 402 4484 6006
3 4484 420 4923
3 4924 4923 436
3 4924 4486 402
3 419 4924 436
3 419 4486 4924
3 3809 470 4925
3 453 4925 436
3 3809 4925 453
3 4926 2980 6007
3 419 436 6007
3 2980 419 6007
3 436 4926 6007
3 2980 4926 452
3 2970 4926 6008
3 4925 470 6008
3 4926 4925 6008
3 470 2970 6008
3 4925 4926 436
3 452 4926 2970
3 229 4512 246
3 4512 4927 246
3 4927 4512 264
3 4929 3873 228
3 4929 4928 6009
3 263 3873 6009
3 4928 263 6009
3 3873 4929 6009
3 4928 4929 246
3 3051 4930 281
3 3051 4928 6010
3 246 4930 6010
3 4928 246 6010
3 4930 3051 6010
3 4928 3051 263
3 4927 4930 246
3 281 4930 264
3 264 4930 4927
3 4518 4929 228
3 246 4929 6011
3 4931 246 6011
3 4929 4518 6011
3 212 4931 6011
3 4518 212 6011
3 229 4931 212
3 229 246 4931
3 142 157 6012
3 157 4932 6012
3 4530 142 6012
3 4932 4530 6012
3 4530 4932 171
3 4932 4532 171
3 172 4532 157
3 4532 4932 157
3 157 4933 6013
3 4533 172 6013
3 172 157 6013
3 4933 4533 6013
3 4533 4933 143
3 143 4934 129
3 157 4934 4933
3 4934 143 4933
3 4935 4934 157
3 4934 4935 4538
3 4538 4935 128
3 129 4934 4538
3 142 4935 157
3 128 4935 142
3 4937 4936 6014
3 115 128 6014
3 4936 115 6014
3 128 4937 6014
3 4936 4937 102
3 4938 3947 91
3 3947 102 90
3 3947 4938 102
3 4938 91 6015
3 115 4936 6015
3 4938 4936 102
3 91 4539 6015
3 4539 115 6015
3 4936 4938 6015
3 59 4541 50
3 59 68 4541
3 4939 69 6016
3 79 4940 6016
3 69 79 6016
3 4940 4939 6016
3 4939 4940 59
3 3100 68 6017
3 59 4940 6017
3 4940 3100 6017
3 68 59 6017
3 3100 4940 79
3 4941 2415 6018
3 4939 59 6019
3 2414 4939 6019
3 6018 2414 6019
3 59 6018 6019
3 4939 2414 69
3 2415 2414 6018
3 35 2415 4941
3 59 4941 6018
3 35 4941 4942
3 4941 59 50
3 4942 4941 50
3 4944 49 41
3 4943 4944 41
3 4944 4943 42
3 49 4944 4542
3 50 4944 42
3 4542 4944 50
3 34 4943 41
3 34 4945 4943
3 4943 4945 42
3 4945 34 6020
3 28 4946 6020
3 4946 4945 6020
3 34 28 6020
3 4945 4946 42
3 2032 35 6021
3 42 4946 6021
3 35 42 6021
3 4946 2032 6021
3 2032 4946 28
3 35 4942 42
3 4942 50 42
3 4550 4947 88
3 4947 99 87
3 4550 99 4947
3 76 4948 87
3 76 3936 4948
3 4948 3936 77
3 4948 77 88
3 4948 4947 87
3 4947 4948 88
3 3087 76 87
3 3087 4949 86
3 4949 3087 87
3 4950 4949 87
3 86 4949 98
3 4949 4950 98
3 111 3944 6022
3 4950 3944 98
3 87 4951 6022
3 4951 111 6022
3 3944 4950 6022
3 4950 87 6022
3 99 4951 87
3 111 4951 99
3 404 4953 4560
3 4953 4952 4560
3 4952 4953 386
3 4560 4952 370
3 4952 4954 370
3 369 4954 386
3 4954 4952 386
3 4551 4953 404
3 4953 4551 4955
3 4955 4551 421
3 4953 4955 386
3 386 3974 369
3 4956 3974 386
3 3974 4956 403
3 4956 4553 403
3 4553 4956 4955
3 4955 4956 386
3 4553 4955 421
3 4959 369 352
3 353 4958 4957
3 4957 4959 352
3 4958 4959 4957
3 370 4958 353
3 369 4959 4954
3 4954 4958 370
3 4959 4958 4954
3 4562 370 353
3 4960 354 4563
3 4960 4562 353
3 4562 4960 4563
3 176 3989 160
3 3989 4961 192
3 3989 176 4961
3 4962 242 225
3 3986 242 4962
3 3986 4962 260
3 4963 4962 225
3 4963 4570 6023
3 260 4962 6023
3 4570 260 6023
3 4962 4963 6023
3 4570 4963 243
3 225 1861 208
3 242 1861 225
3 3999 4964 6024
3 225 208 6024
3 208 3999 6024
3 4964 225 6024
3 4964 3999 192
3 4965 1471 1462
3 4965 1480 1471
3 4966 2464 1462
3 2465 4967 1453
3 2464 2463 1462
3 2463 4965 1462
3 1480 4965 2463
3 4967 2465 4966
3 2465 2464 4966
3 4968 1462 6025
3 1471 2531 6025
3 2531 4968 6025
3 1462 1471 6025
3 4968 2531 1451
3 1441 4969 1429
3 4969 4970 1429
3 4969 1440 4970
3 4970 4971 1429
3 4971 1440 1428
3 4970 1440 4971
3 4972 1428 1416
3 4971 1428 4972
3 4971 4972 1429
3 4573 4973 1430
3 4973 1441 1429
3 4973 4573 1441
3 1393 4974 1379
3 4974 1364 1379
3 3434 1407 1393
3 1379 3434 1393
3 4975 2475 1406
3 1407 2475 1393
3 2475 4975 1393
3 4976 4574 1378
3 4975 4574 4976
3 4975 4976 1393
3 4574 4975 1406
3 4977 4978 1348
3 4271 4978 4977
3 4271 4977 1333
3 4978 4271 1364
3 4979 4263 1317
3 4979 1348 1332
3 4263 4979 1332
3 4979 4977 1348
3 4979 1317 1333
3 4977 4979 1333
3 4980 1131 6026
3 1115 4981 6026
3 4981 4980 6026
3 1131 1115 6026
3 4980 4981 1148
3 1148 4981 6027
3 4598 1132 6027
3 1132 1148 6027
3 4981 4598 6027
3 4598 4981 1115
3 1131 4982 1147
3 1131 4980 4982
3 4982 4980 1148
3 4982 4585 1147
3 1164 4585 1148
3 4585 4982 1148
3 1132 4983 1148
3 1132 3168 4983
3 4983 3168 1149
3 4983 4984 1148
3 4984 1149 1165
3 1149 4984 4983
3 4984 1164 1148
3 4984 4582 1164
3 4582 4984 1165
3 4607 4985 1034
3 1067 4607 1051
3 4985 4607 1067
3 4640 1083 1067
3 1051 4640 1067
3 4985 1067 4986
3 1034 4986 1050
3 1034 4985 4986
3 4987 4601 1082
3 1083 4601 1067
3 4601 4987 1067
3 4987 4244 4986
3 4986 4244 1050
3 4987 4986 1067
3 4244 4987 1082
3 4988 1019 6028
3 1035 4608 6028
3 4608 4988 6028
3 1019 1035 6028
3 4988 4608 1002
3 4637 4989 1052
3 4637 1035 1019
3 4989 4637 1019
3 4990 4989 1019
3 4990 1036 1052
3 4989 4990 1052
3 4990 1019 6029
3 1003 4604 6029
3 1019 1003 6029
3 4604 4990 6029
3 4990 4604 1036
3 4991 954 6030
3 938 4048 6030
3 954 938 6030
3 4048 4991 6030
3 4991 4048 971
3 4992 938 954
3 938 4992 921
3 4993 4992 954
3 4993 4629 4992
3 4992 4629 921
3 4629 4993 937
3 4995 953 6031
3 937 4994 6031
3 953 937 6031
3 4994 4995 6031
3 4995 4994 970
3 4993 954 6032
3 970 4994 6032
3 4994 4993 6032
3 954 970 6032
3 4994 937 4993
3 4996 1004 1020
3 1004 4996 987
3 4996 4997 987
3 4997 4996 4603
3 4996 1020 4603
3 1003 4997 4603
3 4997 4999 4998
3 4998 4999 970
3 4999 4997 1003
3 4997 4998 987
3 4040 987 971
3 4040 1004 987
3 4991 5000 954
3 971 987 4991
3 987 5000 4991
3 4998 5000 987
3 954 4998 970
3 954 5000 4998
3 5001 5003 1001
3 5002 5003 5001
3 5002 5001 968
3 5003 5002 985
3 1001 5004 6033
3 4246 1017 6033
3 1017 1001 6033
3 5004 4246 6033
3 4246 5004 1034
3 4605 1018 5005
3 4605 5003 985
3 5003 4605 5005
3 5003 5005 1001
3 5005 1018 6034
3 1034 5004 6034
3 5004 5005 6034
3 1018 1034 6034
3 5005 5004 1001
3 935 5006 6035
3 5007 951 6035
3 951 935 6035
3 5006 5007 6035
3 5007 5006 968
3 5008 5009 935
3 919 5009 902
3 5009 5008 902
3 951 4020 935
3 935 4020 918
3 5008 4821 902
3 918 4821 935
3 4821 5008 935
3 5011 5009 919
3 5009 5011 5010
3 5011 952 5010
3 5009 5010 935
3 5010 952 6036
3 968 5006 6036
3 5006 5010 6036
3 952 968 6036
3 5010 5006 935
3 5012 5013 952
3 985 5012 969
3 985 5013 5012
3 985 5002 5013
3 5002 968 952
3 5013 5002 952
3 4618 5014 858
3 842 5014 825
3 5014 4618 825
3 809 5015 825
3 5015 842 825
3 5015 4624 842
3 4624 5015 809
3 4624 859 842
3 4649 1022 6037
3 1038 5016 6037
3 5016 4649 6037
3 1022 1038 6037
3 4649 5016 1005
3 4652 5017 1071
3 4652 1054 1038
3 5017 4652 1038
3 5018 5017 1038
3 1071 5018 1055
3 1071 5017 5018
3 5018 4657 1055
3 1022 5018 1038
3 1022 4657 5018
3 5019 4665 6038
3 758 775 6038
3 4665 758 6038
3 775 5019 6038
3 791 4665 5019
3 792 5020 775
3 808 5020 792
3 5019 775 6039
3 808 4066 6039
3 5019 4066 791
3 775 5020 6039
3 5020 808 6039
3 4066 5019 6039
3 3182 5021 742
3 3182 792 775
3 5021 3182 775
3 5021 775 6040
3 775 758 6040
3 4661 5021 6040
3 758 4661 6040
3 4661 742 5021
3 5023 805 6041
3 789 5022 6041
3 805 789 6041
3 5022 5023 6041
3 5023 5022 822
3 5024 806 6042
3 822 5022 6042
3 5022 5024 6042
3 806 822 6042
3 5024 5022 789
3 5025 4319 740
3 5025 773 756
3 4319 5025 756
3 757 5026 6043
3 5025 740 6043
3 5026 5025 6043
3 740 757 6043
3 5025 5026 773
3 5026 4672 6044
3 790 773 6044
3 773 5026 6044
3 4672 790 6044
3 4672 5026 757
3 5027 4669 6045
3 756 773 6045
3 4669 756 6045
3 773 5027 6045
3 4669 5027 789
3 5027 773 6046
3 806 5024 6046
3 789 5027 5024
3 773 5028 6046
3 5028 806 6046
3 5024 5027 6046
3 790 5028 773
3 806 5028 790
3 4680 5029 840
3 4680 5030 5029
3 5030 4680 873
3 5030 856 5029
3 889 4668 5031
3 4668 872 856
3 5031 4668 856
3 5030 5031 856
3 889 5030 873
3 889 5031 5030
3 5032 5029 856
3 5029 823 840
3 5032 823 5029
3 1152 4069 5033
3 4069 1151 1135
3 5033 4069 1135
3 5033 1135 6047
3 1119 4681 6047
3 4681 5033 6047
3 1135 1119 6047
3 5033 4681 1152
3 5034 1135 6048
3 1151 4019 6048
3 1135 1151 6048
3 4019 5034 6048
3 5034 4019 1118
3 5034 1118 6049
3 1102 5035 6049
3 1118 1102 6049
3 5035 5034 6049
3 5034 5035 1135
3 4683 1119 6050
3 1135 5035 6050
3 5035 4683 6050
3 1119 1135 6050
3 4683 5035 1102
3 5036 4685 1087
3 1088 4685 1072
3 4685 5036 1072
3 5037 4686 1055
3 5036 5037 1072
3 4686 5037 5036
3 4686 5036 1087
3 5037 5038 1072
3 5037 1055 1039
3 5038 5037 1039
3 4076 1088 1072
3 1056 4076 1072
3 4656 5038 1039
3 4656 1056 1072
3 5038 4656 1072
3 1088 5040 1104
3 5040 5039 1104
3 1105 5039 5040
3 1088 4688 5040
3 1105 5040 1089
3 5040 4688 1089
3 5042 1122 6051
3 1138 5041 6051
3 5041 5042 6051
3 1122 1138 6051
3 5042 5041 1105
3 959 2487 5043
3 992 2487 976
3 5043 2487 992
3 5044 5043 992
3 959 5044 975
3 959 5043 5044
3 976 3225 992
3 3225 1009 992
3 5044 5046 975
3 5046 5045 1008
3 5045 5046 5044
3 5045 5044 992
3 1025 5047 1009
3 1009 5047 992
3 5047 5045 992
3 4081 5047 1025
3 5047 4081 5045
3 5045 4081 1008
3 5046 991 975
3 5046 1008 991
3 5048 4693 5049
3 4693 974 5049
3 4693 5048 1007
3 5048 5049 991
3 5049 5050 991
3 958 5049 974
3 958 5050 5049
3 4692 5050 958
3 991 4692 975
3 5050 4692 991
3 5051 5052 924
3 4700 5052 5051
3 4700 5051 957
3 5052 4700 940
3 941 957 5051
3 941 5051 924
3 4056 5052 940
3 5052 907 924
3 4056 907 5052
3 5053 907 891
3 907 5053 924
3 908 4085 5054
3 5054 941 924
3 5054 4085 941
3 5055 5053 891
3 5055 5054 5053
3 5054 924 5053
3 5054 5055 908
3 4702 1526 1523
3 1520 4702 1523
3 5057 5058 5056
3 5058 5057 1519
3 5056 5058 1523
3 5057 5056 1525
3 5058 5059 1523
3 5059 1519 1515
3 1519 5059 5058
3 5060 1526 1528
3 1526 5060 1523
3 1523 5060 6052
3 5056 4711 1525
3 1528 4711 6052
3 5060 1528 6052
3 4711 5056 6052
3 5056 1523 6052
3 5061 4101 6053
3 1517 1512 6053
3 1512 5061 6053
3 4101 1517 6053
3 4101 5061 1507
3 1506 5062 1500
3 1500 5062 1493
3 5063 5064 1500
3 1494 5064 1486
3 5064 5063 1486
3 5063 4703 1486
3 1493 4703 1500
3 4703 5063 1500
3 3296 5064 1494
3 3296 5065 5064
3 5065 3296 1507
3 5064 5065 1500
3 1512 5066 6054
3 1507 5061 5065
3 1500 5065 6054
3 5066 1500 6054
3 5065 5061 6054
3 5061 1512 6054
3 5066 1506 1500
3 1506 5066 1512
3 5057 1525 1522
3 1519 5057 1522
3 5068 5067 1522
3 5067 1518 1514
3 5068 1518 5067
3 2579 5069 1524
3 2579 1518 6055
3 5068 5069 6055
3 5069 2579 6055
3 1518 5068 6055
3 5069 5068 1522
3 5070 5071 1515
3 5067 5071 5070
3 5067 5070 1522
3 5071 5067 1514
3 1519 5070 1515
3 5070 1519 1522
3 1524 5069 3297
3 1527 3297 6056
3 5072 1527 6056
3 3297 5069 6056
3 1522 5072 6056
3 5069 1522 6056
3 1525 5072 1522
3 1527 5072 1525
3 5073 1498 4713
3 1492 5073 1484
3 5073 4713 1484
3 5075 4708 5074
3 5075 5074 1492
3 4708 5075 1476
3 5074 4708 1485
3 5075 1492 1484
3 1476 5075 1484
3 5077 5076 6057
3 1514 1509 6057
3 1509 5077 6057
3 5076 1514 6057
3 5076 5077 1504
3 1509 3302 6058
3 5077 5078 1504
3 1497 5078 6058
3 3302 1497 6058
3 5078 5077 6058
3 5077 1509 6058
3 5078 5079 1504
3 5078 2582 5079
3 5079 2582 1491
3 2582 5078 1497
3 1504 5079 1498
3 1498 5079 1491
3 4260 1139 6059
3 1123 5080 6059
3 5080 4260 6059
3 1139 1123 6059
3 4260 5080 1156
3 5081 5080 1123
3 5080 1140 1156
3 5081 1140 5080
3 4739 5082 1091
3 5082 1092 1108
3 1092 5082 4739
3 1092 4140 1108
3 4140 5083 1108
3 1141 5083 4140
3 5083 1124 1108
3 5083 4745 1124
3 1141 4745 5083
3 5084 1124 6060
3 1140 5085 6060
3 5085 5084 6060
3 1124 1140 6060
3 5084 5085 1107
3 5085 1123 1107
3 5085 5081 1123
3 5081 5085 1140
3 1091 5082 1107
3 5082 5086 1107
3 5086 5082 1108
3 5086 5084 1107
3 1124 5086 1108
3 5086 1124 5084
3 4740 5087 1090
3 1107 5087 1091
3 5087 4740 1091
3 1216 4760 1232
3 4760 1216 1200
3 1216 4757 1200
3 4757 5088 1231
3 5088 4757 1216
3 1216 1232 6061
3 1232 3269 6061
3 5089 1216 6061
3 3269 5089 6061
3 5089 3269 1247
3 5089 5088 1216
3 5089 1247 1231
3 5088 5089 1231
3 5090 4027 1096
3 1113 5090 1097
3 4027 5090 1113
3 1113 1097 6062
3 1097 5091 6062
3 4763 1113 6062
3 5091 4763 6062
3 4763 5091 1130
3 5092 1114 6063
3 1130 5091 6063
3 5091 5092 6063
3 1114 1130 6063
3 5092 5091 1097
3 5093 5092 1097
3 1098 1114 5093
3 1114 5092 5093
3 1013 5094 997
3 997 5094 980
3 5095 997 980
3 964 5095 980
3 5095 5096 997
3 5095 4804 5096
3 4804 5095 964
3 5096 4804 981
3 1013 997 6064
3 997 5097 6064
3 3374 1013 6064
3 5097 3374 6064
3 1030 3374 5097
3 5098 5097 997
3 5098 1014 6065
3 1030 5097 6065
3 5097 5098 6065
3 1014 1030 6065
3 5098 5099 1014
3 5099 5098 5096
3 5099 5096 981
3 5096 5098 997
3 998 1014 5099
3 998 5099 981
3 5100 998 981
3 965 5100 981
3 5100 5101 998
3 5101 5100 5102
3 5100 965 5102
3 5101 5102 982
3 1014 998 6066
3 998 5103 6066
3 3380 1014 6066
3 5103 3380 6066
3 3380 5103 1031
3 5104 5103 998
3 5104 1015 6067
3 1031 5103 6067
3 5103 5104 6067
3 1015 1031 6067
3 4809 5101 982
3 4809 5104 5101
3 5104 4809 1015
3 5101 5104 998
3 4808 5105 915
3 4808 5106 5105
3 5106 4808 882
3 5105 5106 899
3 5106 5107 899
3 866 5106 882
3 866 5107 5106
3 4811 5107 866
3 899 4811 883
3 5107 4811 899
3 916 899 4298
3 4298 899 883
3 5108 5109 932
3 916 5109 899
3 5109 5108 899
3 5108 5105 899
3 932 915 5105
3 5108 932 5105
3 999 982 5110
3 5110 982 966
3 5111 4592 983
3 950 5111 966
3 950 4592 5111
3 999 5110 4026
3 5110 5111 4026
3 5111 5110 966
3 4026 5111 983
3 5112 4822 886
3 5113 4822 5112
3 4822 5113 919
3 5113 5112 903
3 887 4825 903
3 4825 920 903
3 4307 5114 870
3 4307 887 903
3 5114 4307 903
3 5112 5114 903
3 870 5112 886
3 870 5114 5112
3 184 201 6068
3 201 5116 6068
3 5115 184 6068
3 5116 5115 6068
3 5115 5116 217
3 5116 4839 6069
3 234 217 6069
3 217 5116 6069
3 4839 234 6069
3 4839 5116 201
3 5115 217 6070
3 217 200 6070
3 4837 5115 6070
3 200 4837 6070
3 5115 4837 184
3 5117 4351 6071
3 200 217 6071
3 4351 200 6071
3 217 5117 6071
3 4351 5117 233
3 251 3472 6072
3 5117 3472 233
3 217 5118 6072
3 5118 251 6072
3 3472 5117 6072
3 5117 217 6072
3 234 5118 217
3 251 5118 234
3 5119 269 6073
3 252 4842 6073
3 4842 5119 6073
3 269 252 6073
3 4842 287 5119
3 269 5119 6074
3 4848 5119 287
3 303 5120 6074
3 5120 269 6074
3 5119 4848 6074
3 4848 303 6074
3 5120 286 269
3 303 286 5120
3 5121 269 6075
3 286 4352 6075
3 269 286 6075
3 4352 5121 6075
3 5121 4352 251
3 5121 251 6076
3 234 5122 6076
3 251 234 6076
3 5122 5121 6076
3 5122 269 5121
3 4844 252 6077
3 269 5122 6077
3 5122 4844 6077
3 252 269 6077
3 4844 5122 234
3 5123 5124 6078
3 235 218 6078
3 218 5123 6078
3 5124 235 6078
3 5124 5123 202
3 185 202 6079
3 202 5123 6079
3 4846 185 6079
3 5123 4846 6079
3 4846 5123 218
3 5126 5125 202
3 5126 170 186
3 5125 5126 186
3 5127 5126 202
3 4346 5126 5127
3 4346 5127 169
3 5126 4346 170
3 185 5127 202
3 169 5127 185
3 5128 4850 339
3 4850 321 304
3 4850 5128 321
3 321 4849 304
3 338 4849 321
3 5128 339 6080
3 356 5129 6080
3 339 356 6080
3 5129 5128 6080
3 5128 5129 321
3 4357 338 6081
3 321 5129 6081
3 5129 4357 6081
3 338 321 6081
3 4357 5129 356
3 4865 565 548
3 5130 4865 548
3 4865 5130 566
3 4858 5130 6082
3 548 531 6082
3 531 4858 6082
3 5130 548 6082
3 5130 4858 566
3 4362 5131 6083
3 548 565 6083
3 5131 548 6083
3 565 4362 6083
3 5131 4362 530
3 4860 5131 530
3 548 4860 531
3 5131 4860 548
3 5132 4864 583
3 4864 599 582
3 4864 5132 599
3 5132 5133 599
3 600 5133 583
3 5133 5132 583
3 3520 616 599
3 5133 3520 599
3 3520 5133 600
3 4866 5134 598
3 599 5134 582
3 5134 4866 582
3 5135 615 598
3 5134 5135 598
3 5135 5134 599
3 616 5135 599
3 5135 3523 615
3 3523 5135 616
3 5136 769 6084
3 802 4869 6084
3 5136 4869 785
3 769 5137 6084
3 5137 802 6084
3 4869 5136 6084
3 5138 5140 753
3 5140 5138 5139
3 5139 5138 720
3 737 5140 5139
3 5142 5143 5141
3 5141 5143 738
3 5143 5142 705
3 5142 5141 704
3 5144 5141 738
3 5141 721 704
3 5144 721 5141
3 5145 445 428
3 411 5145 428
3 3666 5145 411
3 3666 5146 5145
3 5145 5146 445
3 5146 3666 429
3 5146 4885 6085
3 462 445 6085
3 445 5146 6085
3 4885 462 6085
3 429 4885 5146
3 462 5147 445
3 479 5147 462
3 5147 5148 445
3 5147 4377 5148
3 4377 5147 479
3 5148 4377 461
3 5148 4389 6086
3 428 445 6086
3 4389 428 6086
3 445 5148 6086
3 4389 5148 461
3 5150 5149 878
3 5150 4399 5149
3 4399 5150 862
3 5149 4399 895
3 5151 4888 911
3 5149 4888 5151
3 5149 5151 878
3 4888 5149 895
3 5151 5152 878
3 894 5151 911
3 894 5152 5151
3 862 5150 4415
3 5150 5153 4415
3 5153 5150 878
3 4415 5153 845
3 5152 4478 5154
3 4478 5152 894
3 5152 5154 878
3 5154 4478 861
3 5153 4477 845
3 4477 5153 5154
3 4477 5154 861
3 5154 5153 878
3 5155 5156 996
3 4895 5156 5155
3 4895 5155 963
3 5156 4895 980
3 1012 996 6087
3 996 5157 6087
3 4777 1012 6087
3 5157 4777 6087
3 4777 5157 1029
3 1012 4400 996
3 996 4400 979
3 5155 4891 963
3 979 5155 996
3 979 4891 5155
3 5158 5157 996
3 5158 1013 6088
3 1029 5157 6088
3 5157 5158 6088
3 1013 1029 6088
3 5158 5094 1013
3 5094 5158 5156
3 5094 5156 980
3 5156 5158 996
3 5159 5160 1028
3 4778 5160 5159
3 4778 5159 1012
3 5160 4778 1045
3 4896 5160 1045
3 5160 4896 5161
3 5161 4896 1061
3 5160 5161 1028
3 5163 5162 1044
3 5162 5163 5161
3 5161 5163 1028
3 5162 5161 1061
3 5163 5164 1028
3 4411 5164 5163
3 4411 5163 1044
3 5164 4411 1011
3 4401 5165 995
3 4401 5159 6089
3 1028 5165 6089
3 5159 1028 6089
3 5165 4401 6089
3 5159 4401 1012
3 1011 995 6090
3 995 5165 6090
3 5164 1011 6090
3 5165 5164 6090
3 5164 5165 1028
3 5166 5168 1060
3 5166 1061 6091
3 1109 5167 4898
3 1061 4898 6091
3 5167 5168 6091
3 5168 5166 6091
3 4898 5167 6091
3 5169 1044 5166
3 1044 5162 5166
3 5169 5166 1060
3 5166 5162 1061
3 1125 5170 6093
3 3363 1125 6093
3 5167 1109 6093
3 1109 3363 6093
3 5171 5168 6092
3 5170 6092 6093
3 6092 5167 6093
3 5168 5167 6092
3 5170 5171 6092
3 5168 5171 1060
3 5171 2317 6094
3 2316 5172 1060
3 2316 1060 6094
3 5172 2316 1043
3 1060 5171 6094
3 2317 2316 6094
3 2318 5170 1125
3 5171 5170 2318
3 2317 5171 2318
3 5172 1043 2189
3 5173 5172 2189
3 5173 2189 1027
3 5172 5173 1060
3 5173 5169 1060
3 5173 4412 5169
3 5169 4412 1044
3 4412 5173 1027
3 5175 556 539
3 5174 3730 557
3 3730 5175 539
3 3730 5174 5175
3 4907 573 556
3 5175 4907 556
3 4908 5174 557
3 5174 4908 5175
3 5175 4908 4907
3 521 5176 6095
3 5177 538 6095
3 538 521 6095
3 5176 5177 6095
3 5177 5176 556
3 556 5176 6096
3 3731 539 6096
3 539 556 6096
3 5176 3731 6096
3 3731 5176 521
3 538 5179 555
3 5178 5177 556
3 538 5177 5179
3 5179 5177 5178
3 5180 5178 556
3 5181 572 555
3 5179 5181 555
3 5178 5180 5179
3 5180 5181 5179
3 572 5181 5183
3 573 5180 556
3 5182 5180 573
3 5181 5182 5183
3 5181 5180 5182
3 589 2875 572
3 589 606 2875
3 572 5183 589
3 5184 5182 573
3 589 5183 5184
3 5183 5182 5184
3 4464 5186 590
3 4463 606 589
3 5185 4463 589
3 5186 4464 5185
3 4464 4463 5185
3 590 5186 573
3 5186 5184 573
3 5184 5185 589
3 5186 5185 5184
3 3109 127 114
3 5187 3109 114
3 3109 5187 128
3 4937 5187 6097
3 114 102 6097
3 102 4937 6097
3 5187 114 6097
3 5187 4937 128
3 4543 5188 6098
3 114 127 6098
3 5188 114 6098
3 127 4543 6098
3 5188 4543 101
3 4544 90 6099
3 114 5188 6099
3 4544 5188 101
3 90 5189 6099
3 5189 114 6099
3 5188 4544 6099
3 5189 90 102
3 114 5189 102
3 193 210 6100
3 4565 5190 6100
3 5190 193 6100
3 210 4565 6100
3 5190 4565 226
3 5191 177 4567
3 4567 210 193
3 5191 4567 193
3 177 5192 161
3 5192 5191 193
3 177 5191 5192
3 3991 5192 6101
3 3992 3991 6101
3 3992 5193 160
3 193 5193 6101
3 5193 3992 6101
3 3991 161 5192
3 5192 193 6101
3 160 5193 176
3 176 5193 193
3 4572 1452 1441
3 4572 5194 1452
3 5194 4572 1453
3 4966 1462 1452
3 5194 1453 4967
3 5194 4966 1452
3 4966 5194 4967
3 5195 4968 1451
3 1462 5195 1452
3 4968 5195 1462
3 1440 5196 1451
3 5196 5195 1451
3 5195 5196 1452
3 4969 5196 1440
3 1452 5196 1441
3 5196 4969 1441
3 5197 4972 1416
3 1429 4972 1417
3 4972 5197 1417
3 4012 5198 1403
3 1417 5198 1404
3 5198 4012 1404
3 1403 5198 1416
3 5198 5197 1416
3 5197 5198 1417
3 3163 1417 1404
3 3163 5199 1417
3 5199 3163 1418
3 5199 5200 1417
3 5200 1418 1430
3 1418 5200 5199
3 5200 1429 1417
3 5200 4973 1429
3 4973 5200 1430
3 4974 5202 1364
3 5202 4974 5201
3 5201 4974 1393
3 5202 5201 1363
3 4976 5201 1393
3 5201 1378 1363
3 4976 1378 5201
3 4978 1364 5202
3 5202 1363 1348
3 4978 5202 1348
3 5204 1362 1347
3 5203 5204 1347
3 5204 5203 1363
3 4790 5203 1347
3 4790 5205 5203
3 5205 4790 1332
3 5203 5205 1363
3 1363 5205 1348
3 1348 5205 1332
3 5206 5204 1363
3 4004 5204 5206
3 4004 5206 1392
3 5204 4004 1362
3 1378 5206 1363
3 1392 5206 1378
3 5207 5208 986
3 4988 5208 5207
3 4988 5207 1019
3 5208 4988 1002
3 5207 1003 1019
3 1003 5207 986
3 4602 5208 1002
3 5208 4602 5209
3 5209 4602 969
3 5208 5209 986
3 4999 986 970
3 4999 1003 986
3 5209 5210 986
3 953 5209 969
3 953 5210 5209
3 4995 5210 953
3 986 4995 970
3 5210 4995 986
3 4591 5212 1000
3 5212 4591 5211
3 5211 4591 967
3 5212 5211 984
3 968 5001 984
3 5001 1001 984
3 5211 5213 984
3 951 5211 967
3 951 5213 5211
3 5007 5213 951
3 984 5007 968
3 5213 5007 984
3 5214 5212 984
3 5214 4615 5212
3 4615 5214 1017
3 4615 1000 5212
3 1017 5214 1001
3 1001 5214 984
3 5012 952 6102
3 936 5215 6102
3 952 936 6102
3 5215 5012 6102
3 5012 5215 969
3 5216 953 6103
3 969 5215 6103
3 5215 5216 6103
3 953 969 6103
3 5216 5215 936
3 4827 5217 920
3 5216 5217 4827
3 953 5216 4827
3 5217 5216 936
3 5218 5217 936
3 920 5217 903
3 5217 5218 903
3 952 5011 936
3 936 5011 919
3 5218 5113 903
3 919 5113 936
3 5113 5218 936
3 858 5219 4090
3 891 5219 875
3 5219 891 4090
3 5220 5014 842
3 5219 5014 5220
3 5219 5220 875
3 5014 5219 858
3 5220 859 875
3 859 5220 842
3 5055 5221 908
3 5055 891 875
3 5221 5055 875
3 5222 5221 875
3 908 5222 892
3 908 5221 5222
3 5222 4697 892
3 859 5222 875
3 859 4697 5222
3 5223 5224 1021
3 1054 5223 1038
3 1054 5224 5223
3 5223 1021 6104
3 1005 5016 6104
3 1021 1005 6104
3 5016 5223 6104
3 5223 5016 1038
3 1054 4062 5224
3 4062 1037 1021
3 5224 4062 1021
3 1021 5225 1005
3 1005 5225 988
3 5226 1021 6105
3 1037 4045 6105
3 4045 5226 6105
3 1021 1037 6105
3 1004 5226 4045
3 5225 4039 988
3 4039 5225 5226
3 5225 1021 5226
3 1004 4039 5226
3 5227 4306 854
3 887 5227 871
3 887 4306 5227
3 4826 5228 904
3 4826 887 871
3 5228 4826 871
3 5230 5229 855
3 5230 872 888
3 5229 5230 888
3 5231 904 888
3 904 5231 921
3 5232 5228 871
3 904 5232 888
3 904 5228 5232
3 5232 5229 888
3 855 5232 871
3 855 5229 5232
3 5231 4628 921
3 5233 4628 5231
3 5233 5231 888
3 4628 5233 905
3 4667 905 5233
3 5233 888 872
3 4667 5233 872
3 856 5234 839
3 872 5234 856
3 5234 5235 839
3 5230 5235 5234
3 872 5230 5234
3 5235 5230 855
3 5236 5235 855
3 5235 822 839
3 822 5235 5236
3 806 5237 822
3 5237 839 822
3 5237 5238 839
3 5237 4675 5238
3 4675 5237 806
3 5238 4675 823
3 5032 5238 823
3 5238 856 839
3 5238 5032 856
3 5239 1121 6106
3 1137 4073 6106
3 4073 5239 6106
3 1121 1137 6106
3 5239 4073 1104
3 5039 5239 1104
3 1121 5039 1105
3 5239 5039 1121
3 5041 1121 1105
3 5041 5240 1121
3 5240 5041 1138
3 2479 1137 6107
3 1121 5241 6107
3 5241 2479 6107
3 1137 1121 6107
3 2479 5241 1154
3 5240 5241 1121
3 1154 5241 1138
3 5241 5240 1138
3 5242 1024 6108
3 1040 4694 6108
3 4694 5242 6108
3 1024 1040 6108
3 5242 4694 1007
3 5243 5048 991
3 5242 5048 5243
3 1024 5242 5243
3 5048 5242 1007
3 5243 1008 1024
3 1008 5243 991
3 4079 5244 1057
3 4079 1040 1024
3 5244 4079 1024
3 5245 5244 1024
3 1057 5245 1041
3 5245 1057 5244
3 4080 1024 1008
3 4080 5245 1024
3 5245 4080 1041
3 4701 1520 1516
3 5246 4701 1516
3 4701 5246 1517
3 5247 5246 1516
3 1517 5246 1512
3 5246 5247 1512
3 5249 5248 1515
3 5248 1511 1516
3 5249 1511 5248
3 5251 5250 6109
3 1516 1511 6109
3 1511 5251 6109
3 5250 1516 6109
3 5250 5251 1506
3 5247 5250 6110
3 1506 1512 6110
3 5250 1506 6110
3 1512 5247 6110
3 5250 5247 1516
3 1520 5252 1516
3 5252 1520 1523
3 5252 5248 1516
3 5059 5248 5252
3 5059 5252 1523
3 5248 5059 1515
3 5253 5073 1492
3 5254 5073 5253
3 5254 5253 1505
3 5073 5254 1498
3 5249 5255 6111
3 1505 1511 6111
3 5255 1505 6111
3 1511 5249 6111
3 5255 5249 1515
3 1090 5087 1106
3 5087 5256 1106
3 5256 5087 1107
3 5256 5257 1106
3 1123 5256 1107
3 1123 5257 5256
3 5257 1123 6112
3 1139 5258 6112
3 5258 5257 6112
3 1123 1139 6112
3 5257 5258 1106
3 5258 1122 1106
3 4257 1122 5258
3 4257 5258 1139
3 5259 5042 1105
3 1122 5259 1106
3 1122 5042 5259
3 4736 5260 1089
3 1106 5260 1090
3 5260 4736 1090
3 1089 5260 1105
3 5260 5259 1105
3 5259 5260 1106
3 5102 5261 982
3 5102 965 949
3 5261 5102 949
3 5262 5261 949
3 982 5262 966
3 982 5261 5262
3 5109 916 5264
3 5263 5109 5264
3 5263 5264 949
3 5109 5263 932
3 5263 4291 932
3 5263 949 6113
3 965 4291 6113
3 4291 5263 6113
3 949 965 6113
3 5265 5124 6114
3 202 219 6114
3 5124 202 6114
3 219 5265 6114
3 5124 5265 235
3 5265 219 6115
3 253 4855 6115
3 235 5265 4855
3 219 5266 6115
3 5266 253 6115
3 4855 5265 6115
3 5266 236 253
3 236 5266 219
3 5267 219 6116
3 219 202 6116
3 5125 5267 6116
3 202 5125 6116
3 5267 5125 186
3 5268 3474 6117
3 236 219 6117
3 219 5268 6117
3 3474 236 6117
3 203 3474 5268
3 186 203 6118
3 203 5268 6118
3 5267 186 6118
3 5268 5267 6118
3 5267 5268 219
3 736 753 6119
3 753 5270 6119
3 5269 736 6119
3 5270 5269 6119
3 5269 5270 769
3 5138 736 720
3 5138 753 736
3 5272 5271 736
3 5271 719 702
3 5272 719 5271
3 4878 5273 704
3 4878 5274 5273
3 5274 4878 737
3 5273 5274 703
3 5139 5274 737
3 5274 720 703
3 5274 5139 720
3 5275 5276 703
3 5275 5271 5276
3 5271 5275 736
3 5271 702 5276
3 720 5275 703
3 5275 720 736
3 4801 5277 835
3 4801 5278 5277
3 5278 4801 802
3 5277 5278 819
3 5279 819 803
3 5279 836 819
3 5280 5277 819
3 835 5277 852
3 5277 5280 852
3 5280 4875 852
3 836 4875 819
3 4875 5280 819
3 5140 737 5281
3 5281 770 753
3 5140 5281 753
3 5282 5279 803
3 5279 5282 5283
3 836 5279 5283
3 5283 5282 820
3 5284 4284 853
3 837 4284 820
3 4284 5284 820
3 5284 5283 820
3 5283 853 836
3 5284 853 5283
3 738 5143 722
3 5143 705 722
3 5285 738 722
3 5285 755 738
3 5286 4834 739
3 705 4834 722
3 4834 5286 722
3 5285 4879 755
3 5286 4879 5285
3 5286 5285 722
3 4879 5286 739
3 4957 352 335
3 5287 4957 335
3 4957 5287 353
3 318 5289 6120
3 5287 5288 6120
3 5289 5287 6120
3 5288 318 6120
3 5288 5287 335
3 5287 5289 353
3 335 352 6121
3 352 4559 6121
3 5290 335 6121
3 4559 5290 6121
3 5290 4559 317
3 5290 5291 335
3 5291 317 300
3 5290 317 5291
3 353 5289 6122
3 5292 336 6122
3 336 353 6122
3 5289 5292 6122
3 5292 5289 318
3 5293 336 6123
3 319 2440 6123
3 2440 5293 6123
3 336 319 6123
3 5293 2440 354
3 5293 354 4960
3 4960 353 336
3 5293 4960 336
3 319 5294 302
3 319 336 5294
3 226 209 6124
3 5295 5190 6124
3 209 5295 6124
3 5190 226 6124
3 5190 5295 193
3 5296 5295 209
3 5295 176 193
3 5296 176 5295
3 5296 4961 176
3 192 5296 209
3 192 4961 5296
3 4964 192 209
3 5297 4964 209
3 4964 5297 225
3 5298 226 243
3 226 5298 209
3 5297 4963 225
3 5298 5297 209
3 243 4963 5298
3 4963 5297 5298
3 4309 5299 854
3 5299 821 838
3 4309 821 5299
3 5299 5300 5227
3 5300 871 5227
3 5300 5299 838
3 854 5299 5227
3 5300 855 871
3 855 5300 838
3 805 5301 821
3 5301 838 821
3 5301 5302 838
3 5301 5023 5302
3 5023 5301 805
3 5302 5023 822
3 5236 5302 822
3 5302 855 838
3 5302 5236 855
3 1505 5253 1499
3 1499 5253 1492
3 5304 1499 5303
3 1493 5304 1485
3 5304 5303 1485
3 5303 5074 1485
3 5074 1499 1492
3 5074 5303 1499
3 5062 5304 1493
3 5305 5062 1506
3 5304 5062 5305
3 5304 5305 1499
3 1511 5306 6125
3 5251 5305 1506
3 1499 5305 6125
3 5306 1499 6125
3 5305 5251 6125
3 5251 1511 6125
3 5306 1505 1499
3 5306 1511 1505
3 5307 5255 6126
3 1515 1510 6126
3 1510 5307 6126
3 5255 1515 6126
3 5255 5307 1505
3 5308 5071 1514
3 1515 5071 1510
3 5071 5308 1510
3 5308 5076 6127
3 1504 1510 6127
3 5076 1504 6127
3 1510 5308 6127
3 5076 5308 1514
3 1498 5309 1504
3 5309 1510 1504
3 1510 5309 6128
3 5307 5254 1505
3 1498 5254 6128
3 5309 1498 6128
3 5254 5307 6128
3 5307 1510 6128
3 949 933 6129
3 933 5310 6129
3 5262 949 6129
3 5310 5262 6129
3 5262 5310 966
3 3452 5311 917
3 3452 5312 5311
3 5312 3452 950
3 5311 5312 933
3 5312 5310 933
3 5312 950 6130
3 966 5310 6130
3 5310 5312 6130
3 950 966 6130
3 5313 5311 933
3 5311 900 917
3 5313 900 5311
3 5313 4297 900
3 916 4297 933
3 4297 5313 933
3 949 5264 933
3 5264 916 933
3 5315 5314 752
3 5272 5314 5315
3 719 5272 5315
3 5314 5272 736
3 5269 5314 736
3 5269 769 752
3 5314 5269 752
3 719 5315 735
3 5315 752 735
3 735 752 6131
3 752 5316 6131
3 4872 735 6131
3 5316 4872 6131
3 4872 5316 768
3 5316 5317 6132
3 785 768 6132
3 768 5316 6132
3 5317 785 6132
3 5317 5316 752
3 5136 5317 6133
3 752 769 6133
3 5317 752 6133
3 769 5136 6133
3 5317 5136 785
3 5319 5318 669
3 5319 5320 5318
3 5320 5319 635
3 5318 5320 636
3 652 5319 669
3 5319 652 635
3 5318 5321 669
3 5318 636 653
3 5321 5318 653
3 5270 5322 6134
3 786 769 6134
3 769 5270 6134
3 5322 786 6134
3 753 5322 5270
3 5323 5322 6135
3 753 770 6135
3 5322 753 6135
3 770 5323 6135
3 5322 5323 786
3 786 5137 769
3 802 5137 786
3 5323 770 6136
3 803 5325 6136
3 5323 5325 786
3 770 5324 6136
3 5324 803 6136
3 5325 5323 6136
3 5278 802 6137
3 786 5326 6137
3 802 786 6137
3 5326 5278 6137
3 5278 5326 819
3 5325 803 6138
3 819 5326 6138
3 5326 5325 6138
3 803 819 6138
3 5325 5326 786
3 738 755 6139
3 755 5328 6139
3 5327 738 6139
3 5328 5327 6139
3 5327 5328 771
3 3983 5329 300
3 5329 284 301
3 3983 284 5329
3 5291 5330 335
3 5291 5329 5330
3 5330 5329 301
3 5329 5291 300
3 318 5330 301
3 5330 5288 335
3 318 5288 5330
3 267 2443 6140
3 301 5331 6140
3 5332 2443 285
3 5331 267 6140
3 2443 5332 6140
3 5332 301 6140
3 267 5331 284
3 5331 301 284
3 5333 336 5292
3 5333 318 301
3 318 5333 5292
3 5332 5334 301
3 5334 285 302
3 5332 285 5334
3 5294 5334 302
3 5334 5294 5333
3 5333 5294 336
3 5334 5333 301
3 670 5335 653
3 687 5335 670
3 5337 654 3477
3 5336 5337 3477
3 688 5336 3477
3 5337 5336 687
3 5337 3530 654
3 5337 687 670
3 3530 5337 670
3 5336 5338 687
3 705 5338 688
3 5338 5336 688
3 5338 704 687
3 5338 5142 704
3 5142 5338 705
3 737 754 6141
3 754 5339 6141
3 5281 737 6141
3 5339 5281 6141
3 5281 5339 770
3 5340 737 721
3 737 5340 754
3 5340 721 5144
3 5341 5340 5144
3 5340 5341 754
3 5341 5144 738
3 5327 5341 738
3 5327 771 754
3 5341 5327 754
3 787 5324 770
3 803 5324 787
3 5282 803 6142
3 787 5342 6142
3 803 787 6142
3 5342 5282 6142
3 5282 5342 820
3 5339 5343 6143
3 787 770 6143
3 770 5339 6143
3 5343 787 6143
3 5343 5339 754
3 5344 5343 6144
3 754 771 6144
3 5343 754 6144
3 771 5344 6144
3 5343 5344 787
3 5346 805 6145
3 821 5345 6145
3 5345 5346 6145
3 805 821 6145
3 5346 5345 788
3 5347 772 6146
3 805 5346 6146
3 5347 5346 788
3 772 4670 6146
3 4670 805 6146
3 5346 5347 6146
3 5347 5348 6147
3 755 772 6147
3 5348 755 6147
3 772 5347 6147
3 5348 5347 788
3 5328 5348 6148
3 788 771 6148
3 771 5328 6148
3 5348 788 6148
3 5348 5328 755
3 5349 5321 653
3 5349 686 669
3 5321 5349 669
3 5335 5349 653
3 5349 5335 5350
3 5350 5335 687
3 5349 5350 686
3 652 5352 4372
3 5352 5351 4372
3 5351 5352 686
3 4372 5351 685
3 669 5352 652
3 686 5352 669
3 5344 771 6149
3 804 5353 6149
3 5344 5353 787
3 771 5354 6149
3 5354 804 6149
3 5353 5344 6149
3 5354 771 788
3 804 5354 788
3 5353 804 6150
3 820 5342 6150
3 5342 5353 6150
3 804 820 6150
3 5353 5342 787
3 5355 820 804
3 5355 837 820
3 5355 4308 837
3 5356 5355 804
3 5356 4308 5355
3 4308 5356 821
3 5356 804 6151
3 788 5345 6151
3 804 788 6151
3 5345 5356 6151
3 5356 5345 821
3 5320 635 5357
3 636 5357 619
3 5320 5357 636
3 618 5357 635
3 618 5358 5357
3 5357 5358 619
3 5359 636 619
3 3529 636 5359
3 3529 5359 637
3 2668 5359 619
3 5359 620 637
3 2668 620 5359
3 5360 618 601
3 5358 618 5360
3 5358 5360 619
3 2679 5360 601
3 5360 602 619
3 2679 602 5360
3 5361 617 600
3 3513 5361 600
3 5361 3513 601
3 618 5361 601
3 5361 5362 617
3 618 5362 5361
3 5363 618 635
3 5363 2681 634
3 2681 5363 635
3 5363 634 617
3 5362 5363 617
3 5363 5362 618
3 5364 379 362
3 2179 5364 362
3 5364 2179 363
3 380 5364 363
3 5364 3539 379
3 380 3539 5364
3 3512 584 5365
3 585 5365 568
3 585 3512 5365
3 567 5365 584
3 5365 567 2702
3 5365 2702 568
3 534 5366 517
3 5366 3543 533
3 534 3543 5366
3 516 5366 533
3 516 3499 5366
3 5366 3499 517
3 2175 5367 515
3 5367 516 533
3 2175 516 5367
3 515 5367 532
3 5367 3544 532
3 3544 5367 533
3 1242 5369 1258
3 5369 1242 2604
3 1243 5368 2604
3 5369 2604 5368
3 1259 5368 1243
3 1258 5369 3564
3 3564 5368 1259
3 5368 3564 5369
3 2623 5370 1241
3 5370 1242 1258
3 2623 1242 5370
3 1241 5370 1257
3 5370 3565 1257
3 3565 5370 1258
3 1163 5372 1147
3 1162 5371 4240
3 1163 4240 5372
3 5372 4240 5371
3 1146 5371 1162
3 1146 4762 5371
3 1147 5372 4762
3 5371 4762 5372
3 3390 5373 1145
3 5373 1146 1162
3 3390 1146 5373
3 5373 1161 1145
3 1161 5373 4241
3 5373 1162 4241
3 5375 1097 1081
3 1082 5374 4787
3 4787 5375 1081
3 5374 5375 4787
3 5374 1082 1098
3 1097 5375 5093
3 5374 1098 5093
3 5375 5374 5093
3 5376 1096 1080
3 5090 1096 5376
3 5090 5376 1097
3 4786 5376 1080
3 1097 5376 1081
3 5376 4786 1081
3 5350 5377 686
3 704 5377 687
3 5377 5350 687
3 5377 703 686
3 5377 5273 703
3 704 5273 5377
3 5378 702 685
3 5351 5378 685
3 5378 5351 686
3 703 5378 686
3 5378 5276 702
3 5276 5378 703

CELL_TYPES 30288
1
1
1
1
1
1
1
1
1
1
1
1
1
1
1
1
1
1
1
1
1
1
1
1
1
1
1
1
1
1
1
1
1
1
1
1
1
1
1
1
1
1
1
1
1
1
1
1
1
1
1
1
1
1
1
1
1
1
1
1
1
1
1
1
1
1
1
1
1
1
1
1
1
1
1
1
1
1
1
1
1
1
1
1
1
1
1
1
1
1
1
1
1
1
1
1
1
1
1
1
1
1
1
1
1
1
1
1
1
1
1
1
1
1
1
1
1
1
1
1
1
1
1
1
1
1
1
1
1
1
1
1
1
1
1
1
1
1
1
1
1
1
1
1
1
1
1
1
1
1
1
1
1
1
1
1
1
1
1
1
1
1
1
1
1
1
1
1
1
1
1
1
1
1
1
1
1
1
1
1
1
1
1
1
1
1
1
1
1
1
1
1
1
1
1
1
1
1
1
1
1
1
1
1
1
1
1
1
1
1
1
1
1
1
1
1
1
1
1
1
1
1
1
1
1
1
1
1
1
1
1
1
1
1
1
1
1
1
1
1
1
1
1
1
1
1
1
1
1
1
1
1
1
1
1
1
1
1
1
1
1
1
1
1
1
1
1
1
1
1
1
1
1
1
1
1
1
1
1
1
1
1
1
1
1
1
1
1
1
1
1
1
1
1
1
1
1
1
1
1
1
1
1
1
1
1
1
1
1
1
1
1
1
1
1
1
1
1
1
1
1
1
1
1
1
1
1
1
1
1
1
1
1
1
1
1
1
1
1
1
1
1
1
1
1
1
1
1
1
1
1
1
1
1
1
1
1
1
1
1
1
1
1
1
1
1
1
1
1
1
1
1
1
1
1
1
1
1
1
1
1
1
1
1
1
1
1
1
1
1
1
1
1
1
1
1
1
1
1
1
1
1
1
1
1
1
1
1
1
1
1
1
1
1
1
1
1
1
1
1
1
1
1
1
1
1
1
1
1
1
1
1
1
1
1
1
1
1
1
1
1
1
1
1
1
1
1
1
1
1
1
1
1
1
1
1
1
1
1
1
1
1
1
1
1
1
1
1
1
1
1
1
1
1
1
1
1
1
1
1
1
1
1
1
1
1
1
1
1
1
1
1
1
1
1
1
1
1
1
1
1
1
1
1
1
1
1
1
1
1
1
1
1
1
1
1
1
1
1
1
1
1
1
1
1
1
1
1
1
1
1
1
1
1
1
1
1
1
1
1
1
1
1
1
1
1
1
1
1
1
1
1
1
1
1
1
1
1
1
1
1
1
1
1
1
1
1
1
1
1
1
1
1
1
1
1
1
1
1
1
1
1
1
1
1
1
1
1
1
1
1
1
1
1
1
1
1
1
1
1
1
1
1
1
1
1
1
1
1
1
1
1
1
1
1
1
1
1
1
1
1
1
1
1
1
1
1
1
1
1
1
1
1
1
1
1
1
1
1
1
1
1
1
1
1
1
1
1
1
1
1
1
1
1
1
1
1
1
1
1
1
1
1
1
1
1
1
1
1
1
1
1
1
1
1
1
1
1
1
1
1
1
1
1
1
1
1
1
1
1
1
1
1
1
1
1
1
1
1
1
1
1
1
1
1
1
1
1
1
1
1
1
1
1
1
1
1
1
1
1
1
1
1
1
1
1
1
1
1
1
1
1
1
1
1
1
1
1
1
1
1
1
1
1
1
1
1
1
1
1
1
1
1
1
1
1
1
1
1
1
1
1
1
1
1
1
1
1
1
1
1
1
1
1
1
1
1
1
1
1
1
1
1
1
1
1
1
1
1
1
1
1
1
1
1
1
1
1
1
1
1
1
1
1
1
1
1
1
1
1
1
1
1
1
1
1
1
1
1
1
1
1
1
1
1
1
1
1
1
1
1
1
1
1
1
1
1
1
1
1
1
1
1
1
1
1
1
1
1
1
1
1
1
1
1
1
1
1
1
1
1
1
1
1
1
1
1
1
1
1
1
1
1
1
1
1
1
1
1
1
1
1
1
1
1
1
1
1
1
1
1
1
1
1
1
1
1
1
1
1
1
1
1
1
1
1
1
1
1
1
1
1
1
1
1
1
1
1
1
1
1
1
1
1
1
1
1
1
1
1
1
1
1
1
1
1
1
1
1
1
1
1
1
1
1
1
1
1
1
1
1
1
1
1
1
1
1
1
1
1
1
1
1
1
1
1
1
1
1
1
1
1
1
1
1
1
1
1
1
1
1
1
1
1
1
1
1
1
1
1
1
1
1
1
1
1
1
1
1
1
1
1
1
1
1
1
1
1
1
1
1
1
1
1
1
1
1
1
1
1
1
1
1
1
1
1
1
1
1
1
1
1
1
1
1
1
1
1
1
1
1
1
1
1
1
1
1
1
1
1
1
1
1
1
1
1
1
1
1
1
1
1
1
1
1
1
1
1
1
1
1
1
1
1
1
1
1
1
1
1
1
1
1
1
1
1
1
1
1
1
1
1
1
1
1
1
1
1
1
1
1
1
1
1
1
1
1
1
1
1
1
1
1
1
1
1
1
1
1
1
1
1
1
1
1
1
1
1
1
1
1
1
1
1
1
1
1
1
1
1
1
1
1
1
1
1
1
1
1
1
1
1
1
1
1
1
1
1
1
1
1
1
1
1
1
1
1
1
1
1
1
1
1
1
1
1
1
1
1
1
1
1
1
1
1
1
1
1
1
1
1
1
1
1
1
1
1
1
1
1
1
1
1
1
1
1
1
1
1
1
1
1
1
1
1
1
1
1
1
1
1
1
1
1
1
1
1
1
1
1
1
1
1
1
1
1
1
1
1
1
1
1
1
1
1
1
1
1
1
1
1
1
1
1
1
1
1
1
1
1
1
1
1
1
1
1
1
1
1
1
1
1
1
1
1
1
1
1
1
1
1
1
1
1
1
1
1
1
1
1
1
1
1
1
1
1
1
1
1
1
1
1
1
1
1
1
1
1
1
1
1
1
1
1
1
1
1
1
1
1
1
1
1
1
1
1
1
1
1
1
1
1
1
1
1
1
1
1
1
1
1
1
1
1
1
1
1
1
1
1
1
1
1
1
1
1
1
1
1
1
1
1
1
1
1
1
1
1
1
1
1
1
1
1
1
1
1
1
1
1
1
1
1
1
1
1
1
1
1
1
1
1
1
1
1
1
1
1
1
1
1
1
1
1
1
1
1
1
1
1
1
1
1
1
1
1
1
1
1
1
1
1
1
1
1
1
1
1
1
1
1
1
1
1
1
1
1
1
1
1
1
1
1
1
1
1
1
1
1
1
1
1
1
1
1
1
1
1
1
1
1
1
1
1
1
1
1
1
1
1
1
1
1
1
1
1
1
1
1
1
1
1
1
1
1
1
1
1
1
1
1
1
1
1
1
1
1
1
1
1
1
1
1
1
1
1
1
1
1
1
1
1
1
1
1
1
1
1
1
1
1
1
1
1
1
1
1
1
1
1
3
3
3
3
3
3
3
3
3
3
3
3
3
3
3
3
3
3
3
3
3
3
3
3
3
3
3
3
3
3
3
3
3
3
3
3
3
3
3
3
3
3
3
3
3
3
3
3
3
3
3
3
3
3
3
3
3
3
3
3
3
3
3
3
3
3
3
3
3
3
3
3
3
3
3
3
3
3
3
3
3
3
3
3
3
3
3
3
3
3
3
3
3
3
3
3
3
3
3
3
3
3
3
3
3
3
3
3
3
3
3
3
3
3
3
3
3
3
3
3
3
3
3
3
3
3
3
3
3
3
3
3
3
3
3
3
3
3
3
3
3
3
3
3
3
3
3
3
3
3
3
3
3
3
3
3
3
3
3
3
3
3
3
3
3
3
3
3
3
3
3
3
3
3
3
3
3
3
3
3
3
3
3
3
3
3
3
3
3
3
3
3
3
3
3
3
3
3
3
3
3
3
3
3
3
3
3
3
3
3
3
3
3
3
3
3
3
3
3
3
3
3
3
3
3
3
3
3
3
3
3
3
3
3
3
3
3
3
3
3
3
3
3
3
3
3
3
3
3
3
3
3
3
3
3
3
3
3
3
3
3
3
3
3
3
3
3
3
3
3
3
3
3
3
3
3
3
3
3
3
3
3
3
3
3
3
3
3
3
3
3
3
3
3
3
3
3
3
3
3
3
3
3
3
3
3
3
3
3
3
3
3
3
3
3
3
3
3
3
3
3
3
3
3
3
3
3
3
3
3
3
3
3
3
3
3
3
3
3
3
3
3
3
3
3
3
3
3
3
3
3
3
3
3
3
3
3
3
3
3
3
3
3
3
3
3
3
3
3
3
3
3
3
3
3
3
3
3
3
3
3
3
3
3
3
3
3
3
3
3
3
3
3
3
3
3
3
3
3
3
3
3
3
3
3
3
3
3
3
3
3
3
3
3
3
3
3
3
3
3
3
3
3
3
3
3
3
3
3
3
3
3
3
3
3
3
3
3
3
3
3
3
3
3
3
3
3
3
3
3
3
3
3
3
3
3
3
3
3
3
3
3
3
3
3
3
3
3
3
3
3
3
3
3
3
3
3
3
3
3
3
3
3
3
3
3
3
3
3
3
3
3
3
3
3
3
3
3
3
3
3
3
3
3
3
3
3
3
3
3
3
3
3
3
3
3
3
3
3
3
3
3
3
3
3
3
3
3
3
3
3
3
3
3
3
3
3
3
3
3
3
3
3
3
3
3
3
3
3
3
3
3
3
3
3
3
3
3
3
3
3
3
3
3
3
3
3
3
3
3
3
3
3
3
3
3
3
3
3
3
3
3
3
3
3
3
3
3
3
3
3
3
3
3
3
3
3
3
3
3
3
3
3
3
3
3
3
3
3
3
3
3
3
3
3
3
3
3
3
3
3
3
3
3
3
3
3
3
3
3
3
3
3
3
3
3
3
3
3
3
3
3
3
3
3
3
3
3
3
3
3
3
3
3
3
3
3
3
3
3
3
3
3
3
3
3
3
3
3
3
3
3
3
3
3
3
3
3
3
3
3
3
3
3
3
3
3
3
3
3
3
3
3
3
3
3
3
3
3
3
3
3
3
3
3
3
3
3
3
3
3
3
3
3
3
3
3
3
3
3
3
3
3
3
3
3
3
3
3
3
3
3
3
3
3
3
3
3
3
3
3
3
3
3
3
3
3
3
3
3
3
3
3
3
3
3
3
3
3
3
3
3
3
3
3
3
3
3
3
3
3
3
3
3
3
3
3
3
3
3
3
3
3
3
3
3
3
3
3
3
3
3
3
3
3
3
3
3
3
3
3
3
3
3
3
3
3
3
3
3
3
3
3
3
3
3
3
3
3
3
3
3
3
3
3
3
3
3
3
3
3
3
3
3
3
3
3
3
3
3
3
3
3
3
3
3
3
3
3
3
3
3
3
3
3
3
3
3
3
3
3
3
3
3
3
3
3
3
3
3
3
3
3
3
3
3
3
3
3
3
3
3
3
3
3
3
3
3
3
3
3
3
3
3
3
3
3
3
3
3
3
3
3
3
3
3
3
3
3
3
3
3
3
3
3
3
3
3
3
3
3
3
3
3
3
3
3
3
3
3
3
3
3
3
3
3
3
3
3
3
3
3
3
3
3
3
3
3
3
3
3
3
3
3
3
3
3
3
3
3
3
3
3
3
3
3
3
3
3
3
3
3
3
3
3
3
3
3
3
3
3
3
3
3
3
3
3
3
3
3
3
3
3
3
3
3
3
3
3
3
3
3
3
3
3
3
3
3
3
3
3
3
3
3
3
3
3
3
3
3
3
3
3
3
3
3
3
3
3
3
3
3
3
3
3
3
3
3
3
3
3
3
3
3
3
3
3
3
3
3
3
3
3
3
3
3
3
3
3
3
3
3
3
3
3
3
3
3
3
3
3
3
3
3
3
3
3
3
3
3
3
3
3
3
3
3
3
3
3
3
3
3
3
3
3
3
3
3
3
3
3
3
3
3
3
3
3
3
3
3
3
3
3
3
3
3
3
3
3
3
3
3
3
3
3
3
3
3
3
3
3
3
3
3
3
3
3
3
3
3
3
3
3
3
3
3
3
3
3
3
3
3
3
3
3
3
3
3
3
3
3
3
3
3
3
3
3
3
3
3
3
3
3
3
3
3
3
3
3
3
3
3
3
3
3
3
3
3
3
3
3
3
3
3
3
3
3
3
3
3
3
3
3
3
3
3
3
3
3
3
3
3
3
3
3
3
3
3
3
3
3
3
3
3
3
3
3
3
3
3
3
3
3
3
3
3
3
3
3
3
3
3
3
3
3
3
3
3
3
3
3
3
3
3
3
3
3
3
3
3
3
3
3
3
3
3
3
3
3
3
3
3
3
3
3
3
3
3
3
3
3
3
3
3
3
3
3
3
3
3
3
3
3
3
3
3
3
3
3
3
3
3
3
3
3
3
3
3
3
3
3
3
3
3
3
3
3
3
3
3
3
3
3
3
3
3
3
3
3
3
3
3
3
3
3
3
3
3
3
3
3
3
3
3
3
3
3
3
3
3
3
3
3
3
3
3
3
3
3
3
3
3
3
3
3
3
3
3
3
3
3
3
3
3
3
3
3
3
3
3
3
3
3
3
3
3
3
3
3
3
3
3
3
3
3
3
3
3
3
3
3
3
3
3
3
3
3
3
3
3
3
3
3
3
3
3
3
3
3
3
3
3
3
3
3
3
3
3
3
3
3
3
3
3
3
3
3
3
3
3
3
3
3
3
3
3
3
3
3
3
3
3
3
3
3
3
3
3
3
3
3
3
3
3
3
3
3
3
3
3
3
3
3
3
3
3
3
3
3
3
3
3
3
3
3
3
3
3
3
3
3
3
3
3
3
3
3
3
3
3
3
3
3
3
3
3
3
3
3
3
3
3
3
3
3
3
3
3
3
3
3
3
3
3
3
3
3
3
3
3
3
3
3
3
3
3
3
3
3
3
3
3
3
3
3
3
3
3
3
3
3
3
3
3
3
3
3
3
3
3
3
3
3
3
3
3
3
3
3
3
3
3
3
3
3
3
3
3
3
3
3
3
3
3
3
3
3
3
3
3
3
3
3
3
3
3
3
3
3
3
3
3
3
3
3
3
3
3
3
3
3
3
3
3
3
3
3
3
3
3
3
3
3
3
3
3
3
3
3
3
3
3
3
3
3
3
3
3
3
3
3
3
3
3
3
3
3
3
3
3
3
3
3
3
3
3
3
3
3
3
3
3
3
3
3
3
3
3
3
3
3
3
3
3
3
3
3
3
3
3
3
3
3
3
3
3
3
3
3
3
3
3
3
3
3
3
3
3
3
3
3
3
3
3
3
3
3
3
3
3
3
3
3
3
3
3
3
3
3
3
3
3
3
3
3
3
3
3
3
3
3
3
3
3
3
3
3
3
3
3
3
3
3
3
3
3
3
3
3
3
3
3
3
3
3
3
3
3
3
3
3
3
3
3
3
3
3
3
3
3
3
3
3
3
3
3
3
3
3
3
3
3
3
3
3
3
3
3
3
3
3
3
3
3
3
3
3
3
3
3
3
3
3
3
3
3
3
3
3
3
3
3
3
3
3
3
3
3
3
3
3
3
3
3
3
3
3
3
3
3
3
3
3
3
3
3
3
3
3
3
3
3
3
3
3
3
3
3
3
3
3
3
3
3
3
3
3
3
3
3
3
3
3
3
3
3
3
3
3
3
3
3
3
3
3
3
3
3
3
3
3
3
3
3
3
3
3
3
3
3
3
3
3
3
3
3
3
3
3
3
3
3
3
3
3
3
3
3
3
3
3
3
3
3
3
3
3
3
3
3
3
3
3
3
3
3
3
3
3
3
3
3
3
3
3
3
3
3
3
3
3
3
3
3
3
3
3
3
3
3
3
3
3
3
3
3
3
3
3
3
3
3
3
3
3
3
3
3
3
3
3
3
3
3
3
3
3
3
3
3
3
3
3
3
3
3
3
3
3
3
3
3
3
3
3
3
3
3
3
3
3
3
3
3
3
3
3
3
3
3
3
3
3
3
3
3
3
3
3
3
3
3
3
3
3
3
3
3
3
3
3
3
3
3
3
3
3
3
3
3
3
3
3
3
3
3
3
3
3
3
3
3
3
3
3
3
3
3
3
3
3
3
3
3
3
3
3
3
3
3
3
3
3
3
3
3
3
3
3
3
3
3
3
3
3
3
3
3
3
3
3
3
3
3
3
3
3
3
3
3
3
3
3
3
3
3
3
3
3
3
3
3
3
3
3
3
3
3
3
3
3
3
3
3
3
3
3
3
3
3
3
3
3
3
3
3
3
3
3
3
3
3
3
3
3
3
3
3
3
3
3
3
3
3
3
3
3
3
3
3
3
3
3
3
3
3
3
3
3
3
3
3
3
3
3
3
3
3
3
3
3
3
3
3
3
3
3
3
3
3
3
3
3
3
3
3
3
3
3
3
3
3
3
3
3
3
3
3
3
3
3
3
3
3
3
3
3
3
3
3
3
3
3
3
3
3
3
3
3
3
3
3
3
3
3
3
3
3
3
3
3
3
3
3
3
3
3
3
3
3
3
3
3
3
3
3
3
3
3
3
3
3
3
3
3
3
3
3
3
3
3
3
3
3
3
3
3
3
3
3
3
3
3
3
3
3
3
3
3
3
3
3
3
3
3
3
3
3
3
3
3
3
3
3
3
3
3
3
3
3
3
3
3
3
3
3
3
3
3
3
3
3
3
3
3
3
3
3
3
3
3
3
3
3
3
3
3
3
3
3
3
3
3
3
3
3
3
3
3
3
3
3
3
3
3
3
3
3
3
3
3
3
3
3
3
3
3
3
3
3
3
3
3
3
3
3
3
3
3
3
3
3
3
3
3
3
3
3
3
3
3
3
3
3
3
3
3
3
3
3
3
3
3
3
3
3
3
3
3
3
3
3
3
3
3
3
3
3
3
3
3
3
3
3
3
3
3
3
3
3
3
3
3
3
3
3
3
3
3
3
3
3
3
3
3
3
3
3
3
3
3
3
3
3
3
3
3
3
3
3
3
3
3
3
3
3
3
3
3
3
3
3
3
3
3
3
3
3
3
3
3
3
3
3
3
3
3
3
3
3
3
3
3
3
3
3
3
3
3
3
3
3
3
3
3
3
3
3
3
3
3
3
3
3
3
3
3
3
3
3
3
3
3
3
3
3
3
3
3
3
3
3
3
3
3
3
3
3
3
3
3
3
3
3
3
3
3
3
3
3
3
3
3
3
3
3
3
3
3
3
3
3
3
3
3
3
3
3
3
3
3
3
3
3
3
3
3
3
3
3
3
3
3
3
3
3
3
3
3
3
3
3
3
3
3
3
3
3
3
3
3
3
3
3
3
3
3
3
3
3
3
3
3
3
3
3
3
3
3
3
3
3
3
3
3
3
3
3
3
3
3
3
3
3
3
3
3
3
3
3
3
3
3
3
3
3
3
3
3
3
3
3
3
3
3
3
3
3
3
3
3
3
3
3
3
3
3
3
3
3
3
3
3
3
3
3
3
3
3
3
3
3
3
3
3
3
3
3
3
3
3
3
3
3
3
3
3
3
3
3
3
3
3
3
3
3
3
3
3
3
3
3
3
3
3
3
3
3
3
3
3
3
3
3
3
3
3
3
3
3
3
3
3
3
3
3
3
3
3
3
3
3
3
3
3
3
3
3
3
3
3
3
3
3
3
3
3
3
3
3
3
3
3
3
3
3
3
3
3
3
3
3
3
3
3
3
3
3
3
3
3
3
3
3
3
3
3
3
3
3
3
3
3
3
3
3
3
3
3
3
3
3
3
3
3
3
3
3
3
3
3
3
3
3
3
3
3
3
3
3
3
3
3
3
3
3
3
3
3
3
3
3
3
3
3
3
3
3
3
3
3
3
3
3
3
3
3
3
3
3
3
3
3
3
3
3
3
3
3
3
3
3
3
3
3
3
3
3
3
3
3
3
3
3
3
3
3
3
3
3
3
3
3
3
3
3
3
3
3
3
3
3
3
3
3
3
3
3
3
3
3
3
3
3
3
3
3
3
3
3
3
3
3
3
3
3
3
3
3
3
3
3
3
3
3
3
3
3
3
3
3
3
3
3
3
3
3
3
3
3
3
3
3
3
3
3
3
3
3
3
3
3
3
3
3
3
3
3
3
3
3
3
3
3
3
3
3
3
3
3
3
3
3
3
3
3
3
3
3
3
3
3
3
3
3
3
3
3
3
3
3
3
3
3
3
3
3
3
3
3
3
3
3
3
3
3
3
3
3
3
3
3
3
3
3
3
3
3
3
3
3
3
3
3
3
3
3
3
3
3
3
3
3
3
3
3
3
3
3
3
3
3
3
3
3
3
3
3
3
3
3
3
3
3
3
3
3
3
3
3
3
3
3
3
3
3
3
3
3
3
3
3
3
3
3
3
3
3
3
3
3
3
3
3
3
3
3
3
3
3
3
3
3
3
3
3
3
3
3
3
3
3
3
3
3
3
3
3
3
3
3
3
3
3
3
3
3
3
3
3
3
3
3
3
3
3
3
3
3
3
3
3
3
3
3
3
3
3
3
3
3
3
3
3
3
3
3
3
3
3
3
3
3
3
3
3
3
3
3
3
3
3
3
3
3
3
3
3
3
3
3
3
3
3
3
3
3
3
3
3
3
3
3
3
3
3
3
3
3
3
3
3
3
3
3
3
3
3
3
3
3
3
3
3
3
3
3
3
3
3
3
3
3
3
3
3
3
3
3
3
3
3
3
3
3
3
3
3
3
3
3
3
3
3
3
3
3
3
3
3
3
3
3
3
3
3
3
3
3
3
3
3
3
3
3
3
3
3
3
3
3
3
3
3
3
3
3
3
3
3
3
3
3
3
3
3
3
3
3
3
3
3
3
3
3
3
3
3
3
3
3
3
3
3
3
3
3
3
3
3
3
3
3
3
3
3
3
3
3
3
3
3
3
3
3
3
3
3
3
3
3
3
3
3
3
3
3
3
3
3
3
3
3
3
3
3
3
3
3
3
3
3
3
3
3
3
3
3
3
3
3
3
3
3
3
3
3
3
3
3
3
3
3
3
3
3
3
3
3
3
3
3
3
3
3
3
3
3
3
3
3
3
3
3
3
3
3
3
3
3
3
3
3
3
3
3
3
3
3
3
3
3
3
3
3
3
3
3
3
3
3
3
3
3
3
3
3
3
3
3
3
3
3
3
3
3
3
3
3
3
3
3
3
3
3
3
3
3
3
3
3
3
3
3
3
3
3
3
3
3
3
3
3
3
3
3
3
3
3
3
3
3
3
3
3
3
3
3
3
3
3
3
3
3
3
3
3
3
3
3
3
3
3
3
3
3
3
3
3
3
3
3
3
3
3
3
3
3
3
3
3
3
3
3
3
3
3
3
3
3
3
3
3
3
3
3
3
3
3
3
3
3
3
3
3
3
3
3
3
3
3
3
3
3
3
3
3
3
3
3
3
3
3
3
3
3
3
3
3
3
3
3
3
3
3
3
3
3
3
3
3
3
3
3
3
3
3
3
3
3
3
3
3
3
3
3
3
3
3
3
3
3
3
3
3
3
3
3
3
3
3
3
3
3
3
3
3
3
3
3
3
3
3
3
3
3
3
3
3
3
3
3
3
3
3
3
3
3
3
3
3
3
3
3
3
3
3
3
3
3
3
3
3
3
3
3
3
3
3
3
3
3
3
3
3
3
3
3
3
3
3
3
3
3
3
3
3
3
3
3
3
3
3
3
3
3
3
3
3
3
3
3
3
3
3
3
3
3
3
3
3
3
3
3
3
3
3
3
3
3
3
3
3
3
3
3
3
3
3
3
3
3
3
3
3
3
3
3
3
3
3
3
3
3
3
3
3
3
3
3
3
3
3
3
3
3
3
3
3
3
3
3
3
3
3
3
3
3
3
3
3
3
3
3
3
3
3
3
3
3
3
3
3
3
3
3
3
3
3
3
3
3
3
3
3
3
3
3
3
3
3
3
3
3
3
3
3
3
3
3
3
3
3
3
3
3
3
3
3
3
3
3
3
3
3
3
3
3
3
3
3
3
3
3
3
3
3
3
3
3
3
3
3
3
3
3
3
3
3
3
3
3
3
3
3
3
3
3
3
3
3
3
3
3
3
3
3
3
3
3
3
3
3
3
3
3
3
3
3
3
3
3
3
3
3
3
3
3
3
3
3
3
3
3
3
3
3
3
3
3
3
3
3
3
3
3
3
3
3
3
3
3
3
3
3
3
3
3
3
3
3
3
3
3
3
3
3
3
3
3
3
3
3
3
3
3
3
3
3
3
3
3
3
3
3
3
3
3
3
3
3
3
3
3
3
3
3
3
3
3
3
3
3
3
3
3
3
3
3
3
3
3
3
3
3
3
3
3
3
3
3
3
3
3
3
3
3
3
3
3
3
3
3
3
3
3
3
3
3
3
3
3
3
3
3
3
3
3
3
3
3
3
3
3
3
3
3
3
3
3
3
3
3
3
3
3
3
3
3
3
3
3
3
3
3
3
3
3
3
3
3
3
3
3
3
3
3
3
3
3
3
3
3
3
3
3
3
3
3
3
3
3
3
3
3
3
3
3
3
3
3
3
3
3
3
3
3
3
3
3
3
3
3
3
3
3
3
3
3
3
3
3
3
3
3
3
3
3
3
3
3
3
3
3
3
3
3
3
3
3
3
3
3
3
3
3
3
3
3
3
3
3
3
3
3
3
3
3
3
3
3
3
3
3
3
3
3
3
3
3
3
3
3
3
3
3
3
3
3
3
3
3
3
3
3
3
3
3
3
3
3
3
3
3
3
3
3
3
3
3
3
3
3
3
3
3
3
3
3
3
3
3
3
3
3
3
3
3
3
3
3
3
3
3
3
3
3
3
3
3
3
3
3
3
3
3
3
3
3
3
3
3
3
3
3
3
3
3
3
3
3
3
3
3
3
3
3
3
3
3
3
3
3
3
3
3
3
3
3
3
3
3
3
3
3
3
3
3
3
3
3
3
3
3
3
3
3
3
3
3
3
3
3
3
3
3
3
3
3
3
3
3
3
3
3
3
3
3
3
3
3
3
3
3
3
3
3
3
3
3
3
3
3
3
3
3
3
3
3
3
3
3
3
3
3
3
3
3
3
3
3
3
3
3
3
3
3
3
3
3
3
3
3
3
3
3
3
3
3
3
3
3
3
3
3
3
3
3
3
3
3
3
3
3
3
3
3
3
3
3
3
3
3
3
3
3
3
3
3
3
3
3
3
3
3
3
3
3
3
3
3
3
3
3
3
3
3
3
3
3
3
3
3
3
3
3
3
3
3
3
3
3
3
3
3
3
3
3
3
3
3
3
3
3
3
3
3
3
3
3
3
3
3
3
3
3
3
3
3
3
3
3
3
3
3
3
3
3
3
3
3
3
3
3
3
3
3
3
3
3
3
3
3
3
3
3
3
3
3
3
3
3
3
3
3
3
3
3
3
3
3
3
3
3
3
3
3
3
3
3
3
3
3
3
3
3
3
3
3
3
3
3
3
3
3
3
3
3
3
3
3
3
3
3
3
3
3
3
3
3
3
3
3
3
3
3
3
3
3
3
3
3
3
3
3
3
3
3
3
3
3
3
3
3
3
3
3
3
3
3
3
3
3
3
3
3
3
3
3
3
3
3
3
3
3
3
3
3
3
3
3
3
3
3
3
3
3
3
3
3
3
3
3
3
3
3
3
3
3
3
3
3
3
3
3
3
3
3
3
3
3
3
3
3
3
3
3
3
3
3
3
3
3
3
3
3
3
3
3
3
3
3
3
3
3
3
3
3
3
3
3
3
3
3
3
3
3
3
3
3
3
3
3
3
3
3
3
3
3
3
3
3
3
3
3
3
3
3
3
3
3
3
3
3
3
3
3
3
3
3
3
3
3
3
3
3
3
3
3
3
3
3
3
3
3
3
3
3
3
3
3
3
3
3
3
3
3
3
3
3
3
3
3
3
3
3
3
3
3
3
3
3
3
3
3
3
3
3
3
3
3
3
3
3
3
3
3
3
3
3
3
3
3
3
3
3
3
3
3
3
3
3
3
3
3
3
3
3
3
3
3
3
3
3
3
3
3
3
3
3
3
3
3
3
3
3
3
3
3
3
3
3
3
3
3
3
3
3
3
3
3
3
3
3
3
3
3
3
3
3
3
3
3
3
3
3
3
3
3
3
3
3
3
3
3
3
3
3
3
3
3
3
3
3
3
3
3
3
3
3
3
3
3
3
3
3
3
3
3
3
3
3
3
3
3
3
3
3
3
3
3
3
3
3
3
3
3
3
3
3
3
3
3
3
3
3
3
3
3
3
3
3
3
3
3
3
3
3
3
3
3
3
3
3
3
3
3
3
3
3
3
3
3
3
3
3
3
3
3
3
3
3
3
3
3
3
3
3
3
3
3
3
3
3
3
3
3
3
3
3
3
3
3
3
3
3
3
3
3
3
3
3
3
3
3
3
3
3
3
3
3
3
3
3
3
3
3
3
3
3
3
3
3
3
3
3
3
3
3
3
3
3
3
3
3
3
3
3
3
3
3
3
3
3
3
3
3
3
3
3
3
3
3
3
3
3
3
3
3
3
3
3
3
3
3
3
3
3
3
3
3
3
3
3
3
3
3
3
3
3
3
3
3
3
3
3
3
3
3
3
3
3
3
3
3
3
3
3
3
3
3
3
3
3
3
3
3
3
3
3
3
3
3
3
3
3
3
3
3
3
3
3
3
3
3
3
3
3
3
3
3
3
3
3
3
3
3
3
3
3
3
3
3
3
3
3
3
3
3
3
3
3
3
3
3
3
3
3
3
3
3
3
3
3
3
3
3
3
3
3
3
3
3
3
3
3
3
3
3
3
3
3
3
3
3
3
3
3
3
3
3
3
3
3
3
3
3
3
3
3
3
3
3
3
3
3
3
3
3
3
3
3
3
3
3
3
3
3
3
3
3
3
3
3
3
3
3
3
3
3
3
3
3
3
3
3
3
3
3
3
3
3
3
3
3
3
3
3
3
3
3
3
3
3
3
3
3
3
3
3
3
3
3
3
3
3
3
3
3
3
3
3
3
3
3
3
3
3
3
3
3
3
3
3
3
3
3
3
3
3
3
3
3
3
3
3
3
3
3
3
3
3
3
3
3
3
3
3
3
3
3
3
3
3
3
3
3
3
3
3
3
3
3
3
3
3
3
3
3
3
3
3
3
3
3
3
3
3
3
3
3
3
3
3
3
3
3
3
3
3
3
3
3
3
3
3
3
3
3
3
3
3
3
3
3
3
3
3
3
3
3
3
3
3
3
3
3
3
3
3
3
3
3
3
3
3
3
3
3
3
3
3
3
3
3
3
3
3
3
3
3
3
3
3
3
3
3
3
3
3
3
3
3
3
3
3
3
3
3
3
3
3
3
3
3
3
3
3
3
3
3
3
3
3
3
3
3
3
3
3
3
3
3
3
3
3
3
3
3
3
3
3
3
3
3
3
3
3
3
3
3
3
3
3
3
3
3
3
3
3
3
3
3
3
3
3
3
3
3
3
3
3
3
3
3
3
3
3
3
3
3
3
3
3
3
3
3
3
3
3
3
3
3
3
3
3
3
3
3
3
3
3
3
3
3
3
3
3
3
3
3
3
3
3
3
3
3
3
3
3
3
3
3
3
3
3
3
3
3
3
3
3
3
3
3
3
3
3
3
3
3
3
3
3
3
3
3
3
3
3
3
3
3
3
3
3
3
3
3
3
3
3
3
3
3
3
3
3
3
3
3
3
3
3
3
3
3
3
3
3
3
3
3
3
3
3
3
3
3
3
3
3
3
3
3
3
3
3
3
3
3
3
3
3
3
3
3
3
3
3
3
3
3
3
3
3
3
3
3
3
3
3
3
3
3
3
3
3
3
3
3
3
3
3
3
3
3
3
3
3
3
3
3
3
3
3
3
3
3
3
3
3
3
3
3
3
3
3
3
3
3
3
3
3
3
3
3
3
3
3
3
3
3
3
3
3
3
3
3
3
3
3
3
3
3
3
3
3
3
3
3
3
3
3
3
3
3
3
3
3
3
3
3
3
3
3
3
3
3
3
3
3
3
3
3
3
3
3
3
3
3
3
3
3
3
3
3
3
3
3
3
3
3
3
3
3
3
3
3
3
3
3
3
3
3
3
3
3
3
3
3
3
3
3
3
3
3
3
3
3
3
3
3
3
3
3
3
3
3
3
3
3
3
3
3
3
3
3
3
3
3
3
3
3
3
3
3
3
3
3
3
3
3
3
3
3
3
3
3
3
3
3
3
3
3
3
3
3
3
3
3
3
3
3
3
3
3
3
3
3
3
3
3
3
3
3
3
3
3
3
3
3
3
3
3
3
3
3
3
3
3
3
3
3
3
3
3
3
3
3
3
3
3
3
3
3
3
3
3
3
3
3
3
3
3
3
3
3
3
3
3
3
3
3
3
3
3
3
3
3
3
3
3
3
3
3
3
3
3
3
3
3
3
3
3
3
3
3
3
3
3
3
3
3
3
3
3
3
3
3
3
3
3
3
3
3
3
3
3
3
3
3
3
3
3
3
3
3
3
3
3
3
3
3
3
3
3
3
3
3
3
3
3
3
3
3
3
3
3
3
3
3
3
3
3
3
3
3
3
3
3
3
3
3
3
3
3
3
3
3
3
3
3
3
3
3
3
3
3
3
3
3
3
3
3
3
3
3
3
3
3
3
3
3
3
3
3
3
3
3
3
3
3
3
3
3
3
3
3
3
3
3
3
3
3
3
3
3
3
3
3
3
3
3
3
3
3
3
3
3
3
3
3
3
3
3
3
3
3
3
3
3
3
3
3
3
3
3
3
3
3
3
3
3
3
3
3
3
3
3
3
3
3
3
3
3
3
3
3
3
3
3
3
3
3
3
3
3
3
3
3
3
3
3
3
3
3
3
3
3
3
3
3
3
3
3
3
3
3
3
3
3
3
3
3
3
3
3
3
3
3
3
3
3
3
3
3
3
3
3
3
3
3
3
3
3
3
3
3
3
3
3
3
3
3
3
3
3
3
3
3
3
3
3
3
3
3
3
3
3
3
3
3
3
3
3
3
3
3
3
3
3
3
3
3
3
3
3
3
3
3
3
3
3
3
3
3
3
3
3
3
3
3
3
3
3
3
3
3
3
3
3
3
3
3
3
3
3
3
3
3
3
3
3
3
3
3
3
3
3
3
3
3
3
3
3
3
3
3
3
3
3
3
3
3
3
3
3
3
3
3
3
3
3
3
3
3
3
3
3
3
3
3
3
3
3
3
3
3
3
3
3
3
3
3
3
3
3
3
3
3
3
3
3
3
3
3
3
3
3
3
3
3
3
3
3
3
3
3
3
3
3
3
3
3
3
3
3
3
3
3
3
3
3
3
3
3
3
3
3
3
3
3
3
3
3
3
3
3
3
3
3
3
3
3
3
3
3
3
3
3
3
3
3
3
3
3
3
3
3
3
3
3
3
3
3
3
3
3
3
3
3
3
3
3
3
3
3
3
3
3
3
3
3
3
3
3
3
3
3
3
3
3
3
3
3
3
3
3
3
3
3
3
3
3
3
3
3
3
3
3
3
3
3
3
3
3
3
3
3
3
3
3
3
3
3
3
3
3
3
3
3
3
3
3
3
3
3
3
3
3
3
3
3
3
3
3
3
3
3
3
3
3
3
3
3
3
3
3
3
3
3
3
3
3
3
3
3
3
3
3
3
3
3
3
3
3
3
3
3
3
3
3
3
3
3
3
3
3
3
3
3
3
3
3
3
3
3
3
3
3
3
3
3
3
3
3
3
3
3
3
3
3
3
3
3
3
3
3
3
3
3
3
3
3
3
3
3
3
3
3
3
3
3
3
3
3
3
3
3
3
3
3
3
3
3
3
3
3
3
3
3
3
3
3
3
3
3
3
3
3
3
3
3
3
3
3
3
3
3
3
3
3
3
3
3
3
3
3
3
3
3
3
3
3
3
3
3
3
3
3
3
3
3
3
3
3
3
3
3
3
3
3
3
3
3
3
3
3
3
3
3
3
3
3
3
3
3
3
3
3
3
3
3
3
3
3
3
3
3
3
3
3
3
3
3
3
3
3
3
3
3
3
3
3
3
3
3
3
3
3
3
3
3
3
3
3
3
3
3
3
3
3
3
3
3
3
3
3
3
3
3
3
3
3
3
3
3
3
3
3
3
3
3
3
3
3
3
3
3
3
3
3
3
3
3
3
3
3
3
3
3
3
3
3
3
3
3
3
3
3
3
3
3
3
3
3
3
3
3
3
3
3
3
3
3
3
3
3
3
3
3
3
3
3
3
3
3
3
3
3
3
3
3
3
3
3
3
3
3
3
3
3
3
3
3
3
3
3
3
3
3
3
3
3
3
3
3
3
3
3
3
3
3
3
3
3
3
3
3
3
3
3
3
3
3
3
3
3
3
3
3
3
3
3
3
3
3
3
3
3
3
3
3
3
3
3
3
3
3
3
3
3
3
3
3
3
3
3
3
3
3
3
3
3
3
3
3
3
3
3
3
3
3
3
3
3
3
3
3
3
3
3
3
3
3
3
3
3
3
3
3
3
3
3
3
3
3
3
3
3
3
3
3
3
3
3
3
3
3
3
3
3
3
3
3
3
3
3
3
3
3
3
3
3
3
3
3
3
3
3
3
3
3
3
3
3
3
3
3
3
3
3
3
3
3
3
3
3
3
3
3
3
3
3
3
3
3
3
3
3
3
3
3
3
3
3
3
3
3
3
3
3
3
3
3
3
3
3
3
3
3
3
3
3
3
3
3
3
3
3
3
3
3
3
3
3
3
3
3
3
3
3
3
3
3
3
3
3
3
3
3
3
3
3
3
3
3
3
3
3
3
3
3
3
3
3
3
3
3
3
3
3
3
3
3
3
3
3
3
3
3
3
3
3
3
3
3
3
3
3
3
3
3
3
3
3
3
3
3
3
3
3
3
3
3
3
3
3
3
3
3
3
3
3
3
3
3
3
3
3
3
3
3
3
3
3
3
3
3
3
3
3
3
3
3
3
3
3
3
3
3
3
3
3
3
3
3
3
3
3
3
3
3
3
3
3
3
3
3
3
3
3
3
3
3
3
3
3
3
3
3
3
3
3
3
3
3
3
3
3
3
3
3
3
3
3
3
3
3
3
3
3
3
3
3
3
3
3
3
3
3
3
3
3
3
3
3
3
3
3
3
3
3
3
3
3
3
3
3
3
3
3
3
3
3
3
3
3
3
3
3
3
3
3
3
3
3
3
3
3
3
3
3
3
3
3
3
3
3
3
3
3
3
3
3
3
3
3
3
3
3
3
3
3
3
3
3
3
3
3
3
3
3
3
3
3
3
3
3
3
3
3
3
3
3
3
3
3
3
3
3
3
3
3
3
3
3
3
3
3
3
3
3
3
3
3
3
3
3
3
3
3
3
3
3
3
3
3
3
3
3
3
3
3
3
3
3
3
3
3
3
3
3
3
3
3
3
3
3
3
3
3
3
3
3
3
3
3
3
3
3
3
3
3
3
3
3
3
3
3
3
3
3
3
3
3
3
3
3
3
3
3
3
3
3
3
3
3
3
3
3
3
3
3
3
3
3
3
3
3
3
3
3
3
3
3
3
3
3
3
3
3
3
3
3
3
3
3
3
3
3
3
3
3
3
3
3
3
3
3
3
3
3
3
3
3
3
3
3
3
3
3
3
3
3
3
3
3
3
3
3
3
3
3
3
3
3
3
3
3
3
3
3
3
3
3
3
3
3
3
3
3
3
3
3
3
3
3
3
3
3
3
3
3
3
3
3
3
3
3
3
3
3
3
3
3
3
3
3
3
3
3
3
3
3
3
3
3
3
3
3
3
3
3
3
3
3
3
3
3
3
3
3
3
3
3
3
3
3
3
3
3
3
3
3
3
3
3
3
3
3
3
3
3
3
3
3
3
3
3
3
3
3
3
3
3
3
3
3
3
3
3
3
3
3
3
3
3
3
3
3
3
3
3
3
3
3
3
3
3
3
3
3
3
3
3
3
3
3
3
3
3
3
3
3
3
3
3
3
3
3
3
3
3
3
3
3
3
3
3
3
3
3
3
3
3
3
3
3
3
3
3
3
3
3
3
3
3
3
3
3
3
3
3
3
3
3
3
3
3
3
3
3
3
3
3
3
3
3
3
3
3
3
3
3
3
3
3
3
3
3
3
3
3
3
3
3
3
3
3
3
3
3
3
3
3
3
3
3
3
3
3
3
3
3
3
3
3
3
3
3
3
3
3
3
3
3
3
3
3
3
3
3
3
3
3
3
3
3
3
3
3
3
3
3
3
3
3
3
3
3
3
3
3
3
3
3
3
3
3
3
3
3
3
3
3
3
3
3
3
3
3
3
3
3
3
3
3
3
3
3
3
3
3
3
3
3
3
3
3
3
3
3
3
3
3
3
3
3
3
3
3
3
3
3
3
3
3
3
3
3
3
3
3
3
3
3
3
3
3
3
3
3
3
3
3
3
3
3
3
3
3
3
3
3
3
3
3
3
3
3
3
3
3
3
3
3
3
3
3
3
3
3
3
3
3
3
3
3
3
3
3
3
3
3
3
3
3
3
3
3
3
3
3
3
3
3
3
3
3
3
3
3
3
3
3
3
3
3
3
3
3
3
3
3
3
3
3
3
3
3
3
3
3
3
3
3
3
3
3
3
3
3
3
3
3
3
3
3
3
3
3
3
3
3
3
3
3
3
3
3
3
3
3
3
3
3
3
3
3
3
3
3
3
3
3
3
3
3
3
3
3
3
3
3
3
3
3
3
3
3
3
3
3
3
3
3
3
3
3
3
3
3
3
3
3
3
3
3
3
3
3
3
3
3
3
3
3
3
3
3
3
3
3
3
3
3
3
3
3
3
3
3
3
3
3
3
3
3
3
3
3
3
3
3
3
3
3
3
3
3
3
3
3
3
3
3
3
3
3
3
3
3
3
3
3
3
3
3
3
3
3
3
3
3
3
3
3
3
3
3
3
3
3
3
3
3
3
3
3
3
3
3
3
3
3
3
3
3
3
3
3
3
3
3
3
3
3
3
3
3
3
3
3
3
3
3
3
3
3
3
3
3
3
3
3
3
3
3
3
3
3
3
3
3
3
3
3
3
3
3
3
3
3
3
3
3
3
3
3
3
3
3
3
3
3
3
3
3
3
3
3
3
3
3
3
3
3
3
3
3
3
3
3
3
3
3
3
3
3
3
3
3
3
3
3
3
3
3
3
3
3
3
3
3
3
3
3
3
3
3
3
3
3
3
3
3
3
3
3
3
3
3
3
3
3
3
3
3
3
3
3
3
3
3
3
3
3
3
3
3
3
3
3
3
3
3
3
3
3
3
3
3
3
3
3
3
3
3
3
3
3
3
3
3
3
3
3
3
3
3
3
3
3
3
3
3
3
3
3
3
3
3
3
3
3
3
3
3
3
3
3
3
3
3
3
3
3
3
3
3
3
3
3
3
3
3
3
3
3
3
3
3
3
3
3
3
3
3
3
3
3
3
3
3
3
3
3
3
3
3
3
3
3
3
3
3
3
3
3
3
3
3
3
3
3
3
3
3
3
3
3
3
3
3
3
3
3
3
3
3
3
3
3
3
3
3
3
3
3
3
3
3
3
3
3
3
3
3
3
3
3
3
3
3
3
3
3
3
3
3
3
3
3
3
3
3
3
3
3
3
3
3
3
3
3
3
3
3
3
3
3
3
3
3
3
3
3
3
3
3
3
3
3
3
3
3
3
3
3
3
3
3
3
3
3
3
3
3
3
3
3
3
3
3
3
3
3
3
3
3
3
3
3
3
3
3
3
3
3
3
3
3
3
3
3
3
3
3
3
3
3
3
3
3
3
3
3
3
3
3
3
3
3
3
3
3
3
3
3
3
3
3
3
3
3
3
3
3
3
3
3
3
3
3
3
3
3
3
3
3
3
3
3
3
3
3
3
3
3
3
3
3
3
3
3
3
3
3
3
3
3
3
3
3
3
3
3
3
3
3
3
3
3
3
3
3
3
3
3
3
3
3
3
3
3
3
3
3
3
3
3
3
3
3
3
3
3
3
3
3
3
3
3
3
3
3
3
3
3
3
3
3
3
3
3
3
3
3
3
3
3
3
3
3
3
3
3
3
3
3
3
3
3
3
3
3
3
3
3
3
3
3
3
3
3
3
3
3
3
3
3
3
3
3
3
3
3
3
3
3
3
3
3
3
3
3
3
3
3
3
3
3
3
3
3
3
3
3
3
3
3
3
3
3
3
3
3
3
3
3
3
3
3
3
3
3
3
3
3
3
3
3
3
3
3
3
3
3
3
3
3
3
3
3
3
3
3
3
3
3
3
3
3
3
3
3
3
3
3
3
3
3
3
3
3
3
3
3
3
3
3
3
3
3
3
3
3
3
3
3
3
3
3
3
3
3
3
3
3
3
3
3
3
3
3
3
3
3
3
3
3
3
3
3
3
3
3
3
3
3
3
3
3
3
3
3
3
3
3
3
3
3
3
3
3
3
3
3
3
3
3
3
3
3
3
3
3
3
3
3
3
3
3
3
3
3
3
3
3
3
3
3
3
3
3
3
3
3
3
3
3
3
3
3
3
3
3
3
3
3
3
3
3
3
3
3
3
3
3
3
3
3
3
3
3
3
3
3
3
3
3
3
3
3
3
3
3
3
3
3
3
3
3
3
3
3
3
3
3
3
3
3
3
3
3
3
3
3
3
3
3
3
3
3
3
3
3
3
3
3
3
3
3
3
3
3
3
3
3
3
3
3
3
3
3
3
3
3
3
3
3
3
3
3
3
3
3
3
3
3
3
3
3
3
3
3
3
3
3
3
3
3
3
3
3
3
3
3
3
3
3
3
3
3
3
3
3
3
3
3
3
3
3
3
3
3
3
3
3
3
3
3
3
3
3
3
3
3
3
3
3
3
3
3
3
3
3
3
3
3
3
3
3
3
3
3
3
3
3
3
3
3
3
3
3
3
3
3
3
3
3
3
3
3
3
3
3
3
3
3
3
3
3
3
3
3
3
3
3
3
3
3
3
3
3
3
3
3
3
3
3
3
3
3
3
3
3
3
3
3
3
3
3
3
3
3
3
3
3
3
3
3
3
3
3
3
3
3
3
3
3
3
3
3
3
3
3
3
3
3
3
3
3
3
3
3
3
3
3
3
3
3
3
3
3
3
3
3
3
3
3
3
3
3
3
3
3
3
3
3
3
3
3
3
3
3
3
3
3
3
3
3
3
3
3
3
3
3
3
3
3
3
3
3
3
3
3
3
3
3
3
3
3
3
3
3
3
3
3
3
3
3
3
3
3
3
3
3
3
3
3
3
3
3
3
3
3
3
3
3
3
3
3
3
3
3
3
3
3
3
3
3
3
3
3
3
3
3
3
3
3
3
3
3
3
3
3
3
3
3
3
3
3
3
3
3
3
3
3
3
3
3
3
3
3
3
3
3
3
3
3
3
3
3
3
3
3
3
3
3
3
3
3
3
3
3
3
3
3
3
3
3
3
3
3
3
3
3
3
3
3
3
3
3
3
3
3
3
3
3
3
3
3
3
3
3
3
3
3
3
3
3
3
3
3
3
3
3
3
3
3
3
3
3
3
3
3
3
3
3
3
3
3
3
3
3
3
3
3
3
3
3
3
3
3
3
3
3
3
3
3
3
3
3
3
3
3
3
3
3
3
3
3
3
3
3
3
3
3
3
3
3
3
3
3
3
3
3
3
3
3
3
3
3
3
3
3
3
3
3
3
3
3
3
3
3
3
3
3
3
3
3
3
3
3
3
3
3
3
3
3
3
3
3
3
3
3
3
3
3
3
3
3
3
3
3
3
3
3
3
3
3
3
3
3
3
3
3
3
3
3
3
3
3
3
3
3
3
3
3
3
3
3
3
3
3
3
3
3
3
3
3
3
3
3
3
3
3
3
3
3
3
3
3
3
3
3
3
3
3
3
3
3
3
3
3
3
3
3
3
3
3
3
3
3
3
3
3
3
3
3
3
3
3
3
3
3
3
3
3
3
3
3
3
3
3
3
3
3
3
3
3
3
3
3
3
3
3
3
3
3
3
3
3
3
3
3
3
3
3
3
3
3
3
3
3
3
3
3
3
3
3
3
3
3
3
3
3
3
3
3
3
3
3
3
3
3
3
3
3
3
3
3
3
3
3
3
3
3
3
3
3
3
3
3
3
3
3
3
3
3
3
3
3
3
3
3
3
3
3
3
3
3
3
3
3
3
3
3
3
3
3
3
3
3
3
3
3
3
3
3
3
3
3
3
3
3
3
3
3
3
3
3
3
3
3
3
3
3
3
3
3
3
3
3
3
3
3
3
3
3
3
3
3
3
3
3
3
3
3
3
3
3
3
3
3
3
3
3
3
3
3
3
3
3
3
3
3
3
3
3
3
3
3
3
3
3
3
3
3
3
3
3
3
3
3
3
3
3
3
3
3
3
3
3
3
3
3
3
3
3
3
3
3
3
3
3
3
3
3
3
3
3
3
3
3
3
3
3
3
3
3
3
3
3
3
3
3
3
3
3
3
3
3
3
3
3
3
3
3
3
3
3
3
3
3
3
3
3
3
3
3
3
3
3
3
3
3
3
3
3
3
3
3
3
3
3
3
3
3
3
3
3
3
3
3
3
3
3
3
3
3
3
3
3
3
3
3
3
3
3
3
3
3
3
3
3
3
3
3
3
3
3
3
3
3
3
3
3
3
3
3
3
3
3
3
3
3
3
3
3
3
3
3
3
3
3
3
3
3
3
3
3
3
3
3
3
3
3
3
3
3
3
3
3
3
3
3
3
3
3
3
3
3
3
3
3
3
3
3
3
3
3
3
3
3
3
3
3
3
3
3
3
3
3
3
3
3
3
3
3
3
3
3
3
3
3
3
3
3
3
3
3
3
3
3
3
3
3
3
3
3
3
3
3
3
3
3
3
3
3
3
3
3
3
3
3
3
3
3
3
3
3
3
3
3
3
3
3
3
3
3
3
3
3
3
3
3
3
3
3
3
3
3
3
3
3
3
3
3
3
3
3
3
3
3
3
3
3
3
3
3
3
3
3
3
3
3
3
3
3
3
3
3
3
3
3
3
3
3
3
3
3
3
3
3
3
3
3
3
3
3
3
3
3
3
3
3
3
3
3
3
3
3
3
3
3
3
3
3
3
3
3
3
3
3
3
3
3
3
3
3
3
3
3
3
3
3
3
3
3
3
3
3
3
3
3
3
3
3
3
3
3
3
3
3
3
3
3
3
3
3
3
3
3
3
3
3
3
3
3
3
3
3
3
3
3
3
3
3
3
3
3
3
3
3
3
3
3
3
3
3
3
3
3
3
3
3
3
3
3
3
3
3
3
3
3
3
3
3
3
3
3
3
3
3
3
3
3
3
3
3
3
3
3
3
3
3
3
3
3
3
3
3
3
3
3
3
3
3
3
3
3
3
3
3
3
3
3
3
3
3
3
3
3
3
3
3
3
3
3
3
3
3
3
3
3
3
3
3
3
3
3
3
3
3
3
3
3
3
3
3
3
3
3
3
3
3
3
3
3
3
3
3
3
3
3
3
3
3
3
3
3
3
3
3
3
3
3
3
3
3
3
3
3
3
3
3
3
3
3
3
3
3
3
3
3
3
3
3
3
3
3
3
3
3
3
3
3
3
3
3
3
3
3
3
3
3
3
3
3
3
3
3
3
3
3
3
3
3
3
3
3
3
3
3
3
3
3
3
3
3
3
3
3
3
3
3
3
3
3
3
3
3
3
3
3
3
3
3
3
3
3
3
3
3
3
3
3
3
3
3
3
3
3
3
3
3
3
3
3
3
3
3
3
3
3
3
3
3
3
3
3
3
3
3
3
3
3
3
3
3
3
3
3
3
3
3
3
3
3
3
3
3
3
3
3
3
3
3
3
3
3
3
3
3
3
3
3
3
3
3
3
3
3
3
3
3
3
3
3
3
3
3
3
3
3
3
3
3
3
3
3
3
3
3
3
3
3
3
3
3
3
3
3
3
3
3
3
3
3
3
3
3
3
3
3
3
3
3
3
3
3
3
3
3
3
3
3
3
3
3
3
3
3
3
3
3
3
3
3
3
3
3
3
3
3
3
3
3
3
3
3
3
3
3
3
3
3
3
3
3
3
3
3
3
3
3
3
3
3
3
3
3
3
3
3
3
3
3
3
3
3
3
3
3
3
3
3
3
3
3
3
3
3
3
3
3
3
3
3
3
3
3
3
3
3
3
3
3
3
3
3
3
3
3
3
3
3
3
3
3
3
3
3
3
3
3
3
3
3
3
3
3
3
3
3
3
3
3
3
3
3
3
3
3
3
3
3
3
3
3
3
3
3
3
3
3
3
3
3
3
3
3
3
3
3
3
3
3
3
3
3
3
3
3
3
3
3
3
3
3
3
3
3
3
3
3
3
3
3
3
3
3
3
3
3
3
3
3
3
3
3
3
3
3
3
3
3
3
3
3
3
3
3
3
3
3
3
3
3
3
3
3
3
3
3
3
3
3
3
3
3
3
3
3
3
3
3
3
3
3
3
3
3
3
3
3
3
3
3
3
3
3
3
3
3
3
3
3
3
3
3
3
3
3
3
3
3
3
3
3
3
3
3
3
3
3
3
3
3
3
3
3
3
3
3
3
3
3
3
3
3
3
3
3
3
3
3
3
3
3
3
3
3
3
3
3
3
3
3
3
3
3
3
3
3
3
3
3
3
3
3
3
3
3
3
3
3
3
3
3
3
3
3
3
3
3
3
3
3
3
3
3
3
3
3
3
3
3
3
3
3
3
3
3
3
3
3
3
3
3
3
3
3
3
3
3
3
3
3
3
3
3
3
3
3
3
3
3
3
3
3
3
3
3
3
3
3
3
3
3
3
3
3
3
3
3
3
3
3
3
3
3
3
3
3
3
3
3
3
3
3
3
3
3
3
3
3
3
3
3
3
3
3
3
3
3
3
3
3
3
3
3
3
3
3
3
3
3
3
3
3
3
3
3
3
3
3
3
3
3
3
3
3
3
3
3
3
3
3
3
3
3
3
3
3
3
3
3
3
3
3
3
3
3
3
3
3
3
3
3
3
3
3
3
3
3
3
3
3
3
3
3
3
3
3
3
3
3
3
3
3
3
3
3
3
3
3
3
3
3
3
3
3
3
3
3
3
3
3
3
3
3
3
3
3
3
3
3
3
3
3
3
3
3
3
3
3
3
3
3
3
3
3
3
3
3
3
3
3
3
3
3
3
3
3
3
3
3
3
3
3
3
3
3
3
3
3
3
3
3
3
3
3
3
3
3
3
3
3
3
3
3
3
3
3
3
3
3
3
3
3
3
3
3
3
3
3
3
3
3
3
3
3
3
3
3
3
3
3
3
3
3
3
3
3
3
3
3
3
3
3
3
3
3
3
3
3
3
3
3
3
3
3
3
3
3
3
3
3
3
3
3
3
3
3
3
3
3
3
3
3
3
3
3
3
3
3
3
3
3
3
3
3
3
3
3
3
3
3
3
3
3
3
3
3
3
3
3
3
3
3
3
3
3
3
3
3
3
3
3
3
3
3
3
3
3
3
3
3
3
3
3
3
3
3
3
3
3
3
3
3
3
3
3
3
3
3
3
3
3
3
3
3
3
3
3
3
3
3
3
3
3
3
3
3
3
3
3
3
3
3
3
3
3
3
3
3
3
3
3
3
3
3
3
3
3
3
3
3
3
3
3
3
3
3
3
3
3
3
3
3
3
3
3
3
3
3
3
3
3
3
3
3
3
3
3
3
3
3
3
3
3
3
3
3
3
3
3
3
3
3
3
3
3
3
3
3
3
3
3
3
3
3
3
3
3
3
3
3
3
3
3
3
3
3
3
3
3
3
3
3
3
3
3
3
3
3
3
3
3
3
3
3
3
3
3
3
3
3
3
3
3
3
3
3
3
3
3
3
3
3
3
3
3
3
3
3
3
3
3
3
3
3
3
3
3
3
3
3
3
3
3
3
3
3
3
3
3
3
3
3
3
3
3
3
3
3
3
3
3
3
3
3
3
3
3
3
3
3
3
3
3
3
3
3
3
3
3
3
3
3
3
3
3
3
3
3
3
3
3
3
3
3
3
3
3
3
3
3
3
3
3
3
3
3
3
3
3
3
3
3
3
3
3
3
3
3
3
3
3
3
3
3
3
3
3
3
3
3
3
3
3
3
3
3
3
3
3
3
3
3
3
3
3
3
3
3
3
3
3
3
3
3
3
3
3
3
3
3
3
3
3
3
3
3
3
3
3
3
3
3
3
3
3
3
3
3
3
3
3
3
3
3
3
3
3
3
3
3
3
3
3
3
3
3
3
3
3
3
3
3
3
3
3
3
3
3
3
3
3
3
3
3
3
3
3
3
3
3
3
3
3
3
3
3
3
3
3
3
3
3
3
3
3
3
3
3
3
3
3
3
3
3
3
3
3
3
3
3
3
3
3
3
3
3
3
3
3
3
3
3
3
3
3
3
3
3
3
3
3
3
3
3
3
3
3
3
3
3
3
3
3
3
3
3
3
3
3
3
3
3
3
3
3
3
3
3
3
3
3
3
3
3
3
3
3
3
3
3
3
3
3
3
3
3
3
3
3
3
3
3
3
3
3
3
3
3
3
3
3
3
3
3
3
3
3
3
3
3
3
3
3
3
3
3
3
3
3
3
3
3
3
3
3
3
3
3
3
3
3
3
3
3
3
3
3
3
3
3
3
3
3
3
3
3
3
3
3
3
3
3
3
3
3
3
3
3
3
3
3
3
3
3
3
3
3
3
3
3
3
3
3
3
3
3
3
3
3
3
3
3
3
3
3
3
3
3
3
3
3
3
3
3
3
3
3
3
3
3
3
3
3
3
3
3
3
3
3
3
3
3
3
3
3
3
3
3
3
3
3
3
3
3
3
3
3
3
3
3
3
3
3
3
3
3
3
3
3
3
3
3
3
3
3
3
3
3
3
3
3
3
3
3
3
3
3
3
3
3
3
3
3
3
3
3
3
3
3
3
3
3
3
3
3
3
3
3
3
3
3
3
3
3
3
3
3
3
3
3
3
3
3
3
3
3
3
3
3
3
3
3
3
3
3
3
3
3
3
3
3
3
3
3
3
3
3
3
3
3
3
3
3
3
3
3
3
3
3
3
3
3
3
3
3
3
3
3
3
3
3
3
3
3
3
3
3
3
3
3
3
3
3
3
3
3
3
3
3
3
3
3
3
3
3
3
3
3
3
3
3
3
3
3
3
3
3
3
3
3
3
3
3
3
3
3
3
3
3
3
3
3
3
3
3
3
3
3
3
3
3
3
3
3
3
3
3
3
3
3
3
3
3
3
3
3
3
3
3
3
3
3
3
3
3
3
3
3
3
3
3
3
3
3
3
3
3
3
3
3
3
3
3
3
3
3
3
3
3
3
3
3
3
3
3
3
3
3
3
3
3
3
3
3
3
3
3
3
3
3
3
3
3
3
3
3
3
3
3
3
3
3
3
3
3
3
3
3
3
3
3
3
3
3
3
3
3
3
3
3
3
3
3
3
3
3
3
3
3
3
3
3
3
3
3
3
3
3
3
3
3
3
3
3
3
3
3
3
3
3
3
3
3
3
3
3
3
3
3
3
3
3
3
3
3
3
3
3
3
3
3
3
3
3
3
3
3
3
3
3
3
3
3
3
3
3
3
3
3
3
3
3
3
3
3
3
3
3
3
3
3
3
3
3
3
3
3
3
3
3
3
3
3
3
3
3
3
3
3
3
3
3
3
3
3
3
3
3
3
3
3
3
3
3
3
3
3
3
3
3
3
3
3
3
3
3
3
3
3
3
3
3
3
3
3
3
3
3
3
3
3
3
3
3
3
3
3
3
3
3
3
3
3
3
3
3
3
3
3
3
3
3
3
3
3
3
3
3
3
3
3
3
3
3
3
3
3
3
3
3
3
3
3
3
3
3
3
3
3
3
3
3
3
3
3
3
3
3
3
3
3
3
3
3
3
3
3
3
3
3
3
3
3
3
3
3
3
3
3
3
3
3
3
3
3
3
3
3
3
3
3
3
3
3
3
3
3
3
3
3
3
3
3
3
3
3
3
3
3
3
3
3
3
3
3
3
3
3
3
3
3
3
3
3
3
3
3
3
3
3
3
3
3
3
3
3
3
3
3
3
3
3
3
3
3
3
3
3
3
3
3
3
3
3
3
3
3
3
3
3
3
3
3
3
3
3
3
3
3
3
3
3
3
3
3
3
3
3
3
3
3
3
3
3
3
3
3
3
3
3
3
3
3
3
3
3
3
3
3
3
3
3
3
3
3
3
3
3
3
3
3
3
3
3
3
3
3
3
3
3
3
3
3
3
3
3
3
3
3
3
3
3
3
3
3
3
3
3
3
3
3
3
3
3
3
3
3
3
3
3
3
3
3
3
3
3
3
3
3
3
3
3
3
3
3
3
3
3
3
3
3
3
3
3
3
3
3
3
3
3
3
3
3
3
3
3
3
3
3
3
3
3
3
3
3
3
3
3
3
3
3
3
3
3
3
3
3
3
3
3
3
3
3
3
3
3
3
3
3
3
3
3
3
3
3
3
3
3
3
3
3
3
3
3
3
3
3
3
3
3
3
3
3
3
3
3
3
3
3
3
3
3
3
3
3
3
3
3
3
3
3
3
3
3
3
3
3
3
3
3
3
3
3
3
3
3
3
3
3
3
3
3
3
3
3
3
3
3
3
3
3
3
3
3
3
3
3
3
3
3
3
3
3
3
3
3
3
3
3
3
3
3
3
3
3
3
3
3
3
3
3
3
3
3
3
3
3
3
3
3
3
3
3
3
3
3
3
3
3
3
3
3
3
3
3
3
3
3
3
3
3
3
3
3
3
3
3
3
3
3
3
3
3
3
3
3
3
3
3
3
3
3
3
3
3
3
3
3
3
3
3
3
3
3
3
3
3
3
3
3
3
3
3
3
3
3
3
3
3
3
3
3
3
3
3
3
3
3
3
3
3
3
3
3
3
3
3
3
3
3
3
3
3
3
3
3
3
3
3
3
3
3
3
3
3
3
3
3
3
3
3
3
3
3
3
3
3
3
3
3
3
3
3
3
3
3
3
3
3
3
3
3
3
3
3
3
3
3
3
3
3
3
3
3
3
3
3
3
3
3
3
3
3
3
3
3
3
3
3
3
3
3
3
3
3
3
3
3
3
3
3
3
3
3
3
3
3
3
3
3
3
3
3
3
3
3
3
3
3
3
3
3
3
3
3
3
3
3
3
3
3
3
3
3
3
3
3
3
3
3
3
3
3
3
3
3
3
3
3
3
3
3
3
3
3
3
3
3
3
3
3
3
3
3
3
3
3
3
3
3
3
3
3
3
3
3
3
3
3
3
3
3
3
3
3
3
3
3
3
3
3
3
3
3
3
3
3
3
3
3
3
3
3
3
3
3
3
3
3
3
3
3
3
3
3
3
3
3
3
3
3
3
3
3
3
3
3
3
3
3
3
3
3
3
3
3
3
3
3
3
3
3
3
3
3
3
3
3
3
3
3
3
3
3
3
3
3
3
3
3
3
3
3
3
3
3
3
3
3
3
3
3
3
3
3
3
3
3
3
3
3
3
3
3
3
3
3
3
3
3
3
3
3
3
3
3
3
3
3
3
3
3
3
3
3
3
3
3
3
3
3
3
3
3
3
3
3
3
3
3
3
3
3
3
3
3
3
3
3
3
3
3
3
3
3
3
3
3
3
3
3
3
3
3
3
3
3
3
3
3
3
3
3
3
3
3
3
3
3
3
3
3
3
3
3
3
3
3
3
3
3
3
3
3
3
3
3
3
3
3
3
3
3
3
3
3
3
3
3
3
3
3
3
3
3
3
3
3
3
3
3
3
3
3
3
3
3
3
3
3
3
3
3
3
3
3
3
3
3
3
3
3
3
3
3
3
3
3
3
3
3
3
3
3
3
3
3
3
3
3
3
3
3
3
3
3
3
3
3
3
3
3
3
3
3
3
3
3
3
3
3
3
3
3
3
3
3
3
3
3
3
3
3
3
3
3
3
3
3
3
3
3
3
3
3
3
3
3
3
3
3
3
3
3
3
3
3
3
3
3
3
3
3
3
3
3
3
3
3
3
3
3
3
3
3
3
3
3
3
3
3
3
3
3
3
3
3
3
3
3
3
3
3
3
3
3
3
3
3
3
3
3
3
3
3
3
3
3
3
3
3
3
3
3
3
3
3
3
3
3
3
3
3
3
3
3
3
3
3
3
3
3
3
3
3
3
3
3
3
3
3
3
3
3
3
3
3
3
3
3
3
3
3
3
3
3
3
3
3
3
3
3
3
3
3
3
3
3
3
3
3
3
3
3
3
3
3
3
3
3
3
3
3
3
3
3
3
3
3
3
3
3
3
3
3
3
3
3
3
3
3
3
3
3
3
3
3
3
3
3
3
3
3
3
3
3
3
3
3
3
3
3
3
3
3
3
3
3
3
3
3
3
3
3
3
3
3
3
3
3
3
3
3
3
3
3
3
3
3
3
3
3
3
3
3
3
3
3
3
3
3
3
3
3
3
3
3
3
3
3
3
3
3
3
3
3
3
3
3
3
3
3
3
3
3
3
3
3
3
3
3
3
3
3
3
3
3
3
3
3
3
3
3
3
3
3
3
3
3
3
3
3
3
3
3
3
3
3
3
3
3
3
3
3
3
3
3
3
3
3
3
3
3
3
3
3
3
3
3
3
3
3
3
3
3
3
3
3
3
3
3
3
3
3
3
3
3
3
3
3
3
3
3
3
3
3
3
3
3
3
3
3
3
3
3
3
3
3
3
3
3
3
3
3
3
3
3
3
3
3
3
3
3
3
3
3
3
3
3
3
3
3
3
3
3
3
3
3
3
3
3
3
3
3
3
3
3
3
3
3
3
3
3
3
3
3
3
3
3
3
3
3
3
3
3
3
3
3
3
3
3
3
3
3
3
3
3
3
3
3
3
3
3
3
3
3
3
3
3
3
3
3
3
3
3
3
3
3
3
3
3
3
3
3
3
3
3
3
3
3
3
3
3
3
3
3
3
3
3
3
3
3
3
3
3
3
3
3
3
3
3
3
3
3
3
3
3
3
3
3
3
3
3
3
3
3
3
3
3
3
3
3
3
3
3
3
3
3
3
3
3
3
3
3
3
3
3
3
3
3
3
3
3
3
3
3
3
3
3
3
3
3
3
3
3
3
3
3
3
3
3
3
3
3
3
3
3
3
3
3
3
3
3
3
3
3
3
3
3
3
3
3
3
3
3
3
3
3
3
3
3
3
3
3
3
3
3
3
3
3
3
3
3
3
3
3
3
3
3
3
3
3
3
3
3
3
3
3
3
3
3
3
3
3
3
3
3
3
3
3
3
3
3
3
3
3
3
3
3
3
3
3
3
3
3
3
3
3
3
3
3
3
3
3
3
3
3
3
3
3
3
3
3
3
3
3
3
3
3
3
3
3
3
3
3
3
3
3
3
3
3
3
3
3
3
3
3
3
3
3
3
3
3
3
3
3
3
3
3
3
3
3
3
3
3
3
3
3
3
3
3
3
3
3
3
3
3
3
3
3
3
3
3
3
3
3
3
3
3
3
3
3
3
3
3
3
3
3
3
3
3
3
3
3
3
3
3
3
3
3
3
3
3
3
3
3
3
3
3
3
3
3
3
3
3
3
3
3
3
3
3
3
3
3
3
3
3
3
3
3
3
3
3
3
3
3
3
3
3
3
3
3
3
3
3
3
3
3
3
3
3
3
3
3
3
3
3
3
3
3
3
3
3
3
3
3
3
3
3
3
3
3
3
3
3
3
3
3
3
3
3
3
3
3
3
3
3
3
3
3
3
3
3
3
3
3
3
3
3
3
3
3
3
3
3
3
3
3
3
3
3
3
3
3
3
3
3
3
3
3
3
3
3
3
3
3
3
3
3
3
3
3
3
3
3
3
3
3
3
3
3
3
3
3
3
3
3
3
3
3
3
3
3
3
3
3
3
3
3
3
3
3
3
3
3
3
3
3
3
3
3
3
3
3
3
3
3
3
3
3
3
3
3
3
3
3
3
3
3
3
3
3
3
3
3
3
3
3
3
3
3
3
3
3
3
3
3
3
3
3
3
3
3
3
3
3
3
3
3
3
3
3
3
3
3
3
3
3
3
3
3
3
3
3
3
3
3
3
3
3
3
3
3
3
3
3
3
3
3
3
3
3
3
3
3
3
3
3
3
3
3
3
3
3
3
3
3
3
3
3
3
3
3
3
3
3
3
3
3
3
3
3
3
3
3
3
3
3
3
3
3
3
3
3
3
3
3
3
3
3
3
3
3
3
3
3
3
3
3
3
3
3
3
3
3
3
3
3
3
3
3
3
3
3
3
3
3
3
3
3
3
3
3
3
3
3
3
3
3
3
3
3
3
3
3
3
3
3
3
3
3
3
3
3
3
3
3
3
3
3
3
3
3
3
3
3
3
3
3
3
3
3
3
3
3
3
3
3
3
3
3
3
3
3
3
3
3
3
3
3
3
3
3
3
3
3
3
3
3
3
3
3
3
3
3
3
3
3
3
3
3
3
3
3
3
3
3
3
3
3
3
3
3
3
3
3
3
3
3
3
3
3
3
3
3
3
3
3
3
3
3
3
3
3
3
3
3
3
3
3
3
3
3
3
3
3
3
3
3
3
3
3
3
3
3
3
3
3
3
3
3
3
3
3
3
3
3
3
3
3
3
3
3
3
3
3
3
3
3
3
3
3
3
3
3
3
3
3
3
3
3
3
3
3
3
3
3
3
3
3
3
3
3
3
3
3
3
3
3
3
3
3
3
3
3
3
3
3
3
3
3
3
3
3
3
3
3
3
3
3
3
3
3
3
3
3
3
3
3
3
3
3
3
3
3
3
3
3
3
3
3
3
3
3
3
3
3
3
3
3
3
3
3
3
3
3
3
3
3
3
3
3
3
3
3
3
3
3
3
3
3
3
3
3
3
3
3
3
3
3
3
3
3
3
3
3
3
3
3
3
3
3
3
3
3
3
3
3
3
3
3
3
3
3
3
3
3
3
3
3
3
3
3
3
3
3
3
3
3
3
3
3
3
3
3
3
3
3
3
3
3
3
3
3
3
3
3
3
3
3
3
3
3
3
3
3
3
3
3
3
3
3
3
3
3
3
3
3
3
3
3
3
3
3
3
3
3
3
3
3
3
3
3
3
3
3
3
3
3
3
3
3
3
3
3
3
3
3
3
3
3
3
3
3
3
3
3
3
3
3
3
3
3
3
3
3
3
3
3
3
3
3
3
3
3
3
3
3
3
3
3
3
3
3
3
3
3
3
3
3
3
3
3
3
3
3
3
3
3
3
3
3
3
3
3
3
3
3
3
3
3
3
3
3
3
3
3
3
3
3
3
3
3
3
3
3
3
3
3
3
3
3
3
3
3
3
3
3
3
3
3
3
3
3
3
3
3
3
3
3
3
3
3
3
3
3
3
3
3
3
3
3
3
3
3
3
3
3
3
3
3
3
3
3
3
3
3
3
3
3
3
3
3
3
3
3
3
3
3
3
3
3
3
3
3
3
3
3
3
3
3
3
3
3
3
3
3
3
3
3
3
3
3
3
3
3
3
3
3
3
3
3
3
3
3
3
3
3
3
3
3
3
3
3
3
3
3
3
3
3
3
3
3
3
3
3
3
3
3
3
3
3
3
3
3
3
3
3
3
3
3
3
3
3
3
3
3
3
3
3
3
3
3
3
3
3
3
3
3
3
3
3
3
3
3
3
3
3
3
3
3
3
3
3
3
3
3
3
3
3
3
3
3
3
3
3
3
3
3
3
3
3
3
3
3
3
3
3
3
3
3
3
3
3
3
3
3
3
3
3
3
3
3
3
3
3
3
3
3
3
3
3
3
3
3
3
3
3
3
3
3
3
3
3
3
3
3
3
3
3
3
3
3
3
3
3
3
3
3
3
3
3
3
3
3
3
3
3
3
3
3
3
3
3
3
3
3
3
3
3
3
3
3
3
3
3
3
3
3
3
3
3
3
3
3
3
3
3
3
3
3
3
3
3
3
3
3
3
3
3
3
3
3
3
3
3
3
3
3
3
3
3
3
3
3
3
3
3
3
3
3
3
3
3
3
3
3
3
3
3
3
3
3
3
3
3
3
3
3
3
3
3
3
3
3
3
3
3
3
3
3
3
3
3
3
3
3
3
3
3
3
3
3
3
3
3
3
3
3
3
3
3
3
3
3
3
3
3
3
3
3
3
3
3
3
3
3
3
3
3
3
3
3
3
3
3
3
3
3
3
3
3
3
3
3
3
3
3
3
3
3
3
3
3
3
3
3
3
3
3
3
3
3
3
3
3
3
3
3
3
3
3
3
3
3
3
3
3
3
3
3
3
3
3
3
3
3
3
3
3
3
3
3
3
3
3
3
3
3
3
3
3
3
3
3
3
3
3
3
3
3
3
3
3
3
3
3
3
3
3
3
3
3
3
3
3
3
3
3
3
3
3
3
3
3
3
3
3
3
3
3
3
3
3
3
3
3
3
3
3
3
3
3
3
3
3
3
3
3
3
3
3
3
3
3
3
3
3
3
3
3
3
3
3
3
3
3
3
3
3
3
3
3
3
3
3
3
3
3
3
3
3
3
3
3
3
3
3
3
3
3
3
3
3
3
3
3
3
3
3
3
3
3
3
3
3
3
3
3
3
3
3
3
3
3
3
3
3
3
3
3
3
3
3
3
3
3
3
3
3
3
3
3
3
3
3
3
3
3
3
3
3
3
3
3
3
3
3
3
3
3
3
3
3
3
3
3
3
3
3
3
3
3
3
3
3
3
3
3
3
3
3
3
3
3
3
3
3
3
3
3
3
3
3
3
3
3
3
3
3
3
3
3
3
3
3
3
3
3
3
3
3
3
3
3
3
3
3
3
3
3
3
3
3
3
3
3
3
3
3
3
3
3
3
3
3
3
3
3
3
3
3
3
3
3
3
3
3
3
3
3
3
3
3
3
3
3
3
3
3
3
3
3
3
3
3
3
3
3
3
3
3
3
3
3
3
3
3
3
3
3
3
3
3
3
3
3
3
3
3
3
3
3
3
3
3
3
3
3
3
3
3
3
3
3
3
3
3
3
3
3
3
3
3
3
3
3
3
3
3
3
3
3
3
3
3
3
3
3
3
3
3
3
3
3
3
3
3
3
3
3
3
3
3
3
3
3
3
3
3
3
3
3
3
3
3
3
3
3
3
3
3
3
3
3
3
3
3
3
3
3
3
3
3
3
3
3
3
3
3
3
3
3
3
3
3
3
3
3
3
3
3
3
3
3
3
3
3
3
3
3
3
3
3
3
3
3
3
3
3
3
3
3
3
3
3
3
3
3
3
3
3
3
3
3
3
3
3
3
3
3
3
3
3
3
3
3
3
3
3
3
3
3
3
3
3
3
3
3
3
3
3
3
3
3
3
3
3
3
3
3
3
3
3
3
3
3
3
3
3
3
3
3
3
3
3
3
3
3
3
3
3
3
3
3
3
3
3
3
3
3
3
3
3
3
3
3
3
3
3
3
3
3
3
3
3
3
3
3
3
3
3
3
3
3
3
3
3
3
3
3
3
3
3
3
3
3
3
3
3
3
3
3
3
3
3
3
3
3
3
3
3
3
3
3
3
3
3
3
3
3
3
3
3
3
3
3
3
3
3
3
3
3
3
3
3
3
3
3
3
3
3
3
3
3
3
3
3
3
3
3
3
3
3
3
3
3
3
3
3
3
3
3
3
3
3
3
3
3
3
3
3
3
3
3
3
3
3
3
3
3
3
3
3
3
3
3
3
3
3
3
3
3
3
3
3
3
3
3
3
3
3
3
3
3
3
3
3
3
3
3
3
3
3
3
3
3
3
3
3
3
3
3
3
3
3
3
3
3
3
3
3
3
3
3
3
3
3
3
3
3
3
3
3
3
3
3
3
3
3
3
3
3
3
3
3
3
3
3
3
3
3
3
3
3
3
3
3
3
3
3
3
3
3
3
3
3
3
3
3
3
3
3
3
3
3
3
3
3
3
3
3
3
3
3
3
3
3
3
3
3
3
3
3
3
3
3
3
3
3
3
3
3
3
3
3
3
3
3
3
3
3
3
3
3
3
3
3
3
3
3
3
3
3
3
3
3
3
3
3
3
3
3
3
3
3
3
3
3
3
3
3
3
3
3
3
3
3
3
3
3
3
3
3
3
3
3
3
3
3
3
3
3
3
3
3
3
3
3
3
3
3
3
3
3
3
3
3
3
3
3
3
3
3
3
3
3
3
3
3
3
3
3
3
3
3
3
3
3
3
3
3
3
3
3
3
3
3
3
3
3
3
3
3
3
3
3
3
3
3
3
3
3
3
3
3
3
3
3
3
3
3
3
3
3
3
3
3
3
3
3
3
3
3
3
3
3
3
3
3
3
3
3
3
3
3
3
3
3
3
3
3
3
3
3
3
3
3
3
3
3
3
3
3
3
3
3
3
3
3
3
3
3
3
3
3
3
3
3
3
3
3
3
3
3
3
3
3
3
3
3
3
3
3
3
3
3
3
3
3
3
3
3
3
3
3
3
3
3
3
3
3
3
3
3
3
3
3
3
3
3
3
3
3
3
3
3
3
3
3
3
3
3
3
3
3
3
3
3
3
3
3
3
3
3
3
3
3
3
3
3
3
3
3
3
3
3
3
3
3
3
3
3
3
3
3
3
3
3
3
3
3
3
3
3
3
3
3
3
3
3
3
3
3
3
3
3
3
3
3
3
3
3
3
3
3
3
3
3
3
3
3
3
3
3
3
3
3
3
3
3
3
3
3
3
3
3
3
3
3
3
3
3
3
3
3
3
3
3
3
3
3
3
3
3
3
3
3
3
3
3
3
3
3
3
3
3
3
3
3
3
3
3
3
3
3
3
3
3
3
3
3
3
3
3
3
3
3
3
3
3
3
3
3
3
3
3
3
3
3
3
3
3
3
3
3
3
3
3
3
3
3
3
3
3
3
3
3
3
3
3
3
3
3
3
3
3
3
3
3
3
3
3
3
3
3
3
3
3
3
3
3
3
3
3
3
3
3
3
3
3
3
3
3
3
3
3
3
3
3
3
3
3
3
3
3
3
3
3
3
3
3
3
3
3
3
3
3
3
3
3
3
3
3
3
3
3
3
3
3
3
3
3
3
3
3
3
3
3
3
3
3
3
3
3
3
3
3
3
3
3
3
3
3
3
3
3
3
3
3
3
3
3
3
3
3
3
3
3
3
3
3
3
3
3
3
3
3
3
3
3
3
3
3
3
3
3
3
3
3
3
3
3
3
3
3
3
3
3
3
3
3
3
3
3
3
3
3
3
3
3
3
3
3
3
3
3
3
3
3
3
3
3
3
3
3
3
3
3
3
3
3
3
3
3
3
3
3
3
3
3
3
3
3
3
3
3
3
3
3
3
3
3
3
3
3
3
3
3
3
3
3
3
3
3
3
3
3
3
3
3
3
3
3
3
3
3
3
3
3
3
3
3
3
3
3
3
3
3
3
3
3
3
3
3
3
3
3
3
3
3
3
3
3
3
3
3
3
3
3
3
3
3
3
3
3
3
3
3
3
3
3
3
3
3
3
3
3
3
3
3
3
3
3
3
3
3
3
3
3
3
3
3
3
3
3
3
3
3
3
3
3
3
3
3
3
3
3
3
3
3
3
3
3
3
3
3
3
3
3
3
3
3
3
3
3
3
3
3
3
3
3
3
3
3
3
3
3
3
3
3
3
3
3
3
3
3
3
3
3
3
3
3
3
3
3
3
3
3
3
3
3
3
3
3
3
3
3
3
3
3
3
3
3
3
3
3
3
3
3
3
3
3
3
3
3
3
3
3
3
3
3
3
3
3
3
3
3
3
3
3
3
3
3
3
3
3
3
3
3
3
3
3
3
3
3
3
3
3
3
3
3
3
3
3
3
3
3
3
3
3
3
3
3
3
3
3
3
3
3
3
3
3
3
3
3
3
3
3
3
3
3
3
3
3
3
3
3
3
3
3
3
3
3
3
3
3
3
3
3
3
3
3
3
3
3
3
3
3
3
3
3
3
3
3
3
3
3
3
3
3
3
3
3
3
3
3
3
3
3
3
3
3
3
3
3
3
3
3
3
3
3
3
3
3
3
3
3
3
3
3
3
3
3
3
3
3
3
3
3
3
3
3
3
3
3
3
3
3
3
3
3
3
3
3
3
3
3
3
3
3
3
3
3
3
3
3
3
3
3
3
3
3
3
3
3
3
3
3
3
3
3
3
3
3
3
3
3
3
3
3
3
3
3
3
3
3
3
3
3
3
3
3
3
3
3
3
3
3
3
3
3
3
3
3
3
3
3
3
3
3
3
3
3
3
3
3
3
3
3
3
3
3
3
3
3
3
3
3
3
3
3
3
3
3
3
3
3
3
3
3
3
3
3
3
3
3
3
3
3
3
3
3
3
3
3
3
3
3
3
3
3
3
3
3
3
3
3
3
3
3
3
3
3
3
3
3
3
3
3
3
3
3
3
3
3
3
3
3
3
3
3
3
3
3
3
3
3
3
3
3
3
3
3
3
3
3
3
3
3
3
3
3
3
3
3
3
3
3
3
3
3
3
3
3
3
3
3
3
3
3
3
3
3
3
3
3
3
3
3
3
3
3
3
3
3
3
3
3
3
3
3
3
3
3
3
3
3
3
3
3
3
3
3
3
3
3
3
3
3
3
3
3
3
3
3
3
3
3
3
3
3
3
3
3
3
3
3
3
3
3
3
3
3
3
3
3
3
3
3
3
3
3
3
3
3
3
3
3
3
3
3
3
3
3
3
3
3
3
3
3
3
3
3
3
3
3
3
3
3
3
3
3
3
3
3
3
3
3
3
3
3
3
3
3
3
3
5
5
5
5
5
5
5
5
5
5
5
5
5
5
5
5
5
5
5
5
5
5
5
5
5
5
5
5
5
5
5
5
5
5
5
5
5
5
5
5
5
5
5
5
5
5
5
5
5
5
5
5
5
5
5
5
5
5
5
5
5
5
5
5
5
5
5
5
5
5
5
5
5
5
5
5
5
5
5
5
5
5
5
5
5
5
5
5
5
5
5
5
5
5
5
5
5
5
5
5
5
5
5
5
5
5
5
5
5
5
5
5
5
5
5
5
5
5
5
5
5
5
5
5
5
5
5
5
5
5
5
5
5
5
5
5
5
5
5
5
5
5
5
5
5
5
5
5
5
5
5
5
5
5
5
5
5
5
5
5
5
5
5
5
5
5
5
5
5
5
5
5
5
5
5
5
5
5
5
5
5
5
5
5
5
5
5
5
5
5
5
5
5
5
5
5
5
5
5
5
5
5
5
5
5
5
5
5
5
5
5
5
5
5
5
5
5
5
5
5
5
5
5
5
5
5
5
5
5
5
5
5
5
5
5
5
5
5
5
5
5
5
5
5
5
5
5
5
5
5
5
5
5
5
5
5
5
5
5
5
5
5
5
5
5
5
5
5
5
5
5
5
5
5
5
5
5
5
5
5
5
5
5
5
5
5
5
5
5
5
5
5
5
5
5
5
5
5
5
5
5
5
5
5
5
5
5
5
5
5
5
5
5
5
5
5
5
5
5
5
5
5
5
5
5
5
5
5
5
5
5
5
5
5
5
5
5
5
5
5
5
5
5
5
5
5
5
5
5
5
5
5
5
5
5
5
5
5
5
5
5
5
5
5
5
5
5
5
5
5
5
5
5
5
5
5
5
5
5
5
5
5
5
5
5
5
5
5
5
5
5
5
5
5
5
5
5
5
5
5
5
5
5
5
5
5
5
5
5
5
5
5
5
5
5
5
5
5
5
5
5
5
5
5
5
5
5
5
5
5
5
5
5
5
5
5
5
5
5
5
5
5
5
5
5
5
5
5
5
5
5
5
5
5
5
5
5
5
5
5
5
5
5
5
5
5
5
5
5
5
5
5
5
5
5
5
5
5
5
5
5
5
5
5
5
5
5
5
5
5
5
5
5
5
5
5
5
5
5
5
5
5
5
5
5
5
5
5
5
5
5
5
5
5
5
5
5
5
5
5
5
5
5
5
5
5
5
5
5
5
5
5
5
5
5
5
5
5
5
5
5
5
5
5
5
5
5
5
5
5
5
5
5
5
5
5
5
5
5
5
5
5
5
5
5
5
5
5
5
5
5
5
5
5
5
5
5
5
5
5
5
5
5
5
5
5
5
5
5
5
5
5
5
5
5
5
5
5
5
5
5
5
5
5
5
5
5
5
5
5
5
5
5
5
5
5
5
5
5
5
5
5
5
5
5
5
5
5
5
5
5
5
5
5
5
5
5
5
5
5
5
5
5
5
5
5
5
5
5
5
5
5
5
5
5
5
5
5
5
5
5
5
5
5
5
5
5
5
5
5
5
5
5
5
5
5
5
5
5
5
5
5
5
5
5
5
5
5
5
5
5
5
5
5
5
5
5
5
5
5
5
5
5
5
5
5
5
5
5
5
5
5
5
5
5
5
5
5
5
5
5
5
5
5
5
5
5
5
5
5
5
5
5
5
5
5
5
5
5
5
5
5
5
5
5
5
5
5
5
5
5
5
5
5
5
5
5
5
5
5
5
5
5
5
5
5
5
5
5
5
5
5
5
5
5
5
5
5
5
5
5
5
5
5
5
5
5
5
5
5
5
5
5
5
5
5
5
5
5
5
5
5
5
5
5
5
5
5
5
5
5
5
5
5
5
5
5
5
5
5
5
5
5
5
5
5
5
5
5
5
5
5
5
5
5
5
5
5
5
5
5
5
5
5
5
5
5
5
5
5
5
5
5
5
5
5
5
5
5
5
5
5
5
5
5
5
5
5
5
5
5
5
5
5
5
5
5
5
5
5
5
5
5
5
5
5
5
5
5
5
5
5
5
5
5
5
5
5
5
5
5
5
5
5
5
5
5
5
5
5
5
5
5
5
5
5
5
5
5
5
5
5
5
5
5
5
5
5
5
5
5
5
5
5
5
5
5
5
5
5
5
5
5
5
5
5
5
5
5
5
5
5
5
5
5
5
5
5
5
5
5
5
5
5
5
5
5
5
5
5
5
5
5
5
5
5
5
5
5
5
5
5
5
5
5
5
5
5
5
5
5
5
5
5
5
5
5
5
5
5
5
5
5
5
5
5
5
5
5
5
5
5
5
5
5
5
5
5
5
5
5
5
5
5
5
5
5
5
5
5
5
5
5
5
5
5
5
5
5
5
5
5
5
5
5
5
5
5
5
5
5
5
5
5
5
5
5
5
5
5
5
5
5
5
5
5
5
5
5
5
5
5
5
5
5
5
5
5
5
5
5
5
5
5
5
5
5
5
5
5
5
5
5
5
5
5
5
5
5
5
5
5
5
5
5
5
5
5
5
5
5
5
5
5
5
5
5
5
5
5
5
5
5
5
5
5
5
5
5
5
5
5
5
5
5
5
5
5
5
5
5
5
5
5
5
5
5
5
5
5
5
5
5
5
5
5
5
5
5
5
5
5
5
5
5
5
5
5
5
5
5
5
5
5
5
5
5
5
5
5
5
5
5
5
5
5
5
5
5
5
5
5
5
5
5
5
5
5
5
5
5
5
5
5
5
5
5
5
5
5
5
5
5
5
5
5
5
5
5
5
5
5
5
5
5
5
5
5
5
5
5
5
5
5
5
5
5
5
5
5
5
5
5
5
5
5
5
5
5
5
5
5
5
5
5
5
5
5
5
5
5
5
5
5
5
5
5
5
5
5
5
5
5
5
5
5
5
5
5
5
5
5
5
5
5
5
5
5
5
5
5
5
5
5
5
5
5
5
5
5
5
5
5
5
5
5
5
5
5
5
5
5
5
5
5
5
5
5
5
5
5
5
5
5
5
5
5
5
5
5
5
5
5
5
5
5
5
5
5
5
5
5
5
5
5
5
5
5
5
5
5
5
5
5
5
5
5
5
5
5
5
5
5
5
5
5
5
5
5
5
5
5
5
5
5
5
5
5
5
5
5
5
5
5
5
5
5
5
5
5
5
5
5
5
5
5
5
5
5
5
5
5
5
5
5
5
5
5
5
5
5
5
5
5
5
5
5
5
5
5
5
5
5
5
5
5
5
5
5
5
5
5
5
5
5
5
5
5
5
5
5
5
5
5
5
5
5
5
5
5
5
5
5
5
5
5
5
5
5
5
5
5
5
5
5
5
5
5
5
5
5
5
5
5
5
5
5
5
5
5
5
5
5
5
5
5
5
5
5
5
5
5
5
5
5
5
5
5
5
5
5
5
5
5
5
5
5
5
5
5
5
5
5
5
5
5
5
5
5
5
5
5
5
5
5
5
5
5
5
5
5
5
5
5
5
5
5
5
5
5
5
5
5
5
5
5
5
5
5
5
5
5
5
5
5
5
5
5
5
5
5
5
5
5
5
5
5
5
5
5
5
5
5
5
5
5
5
5
5
5
5
5
5
5
5
5
5
5
5
5
5
5
5
5
5
5
5
5
5
5
5
5
5
5
5
5
5
5
5
5
5
5
5
5
5
5
5
5
5
5
5
5
5
5
5
5
5
5
5
5
5
5
5
5
5
5
5
5
5
5
5
5
5
5
5
5
5
5
5
5
5
5
5
5
5
5
5
5
5
5
5
5
5
5
5
5
5
5
5
5
5
5
5
5
5
5
5
5
5
5
5
5
5
5
5
5
5
5
5
5
5
5
5
5
5
5
5
5
5
5
5
5
5
5
5
5
5
5
5
5
5
5
5
5
5
5
5
5
5
5
5
5
5
5
5
5
5
5
5
5
5
5
5
5
5
5
5
5
5
5
5
5
5
5
5
5
5
5
5
5
5
5
5
5
5
5
5
5
5
5
5
5
5
5
5
5
5
5
5
5
5
5
5
5
5
5
5
5
5
5
5
5
5
5
5
5
5
5
5
5
5
5
5
5
5
5
5
5
5
5
5
5
5
5
5
5
5
5
5
5
5
5
5
5
5
5
5
5
5
5
5
5
5
5
5
5
5
5
5
5
5
5
5
5
5
5
5
5
5
5
5
5
5
5
5
5
5
5
5
5
5
5
5
5
5
5
5
5
5
5
5
5
5
5
5
5
5
5
5
5
5
5
5
5
5
5
5
5
5
5
5
5
5
5
5
5
5
5
5
5
5
5
5
5
5
5
5
5
5
5
5
5
5
5
5
5
5
5
5
5
5
5
5
5
5
5
5
5
5
5
5
5
5
5
5
5
5
5
5
5
5
5
5
5
5
5
5
5
5
5
5
5
5
5
5
5
5
5
5
5
5
5
5
5
5
5
5
5
5
5
5
5
5
5
5
5
5
5
5
5
5
5
5
5
5
5
5
5
5
5
5
5
5
5
5
5
5
5
5
5
5
5
5
5
5
5
5
5
5
5
5
5
5
5
5
5
5
5
5
5
5
5
5
5
5
5
5
5
5
5
5
5
5
5
5
5
5
5
5
5
5
5
5
5
5
5
5
5
5
5
5
5
5
5
5
5
5
5
5
5
5
5
5
5
5
5
5
5
5
5
5
5
5
5
5
5
5
5
5
5
5
5
5
5
5
5
5
5
5
5
5
5
5
5
5
5
5
5
5
5
5
5
5
5
5
5
5
5
5
5
5
5
5
5
5
5
5
5
5
5
5
5
5
5
5
5
5
5
5
5
5
5
5
5
5
5
5
5
5
5
5
5
5
5
5
5
5
5
5
5
5
5
5
5
5
5
5
5
5
5
5
5
5
5
5
5
5
5
5
5
5
5
5
5
5
5
5
5
5
5
5
5
5
5
5
5
5
5
5
5
5
5
5
5
5
5
5
5
5
5
5
5
5
5
5
5
5
5
5
5
5
5
5
5
5
5
5
5
5
5
5
5
5
5
5
5
5
5
5
5
5
5
5
5
5
5
5
5
5
5
5
5
5
5
5
5
5
5
5
5
5
5
5
5
5
5
5
5
5
5
5
5
5
5
5
5
5
5
5
5
5
5
5
5
5
5
5
5
5
5
5
5
5
5
5
5
5
5
5
5
5
5
5
5
5
5
5
5
5
5
5
5
5
5
5
5
5
5
5
5
5
5
5
5
5
5
5
5
5
5
5
5
5
5
5
5
5
5
5
5
5
5
5
5
5
5
5
5
5
5
5
5
5
5
5
5
5
5
5
5
5
5
5
5
5
5
5
5
5
5
5
5
5
5
5
5
5
5
5
5
5
5
5
5
5
5
5
5
5
5
5
5
5
5
5
5
5
5
5
5
5
5
5
5
5
5
5
5
5
5
5
5
5
5
5
5
5
5
5
5
5
5
5
5
5
5
5
5
5
5
5
5
5
5
5
5
5
5
5
5
5
5
5
5
5
5
5
5
5
5
5
5
5
5
5
5
5
5
5
5
5
5
5
5
5
5
5
5
5
5
5
5
5
5
5
5
5
5
5
5
5
5
5
5
5
5
5
5
5
5
5
5
5
5
5
5
5
5
5
5
5
5
5
5
5
5
5
5
5
5
5
5
5
5
5
5
5
5
5
5
5
5
5
5
5
5
5
5
5
5
5
5
5
5
5
5
5
5
5
5
5
5
5
5
5
5
5
5
5
5
5
5
5
5
5
5
5
5
5
5
5
5
5
5
5
5
5
5
5
5
5
5
5
5
5
5
5
5
5
5
5
5
5
5
5
5
5
5
5
5
5
5
5
5
5
5
5
5
5
5
5
5
5
5
5
5
5
5
5
5
5
5
5
5
5
5
5
5
5
5
5
5
5
5
5
5
5
5
5
5
5
5
5
5
5
5
5
5
5
5
5
5
5
5
5
5
5
5
5
5
5
5
5
5
5
5
5
5
5
5
5
5
5
5
5
5
5
5
5
5
5
5
5
5
5
5
5
5
5
5
5
5
5
5
5
5
5
5
5
5
5
5
5
5
5
5
5
5
5
5
5
5
5
5
5
5
5
5
5
5
5
5
5
5
5
5
5
5
5
5
5
5
5
5
5
5
5
5
5
5
5
5
5
5
5
5
5
5
5
5
5
5
5
5
5
5
5
5
5
5
5
5
5
5
5
5
5
5
5
5
5
5
5
5
5
5
5
5
5
5
5
5
5
5
5
5
5
5
5
5
5
5
5
5
5
5
5
5
5
5
5
5
5
5
5
5
5
5
5
5
5
5
5
5
5
5
5
5
5
5
5
5
5
5
5
5
5
5
5
5
5
5
5
5
5
5
5
5
5
5
5
5
5
5
5
5
5
5
5
5
5
5
5
5
5
5
5
5
5
5
5
5
5
5
5
5
5
5
5
5
5
5
5
5
5
5
5
5
5
5
5
5
5
5
5
5
5
5
5
5
5
5
5
5
5
5
5
5
5
5
5
5
5
5
5
5
5
5
5
5
5
5
5
5
5
5
5
5
5
5
5
5
5
5
5
5
5
5
5
5
5
5
5
5
5
5
5
5
5
5
5
5
5
5
5
5
5
5
5
5
5
5
5
5
5
5
5
5
5
5
5
5
5
5
5
5
5
5
5
5
5
5
5
5
5
5
5
5
5
5
5
5
5
5
5
5
5
5
5
5
5
5
5
5
5
5
5
5
5
5
5
5
5
5
5
5
5
5
5
5
5
5
5
5
5
5
5
5
5
5
5
5
5
5
5
5
5
5
5
5
5
5
5
5
5
5
5
5
5
5
5
5
5
5
5
5
5
5
5
5
5
5
5
5
5
5
5
5
5
5
5
5
5
5
5
5
5
5
5
5
5
5
5
5
5
5
5
5
5
5
5
5
5
5
5
5
5
5
5
5
5
5
5
5
5
5
5
5
5
5
5
5
5
5
5
5
5
5
5
5
5
5
5
5
5
5
5
5
5
5
5
5
5
5
5
5
5
5
5
5
5
5
5
5
5
5
5
5
5
5
5
5
5
5
5
5
5
5
5
5
5
5
5
5
5
5
5
5
5
5
5
5
5
5
5
5
5
5
5
5
5
5
5
5
5
5
5
5
5
5
5
5
5
5
5
5
5
5
5
5
5
5
5
5
5
5
5
5
5
5
5
5
5
5
5
5
5
5
5
5
5
5
5
5
5
5
5
5
5
5
5
5
5
5
5
5
5
5
5
5
5
5
5
5
5
5
5
5
5
5
5
5
5
5
5
5
5
5
5
5
5
5
5
5
5
5
5
5
5
5
5
5
5
5
5
5
5
5
5
5
5
5
5
5
5
5
5
5
5
5
5
5
5
5
5
5
5
5
5
5
5
5
5
5
5
5
5
5
5
5
5
5
5
5
5
5
5
5
5
5
5
5
5
5
5
5
5
5
5
5
5
5
5
5
5
5
5
5
5
5
5
5
5
5
5
5
5
5
5
5
5
5
5
5
5
5
5
5
5
5
5
5
5
5
5
5
5
5
5
5
5
5
5
5
5
5
5
5
5
5
5
5
5
5
5
5
5
5
5
5
5
5
5
5
5
5
5
5
5
5
5
5
5
5
5
5
5
5
5
5
5
5
5
5
5
5
5
5
5
5
5
5
5
5
5
5
5
5
5
5
5
5
5
5
5
5
5
5
5
5
5
5
5
5
5
5
5
5
5
5
5
5
5
5
5
5
5
5
5
5
5
5
5
5
5
5
5
5
5
5
5
5
5
5
5
5
5
5
5
5
5
5
5
5
5
5
5
5
5
5
5
5
5
5
5
5
5
5
5
5
5
5
5
5
5
5
5
5
5
5
5
5
5
5
5
5
5
5
5
5
5
5
5
5
5
5
5
5
5
5
5
5
5
5
5
5
5
5
5
5
5
5
5
5
5
5
5
5
5
5
5
5
5
5
5
5
5
5
5
5
5
5
5
5
5
5
5
5
5
5
5
5
5
5
5
5
5
5
5
5
5
5
5
5
5
5
5
5
5
5
5
5
5
5
5
5
5
5
5
5
5
5
5
5
5
5
5
5
5
5
5
5
5
5
5
5
5
5
5
5
5
5
5
5
5
5
5
5
5
5
5
5
5
5
5
5
5
5
5
5
5
5
5
5
5
5
5
5
5
5
5
5
5
5
5
5
5
5
5
5
5
5
5
5
5
5
5
5
5
5
5
5
5
5
5
5
5
5
5
5
5
5
5
5
5
5
5
5
5
5
5
5
5
5
5
5
5
5
5
5
5
5
5
5
5
5
5
5
5
5
5
5
5
5
5
5
5
5
5
5
5
5
5
5
5
5
5
5
5
5
5
5
5
5
5
5
5
5
5
5
5
5
5
5
5
5
5
5
5
5
5
5
5
5
5
5
5
5
5
5
5
5
5
5
5
5
5
5
5
5
5
5
5
5
5
5
5
5
5
5
5
5
5
5
5
5
5
5
5
5
5
5
5
5
5
5
5
5
5
5
5
5
5
5
5
5
5
5
5
5
5
5
5
5
5
5
5
5
5
5
5
5
5
5
5
5
5
5
5
5
5
5
5
5
5
5
5
5
5
5
5
5
5
5
5
5
5
5
5
5
5
5
5
5
5
5
5
5
5
5
5
5
5
5
5
5
5
5
5
5
5
5
5
5
5
5
5
5
5
5
5
5
5
5
5
5
5
5
5
5
5
5
5
5
5
5
5
5
5
5
5
5
5
5
5
5
5
5
5
5
5
5
5
5
5
5
5
5
5
5
5
5
5
5
5
5
5
5
5
5
5
5
5
5
5
5
5
5
5
5
5
5
5
5
5
5
5
5
5
5
5
5
5
5
5
5
5
5
5
5
5
5
5
5
5
5
5
5
5
5
5
5
5
5
5
5
5
5
5
5
5
5
5
5
5
5
5
5
5
5
5
5
5
5
5
5
5
5
5
5
5
5
5
5
5
5
5
5
5
5
5
5
5
5
5
5
5
5
5
5
5
5
5
5
5
5
5
5
5
5
5
5
5
5
5
5
5
5
5
5
5
5
5
5
5
5
5
5
5
5
5
5
5
5
5
5
5
5
5
5
5
5
5
5
5
5
5
5
5
5
5
5
5
5
5
5
5
5
5
5
5
5
5
5
5
5
5
5
5
5
5
5
5
5
5
5
5
5
5
5
5
5
5
5
5
5
5
5
5
5
5
5
5
5
5
5
5
5
5
5
5
5
5
5
5
5
5
5
5
5
5
5
5
5
5
5
5
5
5
5
5
5
5
5
5
5
5
5
5
5
5
5
5
5
5
5
5
5
5
5
5
5
5
5
5
5
5
5
5
5
5
5
5
5
5
5
5
5
5
5
5
5
5
5
5
5
5
5
5
5
5
5
5
5
5
5
5
5
5
5
5
5
5
5
5
5
5
5
5
5
5
5
5
5
5
5
5
5
5
5
5
5
5
5
5
5
5
5
5
5
5
5
5
5
5
5
5
5
5
5
5
5
5
5
5
5
5
5
5
5
5
5
5
5
5
5
5
5
5
5
5
5
5
5
5
5
5
5
5
5
5
5
5
5
5
5
5
5
5
5
5
5
5
5
5
5
5
5
5
5
5
5
5
5
5
5
5
5
5
5
5
5
5
5
5
5
5
5
5
5
5
5
5
5
5
5
5
5
5
5
5
5
5
5
5
5
5
5
5
5
5
5
5
5
5
5
5
5
5
5
5
5
5
5
5
5
5
5
5
5
5
5
5
5
5
5
5
5
5
5
5
5
5
5
5
5
5
5
5
5
5
5
5
5
5
5
5
5
5
5
5
5
5
5
5
5
5
5
5
5
5
5
5
5
5
5
5
5
5
5
5
5
5
5
5
5
5
5
5
5
5
5
5
5
5
5
5
5
5
5
5
5
5
5
5
5
5
5
5
5
5
5
5
5
5
5
5
5
5
5
5
5
5
5
5
5
5
5
5
5
5
5
5
5
5
5
5
5
5
5
5
5
5
5
5
5
5
5
5
5
5
5
5
5
5
5
5
5
5
5
5
5
5
5
5
5
5
5
5
5
5
5
5
5
5
5
5
5
5
5
5
5
5
5
5
5
5
5
5
5
5
5
5
5
5
5
5
5
5
5
5
5
5
5
5
5
5
5
5
5
5
5
5
5
5
5
5
5
5
5
5
5
5
5
5
5
5
5
5
5
5
5
5
5
5
5
5
5
5
5
5
5
5
5
5
5
5
5
5
5
5
5
5
5
5
5
5
5
5
5
5
5
5
5
5
5
5
5
5
5
5
5
5
5
5
5
5
5
5
5
5
5
5
5
5
5
5
5
5
5
5
5
5
5
5
5
5
5
5
5
5
5
5
5
5
5
5
5
5
5
5
5
5
5
5
5
5
5
5
5
5
5
5
5
5
5
5
5
5
5
5
5
5
5
5
5
5
5
5
5
5
5
5
5
5
5
5
5
5
5
5
5
5
5
5
5
5
5
5
5
5
5
5
5
5
5
5
5
5
5
5
5
5
5
5
5
5
5
5
5
5
5
5
5
5
5
5
5
5
5
5
5
5
5
5
5
5
5
5
5
5
5
5
5
5
5
5
5
5
5
5
5
5
5
5
5
5
5
5
5
5
5
5
5
5
5
5
5
5
5
5
5
5
5
5
5
5
5
5
5
5
5
5
5
5
5
5
5
5
5
5
5
5
5
5
5
5
5
5
5
5
5
5
5
5
5
5
5
5
5
5
5
5
5
5
5
5
5
5
5
5
5
5
5
5
5
5
5
5
5
5
5
5
5
5
5
5
5
5
5
5
5
5
5
5
5
5
5
5
5
5
5
5
5
5
5
5
5
5
5
5
5
5
5
5
5
5
5
5
5
5
5
5
5
5
5
5
5
5
5
5
5
5
5
5
5
5
5
5
5
5
5
5
5
5
5
5
5
5
5
5
5
5
5
5
5
5
5
5
5
5
5
5
5
5
5
5
5
5
5
5
5
5
5
5
5
5
5
5
5
5
5
5
5
5
5
5
5
5
5
5
5
5
5
5
5
5
5
5
5
5
5
5
5
5
5
5
5
5
5
5
5
5
5
5
5
5
5
5
5
5
5
5
5
5
5
5
5
5
5
5
5
5
5
5
5
5
5
5
5
5
5
5
5
5
5
5
5
5
5
5
5
5
5
5
5
5
5
5
5
5
5
5
5
5
5
5
5
5
5
5
5
5
5
5
5
5
5
5
5
5
5
5
5
5
5
5
5
5
5
5
5
5
5
5
5
5
5
5
5
5
5
5
5
5
5
5
5
5
5
5
5
5
5
5
5
5
5
5
5
5
5
5
5
5
5
5
5
5
5
5
5
5
5
5
5
5
5
5
5
5
5
5
5
5
5
5
5
5
5
5
5
5
5
5
5
5
5
5
5
5
5
5
5
5
5
5
5
5
5
5
5
5
5
5
5
5
5
5
5
5
5
5
5
5
5
5
5
5
5
5
5
5
5
5
5
5
5
5
5
5
5
5
5
5
5
5
5
5
5
5
5
5
5
5
5
5
5
5
5
5
5
5
5
5
5
5
5
5
5
5
5
5
5
5
5
5
5
5
5
5
5
5
5
5
5
5
5
5
5
5
5
5
5
5
5
5
5
5
5
5
5
5
5
5
5
5
5
5
5
5
5
5
5
5
5
5
5
5
5
5
5
5
5
5
5
5
5
5
5
5
5
5
5
5
5
5
5
5
5
5
5
5
5
5
5
5
5
5
5
5
5
5
5
5
5
5
5
5
5
5
5
5
5
5
5
5
5
5
5
5
5
5
5
5
5
5
5
5
5
5
5
5
5
5
5
5
5
5
5
5
5
5
5
5
5
5
5
5
5
5
5
5
5
5
5
5
5
5
5
5
5
5
5
5
5
5
5
5
5
5
5
5
5
5
5
5
5
5
5
5
5
5
5
5
5
5
5
5
5
5
5
5
5
5
5
5
5
5
5
5
5
5
5
5
5
5
5
5
5
5
5
5
5
5
5
5
5
5
5
5
5
5
5
5
5
5
5
5
5
5
5
5
5
5
5
5
5
5
5
5
5
5
5
5
5
5
5
5
5
5
5
5
5
5
5
5
5
5
5
5
5
5
5
5
5
5
5
5
5
5
5
5
5
5
5
5
5
5
5
5
5
5
5
5
5
5
5
5
5
5
5
5
5
5
5
5
5
5
5
5
5
5
5
5
5
5
5
5
5
5
5
5
5
5
5
5
5
5
5
5
5
5
5
5
5
5
5
5
5
5
5
5
5
5
5
5
5
5
5
5
5
5
5
5
5
5
5
5
5
5
5
5
5
5
5
5
5
5
5
5
5
5
5
5
5
5
5
5
5
5
5
5
5
5
5
5
5
5
5
5
5
5
5
5
5
5
5
5
5
5
5
5
5
5
5
5
5
5
5
5
5
5
5
5
5
5
5
5
5
5
5
5
5
5
5
5
5
5
5
5
5
5
5
5
5
5
5
5
5
5
5
5
5
5
5
5
5
5
5
5
5
5
5
5
5
5
5
5
5
5
5
5
5
5
5
5
5
5
5
5
5
5
5
5
5
5
5
5
5
5
5
5
5
5
5
5
5
5
5
5
5
5
5
5
5
5
5
5
5
5
5
5
5
5
5
5
5
5
5
5
5
5
5
5
5
5
5
5
5
5
5
5
5
5
5
5
5
5
5
5
5
5
5
5
5
5
5
5
5
5
5
5
5
5
5
5
5
5
5
5
5
5
5
5
5
5
5
5
5
5
5
5
5
5
5
5
5
5
5
5
5
5
5
5
5
5
5
5
5
5
5
5
5
5
5
5
5
5
5
5
5
5
5
5
5
5
5
5
5
5
5
5
5
5
5
5
5
5
5
5
5
5
5
5
5
5
5
5
5
5
5
5
5
5
5
5
5
5
5
5
5
5
5
5
5
5
5
5
5
5
5
5
5
5
5
5
5
5
5
5
5
5
5
5
5
5
5
5
5
5
5
5
5
5
5
5
5
5
5
5
5
5
5
5
5
5
5
5
5
5
5
5
5
5
5
5
5
5
5
5
5
5
5
5
5
5
5
5
5
5
5
5
5
5
5
5
5
5
5
5
5
5
5
5
5
5
5
5
5
5
5
5
5
5
5
5
5
5
5
5
5
5
5
5
5
5
5
5
5
5
5
5
5
5
5
5
5
5
5
5
5
5
5
5
5
5
5
5
5
5
5
5
5
5
5
5
5
5
5
5
5
5
5
5
5
5
5
5
5
5
5
5
5
5
5
5
5
5
5
5
5
5
5
5
5
5
5
5
5
5
5
5
5
5
5
5
5
5
5
5
5
5
5
5
5
5
5
5
5
5
5
5
5
5
5
5
5
5
5
5
5
5
5
5
5
5
5
5
5
5
5
5
5
5
5
5
5
5
5
5
5
5
5
5
5
5
5
5
5
5
5
5
5
5
5
5
5
5
5
5
5
5
5
5
5
5
5
5
5
5
5
5
5
5
5
5
5
5
5
5
5
5
5
5
5
5
5
5
5
5
5
5
5
5
5
5
5
5
5
5
5
5
5
5
5
5
5
5
5
5
5
5
5
5
5
5
5
5
5
5
5
5
5
5
5
5
5
5
5
5
5
5
5
5
5
5
5
5
5
5
5
5
5
5
5
5
5
5
5
5
5
5
5
5
5
5
5
5
5
5
5
5
5
5
5
5
5
5
5
5
5
5
5
5
5
5
5
5
5
5
5
5
5
5
5
5
5
5
5
5
5
5
5
5
5
5
5
5
5
5
5
5
5
5
5
5
5
5
5
5
5
5
5
5
5
5
5
5
5
5
5
5
5
5
5
5
5
5
5
5
5
5
5
5
5
5
5
5
5
5
5
5
5
5
5
5
5
5
5
5
5
5
5
5
5
5
5
5
5
5
5
5
5
5
5
5
5
5
5
5
5
5
5
5
5
5
5
5
5
5
5
5
5
5
5
5
5
5
5
5
5
5
5
5
5
5
5
5
5
5
5
5
5
5
5
5
5
5
5
5
5
5
5
5
5
5
5
5
5
5
5
5
5
5
5
5
5
5
5
5
5
5
5
5
5
5
5
5
5
5
5
5
5
5
5
5
5
5
5
5
5
5
5
5
5
5
5
5
5
5
5
5
5
5
5
5
5
5
5
5
5
5
5
5
5
5
5
5
5
5
5
5
5
5
5
5
5
5
5
5
5
5
5
5
5
5
5
5
5
5
5
5
5
5
5
5
5
5
5
5
5
5
5
5
5
5
5
5
5
5
5
5
5
5
5
5
5
5
5
5
5
5
5
5
5
5
5
5
5
5
5
5
5
5
5
5
5
5
5
5
5
5
5
5
5
5
5
5
5
5
5
5
5
5
5
5
5
5
5
5
5
5
5
5
5
5
5
5
5
5
5
5
5
5
5
5
5
5
5
5
5
5
5
5
5
5
5
5
5
5
5
5
5
5
5
5
5
5
5
5
5
5
5
5
5
5
5
5
5
5
5
5
5
5
5
5
5
5
5
5
5
5
5
5
5
5
5
5
5
5
5
5
5
5
5
5
5
5
5
5
5
5
5
5
5
5
5
5
5
5
5
5
5
5
5
5
5
5
5
5
5
5
5
5
5
5
5
5
5
5
5
5
5
5
5
5
5
5
5
5
5
5
5
5
5
5
5
5
5
5
5
5
5
5
5
5
5
5
5
5
5
5
5
5
5
5
5
5
5
5
5
5
5
5
5
5
5
5
5
5
5
5
5
5
5
5
5
5
5
5
5
5
5
5
5
5
5
5
5
5
5
5
5
5
5
5
5
5
5
5
5
5
5
5
5
5
5
5
5
5
5
5
5
5
5
5
5
5
5
5
5
5
5
5
5
5
5
5
5
5
5
5
5
5
5
5
5
5
5
5
5
5
5
5
5
5
5
5
5
5
5
5
5
5
5
5
5
5
5
5
5
5
5
5
5
5
5
5
5
5
5
5
5
5
5
5
5
5
5
5
5
5
5
5
5
5
5
5
5
5
5
5
5
5
5
5
5
5
5
5
5
5
5
5
5
5
5
5
5
5
5
5
5
5
5
5
5
5
5
5
5
5
5
5
5
5
5
5
5
5
5
5
5
5
5
5
5
5
5
5
5
5
5
5
5
5
5
5
5
5
5
5
5
5
5
5
5
5
5
5
5
5
5
5
5
5
5
5
5
5
5
5
5
5
5
5
5
5
5
5
5
5
5
5
5
5
5
5
5
5
5
5
5
5
5
5
5
5
5
5
5
5
5
5
5
5
5
5
5
5
5
5
5
5
5
5
5
5
5
5
5
5
5
5
5
5
5
5
5
5
5
5
5
5
5
5
5
5
5
5
5
5
5
5
5
5
5
5
5
5
5
5
5
5
5
5
5
5
5
5
5
5
5
5
5
5
5
5
5
5
5
5
5
5
5
5
5
5
5
5
5
5
5
5
5
5
5
5
5
5
5
5
5
5
5
5
5
5
5
5
5
5
5
5
5
5
5
5
5
5
5
5
5
5
5
5
5
5
5
5
5
5
5
5
5
5
5
5
5
5
5
5
5
5
5
5
5
5
5
5
5
5
5
5
5
5
5
5
5
5
5
5
5
5
5
5
5
5
5
5
5
5
5
5
5
5
5
5
5
5
5
5
5
5
5
5
5
5
5
5
5
5
5
5
5
5
5
5
5
5
5
5
5
5
5
5
5
5
5
5
5
5
5
5
5
5
5
5
5
5
5
5
5
5
5
5
5
5
5
5
5
5
5
5
5
5
5
5
5
5
5
5
5
5
5
5
5
5
5
5
5
5
5
5
5
5
5
5
5
5
5
5
5
5
5
5
5
5
5
5
5
5
5
5
5
5
5
5
5
5
5
5
5
5
5
5
5
5
5
5
5
5
5
5
5
5
5
5
5
5
5
5
5
5
5
5
5
5
5
5
5
5
5
5
5
5
5
5
5
5
5
5
5
5
5
5
5
5
5
5
5
5
5
5
5
5
5
5
5
5
5
5
5
5
5
5
5
5
5
5
5
5
5
5
5
5
5
5
5
5
5
5
5
5
5
5
5
5
5
5
5
5
5
5
5
5
5
5
5
5
5
5
5
5
5
5
5
5
5
5
5
5
5
5
5
5
5
5
5
5
5
5
5
5
5
5
5
5
5
5
5
5
5
5
5
5
5
5
5
5
5
5
5
5
5
5
5
5
5
5
5
5
5
5
5
5
5
5
5
5
5
5
5
5
5
5
5
5
5
5
5
5
5
5
5
5
5
5
5
5
5
5
5
5
5
5
5
5
5
5
5
5
5
5
5
5
5
5
5
5
5
5
5
5
5
5
5
5
5
5
5
5
5
5
5
5
5
5
5
5
5
5
5
5
5
5
5
5
5
5
5
5
5
5
5
5
5
5
5
5
5
5
5
5
5
5
5
5
5
5
5
5
5
5
5
5
5
5
5
5
5
5
5
5
5
5
5
5
5
5
5
5
5
5
5
5
5
5
5
5
5
5
5
5
5
5
5
5
5
5
5
5
5
5
5
5
5
5
5
5
5
5
5
5
5
5
5
5
5
5
5
5
5
5
5
5
5
5
5
5
5
5
5
5
5
5
5
5
5
5
5
5
5
5
5
5
5
5
5
5
5
5
5
5
5
5
5
5
5
5
5
5
5
5
5
5
5
5
5
5
5
5
5
5
5
5
5
5
5
5
5
5
5
5
5
5
5
5
5
5
5
5
5
5
5
5
5
5
5
5
5
5
5
5
5
5
5
5
5
5
5
5
5
5
5
5
5
5
5
5
5
5
5
5
5
5
5
5
5
5
5
5
5
5
5
5
5
5
5
5
5
5
5
5
5
5
5
5
5
5
5
5
5
5
5
5
5
5
5
5
5
5
5
5
5
5
5
5
5
5
5
5
5
5
5
5
5
5
5
5
5
5
5
5
5
5
5
5
5
5
5
5
5
5
5
5
5
5
5
5
5
5
5
5
5
5
5
5
5
5
5
5
5
5
5
5
5
5
5
5
5
5
5
5
5
5
5
5
5
5
5
5
5
5
5
5
5
5
5
5
5
5
5
5
5
5
5
5
5
5
5
5
5
5
5
5
5
5
5
5
5
5
5
5
5
5
5
5
5
5
5
5
5
5
5
5
5
5
5
5
5
5
5
5
5
5
5
5
5
5
5
5
5
5
5
5
5
5
5
5
5
5
5
5
5
5
5
5
5
5
5
5
5
5
5
5
5
5
5
5
5
5
5
5
5
5
5
5
5
5
5
5
5
5
5
5
5
5
5
5
5
5
5
5
5
5
5
5
5
5
5
5
5
5
5
5
5
5
5
5
5
5
5
5
5
5
5
5
5
5
5
5
5
5
5
5
5
5
5
5
5
5
5
5
5
5
5
5
5
5
5
5
5
5
5
5
5
5
5
5
5
5
5
5
5
5
5
5
5
5
5
5
5
5
5
5
5
5
5
5
5
5
5
5
5
5
5
5
5
5
5
5
5
5
5
5
5
5
5
5
5
5
5
5
5
5
5
5
5
5
5
5
5
5
5
5
5
5
5
5
5
5
5
5
5
5
5
5
5
5
5
5
5
5
5
5
5
5
5
5
5
5
5
5
5
5
5
5
5
5
5
5
5
5
5
5
5
5
5
5
5
5
5
5
5
5
5
5
5
5
5
5
5
5
5
5
5
5
5
5
5
5
5
5
5
5
5
5
5
5
5
5
5
5
5
5
5
5
5
5
5
5
5
5
5
5
5
5
5
5
5
5
5
5
5
5
5
5
5
5
5
5
5
5
5
5
5
5
5
5
5
5
5
5
5
5
5
5
5
5
5
5
5
5
5
5
5
5
5
5
5
5
5
5
5
5
5
5
5
5
5
5
5
5
5
5
5
5
5
5
5
5
5
5
5
5
5
5
5
5
5
5
5
5
5
5
5
5
5
5
5
5
5
5
5
5
5
5
5
5
5
5
5
5
5
5
5
5
5
5
5
5
5
5
5
5
5
5
5
5
5
5
5
5
5
5
5
5
5
5
5
5
5
5
5
5
5
5
5
5
5
5
5
5
5
5
5
5
5
5
5
5
5
5
5
5
5
5
5
5
5
5
5
5
5
5
5
5
5
5
5
5
5
5
5
5
5
5
5
5
5
5
5
5
5
5
5
5
5
5
5
5
5
5
5
5
5
5
5
5
5
5
5
5
5
5
5
5
5
5
5
5
5
5
5
5
5
5
5
5
5
5
5
5
5
5
5
5
5
5
5
5
5
5
5
5
5
5
5
5
5
5
5
5
5
5
5
5
5
5
5
5
5
5
5
5
5
5
5
5
5
5
5
5
5
5
5
5
5
5
5
5
5
5
5
5
5
5
5
5
5
5
5
5
5
5
5
5
5
5
5
5
5
5
5
5
5
5
5
5
5
5
5
5
5
5
5
5
5
5
5
5
5
5
5
5
5
5
5
5
5
5
5
5
5
5
5
5
5
5
5
5
5
5
5
5
5
5
5
5
5
5
5
5
5
5
5
5
5
5
5
5
5
5
5
5
5
5
5
5
5
5
5
5
5
5
5
5
5
5
5
5
5
5
5
5
5
5
5
5
5
5
5
5
5
5
5
5
5
5
5
5
5
5
5
5
5
5
5
5
5
5
5
5
5
5
5
5
5
5
5
5
5
5
5
5
5
5
5
5
5
5
5
5
5
5
5
5
5
5
5
5
5
5
5
5
5
5
5
5
5
5
5
5
5
5
5
5
5
5
5
5
5
5
5
5
5
5
5
5
5
5
5
5
5
5
5
5
5
5
5
5
5
5
5
5
5
5
5
5
5
5
5
5
5
5
5
5
5
5
5
5
5
5
5
5
5
5
5
5
5
5
5
5
5
5
5
5
5
5
5
5
5
5
5
5
5
5
5
5
5
5
5
5
5
5
5
5
5
5
5
5
5
5
5
5
5
5
5
5
5
5
5
5
5
5
5
5
5
5
5
5
5
5
5
5
5
5
5
5
5
5
5
5
5
5
5
5
5
5
5
5
5
5
5
5
5
5
5
5
5
5
5
5
5
5
5
5
5
5
5
5
5
5
5
5
5
5
5
5
5
5
5
5
5
5
5
5
5
5
5
5
5
5
5
5
5
5
5
5
5
5
5
5
5
5
5
5
5
5
5
5
5
5
5
5
5
5
5
5
5
5
5
5
5
5
5
5
5
5
5
5
5
5
5
5
5
5
5
5
5
5
5
5
5
5
5
5
5
5
5
5
5
5
5
5
5
5
5
5
5
5
5
5
5
5
5
5
5
5
5
5
5
5
5
5
5
5
5
5
5
5
5
5
5
5
5
5
5
5
5
5
5
5
5
5
5
5
5
5
5
5
5
5
5
5
5
5
5
5
5
5
5
5
5
5
5
5
5
5
5
5
5
5
5
5
5
5
5
5
5
5
5
5
5
5
5
5
5
5
5
5
5
5
5
5
5
5
5
5
5
5
5
5
5
5
5
5
5
5
5
5
5
5
5
5
5
5
5
5
5
5
5
5
5
5
5
5
5
5
5
5
5
5
5
5
5
5
5
5
5
5
5
5
5
5
5
5
5
5
5
5
5
5
5
5
5
5
5
5
5
5
5
5
5
5
5
5
5
5
5
5
5
5
5
5
5
5
5
5
5
5
5
5
5
5
5
5
5
5
5
5
5
5
5
5
5
5
5
5
5
5
5
5
5
5
5
5
5
5
5
5
5
5
5
5
5
5
5
5
5
5
5
5
5
5
5
5
5
5
5
5
5
5
5
5
5
5
5
5
5
5
5
5
5
5
5
5
5
5
5
5
5
5
5
5
5
5
5
5
5
5
5
5
5
5
5
5
5
5
5
5
5
5
5
5
5
5
5
5
5
5
5
5
5
5
5
5
5
5
5
5
5
5
5
5
5
5
5
5
5
5
5
5
5
5
5
5
5
5
5
5
5
5
5
5
5
5
5
5
5
5
5
5
5
5
5
5
5
5
5
5
5
5
5
5
5
5
5
5
5
5
5
5
5
5
5
5
5
5
5
5
5
5
5
5
5
5
5
5
5
5
5
5
5
5
5
5
5
5
5
5
5
5
5
5
5
5
5
5
5
5
5
5
5
5
5
5
5
5
5
5
5
5
5
5
5
5
5
5
5
5
5
5
5
5
5
5
5
5
5
5
5
5
5
5
5
5
5
5
5
5
5
5
5
5
5
5
5
5
5
5
5
5
5
5
5
5
5
5
5
5
5
5
5
5
5
5
5
5
5
5
5
5
5
5
5
5
5
5
5
5
5
5
5
5
5
5
5
5
5
5
5
5
5
5
5
5
5
5
5
5
5
5
5
5
5
5
5
5
5
5
5
5
5
5
5
5
5
5
5
5
5
5
5
5
5
5
5
5
5
5
5
5
5
5
5
5
5
5
5
5
5
5
5
5
5
5
5
5
5
5
5
5
5
5
5
5
5
5
5
5
5
5
5
5
5
5
5
5
5
5
5
5
5
5
5
5
5
5
5
5
5
5
5
5
5
5
5
5
5
5
5
5
5
5
5
5
5
5
5
5
5
5
5
5
5
5
5
5
5
5
5
5
5
5
5
5
5
5
5
5
5
5
5
5
5
5
5
5
5
5
5
5
5
5
5
5
5
5
5
5
5
5
5
5
5
5
5
5
5
5
5
5
5
5
5
5
5
5
5
5
5
5
5
5
5
5
5
5
5
5
5
5
5
5
5
5
5
5
5
5
5
5
5
5
5
5
5
5
5
5
5
5
5
5
5
5
5
5
5
5
5
5
5
5
5
5
5
5
5
5
5
5
5
5
5
5
5
5
5
5
5
5
5
5
5
5
5
5
5
5
5
5
5
5
5
5
5
5
5
5
5
5
5
5
5
5
5
5
5
5
5
5
5
5
5
5
5
5
5
5
5
5
5
5
5
5
5
5
5
5
5
5
5
5
5
5
5
5
5
5
5
5
5
5
5
5
5
5
5
5
5
5
5
5
5
5
5
5
5
5
5
5
5
5
5
5
5
5
5
5
5
5
5
5
5
5
5
5
5
5
5
5
5
5
5
5
5
5
5
5
5
5
5
5
5
5
5
5
5
5
5
5
5
5
5
5
5
5
5
5
5
5
5
5
5
5
5
5
5
5
5
5
5
5
5
5
5
5
5
5
5
5
5
5
5
5
5
5
5
5
5
5
5
5
5
5
5
5
5
5
5
5
5
5
5
5
5
5
5
5
5
5
5
5
5
5
5
5
5
5
5
5
5
5
5
5
5
5
5
5
5
5
5
5
5
5
5
5
5
5
5
5
5
5
5
5
5
5
5
5
5
5
5
5
5
5
5
5
5
5
5
5
5
5
5
5
5
5
5
5
5
5
5
5
5
5
5
5
5
5
5
5
5
5
5
5
5
5
5
5
5
5
5
5
5
5
5
5
5
5
5
5
5
5
5
5
5
5
5
5
5
5
5
5
5
5
5
5
5
5
5
5
5
5
5
5
5
5
5
5
5
5
5
5
5
5
5
5
5
5
5
5
5
5
5
5
5
5
5
5
5
5
5
5
5
5
5
5
5
5
5
5
5
5
5
5
5
5
5
5
5
5
5
5
5
5
5
5
5
5
5
5
5
5
5
5
5
5
5
5
5
5
5
5
5
5
5
5
5
5
5
5
5
5
5
5
5
5
5
5
5
5
5
5
5
5
5
5
5
5
5
5
5
5
5
5
5
5
5
5
5
5
5
5
5
5
5
5
5
5
5
5
5
5
5
5
5
5
5
5
5
5
5
5
5
5
5
5
5
5
5
5
5
5
5
5
5
5
5
5
5
5
5
5
5
5
5
5
5
5
5
5
5
5
5
5
5
5
5
5
5
5
5
5
5
5
5
5
5
5
5
5
5
5
5
5
5
5
5
5
5
5
5
5
5
5
5
5
5
5
5
5
5
5
5
5
5
5
5
5
5
5
5
5
5
5
5
5
5
5
5
5
5
5
5
5
5
5
5
5
5
5
5
5
5
5
5
5
5
5
5
5
5
5
5
5
5
5
5
5
5
5
5
5
5
5
5
5
5
5
5
5
5
5
5
5
5
5
5
5
5
5
5
5
5
5
5
5
5
5
5
5
5
5
5
5
5
5
5
5
5
5
5
5
5
5
5
5
5
5
5
5
5
5
5
5
5
5
5
5
5
5
5
5
5
5
5
5
5
5
5
5
5
5
5
5
5
5
5
5
5
5
5
5
5
5
5
5
5
5
5
5
5
5
5
5
5
5
5
5
5
5
5
5
5
5
5
5
5
5
5
5
5
5
5
5
5
5
5
5
5
5
5
5
5
5
5
5
5
5
5
5
5
5
5
5
5
5
5
5
5
5
5
5
5
5
5
5
5
5
5
5
5
5
5
5
5
5
5
5
5
5
5
5
5
5
5
5
5
5
5
5
5
5
5
5
5
5
5
5
5
5
5
5
5
5
5
5
5
5
5
5
5
5
5
5
5
5
5
5
5
5
5
5
5
5
5
5
5
5
5
5
5
5
5
5
5
5
5
5
5
5
5
5
5
5
5
5
5
5
5
5
5
5
5
5
5
5
5
5
5
5
5
5
5
5
5
5
5
5
5
5
5
5
5
5
5
5
5
5
5
5
5
5
5
5
5
5
5
5
5
5
5
5
5
5
5
5
5
5
5
5
5
5
5
5
5
5
5
5
5
5
5
5
5
5
5
5
5
5
5
5
5
5
5
5
5
5
5
5
5
5
5
5
5
5
5
5
5
5
5
5
5
5
5
5
5
5
5
5
5
5
5
5
5
5
5
5
5
5
5
5
5
5
5
5
5
5
5
5
5
5
5
5
5
5
5
5
5
5
5
5
5
5
5
5
5
5
5
5
5
5
5
5
5
5
5
5
5
5
5
5
5
5
5
5
5
5
5
5
5
5
5
5
5
5
5
5
5
5
5
5
5
5
5
5
5
5
5
5
5
5
5
5
5
5
5
5
5
5
5
5
5
5
5
5
5
5
5
5
5
5
5
5
5
5
5
5
5
5
5
5
5
5
5
5
5
5
5
5
5
5
5
5
5
5
5
5
5
5
5
5
5
5
5
5
5
5
5
5
5
5
5
5
5
5
5
5
5
5
5
5
5
5
5
5
5
5
5
5
5
5
5
5
5
5
5
5
5
5
5
5
5
5
5
5
5
5
5
5
5
5
5
5
5
5
5
5
5
5
5
5
5
5
5
5
5
5
5
5
5
5
5
5
5
5
5
5
5
5
5
5
5
5
5
5
5
5
5
5
5
5
5
5
5
5
5
5
5
5
5
5
5
5
5
5
5
5
5
5
5
5
5
5
5
5
5
5
5
5
5
5
5
5
5
5
5
5
5
5
5
5
5
5
5
5
5
5
5
5
5
5
5
5
5
5
5
5
5
5
5
5
5
5
5
5
5
5
5
5
5
5
5
5
5
5
5
5
5
5
5
5
5
5
5
5
5
5
5
5
5
5
5
5
5
5
5
5
5
5
5
5
5
5
5
5
5
5
5
5
5
5
5
5
5
5
5
5
5
5
5
5
5
5
5
5
5
5
5
5
5
5
5
5
5
5
5
5
5
5
5
5
5
5
5
5
5
5
5
5
5
5
5
5
5
5
5
5
5
5
5
5
5
5
5
5
5
5
5
5
5
5
5
5
5
5
5
5
5
5
5
5
5
5
5
5
5
5
5
5
5
5
5
5
5
5
5
5
5
5
5
5
5
5
5
5
5
5
5
5
5
5
5
5
5
5
5
5
5
5
5
5
5
5
5
5
5
5
5
5
5
5
5
5
5
5
5
5
5
5
5
5
5
5
5
5
5
5
5
5
5
5
5
5
5
5
5
5
5
5
5
5
5
5
5
5
5
5
5
5
5
5
5
5
5
5
5
5
5
5
5
5
5
5
5
5
5
5
5
5
5
5
5
5
5
5
5
5
5
5
5
5
5
5
5
5
5
5
5
5
5
5
5
5
5
5
5
5
5
5
5
5
5
5
5
5
5
5
5
5
5
5
5
5
5
5
5
5
5
5
5
5
5
5
5
5
5
5
5
5
5
5
5
5
5
5
5
5
5
5
5
5
5
5
5
5
5
5
5
5
5
5
5
5
5
5
5
5
5
5
5
5
5
5
5
5
5
5
5
5
5
5
5
5
5
5
5
5
5
5
5
5
5
5
5
5
5
5
5
5
5
5
5
5
5
5
5
5
5
5
5
5
5
5
5
5
5
5
5
5
5
5
5
5
5
5
5
5
5
5
5
5
5
5
5
5
5
5
5
5
5
5
5
5
5
5
5
5
5
5
5
5
5
5
5
5
5
5
5
5
5
5
5
5
5
5
5
5
5
5
5
5
5
5
5
5
5
5
5
5
5
5
5
5
5
5
5
5
5
5
5
5
5
5
5
5
5
5
5
5
5
5
5
5
5
5
5
5
5
5
5
5
5
5
5
5
5
5
5
5
5
5
5
5
5
5
5
5
5
5
5
5
5
5
5
5
5
5
5
5
5
5
5
5
5
5
5
5
5
5
5
5
5
5
5
5
5
5
5
5
5
5
5
5
5
5
5
5
5
5
5
5
5
5
5
5
5
5
5
5
5
5
5
5
5
5
5
5
5
5
5
5
5
5
5
5
5
5
5
5
5
5
5
5
5
5
5
5
5
5
5
5
5
5
5
5
5
5
5
5
5
5
5
5
5
5
5
5
5
5
5
5
5
5
5
5
5
5
5
5
5
5
5
5
5
5
5
5
5
5
5
5
5
5
5
5
5
5
5
5
5
5
5
5
5
5
5
5
5
5
5
5
5
5
5
5
5
5
5
5
5
5
5
5
5
5
5
5
5
5
5
5
5
5
5
5
5
5
5
5
5
5
5
5
5
5
5
5
5
5
5
5
5
5
5
5
5
5
5
5
5
5
5
5
5
5
5
5
5
5
5
5
5
5
5
5
5
5
5
5
5
5
5
5
5
5
5
5
5
5
5
5
5
5
5
5
5
5
5
5
5
5
5
5
5
5
5
5
5
5
5
5
5
5
5
5
5
5
5
5
5
5
5
5
5
5
5
5
5
5
5
5
5
5
5
5
5
5
5
5
5
5
5
5
5
5
5
5
5
5
5
5
5
5
5
5
5
5
5
5
5
5
5
5
5
5
5
5
5
5
5
5
5
5
5
5
5
5
5
5
5
5
5
5
5
5
5
5
5
5
5
5
5
5
5
5
5
5
5
5
5
5
5
5
5
5
5
5
5
5
5
5
5
5
5
5
5
5
5
5
5
5
5
5
5
5
5
5
5
5
5
5
5
5
5
5
5
5
5
5
5
5
5
5
5
5
5
5
5
5
5
5
5
5
5
5
5
5
5
5
5
5
5
5
5
5
5
5
5
5
5
5
5
5
5
5
5
5
5
5
5
5
5
5
5
5
5
5
5
5
5
5
5
5
5
5
5
5
5
5
5
5
5
5
5
5
5
5
5
5
5
5
5
5
5
5
5
5
5
5
5
5
5
5
5
5
5
5
5
5
5
5
5
5
5
5
5
5
5
5
5
5
5
5
5
5
5
5
5
5
5
5
5
5
5
5
5
5
5
5
5
5
5
5
5
5
5
5
5
5
5
5
5
5
5
5
5
5
5
5
5
5
5
5
5
5
5
5
5
5
5
5
5
5
5
5
5
5
5
5
5
5
5
5
5
5
5
5
5
5
5
5
5
5
5
5
5
5
5
5
5
5
5
5
5
5
5
5
5
5
5
5
5
5
5
5
5
5
5
5
5
5
5
5
5
5
5
5
5
5
5
5
5
5
5
5
5
5
5
5
5
5
5
5
5
5
5
5
5
5
5
5
5
5
5
5
5
5
5
5
5
5
5
5
5
5
5
5
5
5
5
5
5
5
5
5
5
5
5
5
5
5
5
5
5
5
5
5
5
5
5
5
5
5
5
5
5
5
5
5
5
5
5
5
5
5
5
5
5
5
5
5
5
5
5
5
5
5
5
5
5
5
5
5
5
5
5
5
5
5
5
5
5
5
5
5
5
5
5
5
5
5
5
5
5
5
5
5
5
5
5
5
5
5
5
5
5
5
5
5
5
5
5
5
5
5
5
5
5
5
5
5
5
5
5
5
5
5
5
5
5
5
5
5
5
5
5
5
5
5
5
5
5
5
5
5
5
5
5
5
5
5
5
5
5
5
5
5
5
5
5
5
5
5
5
5
5
5
5
5
5
5
5
5
5
5
5
5
5
5
5
5
5
5
5
5
5
5
5
5
5
5
5
5
5
5
5
5
5
5
5
5
5
5
5
5
5
5
5
5
5
5
5
5
5
5
5
5
5
5
5
5
5
5
5
5
5
5
5
5
5
5
5
5
5
5
5
5
5
5
5
5
5
5
5
5
5
5
5
5
5
5
5
5
5
5
5
5
5
5
5
5
5
5
5
5
5
5
5
5
5
5
5
5
5
5
5
5
5
5
5
5
5
5
5
5
5
5
5
5
5
5
5
5
5
5
5
5
5
5
5
5
5
5
5
5
5
5
5
5
5
5
5
5
5
5
5
5
5
5
5
5
5
5
5
5
5
5
5
5
5
5
5
5
5
5
5
5
5
5
5
5
5
5
5
5
5
5
5
5
5
5
5
5
5
5
5
5
5
5
5
5
5
5
5
5
5
5
5
5
5
5
5
5
5
5
5
5
5
5
5
5
5
5
5
5
5
5
5
5
5
5
5
5
5
5
5
5
5
5
5
5
5
5
5
5
5
5
5
5
5
5
5
5
5
5
5
5
5
5
5
5
5
5
5
5
5
5
5
5
5
5
5
5
5
5
5
5
5
5
5
5
5
5
5
5
5
5
5
5
5
5
5
5
5
5
5
5
5
5
5
5
5
5
5
5
5
5
5
5
5
5
5
5
5
5
5
5
5
5
5
5
5
5
5
5
5
5
5
5
5
5
5
5
5
5
5
5
5
5
5
5
5
5
5
5
5
5
5
5
5
5
5
5
5
5
5
5
5
5
5
5
5
5
5
5
5
5
5
5
5
5
5
5
5
5
5
5
5
5
5
5
5
5
5
5
5
5
5
5
5
5
5
5
5
5
5
5
5
5
5
5
5
5
5
5
5
5
5
5
5
5
5
5
5
5
5
5
5
5
5
5
5
5
5
5
5
5
5
5
5
5
5
5
5
5
5
5
5
5
5
5
5
5
5
5
5
5
5
5
5
5
5
5
5
5
5
5
5
5
5
5
5
5
5
5
5
5
5
5
5
5
5
5
5
5
5
5
5
5
5
5
5
5
5
5
5
5
5
5
5
5
5
5
5
