$MeshFormat
4.1 0 8
$EndMeshFormat
$Entities
4 4 1 0
0 0 0 0 0 
1 0 77085.02264747792 0 0 
2 17320.50807568877 77085.02264747792 -9999.999999999998 0 
3 17320.50807568877 0 -9999.999999999998 0 
0 0 0 0 0 77085.02264747792 0 0 2 0 -1 
1 0 77085.02264747792 -9999.999999999998 17320.50807568877 77085.02264747792 0 0 2 1 -2 
2 17320.50807568877 0 -9999.999999999998 17320.50807568877 77085.02264747792 -9999.999999999998 0 2 2 -3 
3 0 0 -9999.999999999998 17320.50807568877 0 0 0 2 3 0 
1 0 0 -9999.999999999998 17320.50807568877 77085.02264747792 0 0 4 0 1 2 3 
$EndEntities
$Nodes
9 1948 1 1948
0 0 0 1
1
0 0 0
0 1 0 1
2
0 77085.02264747792 0
0 2 0 1
3
17320.50807568877 77085.02264747792 -9999.999999999998
0 3 0 1
4
17320.50807568877 0 -9999.999999999998
1 0 0 77
5
6
7
8
9
10
11
12
13
14
15
16
17
18
19
20
21
22
23
24
25
26
27
28
29
30
31
32
33
34
35
36
37
38
39
40
41
42
43
44
45
46
47
48
49
50
51
52
53
54
55
56
57
58
59
60
61
62
63
64
65
66
67
68
69
70
71
72
73
74
75
76
77
78
79
80
81
0 988.2695211195223 0
0 1976.539042239056 0
0 2964.808563358508 0
0 3953.078084477757 0
0 4941.347605597287 0
0 5929.617126717554 0
0 6917.886647837962 0
0 7906.156168958371 0
0 8894.425690078779 0
0 9882.695211198394 0
0 10870.96473231668 0
0 11859.23425343476 0
0 12847.50377455284 0
0 13835.77329567091 0
0 14824.04281678899 0
0 15812.31233790706 0
0 16800.58185902514 0
0 17788.85138014431 0
0 18777.12090126355 0
0 19765.39042238279 0
0 20753.65994350204 0
0 21741.92946462128 0
0 22730.19898574052 0
0 23718.46850685976 0
0 24706.738027979 0
0 25695.00754909825 0
0 26683.27707021749 0
0 27671.54659133673 0
0 28659.81611245597 0
0 29648.08563357522 0
0 30636.35515469446 0
0 31624.6246758137 0
0 32612.89419693283 0
0 33601.16371805205 0
0 34589.43323917183 0
0 35577.70276029002 0
0 36565.97228141043 0
0 37554.2418025289 0
0 38542.5113236484 0
0 39530.78084477205 0
0 40519.05036589672 0
0 41507.31988701947 0
0 42495.58940814443 0
0 43483.85892926779 0
0 44472.12845039172 0
0 45460.3979715161 0
0 46448.66749263903 0
0 47436.9370137641 0
0 48425.20653488718 0
0 49413.47605601141 0
0 50401.74557713549 0
0 51390.01509825871 0
0 52378.28461938378 0
0 53366.55414050657 0
0 54354.82366163108 0
0 55343.09318275488 0
0 56331.36270387839 0
0 57319.6322250032 0
0 58307.90174612595 0
0 59296.17126725077 0
0 60284.44078837426 0
0 61272.71030949806 0
0 62260.97983062259 0
0 63249.24935174537 0
0 64237.51887287045 0
0 65225.78839399366 0
0 66214.0579151164 0
0 67202.32743623915 0
0 68190.59695736188 0
0 69178.86647848462 0
0 70167.13599961167 0
0 71155.40552073579 0
0 72143.67504185853 0
0 73131.94456298127 0
0 74120.21408410423 0
0 75108.48360523164 0
0 76096.75312635516 0
1 1 0 19
82
83
84
85
86
87
88
89
90
91
92
93
94
95
96
97
98
99
100
866.0254037827953 77085.02264747792 -499.9999999990511
1732.050807565813 77085.02264747792 -999.9999999982305
2598.076211348427 77085.02264747792 -1499.999999997177
3464.101615130614 77085.02264747792 -1999.999999995877
4330.127018912804 77085.02264747792 -2499.999999994579
5196.152422694761 77085.02264747792 -2999.999999993146
6062.177826476791 77085.02264747792 -3499.999999991755
6928.203230259089 77085.02264747792 -3999.999999990519
7794.228634040725 77085.02264747792 -4499.999999988901
8660.254037822071 77085.02264747792 -4999.999999987115
9526.279441609127 77085.02264747792 -5499.999999988627
10392.30484539626 77085.02264747792 -5999.999999990182
11258.33024918291 77085.02264747792 -6499.999999991459
12124.3556529701 77085.02264747792 -6999.99999999305
12990.38105675639 77085.02264747792 -7499.999999994115
13856.40646054267 77085.02264747792 -7999.999999995181
14722.43186432986 77085.02264747792 -8499.999999996769
15588.45726811651 77085.02264747792 -8999.999999998046
16454.48267190355 77085.02264747792 -9499.999999999545
1 2 0 77
101
102
103
104
105
106
107
108
109
110
111
112
113
114
115
116
117
118
119
120
121
122
123
124
125
126
127
128
129
130
131
132
133
134
135
136
137
138
139
140
141
142
143
144
145
146
147
148
149
150
151
152
153
154
155
156
157
158
159
160
161
162
163
164
165
166
167
168
169
170
171
172
173
174
175
176
177
17320.50807568877 76096.75312635509 -9999.999999999998
17320.50807568877 75108.48360523672 -9999.999999999998
17320.50807568877 74120.21408412322 -9999.999999999998
17320.50807568877 73131.94456300368 -9999.999999999998
17320.50807568877 72143.67504188085 -9999.999999999998
17320.50807568877 71155.40552075804 -9999.999999999998
17320.50807568877 70167.13599963659 -9999.999999999998
17320.50807568877 69178.86647852127 -9999.999999999998
17320.50807568877 68190.59695740094 -9999.999999999998
17320.50807568877 67202.32743627811 -9999.999999999998
17320.50807568877 66214.05791515841 -9999.999999999998
17320.50807568877 65225.78839404492 -9999.999999999998
17320.50807568877 64237.51887292905 -9999.999999999998
17320.50807568877 63249.2493518109 -9999.999999999998
17320.50807568877 62260.97983069044 -9999.999999999998
17320.50807568877 61272.71030957173 -9999.999999999998
17320.50807568877 60284.44078845485 -9999.999999999998
17320.50807568877 59296.17126733826 -9999.999999999998
17320.50807568877 58307.90174621817 -9999.999999999998
17320.50807568877 57319.63222509535 -9999.999999999998
17320.50807568877 56331.36270397525 -9999.999999999998
17320.50807568877 55343.09318285866 -9999.999999999998
17320.50807568877 54354.82366174178 -9999.999999999998
17320.50807568877 53366.5541406211 -9999.999999999998
17320.50807568877 52378.28461949831 -9999.999999999998
17320.50807568877 51390.01509837878 -9999.999999999998
17320.50807568877 50401.74557726247 -9999.999999999998
17320.50807568877 49413.47605614529 -9999.999999999998
17320.50807568877 48425.20653502404 -9999.999999999998
17320.50807568877 47436.93701390154 -9999.999999999998
17320.50807568877 46448.66749278229 -9999.999999999998
17320.50807568877 45460.39797166628 -9999.999999999998
17320.50807568877 44472.12845054881 -9999.999999999998
17320.50807568877 43483.85892942952 -9999.999999999998
17320.50807568877 42495.58940830965 -9999.999999999998
17320.50807568877 41507.31988719138 -9999.999999999998
17320.50807568877 40519.05036607089 -9999.999999999998
17320.50807568877 39530.78084495233 -9999.999999999998
17320.50807568877 38542.51132383275 -9999.999999999998
17320.50807568877 37554.24180270902 -9999.999999999998
17320.50807568877 36565.97228158426 -9999.999999999998
17320.50807568877 35577.70276046143 -9999.999999999998
17320.50807568877 34589.43323933639 -9999.999999999998
17320.50807568877 33601.16371821294 -9999.999999999998
17320.50807568877 32612.89419708892 -9999.999999999998
17320.50807568877 31624.62467596446 -9999.999999999998
17320.50807568877 30636.35515484145 -9999.999999999998
17320.50807568877 29648.0856337163 -9999.999999999998
17320.50807568877 28659.81611259314 -9999.999999999998
17320.50807568877 27671.54659146882 -9999.999999999998
17320.50807568877 26683.27707034465 -9999.999999999998
17320.50807568877 25695.00754922137 -9999.999999999998
17320.50807568877 24706.7380280962 -9999.999999999998
17320.50807568877 23718.46850697334 -9999.999999999998
17320.50807568877 22730.19898584874 -9999.999999999998
17320.50807568877 21741.92946472485 -9999.999999999998
17320.50807568877 20753.65994360126 -9999.999999999998
17320.50807568877 19765.39042247636 -9999.999999999998
17320.50807568877 18777.12090135355 -9999.999999999998
17320.50807568877 17788.85138022864 -9999.999999999998
17320.50807568877 16800.58185910505 -9999.999999999998
17320.50807568877 15812.31233798117 -9999.999999999998
17320.50807568877 14824.04281685656 -9999.999999999998
17320.50807568877 13835.77329573371 -9999.999999999998
17320.50807568877 12847.50377460855 -9999.999999999998
17320.50807568877 11859.23425348526 -9999.999999999998
17320.50807568877 10870.96473236242 -9999.999999999998
17320.50807568877 9882.695211239596 -9999.999999999998
17320.50807568877 8894.425690116783 -9999.999999999998
17320.50807568877 7906.156168993955 -9999.999999999998
17320.50807568877 6917.886647866835 -9999.999999999998
17320.50807568877 5929.617126742625 -9999.999999999998
17320.50807568877 4941.347605619812 -9999.999999999998
17320.50807568877 3953.07808449697 -9999.999999999998
17320.50807568877 2964.808563373925 -9999.999999999998
17320.50807568877 1976.539042246455 -9999.999999999998
17320.50807568877 988.2695211228129 -9999.999999999998
1 3 0 19
178
179
180
181
182
183
184
185
186
187
188
189
190
191
192
193
194
195
196
16454.48267190687 0 -9500.000000001459
15588.45726812442 0 -9000.000000002612
14722.4318643423 0 -8500.000000003949
13856.40646055991 0 -8000.000000005131
12990.38105677838 0 -7500.000000006814
12124.35565299613 0 -7000.000000008076
11258.33024921313 0 -6500.000000008908
10392.30484543056 0 -6000.000000009984
9526.279441648667 0 -5500.000000011455
8660.254037867218 0 -5000.00000001318
7794.228634080111 0 -4500.000000011641
6928.203230292927 0 -4000.000000010056
6062.177826506224 0 -3500.000000008748
5196.152422718978 0 -3000.000000007128
4330.127018932642 0 -2500.000000006033
3464.101615146305 0 -2000.000000004937
2598.076211359064 0 -1500.000000003318
1732.050807572363 0 -1000.000000002012
866.0254037852756 0 -500.0000000004839
2 1 0 1752
197
198
199
200
201
202
203
204
205
206
207
208
209
210
211
212
213
214
215
216
217
218
219
220
221
222
223
224
225
226
227
228
229
230
231
232
233
234
235
236
237
238
239
240
241
242
243
244
245
246
247
248
249
250
251
252
253
254
255
256
257
258
259
260
261
262
263
264
265
266
267
268
269
270
271
272
273
274
275
276
277
278
279
280
281
282
283
284
285
286
287
288
289
290
291
292
293
294
295
296
297
298
299
300
301
302
303
304
305
306
307
308
309
310
311
312
313
314
315
316
317
318
319
320
321
322
323
324
325
326
327
328
329
330
331
332
333
334
335
336
337
338
339
340
341
342
343
344
345
346
347
348
349
350
351
352
353
354
355
356
357
358
359
360
361
362
363
364
365
366
367
368
369
370
371
372
373
374
375
376
377
378
379
380
381
382
383
384
385
386
387
388
389
390
391
392
393
394
395
396
397
398
399
400
401
402
403
404
405
406
407
408
409
410
411
412
413
414
415
416
417
418
419
420
421
422
423
424
425
426
427
428
429
430
431
432
433
434
435
436
437
438
439
440
441
442
443
444
445
446
447
448
449
450
451
452
453
454
455
456
457
458
459
460
461
462
463
464
465
466
467
468
469
470
471
472
473
474
475
476
477
478
479
480
481
482
483
484
485
486
487
488
489
490
491
492
493
494
495
496
497
498
499
500
501
502
503
504
505
506
507
508
509
510
511
512
513
514
515
516
517
518
519
520
521
522
523
524
525
526
527
528
529
530
531
532
533
534
535
536
537
538
539
540
541
542
543
544
545
546
547
548
549
550
551
552
553
554
555
556
557
558
559
560
561
562
563
564
565
566
567
568
569
570
571
572
573
574
575
576
577
578
579
580
581
582
583
584
585
586
587
588
589
590
591
592
593
594
595
596
597
598
599
600
601
602
603
604
605
606
607
608
609
610
611
612
613
614
615
616
617
618
619
620
621
622
623
624
625
626
627
628
629
630
631
632
633
634
635
636
637
638
639
640
641
642
643
644
645
646
647
648
649
650
651
652
653
654
655
656
657
658
659
660
661
662
663
664
665
666
667
668
669
670
671
672
673
674
675
676
677
678
679
680
681
682
683
684
685
686
687
688
689
690
691
692
693
694
695
696
697
698
699
700
701
702
703
704
705
706
707
708
709
710
711
712
713
714
715
716
717
718
719
720
721
722
723
724
725
726
727
728
729
730
731
732
733
734
735
736
737
738
739
740
741
742
743
744
745
746
747
748
749
750
751
752
753
754
755
756
757
758
759
760
761
762
763
764
765
766
767
768
769
770
771
772
773
774
775
776
777
778
779
780
781
782
783
784
785
786
787
788
789
790
791
792
793
794
795
796
797
798
799
800
801
802
803
804
805
806
807
808
809
810
811
812
813
814
815
816
817
818
819
820
821
822
823
824
825
826
827
828
829
830
831
832
833
834
835
836
837
838
839
840
841
842
843
844
845
846
847
848
849
850
851
852
853
854
855
856
857
858
859
860
861
862
863
864
865
866
867
868
869
870
871
872
873
874
875
876
877
878
879
880
881
882
883
884
885
886
887
888
889
890
891
892
893
894
895
896
897
898
899
900
901
902
903
904
905
906
907
908
909
910
911
912
913
914
915
916
917
918
919
920
921
922
923
924
925
926
927
928
929
930
931
932
933
934
935
936
937
938
939
940
941
942
943
944
945
946
947
948
949
950
951
952
953
954
955
956
957
958
959
960
961
962
963
964
965
966
967
968
969
970
971
972
973
974
975
976
977
978
979
980
981
982
983
984
985
986
987
988
989
990
991
992
993
994
995
996
997
998
999
1000
1001
1002
1003
1004
1005
1006
1007
1008
1009
1010
1011
1012
1013
1014
1015
1016
1017
1018
1019
1020
1021
1022
1023
1024
1025
1026
1027
1028
1029
1030
1031
1032
1033
1034
1035
1036
1037
1038
1039
1040
1041
1042
1043
1044
1045
1046
1047
1048
1049
1050
1051
1052
1053
1054
1055
1056
1057
1058
1059
1060
1061
1062
1063
1064
1065
1066
1067
1068
1069
1070
1071
1072
1073
1074
1075
1076
1077
1078
1079
1080
1081
1082
1083
1084
1085
1086
1087
1088
1089
1090
1091
1092
1093
1094
1095
1096
1097
1098
1099
1100
1101
1102
1103
1104
1105
1106
1107
1108
1109
1110
1111
1112
1113
1114
1115
1116
1117
1118
1119
1120
1121
1122
1123
1124
1125
1126
1127
1128
1129
1130
1131
1132
1133
1134
1135
1136
1137
1138
1139
1140
1141
1142
1143
1144
1145
1146
1147
1148
1149
1150
1151
1152
1153
1154
1155
1156
1157
1158
1159
1160
1161
1162
1163
1164
1165
1166
1167
1168
1169
1170
1171
1172
1173
1174
1175
1176
1177
1178
1179
1180
1181
1182
1183
1184
1185
1186
1187
1188
1189
1190
1191
1192
1193
1194
1195
1196
1197
1198
1199
1200
1201
1202
1203
1204
1205
1206
1207
1208
1209
1210
1211
1212
1213
1214
1215
1216
1217
1218
1219
1220
1221
1222
1223
1224
1225
1226
1227
1228
1229
1230
1231
1232
1233
1234
1235
1236
1237
1238
1239
1240
1241
1242
1243
1244
1245
1246
1247
1248
1249
1250
1251
1252
1253
1254
1255
1256
1257
1258
1259
1260
1261
1262
1263
1264
1265
1266
1267
1268
1269
1270
1271
1272
1273
1274
1275
1276
1277
1278
1279
1280
1281
1282
1283
1284
1285
1286
1287
1288
1289
1290
1291
1292
1293
1294
1295
1296
1297
1298
1299
1300
1301
1302
1303
1304
1305
1306
1307
1308
1309
1310
1311
1312
1313
1314
1315
1316
1317
1318
1319
1320
1321
1322
1323
1324
1325
1326
1327
1328
1329
1330
1331
1332
1333
1334
1335
1336
1337
1338
1339
1340
1341
1342
1343
1344
1345
1346
1347
1348
1349
1350
1351
1352
1353
1354
1355
1356
1357
1358
1359
1360
1361
1362
1363
1364
1365
1366
1367
1368
1369
1370
1371
1372
1373
1374
1375
1376
1377
1378
1379
1380
1381
1382
1383
1384
1385
1386
1387
1388
1389
1390
1391
1392
1393
1394
1395
1396
1397
1398
1399
1400
1401
1402
1403
1404
1405
1406
1407
1408
1409
1410
1411
1412
1413
1414
1415
1416
1417
1418
1419
1420
1421
1422
1423
1424
1425
1426
1427
1428
1429
1430
1431
1432
1433
1434
1435
1436
1437
1438
1439
1440
1441
1442
1443
1444
1445
1446
1447
1448
1449
1450
1451
1452
1453
1454
1455
1456
1457
1458
1459
1460
1461
1462
1463
1464
1465
1466
1467
1468
1469
1470
1471
1472
1473
1474
1475
1476
1477
1478
1479
1480
1481
1482
1483
1484
1485
1486
1487
1488
1489
1490
1491
1492
1493
1494
1495
1496
1497
1498
1499
1500
1501
1502
1503
1504
1505
1506
1507
1508
1509
1510
1511
1512
1513
1514
1515
1516
1517
1518
1519
1520
1521
1522
1523
1524
1525
1526
1527
1528
1529
1530
1531
1532
1533
1534
1535
1536
1537
1538
1539
1540
1541
1542
1543
1544
1545
1546
1547
1548
1549
1550
1551
1552
1553
1554
1555
1556
1557
1558
1559
1560
1561
1562
1563
1564
1565
1566
1567
1568
1569
1570
1571
1572
1573
1574
1575
1576
1577
1578
1579
1580
1581
1582
1583
1584
1585
1586
1587
1588
1589
1590
1591
1592
1593
1594
1595
1596
1597
1598
1599
1600
1601
1602
1603
1604
1605
1606
1607
1608
1609
1610
1611
1612
1613
1614
1615
1616
1617
1618
1619
1620
1621
1622
1623
1624
1625
1626
1627
1628
1629
1630
1631
1632
1633
1634
1635
1636
1637
1638
1639
1640
1641
1642
1643
1644
1645
1646
1647
1648
1649
1650
1651
1652
1653
1654
1655
1656
1657
1658
1659
1660
1661
1662
1663
1664
1665
1666
1667
1668
1669
1670
1671
1672
1673
1674
1675
1676
1677
1678
1679
1680
1681
1682
1683
1684
1685
1686
1687
1688
1689
1690
1691
1692
1693
1694
1695
1696
1697
1698
1699
1700
1701
1702
1703
1704
1705
1706
1707
1708
1709
1710
1711
1712
1713
1714
1715
1716
1717
1718
1719
1720
1721
1722
1723
1724
1725
1726
1727
1728
1729
1730
1731
1732
1733
1734
1735
1736
1737
1738
1739
1740
1741
1742
1743
1744
1745
1746
1747
1748
1749
1750
1751
1752
1753
1754
1755
1756
1757
1758
1759
1760
1761
1762
1763
1764
1765
1766
1767
1768
1769
1770
1771
1772
1773
1774
1775
1776
1777
1778
1779
1780
1781
1782
1783
1784
1785
1786
1787
1788
1789
1790
1791
1792
1793
1794
1795
1796
1797
1798
1799
1800
1801
1802
1803
1804
1805
1806
1807
1808
1809
1810
1811
1812
1813
1814
1815
1816
1817
1818
1819
1820
1821
1822
1823
1824
1825
1826
1827
1828
1829
1830
1831
1832
1833
1834
1835
1836
1837
1838
1839
1840
1841
1842
1843
1844
1845
1846
1847
1848
1849
1850
1851
1852
1853
1854
1855
1856
1857
1858
1859
1860
1861
1862
1863
1864
1865
1866
1867
1868
1869
1870
1871
1872
1873
1874
1875
1876
1877
1878
1879
1880
1881
1882
1883
1884
1885
1886
1887
1888
1889
1890
1891
1892
1893
1894
1895
1896
1897
1898
1899
1900
1901
1902
1903
1904
1905
1906
1907
1908
1909
1910
1911
1912
1913
1914
1915
1916
1917
1918
1919
1920
1921
1922
1923
1924
1925
1926
1927
1928
1929
1930
1931
1932
1933
1934
1935
1936
1937
1938
1939
1940
1941
1942
1943
1944
1945
1946
1947
1948
16581.18357980222 65717.68708250637 -9573.150803281414
16579.30593485176 45954.53273222428 -9572.066744463824
16571.214402497 50920.26026445207 -9567.395096080643
16539.04271398671 59895.58994947599 -9548.820763058942
698.1304593585487 11416.11295063477 -403.0658086401351
703.2557324114559 16239.03987960131 -406.0248864169014
758.3671378583884 36043.77011458283 -437.8434711871065
16528.38066090429 41096.02504464979 -9542.665023841695
768.0919971853347 24135.86496414726 -443.4581213373502
670.972169137216 31148.51970088145 -387.3859624701187
805.7334718968823 55791.52426823173 -465.1904368947567
16516.17435778849 20413.84605480096 -9535.617711451978
16524.64385959445 27315.69855096394 -9540.507580599551
705.1385568553053 62755.11459118382 -407.1119356163946
702.214296723846 43977.99368982941 -405.4236132423162
803.7342289952215 48899.52410039896 -464.0361734673074
16580.89418318576 33125.47957876057 -9572.983720066995
16688.36739428239 13357.19714005184 -9635.033407424311
8242.934301059651 76248.74771979309 -4759.060337629188
16584.5452156711 54857.43640756422 -9575.091644655231
16563.27772506477 37129.71501282335 -9562.812853228674
741.2021408423961 40024.91560533438 -427.9332555392842
696.9244039206492 66654.94624459189 -402.3694922084062
675.6231113010127 20269.10573946001 -390.0711851803721
9096.17038852483 871.3919103188402 -5251.676422409512
16557.36872496857 9306.60521681645 -9559.401290432494
16585.28083182844 69687.65379114341 -9575.516352841687
667.4701872901885 7392.808624998304 -385.3640923080401
713.4100662301381 70648.34898348461 -411.8874937805589
11742.5761557056 76273.84261082116 -6779.579504476311
5631.423880719943 865.9868263924034 -3251.304093454545
12558.85881533757 866.5853176886981 -7250.860517749648
5690.109572519754 76282.17514794494 -3285.186293412746
16557.78401399619 23341.52980771384 -9559.641057664379
702.0189730560428 59752.67018043274 -405.3108430701309
16555.79023225971 16200.68233947982 -9558.489947242118
16573.6346071401 62791.37413580886 -9568.792401882834
694.4805350703604 51879.29285930686 -400.9585238698278
16565.23023268884 30224.20503227144 -9563.940134031029
745.9208945257379 28143.23915643289 -430.6576292486012
16561.3942027915 6386.039612075473 -9561.725401137179
16588.7143498354 72611.76357780946 -9577.498695387274
693.0058403683823 4501.301771690603 -400.1071084866683
3097.204981263173 76282.5985479269 -1788.172129667742
16564.9295680583 3465.222091391834 -9563.766545225651
14301.94277358455 76243.83596902443 -8257.230510263662
3032.437451751712 866.4153368180293 -1750.778579069553
699.7811520247857 73576.34611819594 -404.0188364953364
9978.667697856494 76246.52897562471 -5761.186481511269
7361.21593218652 866.0254037869053 -4250.000000010848
14290.78185577817 865.8596868415816 -8250.786751363747
10826.63114981694 869.7840570179455 -6250.758408763596
16575.78549720069 57815.98526863641 -9570.034218838311
16536.96640807013 53005.41835624688 -9547.622007279086
16529.77515648886 47985.07600213764 -9543.470136242831
16561.13490916787 34993.2885318536 -9561.575697893781
741.2021408420607 57813.7669855646 -427.9332555390905
692.7546356694475 45960.03270767081 -399.9620753861165
16593.23831250099 18310.85089610095 -9580.110606450055
787.2091906697275 34179.84195367167 -454.4954381417145
16527.38853656977 42930.65795889898 -9542.09222059009
16579.30593484947 39036.64608439252 -9572.0667444625
683.1359096028282 38074.87844501865 -394.4087013022926
723.7296890040009 42036.39955125847 -417.845530766984
731.3309285313074 53840.94647644593 -422.2341084542492
16563.44150059133 25232.28221024794 -9562.907409073023
698.1304184696298 18324.10600565319 -403.0657850329068
696.5118773700161 9339.67393804829 -402.1313198933503
680.425707849283 26180.10320415644 -392.8439655903251
791.6210828458225 22269.24336492176 -457.0426452772185
674.4394123565534 13361.14253955217 -389.387776276149
696.851396949372 64742.94079208506 -402.3273416138866
702.6660386086909 68775.15205056623 -405.6844265411356
16569.25525476463 67581.24905162773 -9566.263981609978
16554.33335158555 11438.47987011349 -9557.648816792715
16577.40978610763 74486.7633498314 -9570.972002475975
772.1877410271268 2399.006426036537 -445.8228001469406
1339.489985899997 76174.73403959868 -773.3549039361709
16021.46997001564 866.0254037820145 -9250.000000002034
16018.0630165208 76245.04985573109 -9248.032994484671
1303.810549669521 836.9474588993817 -752.755371823972
15167.77454255169 869.9316570489575 -8757.118715149771
14748.00296844796 1736.260006010889 -8514.763483842828
13864.21850741815 1732.10466660527 -8004.510287361662
14292.9280099453 2593.002023239907 -8252.02583404986
13431.10043403822 2595.026773434426 -7754.449451104863
13868.53740115219 3459.704598082941 -8007.003801821607
13002.05168983693 3458.796126770137 -7506.738043144776
13439.90165195523 4323.123575972123 -7759.530836638448
12573.21798347935 4321.797894391329 -7259.150787341647
13005.37691859072 5181.82534339755 -7508.657864860897
12143.25865541584 5184.276795641246 -7010.913653543588
12575.29331655225 6042.882182422804 -7260.348981449944
11714.50390378064 6046.402704630169 -6763.371982270672
12147.79683586511 6904.008365678954 -7013.533773247605
11286.79427697248 6906.415011569929 -6516.433714097988
11726.71575399241 7767.109520674489 -6770.42249727774
10856.19383180369 7769.520670952188 -6267.826431166613
11297.85188087933 8627.881928234145 -6522.817824690201
10428.84007835439 8630.874363646348 -6021.093626573466
10862.93552460965 9483.826052676533 -6271.718749322927
10003.46229763077 9489.217752700111 -5775.501650365397
10441.83475508745 10344.45330565994 -6028.596106683331
9572.861995752402 10348.62673750334 -5526.894450162788
10012.57022319413 11203.93396731328 -5780.760113641164
9144.861881829469 11210.56037634977 -5279.788469176191
9587.168470564267 12065.07204042122 -5535.154297246572
9131.31525045872 9500.348954847861 -5271.967317907676
8722.709439969289 12067.25375594318 -5036.058643229158
9168.54672904721 12925.546267577 -5293.462922093069
8297.609765341656 12922.69539471575 -4790.627231650472
8725.318296119534 13776.79330632005 -5037.56486702978
7858.06472346105 12071.68963501306 -4536.855783399738
7863.114532069188 13782.03329324275 -4539.771291759003
8297.142032341202 14635.24097532404 -4790.357185876751
9177.148836995111 14638.8084170062 -5298.429351432388
8728.380415897715 15490.50121691809 -5039.332782708003
7865.808682368799 15495.45248064139 -4541.326760159721
8300.201373729249 16348.71436817579 -4792.123497450683
9180.766633631292 16351.66979433388 -5300.51808729416
8731.462084993136 17203.84539855593 -5041.111985189797
7869.08124669588 17208.73941306429 -4543.216176054902
8303.361644333569 18061.89585602574 -4793.948080534798
9183.838650706506 18063.8688584817 -5302.291717179491
8734.550749222561 18916.89442415192 -5042.895226314092
7872.362810401385 18921.74403442632 -4545.110787743638
8306.523044658112 19774.81755566963 -4795.77331586319
9181.693451785673 19775.26689282626 -5301.053186005082
8740.356832294412 20629.9961921989 -5046.247369938563
7876.090926548221 20634.57013143138 -4547.263216604584
8310.208722037381 21487.58823915624 -4797.901242690257
9180.2082923297 21486.55668834034 -5300.195728793386
8740.720482885807 22342.34746717903 -5046.457323705396
7878.99225619532 22347.13175450427 -4548.938300057344
8312.847494578686 23200.08087587834 -4799.42473872731
9182.532936380105 23198.96528023292 -5301.537862661658
8743.801863479213 24054.82043049251 -5048.236359620474
7882.167865115549 24059.57078705334 -4550.771738722279
8315.986657774454 24912.48050578874 -4801.237135443416
9189.717772664231 24912.59590390504 -5305.686029824381
8746.888346299183 25767.16326114051 -5050.018341307434
7885.424595049833 25771.89172035061 -4552.652012626516
8319.140091449926 26624.76276120512 -4803.057771224822
9186.973653387939 26634.71395613058 -5304.101711821525
8754.717527834073 27486.57113052729 -5054.538521374137
7889.470840335611 27485.30033020256 -4554.988113431467
8323.341930484426 28337.43837219612 -4805.483704122483
9181.802477049194 28348.01698893935 -5301.116131770324
8751.341771292591 29195.32665372824 -5052.589527426193
7891.821825515548 29196.94081007669 -4556.345455357965
8325.137413719685 30049.78716386673 -4806.520326851684
9182.61447054257 30046.54033462768 -5301.584936432305
8756.140139097477 30903.59220999057 -5055.359866370015
7895.1326802428 30908.40101764868 -4558.256978225992
8328.58332415865 31761.08606809906 -4808.509824171224
9185.683212526439 31758.57225803504 -5303.356675442766
8759.224198269043 32615.5947166516 -5057.140448762915
7898.431232189288 32620.2727924962 -4560.161398080232
8331.742072287305 33473.04137799532 -4810.333528253605
9188.756337024344 33470.54789704802 -5305.130944698884
8762.310403577723 34327.54776809472 -5058.922270228656
7901.6811394001 34332.2153140536 -4562.037732883236
8334.89369715674 35184.9723879766 -4812.153119720359
9191.833048428934 35182.48001940527 -5306.907284856543
8765.397525312101 36039.46176490565 -5060.704620793021
7904.929374771775 36044.12227281126 -4563.913102449464
8338.044918682403 36896.86766822889 -4813.972478316476
9194.911247318207 36894.37637976819 -5308.684483813883
8768.484267752268 37751.34202959664 -5062.48675237177
7908.176733567241 37755.99742529048 -4565.787965924182
8341.196177597694 38608.73325947704 -4815.791858499506
9197.991351904913 38606.24261700817 -5310.462783026151
8771.571427742652 39463.19545514845 -5064.26912502325
7911.423783215131 39467.84670194554 -4567.662650912463
8344.347711641047 40320.57466669531 -4817.611397527796
9201.073441214812 40318.08418858785 -5312.242228118887
8774.659405401853 41175.02700982693 -5066.051969756041
7914.670699025887 41179.67508413736 -4569.537258629839
8347.499830016184 42032.39650716553 -4819.431273920199
9204.157207041995 42029.90637356229 -5314.02264114933
8777.74801479887 42886.84021455822 -5067.83517922283
7917.917841476191 42891.48587252181 -4571.411997197619
8350.652567121475 43744.20130566575 -4821.251507536622
9207.242529431265 43741.71089362832 -5315.803952861312
8780.837583304514 44598.63816331521 -5069.618942431243
7921.165554937649 44603.28200819423 -4573.287065438843
8353.805952886823 45455.99260888054 -4823.072115657105
9210.328962880421 45453.50256386324 -5317.585906044017
8783.927066612867 46310.42406555345 -5071.402656450978
7924.396436978916 46315.07902914636 -4575.152416055088
8356.939229288135 47167.78737559775 -4824.881113630848
9213.415889839 47165.28326163314 -5319.368144154521
8787.01661224801 48022.19973870149 -5073.186406455101
7927.607004436477 48026.8821488323 -4577.006038040962
8360.069489844718 48879.57613512997 -4826.688370405825
9216.503868597196 48877.05453404214 -5321.150989521818
8790.106748087424 49733.96770970052 -5074.97049721382
7930.818117281426 49738.67998302153 -4578.859974906391
8363.200331293905 50591.35868742507 -4828.495962559303
9219.592185533736 50588.81912238641 -5322.934030136472
8793.196759726943 51445.72913075863 -5076.754516265695
7934.031226040668 51450.47443533884 -4580.715064113476
8366.332277953779 52303.13633951556 -4830.304192806469
9222.680747300003 52300.57761539073 -5324.717212103635
8796.286823823126 53157.48488006053 -5078.53856560344
7937.247943712572 53162.26788456325 -4582.572236927256
8369.466235259135 54014.91053632051 -4832.113583900345
9225.769843288446 54012.33086457594 -5326.500702504115
8799.377158813757 54869.23596923549 -5080.322771342167
7940.47103098769 54874.06402687843 -4584.433087233167
8372.601322187576 55726.69032655054 -4833.923627182413
9228.867731253677 55724.08546866547 -5328.289268954761
8802.783148460929 56581.04081601998 -5082.289220381818
7943.750159996497 56585.89509127779 -4586.32629324911
8376.060562364346 57437.9290719034 -4835.920820429663
9234.594831137156 57435.92702822974 -5331.595811614163
8805.550095945884 58292.83833684408 -5083.88671825709
7946.982741412096 58297.69573983489 -4588.192624999583
8379.112950688697 59149.80304668797 -4837.683117650398
9238.452303302363 59148.07272691256 -5333.822924207137
8808.618366985338 60004.98139870883 -5085.658185367666
7946.954941334447 60012.24332725338 -4588.176574617269
8378.160641997858 60865.92000709382 -4837.13330197139
9240.076891664083 60861.29692027126 -5334.760880735098
8811.835110727943 61718.42910920492 -5087.515373233373
7946.437354217659 61728.3210890442 -4587.877745556062
8380.825924873676 62580.3931802899 -4838.672103757211
9243.356783622456 62575.81518612446 -5336.654527240177
8815.033380756662 63433.27669830587 -5089.361895295395
7949.909982216594 63442.82958767543 -4589.882668266043
8384.164204649967 64295.720189861 -4840.599460484683
9246.115710991069 64291.14838962897 -5338.247394699121
8818.243211103916 65149.49916039299 -5091.215091710435
7953.494626739444 65158.52776369749 -4591.95226374626
8387.527963361681 66012.36674210503 -4842.541527482379
9248.902053978718 66007.80793516089 -5339.856090573095
8820.095871528183 66869.08165341814 -5092.284725705103
7958.109822241925 66874.96760859196 -4594.616848111979
9680.198306877011 66865.66613653868 -5588.865098284401
9250.056905369 67728.40220748157 -5340.522844334148
10111.35620298383 67724.13291758907 -5837.794225664904
10418.56232541435 6915.075653880092 -6015.159763146868
9681.630014808619 68585.9784826189 -5589.691695244116
10453.19150948721 12063.96331365602 -6035.152931893148
10539.6222816157 66863.53632199758 -6085.053761447804
10542.81311829725 68582.57615850722 -6086.895991864833
10114.34848821469 69443.32327914206 -5839.521822348436
9253.790438981698 69446.66636041999 -5342.678400970468
10974.61759874268 69441.03295992718 -6336.198424887289
11729.16100083683 9483.64647690271 -6771.834261201602
10546.10899857529 70302.03911226982 -6088.798869230576
11406.22944542696 70299.86018788809 -6585.38964075589
11834.51000743632 69438.95485502144 -6832.657538520678
12266.01856307886 70297.44883448948 -7081.789119278523
10977.64351431747 71161.38148704615 -6337.945438058941
12693.96976322576 69437.03906618898 -7328.866859883364
13015.36973663873 6904.57941965474 -7514.427221050877
13125.44155022819 70295.29050427595 -7577.977212256943
11709.7559648715 4327.16450325913 -6760.630758463385
12697.42605833945 71155.73133281121 -7330.862352797651
10116.76352341167 71163.55677728054 -5840.916143569513
10548.72856967202 72023.79702019625 -6090.311279308436
9687.034636255243 72025.85315321169 -5592.812054891192
13553.10943367797 69435.03072949057 -7824.891379890432
13122.2482311694 68577.40682525151 -7576.133548638742
13556.95331306142 71153.46866706404 -7827.110644687198
13129.02000864917 72013.86528276824 -7580.043236189581
13884.04296658074 5191.44215200382 -8015.955944195721
10119.64537472704 72886.86040541774 -5842.57998120221
9257.498867813325 72888.86587521731 -5344.819463354678
8824.927551172243 72027.63168368183 -5095.074297248239
8395.247984528014 72890.68156397129 -4846.998683780911
7962.895846503747 72029.41996127147 -4597.38006050789
7533.0981630767 72892.37755738691 -4349.236252284208
7100.847778883334 72031.33512318204 -4099.676376612849
6671.169157901719 72894.07909108669 -3851.601309124086
6239.186688906689 72033.08435055624 -3602.196114364606
6668.276729843176 71170.89592666869 -3849.931365005875
5806.868977127229 71173.34572007236 -3352.597367093292
5378.250829897757 72034.4158839616 -3105.134564410798
4946.839268975869 71174.65499851567 -2856.058983581029
5375.253767910993 70314.27040839641 -3103.404209865961
4516.066861962835 70315.61856350483 -2607.352418432591
4944.356322767736 69455.65800132987 -2854.62545391938
4517.747704149614 72036.0082696419 -2608.322853121593
4085.121728897199 69456.73778714046 -2358.546129851187
4513.571629867341 68597.61171781097 -2605.911795510567
3654.09787585502 68598.97492369835 -2109.694392270135
4082.261945231675 67739.90128296494 -2356.895032982073
4942.660113478323 67740.01180263396 -2853.646147029536
4511.178604069731 66881.18940676829 -2604.530181422139
5805.666757266079 69457.24456648243 -3351.903265132832
3647.509643408653 66883.45597616165 -2105.890674493741
4078.587617749568 66024.14769117862 -2354.773659021188
4939.741286165429 66023.80705936212 -2851.960961294718
4508.287771884272 65165.54849526046 -2602.861158681682
3655.951363782794 70317.0353815979 -2110.764504024175
3639.771023442967 65169.00006930924 -2101.422780173396
4071.425957274214 64309.97909676087 -2350.638872417897
4935.983625849805 64308.64473705899 -2849.79147509997
4504.184422538011 63451.29205245915 -2600.492088832039
3640.850810939606 63449.28094261216 -2102.046195775249
4073.408864300848 62592.86375696718 -2351.783704323502
4933.394630288768 62593.84490802044 -2848.296717815874
4501.981541122209 61736.89533387548 -2599.220254653633
3644.603947485991 61736.79258605609 -2104.213070170609
4071.841245221417 60881.08904576715 -2350.878639026006
4930.400455117121 60880.47708543022 -2846.568029974523
4498.748824950027 60024.04029715731 -2597.35384510141
3642.072174512309 60026.13529092555 -2102.751350362727
4068.562703501126 59168.70342560986 -2348.985772081246
4924.857659545105 59166.36943661872 -2843.367895458956
4496.978912555639 58312.70367255918 -2596.331985704068
3639.048156922996 58313.99316148448 -2101.005432993503
4065.515113208847 57456.64269494587 -2347.226245005619
4925.975416654454 57457.18444524059 -2844.013232826927
4494.359437610792 56601.08343614249 -2594.819631139525
3635.852694394323 56601.79487360164 -2099.160531842389
4062.162747572278 55744.5970742296 -2345.290755802924
4922.602145394798 55745.20351661777 -2842.065673757116
4490.924461109185 54889.09382833232 -2592.836446531663
3632.436337988293 54889.68112380736 -2097.188097551719
4058.756604701596 54032.59960019406 -2343.324218299638
4919.122654788055 54033.26830058196 -2840.05678891867
4487.459336003566 53177.17953884565 -2590.835855619158
3629.058243292658 53177.81900887796 -2095.237753669846
4055.284343724547 52320.74131290798 -2341.319507489842
4915.625394222314 52321.40751149529 -2838.037644589613
4483.964889661577 51465.33412634308 -2588.818336082942
3625.575388782898 51465.99608778113 -2093.226926681088
4051.786534919493 50608.91642052868 -2339.30004663467
4912.115073262443 50609.58524190717 -2836.010959838489
4480.461391152454 49753.52087990087 -2586.795590275594
3622.083282607115 49754.18692359976 -2091.210758240461
4048.289911553285 48897.10631248642 -2337.281270192935
4908.603853684734 48897.78448434427 -2833.983756270115
4476.955908113905 48041.72594034647 -2584.771698699648
3618.5895753359 48042.3751483357 -2089.193665406955
4044.784401250554 47185.31387226427 -2335.257362876006
4905.090542709773 47185.99814181915 -2831.955345232975
4473.447006493439 46329.94335818663 -2582.745833404513
3615.050342500014 46330.60096634635 -2087.150288376431
4041.25429970611 45473.54285867313 -2333.219257799055
4901.429650813772 45474.14157357173 -2829.841728311344
4467.756649284633 44616.70036312802 -2579.460504138223
3611.192736104535 44618.56036555037 -2084.923098285574
4037.346354765539 43761.47170831387 -2330.963004735638
4895.332446802016 43760.61612477918 -2826.321505933853
4463.750279017371 42904.58625871185 -2577.147425185946
3607.560062918073 42906.6905644458 -2082.825773443492
4033.734085134528 42049.63098451854 -2328.877459891788
4891.718625017483 42048.77190771593 -2824.235064953749
4460.206239705822 41192.78863861838 -2575.101273135404
3604.027743592634 41194.90901338837 -2080.786387930086
4030.214209556622 40337.85088788311 -2326.84525877937
4888.196511237312 40336.98614754671 -2822.201571614651
4456.691650072785 39481.00689461857 -2573.072123864679
3600.512317895425 39483.13441033851 -2078.756755957486
4026.698754928698 38626.07043794528 -2324.815610103614
4884.678864183757 38625.19664507758 -2820.170657141367
4453.176713932682 37769.21826417265 -2571.042774538007
3596.991816829677 37771.35263591967 -2076.724193719495
4023.179099650761 36914.27956693104 -2322.783536181443
4881.15874818398 36913.39571802852 -2818.138317221317
4449.658746545019 36057.41763276843 -2569.011675119739
3610.511269744412 36070.85737156465 -2084.529653499113
4039.542130992903 35215.6556715706 -2332.230736731587
4880.950017173281 35203.7765992928 -2818.017806316102
4450.004825496805 34348.1650503843 -2569.211483895714
3477.265356814387 34365.61703876632 -2007.600089800546
3997.997413143461 33494.0569029044 -2308.244882697804
4871.974967247531 33488.24805437864 -2812.83605882548
4439.23571168795 32634.08553566117 -2562.993933139237
3582.804101107557 32636.50851346051 -2068.532912228143
4011.971619139008 31778.86356254698 -2316.312894291044
4869.910942713369 31777.94886789134 -2811.644393705068
4438.867596939606 30921.92983927846 -2562.781401990188
3582.714160337645 30924.05482031062 -2068.480984900423
4008.995540825652 30066.94289432925 -2314.5946546757
4866.994285914478 30066.00434983024 -2809.960461117094
4435.528539926164 29210.02711217235 -2560.853596524638
3579.301526832176 29212.17856765102 -2066.510700027395
4005.506687518748 28355.05271596856 -2312.580364279795
4863.492931917317 28354.0832610184 -2807.938953444305
4432.002140954661 27498.11057097366 -2558.817629129171
3575.756450137003 27500.29087462431 -2064.463949043139
4001.951792935535 26643.13423953601 -2310.527944935237
4859.942576527476 26642.12509029903 -2805.889154804262
4428.447851146312 25786.1535068393 -2556.765558951543
3572.17338842161 25788.36361164919 -2062.395267397234
3998.37180489561 24931.16707977701 -2308.46103787669
4856.382172576473 24930.11522254852 -2803.833554624726
4424.886102531232 24074.14457132523 -2554.70918242984
3581.888321734709 24085.20336784829 -2068.004186760711
4010.317602699392 23229.42613445091 -2315.357947454389
4855.405680130772 23219.75797388575 -2803.269776448339
4424.331288014299 22364.0744447161 -2554.388860119139
3575.578493992513 22418.84320424364 -2064.361206015214
3992.854692204011 21516.34279837045 -2305.275731379046
4850.017920618337 21507.7829868561 -2800.159152043505
4418.130195161751 20651.79686378302 -2550.80865749145
4949.120668309475 72895.93919621325 -2857.376150100416
4088.365693428796 72897.3115861734 -2360.419033646746
3561.237123872382 20652.12675282104 -2056.081212115808
3987.463853038545 19794.83203414855 -2302.163328935706
4845.69186440347 19793.97462377183 -2797.661502323323
4414.106743320909 18937.74989988292 -2548.485716488069
3556.022774845781 18939.60615900292 -2053.070706301651
3983.80027893866 18082.57575939764 -2300.048163442941
4842.006645358013 18081.33847743693 -2795.533840115405
4410.467529591601 17225.36919161073 -2546.384615461815
3551.655949684839 17227.16102742158 -2050.549518619477
3980.107365569989 16370.21199578211 -2297.916058915445
4838.368436615357 16368.86556799314 -2793.433319318465
4406.812372440303 15512.90541679231 -2544.274309496582
3548.050338040691 15514.78038614946 -2048.467817766135
3976.366212479242 14657.70855318491 -2295.756103171423
4832.656051052722 14655.19669717687 -2790.135271976163
4404.297221243394 13801.0971575422 -2542.822186275994
3544.56396045398 13802.5317895363 -2046.454956727951
3971.756171046083 12945.06665294302 -2293.094494509013
4833.860084721894 12945.46949901608 -2790.830421139172
4401.005142350074 12088.71390092007 -2540.921503640743
3540.413662823763 12089.96102259752 -2044.058781273928
3967.944843308394 11232.20335380126 -2290.894023413689
4827.023272030742 11230.61179026758 -2786.883185491537
4395.146325208062 10374.13172400081 -2537.538913986669
5253.582314240121 10372.07308965476 -3033.157163336391
4821.653241145125 9515.465869949039 -2783.782796714169
5680.385287774031 9512.931105798176 -3279.571974997126
5248.165517529176 8656.10255717389 -3030.029774297181
4390.201255796511 8658.935933709803 -2534.683876830748
4816.046296019782 7798.462784186407 -2780.545625436721
5675.234788334787 7796.047149613265 -3276.598332759418
5242.876390073188 6937.83906601675 -3026.976095136688
6103.190191356102 6935.902032599503 -3523.678499894929
5671.135645945789 6077.334037711439 -3274.231691797683
6531.706219957052 6074.730477177399 -3771.082344359756
4809.71399648502 6079.845840460382 -2776.889670595737
6099.079252426834 5215.4910104804 -3521.305048197493
6959.781519440913 5212.661516474838 -4018.231733750193
3957.124675365299 7801.740706939917 -2284.646996539066
7392.112402735436 6072.231770628336 -4267.838085599275
7820.596540824146 5210.07791473062 -4515.223518068276
6527.196781860313 4352.751740590031 -3768.47881906071
5665.854042613736 4355.856199981727 -3271.182356692169
6535.923931523796 7794.13501864062 -3773.51744126818
3536.376071767062 10376.60509641722 -2041.727676990464
10981.86924074209 72884.5804794508 -6340.385162347715
13980.52718758493 68575.35329265537 -8071.661135165042
13550.09974504173 67718.46608670542 -7823.153735346118
13988.74432977099 72011.93707053672 -8076.405304418133
13560.65770614591 72872.78321526237 -7829.249377031711
7103.275911789361 73755.45236929416 -4101.078259799771
4519.91517960922 73757.3945265432 -2609.574245661659
3658.975850366374 73758.5185626774 -2112.510692167366
3227.645778170494 72898.66550986556 -1863.482158875493
14416.28043986467 71150.96113657409 -8323.243392669005
14420.71690972403 72870.86227443218 -8325.804789736556
6094.126969100588 3492.623353338293 -3518.445846085982
5233.025131751102 3487.561898293838 -3021.288468492575
6956.288929131249 3489.363247438162 -4016.215285794739
5686.708304643149 11229.28035711437 -3283.222570488602
14407.86296837897 67716.64498626829 -8318.383563240835
13977.5927674599 66859.96610850669 -8069.966946915941
13119.94701310681 66861.66977087487 -7574.804939770842
13547.44144734618 66003.25751775136 -7821.618966456007
12689.8485516861 66004.89170085169 -7326.487477291554
13117.3162590159 65146.58459180192 -7573.286073188281
12258.64262746399 65147.27764498346 -7077.530620865752
12687.14102904129 64289.83211965331 -7324.924288363731
13544.57685442749 64288.18438142915 -7819.965092963283
13114.95534935334 63432.30440704404 -7571.92300135907
12256.20778189533 63432.50585159992 -7076.124862121253
12684.79213031506 62575.67039056307 -7323.568151051843
13542.63625683418 62575.14298492813 -7818.844688420399
13112.26736567063 61718.39269582916 -7570.371093256283
12253.90272113014 61718.53333127452 -7074.794034667973
12682.53931191731 60862.19115584117 -7322.267485743468
13539.29932898332 60860.88209140691 -7816.91811222744
13110.63773036434 60005.80085627019 -7569.430222873516
12249.99284838141 60004.17252399459 -7072.536668583998
12678.37685037162 59148.00312707391 -7319.864287449574
13538.43494781238 59149.48847653424 -7816.419061525712
13108.45778232324 58293.27233944047 -7568.171629285167
12245.66784691999 58290.11656493817 -7070.039627826001
12675.89313086927 57435.37596899093 -7318.430311326298
13536.04620590182 57437.02430111195 -7815.039920740624
13105.66154472517 56580.3583476186 -7566.557220755201
12243.3640512485 56577.74318980772 -7068.709530774908
12674.49140148629 55723.64791979051 -7317.621022489705
13533.19616659856 55724.13783727299 -7813.394449781691
13103.30963893936 54868.16166469999 -7565.199347316658
12241.31675843682 54865.75963815334 -7067.527525718975
12672.39144690096 54011.64687607279 -7316.408613144579
13530.52194497562 54011.61658533369 -7811.850487207814
13102.12849246299 53156.8912167163 -7564.517412080574
12239.34134300897 53153.95332669909 -7066.387019089945
12670.43467094983 52299.84088094641 -7315.278868022448
13531.16110056903 52301.97654716064 -7812.219503861723
13100.562650492 51445.42209129368 -7563.613372797114
12237.31559757195 51442.18283588497 -7065.217454416572
12668.42237777569 50588.05409542685 -7314.11707001667
13528.21578078298 50589.44401351579 -7810.519022690394
13097.34482573657 49732.63851737903 -7561.755560808358
12234.99898174976 49730.21626419985 -7063.879955648023
12666.17859145013 48876.11078899092 -7312.821619377609
13524.26252179701 48876.04449661069 -7808.236607550667
13096.01299239202 48021.42202370155 -7560.98662646837
12232.95384491497 48018.49545503089 -7062.699195345927
12664.19121262967 47164.39657998107 -7311.67420568063
13525.26160770544 47166.61659516504 -7808.813430068843
13094.50208706437 46310.0510229992 -7560.114304870731
12230.91855611876 46306.79218576588 -7061.524120811554
12662.18337753196 45452.67281586249 -7310.514981546479
13522.46085438055 45454.23050697071 -7807.196414382786
13092.35543649907 44598.1892081297 -7558.874935588995
12228.77234903587 44595.0063884481 -7060.285007574508
12660.08726297022 43740.88287132027 -7309.304789240006
13520.22069864803 43742.33078915836 -7805.903059867588
13089.08751137107 42885.48975000345 -7556.988198136654
12226.42392194833 42883.0680057366 -7058.929142563345
12658.48560309294 42029.34863656762 -7308.38007047871
13516.00377855316 42028.91330428029 -7803.468419915664
13087.97684547287 41174.39547867942 -7556.346954881352
12224.51735353731 41171.43546804312 -7057.828384778018
12655.89228996852 40317.2882979951 -7306.882820448232
13517.42983693818 40319.60671842 -7804.291755108135
13086.44104460437 39462.98583224751 -7555.460259836497
12222.37486048749 39459.65605832222 -7056.591415838968
12653.87290184859 38605.54179593207 -7305.716926173594
13514.51597062679 38607.17879557005 -7802.60943360887
13084.28014560432 37751.10291809229 -7554.212664217131
12220.22474009946 37747.8412406631 -7055.350043254148
12651.78056073199 36893.7257174485 -7304.508912466688
13512.28788205071 36895.2503826692 -7801.323046069692
13080.92742439099 36038.41092962936 -7552.276969722092
12217.8651975653 36035.86852566145 -7053.987760736886
12650.20227416441 35182.15898422302 -7303.597688292038
13508.88619512743 35182.47690732463 -7799.35908120884
13078.83099492156 34326.5071281788 -7551.066595603581
12215.80202689182 34324.05479133189 -7052.796588593164
12648.13994864999 33470.31883563625 -7302.40700410113
13505.77241186603 33469.90905850549 -7797.561337604671
13077.89003789335 32615.39013731272 -7550.523333810052
12213.48341789892 32612.30975443837 -7051.457939066973
12645.96958509102 31758.53257951283 -7301.153944116119
13507.81191895073 31760.7155484709 -7798.738847569039
13076.55060463059 30903.99611205149 -7549.750011655233
12199.73526929273 30909.71914990126 -7043.520441768327
12634.82102247017 30054.9277089037 -7294.717318485891
13503.69903633767 30049.15332603767 -7796.36427368524
13072.74011348733 29190.91704314217 -7547.550023567929
12199.63431647179 29206.22881904115 -7043.46215662998
12633.82692863699 28344.00486104655 -7294.143378143707
13502.45246819466 28338.44651042963 -7795.644567232315
13070.83075794139 27480.09103599595 -7546.447656629498
12209.24322776162 27486.17451241229 -7049.009864149787
12633.91019734093 26633.64118517746 -7294.19145335234
13499.95869967452 26625.67794573034 -7794.204789305911
13068.91578120018 25768.17862421078 -7545.342044292468
12208.54782688726 25777.91828564318 -7048.60837426778
12639.06405937764 24913.46804906454 -7297.167036986606
13498.86064673455 24912.77568307205 -7793.570828145437
13068.6355432113 24056.68054696156 -7545.180248814155
12210.91594273276 24056.90173270122 -7049.975606588652
12638.09134759251 23200.00181490248 -7296.605441575613
13495.62903740115 23199.6317438006 -7791.70505762688
13065.14726134204 22343.21403044027 -7543.166288337925
13922.71058614313 22342.41360815328 -8038.280704758987
13492.01584062912 21486.53752874505 -7789.618977497917
12635.85825420776 21487.63593859542 -7295.316164508804
13062.69243059607 20631.00298939025 -7541.748991145925
12206.74862142225 20632.11808545019 -7047.569602508227
12633.79712159932 19775.38993980691 -7294.126169042487
13489.32394639884 19774.5935818933 -7788.064811639437
13060.91442349619 18918.60388920212 -7540.722458268189
12204.80065812227 18919.85945111126 -7046.444945372614
12631.91177651822 18063.05767889831 -7293.037664552397
13488.13699577567 18061.76275688298 -7787.379525377632
13059.05808048733 17206.16236495527 -7539.650698132318
12202.8806837223 17207.41480850933 -7045.336447635952
12629.99997912556 16350.47099923239 -7291.933887813108
13486.29804948828 16349.21487268553 -7786.317809243579
13057.208720876 15493.46986142909 -7538.582969862888
13913.60669777774 15492.23339012494 -8033.024572360558
13484.45654522648 14636.43959328498 -7785.254616262318
12200.61741266568 15494.83563846973 -7044.029747482162
11779.68719783066 21488.86660078198 -6801.005574637118
14340.854653562 14635.26092652363 -8279.696294643318
13911.74364053401 13779.40172471226 -8031.948935759376
13055.19444155729 13780.60751933769 -7537.420025156004
13482.40036965345 12923.36288749712 -7784.067482741728
14339.2845503496 12922.13554457182 -8278.789795130981
13910.08561262672 12065.87094280582 -8030.991672900778
13052.93401684577 12067.1425129186 -7536.114968340327
13480.67473290965 11209.45808312094 -7783.071185903173
14349.46672893241 21484.77040186016 -8284.668478676705
14337.803415289 11208.35385048533 -8277.934661405037
13908.38285528761 10351.72228053817 -8030.008585492677
14342.63192604001 16347.90849748525 -8280.722403386921
14354.58736769401 23199.76087687341 -8287.624880844138
11350.60793897225 20633.39671427265 -6553.276549031531
8252.812507471084 6069.508712827933 -4764.76352275994
8681.420051477029 5207.541143373069 -5012.220203668477
14404.98590090252 66001.80547456305 -8316.722487558833
10552.35972205821 73748.2187955924 -6092.407726116071
11414.58333077449 73745.56401833957 -6590.212758710067
8827.720806208034 73752.37922964097 -5096.686983795068
2798.389946127391 73759.477668354 -1615.651188694191
13992.14360277145 73717.80912489764 -8078.367875599994
2367.559254442609 72900.11460253324 -1366.91097287483
14765.55474183852 10350.65763174159 -8524.897004934626
14336.20652512477 9493.799419174034 -8277.012696438855
14838.2523113192 68572.99755430271 -8566.868966243726
14752.66641373413 3469.773825518656 -8517.455925234151
14852.52019234038 73712.51934955094 -8575.106531192068
4090.405350835095 74619.55089545401 -2361.596630399327
10923.53850692488 21490.16990662035 -6306.707897476324
13478.69797682846 9494.90579713507 -7781.929905247573
13900.83150970381 8632.834642130863 -8025.648814087125
14763.34718167501 8635.00729432347 -8523.622469479969
14327.74896552055 7773.724891940907 -8272.12972212467
12617.87897881354 11207.01464708314 -7284.935825020119
12194.7850418489 12067.88233298781 -7040.662426621082
15191.21126173501 7776.658272434513 -8770.649911279181
14761.60372727456 6918.979746710887 -8522.615885612549
6522.87685132849 2628.347468601608 -3765.984706005282
7381.810100638632 2619.746074205615 -4261.890048710412
12261.47733832383 66862.96834558308 -7079.167241943759
2796.467607853873 72040.04789489773 -1614.541326174502
7824.692621160139 6931.215888842858 -4517.588391152884
8684.593869082575 6928.52656711941 -5014.052608117398
8256.640244959372 7789.601676091021 -4766.97346802919
12566.85247799129 2596.71953395974 -7255.475661034586
8394.102214121323 71168.18337420176 -4846.337172928179
3531.775227658118 8661.751050613537 -2039.071378405666
3099.895253896213 7805.572551732548 -1789.725359296622
2673.690467340847 8664.886808774085 -1543.655911048974
4804.195747966709 4357.706738022871 -2773.703708328234
4371.173827626815 3489.279155466202 -2523.698386054988
3942.351764135523 4360.19223576375 -2276.11785226384
3501.541722470845 3492.409407672322 -2021.616056047248
3077.058147460064 4361.840029694737 -1776.540349748198
2636.38593101702 3494.520905846008 -1522.118126960418
3917.582976445125 2604.981648682973 -2261.817586023288
3513.689367302009 5223.735939148753 -2028.62950206054
2650.362938295796 5226.060935724394 -1530.187755875285
11781.73311435884 23201.02734051735 -6802.186785095403
11354.68460680019 24057.78078057679 -6555.630214299387
10925.6033067984 23202.2893142357 -6307.900010239123
7818.304304172943 3486.092059454669 -4513.900094620658
8248.161674791476 2621.381337825579 -4762.078363260413
8681.629964836413 3483.787012311653 -5012.341397203024
9111.879471719347 2619.500759978001 -5260.746065820589
9545.544402488111 3481.312561789508 -5511.122630338035
9974.430181600201 2617.530618089495 -5758.739950360004
6241.352500636072 73756.74745760512 -3603.446546349579
6673.627078987705 74618.98137112161 -3853.020390524727
13132.2510487544 73732.72185050877 -7581.908678064096
1937.324669335883 72041.57026804672 -1118.514919348775
2366.197066630114 71181.39231700606 -1366.124513374599
13552.70793430347 74569.09777894353 -7824.659574118486
12701.31077688252 74594.22419057363 -7333.105196094219
7522.220280305201 74588.30274062257 -4342.955903737869
4951.327551008819 74600.06194832476 -2858.650294420952
10984.56346985604 74591.84230824109 -6341.940676251914
10102.59162691133 74582.40028253457 -5832.733995310114
2252.348839718938 7815.236625785431 -1300.39420892067
11759.04530160012 11207.84967644445 -6789.08797029183
13044.39130359942 8635.095308999509 -7531.182830547936
10489.71572119053 20633.27583143538 -6056.240195352002
10920.74147859566 19777.60345969912 -6305.093032417515
10494.08919392256 24057.77178012897 -6058.765221011131
10926.87649709622 24922.30254046243 -6308.635087000296
9120.391760602548 7787.01930504904 -5265.660638098725
2668.88573508734 6949.412211633591 -1540.881897589028
10409.96401061763 3476.902560060801 -6010.195523784406
9979.461978873322 4342.390233186234 -5761.645059870147
10838.37384871291 2607.92149324825 -6257.538059132198
12269.93983000557 72017.40903477286 -7084.053063794225
15169.91688284358 11190.66749974231 -8758.355595893991
13073.00469340154 75443.35582698407 -7547.70277885262
4457.222969171496 75457.47193630034 -2573.378881089346
7030.31632720453 75462.55714777193 -4058.955023999756
15232.1338864273 67736.74169104126 -8794.27659966122
15250.58780815804 72885.28739759435 -8804.930976340069
15633.21036093232 68597.3168917415 -9025.838210182319
15230.86318415479 69416.17241152233 -8793.542959362127
15584.30530471541 10352.32343592286 -8997.602862810752
1978.720672730862 73787.40205235007 -1142.41491305224
2375.713365489838 74605.48733002107 -1371.61875108295
1508.710211436701 74620.92844853 -871.0542467021163
1885.669880142897 8723.079988465026 -1088.692012903271
2254.31425263792 9528.643935111295 -1301.528940598513
1856.548488205386 6943.825387844259 -1071.878769428972
15776.47365207469 73866.7021641953 -9108.55130988836
15235.32511242598 74604.01366475063 -8796.119054850606
15751.04926717824 8719.832184047376 -9093.872534424414
15963.61022755419 7829.063689199858 -9216.594662116671
1939.61183532515 75481.29493601876 -1119.835415248359
10062.66107503271 19778.44516059288 -5809.680080434103
10491.87855919472 18922.02273204103 -6057.488910455933
11332.51112847465 12067.84384459829 -6542.828350619267
11766.91543232449 12925.88605183724 -6793.631792384104
10905.16022898837 12927.2924258467 -6296.097193762437
11339.32967173186 13783.86700661806 -6546.765038404301
10482.79501704926 13786.22510493911 -6052.244524953057
10912.68588667469 14641.67022190916 -6300.442134253462
10052.3504811386 14642.18126123686 -5803.727256273833
10485.69423588361 15499.06926375169 -6053.91838972751
10052.11314794043 21487.46581764852 -5803.590231887982
10054.52130932055 23199.82169264879 -5804.980584509049
12617.74561158518 9494.599094200754 -7284.858825414921
10061.89615856293 24914.86822687148 -5809.238455704367
10500.56383316963 25771.23512815528 -6062.503355723335
13885.98794965571 6909.339047708901 -8017.078880697622
14320.2359714742 6053.98808935249 -8267.79209298959
15170.27471403329 6046.827574829092 -8758.562189827693
14752.31581801702 5195.993069886785 -8517.253508702499
15596.29567466896 5185.494160210126 -9004.525506131116
15182.9839045773 4336.131984557926 -8765.89984440946
16032.60599993399 4352.74240493505 -9256.429389873099
15638.67472440547 3472.864671323654 -9028.993061904492
16082.24670715943 2613.812354291353 -9285.08946555247
15195.74479994593 2607.300413372319 -8773.26735078564
7804.139936702624 1746.099719666442 -4505.722293248768
1420.491287748139 71124.99684201567 -820.121027362906
1935.156953138458 70324.93802557539 -1117.263387818664
1029.858737960225 72070.06093132781 -594.5892195886239
9619.662832026945 18920.49179905399 -5553.914925584194
10063.3545062195 18066.45272623017 -5810.080433116464
10919.50971895757 18065.30579287083 -6304.381875658884
10490.57441272833 17209.62473371319 -6056.735961142501
9618.570718253082 17208.5550299167 -5553.284393402869
3595.132524268399 75446.96583005616 -2075.650730658739
9610.049070154737 13784.341019295 -5548.36441757935
9536.81065104413 1748.028137037038 -5506.080196590818
10895.1361975743 11208.30792479077 -6290.309816527155
9547.461751370092 6925.147194566045 -5512.229612231178
12178.68870998898 8633.628119295521 -7031.369205088795
6180.684815012653 75447.55005518417 -3568.420041723787
9617.791420095573 20631.83443050704 -5552.834465401852
9617.774492266659 22343.68173372353 -5552.824692115271
9618.43458539984 24054.63593691941 -5553.205797063404
16502.96764016302 5317.727992905694 -9527.9928094758
9635.677851434923 25773.91410884195 -5563.161201350466
10040.56457971959 26653.24412753393 -5796.922662916927
10906.05314299675 26658.58462649248 -6296.612717905533
10471.47364387143 27512.64446050366 -6045.70812710124
11328.35468238767 27513.33883315493 -6540.428625352077
10893.99942548973 28370.26137682045 -6289.653500858125
10472.62570367346 75411.54117732125 -6046.373269138064
9614.294770797675 15496.34977023867 -5550.815673988448
12236.63396637463 75441.28129064607 -7064.823914461309
10845.44796155639 4334.263969662252 -6261.622300086656
10414.01597093028 5198.812735146415 -6012.534924161658
9546.152908866767 5204.951357552402 -5511.473951659556
3226.591848002087 71178.50845163857 -1862.873672009056
14313.40802600277 4329.36153433704 -8263.849976833646
13426.36592178252 866.3428379669558 -7751.715979179557
7396.811355385445 7792.107161393193 -4270.551027176667
7828.828741181344 8650.018863494464 -4519.976381160527
6969.236526579958 8652.489146197418 -4023.690584667111
7400.232538487149 9509.112768249339 -4272.526248161383
8261.9749194667 9506.425236891706 -4770.053443792035
7837.359910679859 10366.47416821139 -4524.901854166998
6974.420716703658 10369.47581161909 -4026.683678230559
15156.86183015796 76242.80688964426 -8750.818257711662
14773.02476193113 75406.77558117843 -8529.209823045941
2166.191209098037 860.4119888841078 -1250.651077688952
2598.142493446396 1729.41766084237 -1500.038267984282
3470.630258485045 1734.294283649939 -2003.769313994001
3039.185771857942 2600.760783160613 -1754.674723499463
4346.016164822416 1732.729247922888 -2509.173602662686
2203.129074075229 2631.058413920241 -1271.977163976824
1781.668646417934 3492.684575411597 -1028.64687261611
4793.578767859043 2604.131205173582 -2767.573992005093
2233.76709998026 4347.788639707207 -1289.666036480533
1860.43329821355 5163.724366445665 -1074.121665532937
1600.384265086923 1817.330654626738 -923.9822862547763
3906.903814141084 872.5772266149863 -2255.65196879233
10038.63598426559 28360.27145087718 -5795.8091878124
10459.41947650135 29215.06885536085 -6038.748650325268
11321.1954715309 29222.47239805223 -6536.295253036736
10885.39523975179 30064.79715314419 -6284.685871906163
7410.123166569945 11224.91723563398 -4278.236604947439
6547.985974008342 11228.08949246054 -3780.481464743609
6985.010125693274 12080.949861046 -4032.797476361273
6121.838372833713 12086.14572630848 -3534.445032490924
6557.623061700499 12939.07145428528 -3786.045439916881
5695.343746485632 12944.24964669047 -3288.20824516093
6126.578274039024 13800.01458128672 -3537.181615727743
6992.369013975911 13791.99359297162 -4037.04613249219
6562.182203145993 14652.21564841724 -3788.67766145771
5698.728111838564 14658.06548601027 -3290.162209408482
6128.902000595142 15512.21974221347 -3538.523219880441
6995.841029230822 15505.24690599983 -4039.050701434243
6565.642676744088 16365.22691720095 -3790.675566821094
5699.395072129835 16367.72616737332 -3290.547279112186
6132.075644455887 17224.53027499239 -3540.355524017753
6999.328128497611 17218.27409905405 -4041.063979134615
6569.211664443206 18078.0362760317 -3792.736122829914
5702.912614268745 18080.25053889318 -3292.578133012972
6135.718972620391 18937.15066491162 -3542.459000514276
7002.869482835144 18931.11243986012 -4043.108581014685
6572.841624744859 19790.72664997766 -3794.831881387221
5706.522630885744 19792.76305448738 -3294.662377078575
6139.368567556337 20649.64768098209 -3544.566095132977
7006.458925886375 20643.77214749342 -4045.180946926554
6576.458241521737 21503.25796880491 -3796.919936056907
5710.234543629189 21505.36816492028 -3296.805450900211
6143.015633629509 22362.05204632172 -3546.671729712075
7009.935507219141 22356.26874355437 -4047.188152094886
6580.036654665924 23215.65859301528 -3798.985933848975
5714.112446985499 23217.58494914203 -3299.044359446868
6146.668870513762 24074.3020327128 -3548.780927010613
7013.430126918838 24068.63230687312 -4049.205771719222
6583.604657247365 24927.93563316031 -3801.04592109984
5717.247948884408 24929.44763976175 -3300.854642312248
6150.181789630097 25786.41474714367 -3550.80911180807
7016.908336593354 25780.87860498392 -4051.213917011101
6587.134596062085 26640.10603154227 -3803.083932224741
5720.785663066113 26641.51254281903 -3302.897142547371
6153.751492774821 27498.49311923372 -3552.870080879603
7020.475046081529 27493.17529635857 -4053.273157694221
6590.678775384395 28352.22296529317 -3805.130165110533
5724.336184817786 28353.52711084675 -3304.947037236463
6157.316387059271 29210.51385399664 -3554.928273554363
7023.836775027446 29205.19613441358 -4055.214052806088
6594.1803012294 30064.2419970023 -3807.151771999721
5727.866491359108 30065.48790754623 -3306.985260668418
6160.864302447877 30922.47810390025 -3556.976663459037
7027.30190763184 30917.13813308217 -4057.214648048013
6597.689432304113 31776.20498303076 -3809.177769770328
5731.295421969642 31777.41583613478 -3308.964954679442
6164.390212151552 32634.40119633274 -3559.012348375592
7030.759570351826 32629.08554956397 -4059.210930550164
6601.187884516161 33488.13322851034 -3811.197602096701
5736.231858378578 33490.60102246251 -3311.815007568979
6168.160661043753 34346.50578957794 -3561.18921805847
7034.23641396671 34341.03151354402 -4061.218287147147
6604.726245230809 35200.06797191773 -3813.240475607793
5739.050751842267 35201.55756538763 -3313.442496469057
6171.581126227019 36058.2221952393 -3563.164024552782
7037.674055716583 36052.90562937028 -4063.203010536814
6608.196144389378 36911.90695375128 -3815.243822821054
5741.995170392096 36912.99796824341 -3315.142457311407
6175.008091623645 37769.98902568947 -3565.142583947028
7041.102449493977 37764.75265928642 -4065.18239460708
6611.662787923177 38623.73451529855 -3817.245290398477
5745.490975133118 38624.8004386766 -3317.16076111967
6178.523781853867 39481.80270891709 -3567.172368647834
7044.539531651203 39476.58636023539 -4067.166794915782
6615.143325538571 40335.55523544914 -3819.254779727649
5749.002567118044 40336.60132936689 -3319.188179697451
6182.042482726348 41193.60587939951 -3569.203891543759
7047.97751676349 41188.40382484497 -4069.15171654583
6618.622723195685 42047.36151997346 -3821.263610901602
5752.514671485539 42048.3926270248 -3321.215894099447
6185.5594444603 42905.39772417237 -3571.234410347586
7051.414303004281 42900.20647611621 -4071.135946007098
6622.100350350282 43759.15512156022 -3823.27141987545
5756.041308109894 43760.18632240185 -3323.251998703852
6189.07773574435 44617.18272896295 -3573.265696767519
7054.851012996758 44611.99715104264 -4073.120131446381
6625.577645051605 45470.93969598911 -3825.27903690731
5762.135914541718 45473.71289188374 -3326.77072136787
6195.177390776327 46330.70926439835 -3576.787334242195
7058.580830285374 46323.99740534822 -4075.273542461992
6629.516306457563 47183.05810797745 -3827.553024130287
5768.333498427642 47187.30851629253 -3330.348898092734
6199.21901188191 48042.84680950957 -3579.120765275466
7062.106135797228 48035.87824171494 -4077.308878548236
6633.078081819051 48894.92408099561 -3829.609416094035
5771.947590706985 48899.1647358767 -3332.435495243089
6202.766662675595 49754.65439659111 -3581.169002416191
7065.52914667181 49747.68816788193 -4079.285154798115
6636.541769164542 50606.72513189153 -3831.609176915343
5775.460511318582 50610.96133446243 -3334.463680903836
6206.281308938946 51466.44711241862 -3583.198184382442
7068.939344967152 51459.48989240827 -4081.254033701922
6640.000604705979 52318.52779612181 -3833.606136546274
5778.966312799836 52322.76583253272 -3336.487756332764
6209.796682367767 53178.25171807969 -3585.227786177875
7072.354051579668 53171.29817943063 -4083.225515483861
6643.465336873948 54030.34478584965 -3835.606500596121
5782.457349856342 54034.59023464341 -3338.503307517089
6213.299979754751 54890.08027132509 -3587.250415867301
7075.776880335154 54883.12252541207 -4085.201686587231
6646.937379210734 55742.19266467546 -3837.611085173903
5785.928112599317 55746.45746170229 -3340.507153321038
6216.806057051399 56601.9641909499 -3589.27465053832
7079.219058580085 56594.99125728589 -4087.189029123541
6650.424627462251 57454.1148713817 -3839.624448890646
5789.3736991636 57458.39843704046 -3342.496463651443
6220.300876538178 58313.97033505594 -3591.292385509782
7082.677068691151 58306.9518827838 -4089.185512192025
6653.925389299907 59166.23854835486 -3841.645614679986
5793.381602896755 59172.08558530919 -3344.810427950666
6221.937192352632 60025.26641703775 -3592.237112885736
7084.747200125926 60019.58817360617 -4090.38070313315
6653.533350384652 60881.43622164872 -3841.419270906731
5791.010138680428 60880.60710999751 -3343.441262446996
6223.952022946638 61738.15508952925 -3593.400375871557
7083.524800891218 61735.82618768446 -4089.674950605934
6656.240021136448 62595.14228517152 -3842.981967993888
5795.790034166685 62595.37718311253 -3346.200936392685
6227.606494786672 63452.49392760608 -3595.510286172146
7087.132296478228 63450.0399135878 -4091.757739154195
6659.872087221079 64309.85184992767 -3845.078942325564
5799.088052402339 64310.0392993878 -3348.105048108832
6231.066335134984 65167.67859914024 -3597.507825928597
7090.870208714457 65165.34807897541 -4093.915823789989
6663.427298262846 66025.64463068009 -3847.131544377554
5803.453747114244 66026.50372918442 -3350.62558312595
6234.568365155273 66884.07161675626 -3599.529723903521
7095.108389371413 66882.00701119057 -4096.362738533157
6667.312392323644 67742.58035072009 -3849.374604479383
7527.710781901733 67739.16076134094 -4346.125846312613
7098.809760560717 68601.10314557896 -4098.499726185672
7958.193594819031 68598.92719610193 -4594.665214231923
7530.021139744684 69459.53148807773 -4347.459732035165
5805.452898896245 67742.063998602 -3351.779793945439
8388.336826900006 67734.0408849864 -4843.008525063969
6668.186135745764 69457.86085737916 -3849.879060479346
8391.569455725004 69452.9911268494 -4844.874884186273
7425.631870373594 12931.40553854574 -4287.190559263258
7429.409582188651 14643.69714943281 -4289.371622196602
7432.650522877741 16356.94236402271 -4291.242780175876
7436.035829534463 18069.9670197437 -4293.197287885424
7439.524469179016 19782.79049314309 -4295.211454923312
7443.02409656803 21495.43149749076 -4297.231965738422
7446.234984115576 23207.89051014645 -4299.085772528336
4375.842303528363 5220.554234667494 -2526.393731873452
3947.363555166781 6082.539826110147 -2279.011411164859
7449.587039783232 24920.23159303501 -4301.021082770396
6115.124657646637 10371.227322824 -3530.568867220403
8706.696425058231 10359.35459278374 -5026.813524759721
11348.34120473234 25795.78580962938 -6551.967849407934
7453.092250928722 26632.68579077384 -4303.044817368811
14843.24815719385 72012.20426568505 -8569.753319204283
15274.35091719273 71149.02446251386 -8818.650613738029
15813.54483122393 72080.98911647353 -9129.954365149351
16015.95712269298 71164.59635268823 -9246.817156116293
15793.37888730387 70221.35545264363 -9118.311551998642
7456.604198804825 28345.04565142344 -4305.072441420459
11343.39240119382 15497.01551804805 -6549.110656352806
7459.568483894453 30056.95087601502 -4306.783872214911
8688.718046042241 8647.913895170741 -5016.433702795246
7531.553745013845 71171.24091323222 -4348.344582099877
7462.983024479752 31768.69809065346 -4308.755258140992
13444.38023342983 6045.427501934686 -7762.116546858393
7466.339718785231 33480.62996269391 -4310.693246501847
6495.499757486689 865.6494947725341 -3750.178533506088
6075.053116929599 1741.051236015358 -3507.433552400578
6940.099282545425 1744.486566174744 -4006.868188980329
8230.952228423959 875.5465496782647 -4752.142484767523
1430.014837371575 73009.34128822491 -825.6194513016378
7469.690154373787 35192.55251494558 -4312.627621390802
9095.608963210367 76222.75080801504 -5251.352283353078
8734.958950307055 75374.94388269627 -5043.130901320108
9607.501954605925 75390.42794265815 -5546.893839731586
9113.886020841986 4344.690306615097 -5261.904547496687
9256.510091151475 71165.81285071885 -5344.248592882791
11691.04836222335 865.8290111952044 -6749.829919038581
11264.53233703945 1738.591028741412 -6503.580777084971
12128.985798554 1732.957793966498 -7002.673215792298
13984.43302502122 70292.8999564151 -8073.916171460291
7473.020612770227 36904.42543478977 -4314.550462442512
4086.706749568215 71176.64445241952 -2359.461241962269
2795.429006601403 70319.71874428155 -1613.941689461808
2361.786791726585 69463.80409844192 -1363.578239971846
1473.188433049273 69387.54890140297 -850.5457383880405
1965.450934805031 68566.78646801531 -1134.753626288686
2796.150736489607 68596.06902561095 -1614.358380407044
2362.021044209045 67740.29932047828 -1363.713485705653
1593.157645229631 67732.90838875575 -919.8099953348377
1977.021894715594 66915.53567403462 -1141.434123107832
2794.037890323137 66890.14069758459 -1613.138528104077
2358.434703675283 66037.84447633737 -1361.64291103308
1464.808874125111 66094.65760872145 -845.7077977874852
1942.94165533629 65193.18839480223 -1121.757887728144
2780.298434395082 65176.93603863027 -1605.206049525495
2352.350908411246 64307.80725125552 -1358.130430199694
3211.923779037991 64308.28175550487 -1854.405058444144
2782.122909045639 63446.68430527516 -1606.259410456124
1953.850769597403 63355.01525679378 -1128.056267783418
2376.779051817627 62510.15759187871 -1372.23402537117
3215.921698248039 66028.95620738695 -1856.713258176263
3221.076499887149 67741.42961493021 -1859.689384290223
3224.756250558768 69458.72332679518 -1861.813889331032
9963.063837566402 874.1854590021026 -5752.177588572387
11402.85611367394 68580.51668539613 -6583.442046760219
12262.87478918254 68579.14361942827 -7079.97406057321
10971.09951195944 67722.10347634178 -6334.16725653595
11398.72211142403 66861.0394022212 -6581.055279448399
10968.46201263193 66004.4316069598 -6332.644495589229
10108.55442115576 66005.83581697651 -5836.176616172259
10536.78095579471 65146.35248056595 -6083.4133212202
11396.80012508715 65145.75333839758 -6579.945620119423
10966.1232642773 64288.54966730626 -6331.294218597114
10105.99188213609 64289.3023832968 -5834.697133579443
10534.36004989108 63430.24986578649 -6082.015610545055
11394.11642529323 63430.33150957726 -6578.396185320984
10963.74621175002 62573.50481096585 -6329.921826680615
10103.56510943078 62574.05884982139 -5833.296035704771
10531.92737746237 61715.92581907171 -6080.611106463491
11392.56119398188 61716.72022522678 -6577.498272104722
10961.64051843397 60859.72365245282 -6328.706104077761
10102.04288044534 60859.65520913956 -5832.41717639026
10529.64243738531 60002.45525294019 -6079.291895694917
11389.66068681931 60003.03601210372 -6575.823663513623
10957.52574740076 59145.41146208366 -6326.330439914085
10098.35868169098 59146.631758977 -5830.290103247679
10526.71219707338 58289.55803752528 -6077.600120662032
11384.87063773273 58288.66331243211 -6573.058127384058
10954.81548303658 57432.51497894902 -6324.765668053848
10096.3614353983 57434.12249001086 -5829.136992562965
10524.3239380139 56577.28877942981 -6076.221258651146
11382.56801216241 56576.33505064403 -6571.728705891189
10952.57616749305 55720.58757419135 -6323.47279862199
10093.57793344296 55722.14388175936 -5827.529936959761
10521.89647717696 54865.37212944226 -6074.81976348349
11380.37397201761 54864.37900221264 -6570.461976222978
10950.33309331643 54008.68165962483 -6322.177759142304
10089.78801371895 54010.38942587716 -5825.341825786893
10519.29773262001 53153.54556243411 -6073.319377613981
11378.15333848998 53152.51894174219 -6569.179892858028
10948.04021682346 52296.8458039969 -6320.853966281871
10087.16691918398 52298.59890689049 -5823.828536151558
10516.88394709847 51441.74248248922 -6071.925777893358
11375.93677982642 51440.70442232013 -6567.900162116944
10945.76838331975 50585.04042245463 -6319.542322596953
10084.58506384574 50586.81850789931 -5822.337901277017
10514.47807720531 49729.95458218041 -6070.536748262906
11373.66995881177 49728.87721333892 -6566.591412393932
10943.48317289116 48873.24516130378 -6318.222955740849
10082.00446732527 48875.04115563154 -5820.847993181251
10512.06887297342 48018.17244625627 -6069.145793551087
11371.44108316704 48017.1000322305 -6565.304570440459
10941.19973122967 47161.46366699105 -6316.904610082907
10079.42517695596 47163.26430731133 -5819.358839192213
10509.65980714157 46306.39269692842 -6067.754918744577
11369.21113281157 46305.33096223986 -6564.017108002447
10938.91382843335 45449.68417092248 -6315.584843488115
10076.84708393271 45451.48332572035 -5817.870376491248
10507.25091198432 44594.60959752329 -6066.364142477087
11366.96054308164 44593.54759472456 -6562.717729416041
10936.62352651177 43737.89922761327 -6314.262537057166
10074.26983636858 43739.69454853474 -5816.382401916325
10504.84222279641 42882.81950461552 -6064.973485126055
11364.67465067644 42881.73451617047 -6561.39796882056
10934.32732497512 42026.10358636306 -6312.936824481864
10071.69334360286 42027.89488600351 -5814.894863124471
10502.43410856776 41171.01871758144 -6063.5831597279
11362.46104163596 41169.96477242456 -6560.119941045155
10931.96467963898 40314.16728260006 -6311.572750561048
10069.10808862573 40316.05943398334 -5813.402265467503
10500.01549112147 39459.17902098717 -6062.186770294221
11360.19503883738 39458.13481910733 -6558.81166371941
10929.67048290563 38602.35411491714 -6310.24819545947
10066.5350544466 38604.22556458443 -5811.916723491548
10497.61276505072 37747.34844794289 -6060.799555750483
11357.94216351081 37746.31350419333 -6557.510965543164
10927.37996531034 36890.52431564729 -6308.925764509248
10063.96821356153 36892.37494488878 -5810.434757215587
10495.21492604003 36035.49764386284 -6059.415162752191
11355.65642797103 36034.45022600142 -6556.191295513979
10925.0939794785 35178.67371597448 -6307.605949973873
10061.40654940392 35180.49849811442 -5808.955779724616
10492.82253318759 34323.62129944739 -6058.033914094827
11353.42230867145 34322.59413704163 -6554.901426134964
10922.81342234131 33466.79815110706 -6306.289269696814
10058.85075319575 33468.59097636511 -5807.480190095835
10490.4365523927 32611.71376123221 -6056.656367440612
11350.77934227657 32610.72616884858 -6553.375508775417
10908.56380457252 31758.00892671375 -6298.062249042152
10048.54643902913 31758.45880135284 -5801.530991537922
11771.79302008053 31759.6151161209 -6796.447868988049
11784.07341112168 33467.80030640062 -6803.537956061409
11786.34036912375 35179.63339670565 -6804.84678487415
11788.47484253149 36891.45392160252 -6806.079123670684
11790.71336461489 38603.3069221892 -6807.371534998126
11792.90087735094 40315.10778308206 -6808.634496065137
11795.14831597768 42026.9424975509 -6809.932055361275
11797.25704237071 43738.68976733554 -6811.149529111937
11799.49329783552 45450.50568632723 -6812.440631806523
11801.65259347861 47162.26314703987 -6813.68730172732
11803.78760549747 48874.00748584914 -6814.919951491132
11806.01867984256 50585.84587560422 -6816.208062864849
11808.20365777843 52297.67436859827 -6817.469560464301
12197.41691567877 13782.35954483794 -7042.181939685233
14829.47434474876 66861.87423139691 -8561.801004881343
15234.68278087259 66018.49693830565 -8795.748204555346
14827.76195097807 65147.16129178377 -8560.812353876876
15804.17305498823 65204.696983829 -9124.543567616885
15278.0991121126 64297.72782578619 -8820.814635083991
16010.45229942989 64288.05213758271 -9243.63894492351
15789.08520430121 63353.57172728204 -9115.83259296124
14850.50231228629 63420.28348750415 -8573.941507599646
15257.70388478893 62574.17994165853 -8809.039445098486
14403.63823549031 62572.87837029697 -8315.944412570314
14828.35304653801 61717.60912390228 -8561.153623057528
15655.65720995294 61697.79572862211 -9038.797904506835
15250.7777865817 60858.36225127086 -8805.040660434106
16076.44152913778 60825.18745192591 -9281.737844458972
15682.62067978403 60005.04300243376 -9054.3652710721
14825.84776245974 60005.7559370829 -8559.707196620539
15230.00800854627 59165.24538393016 -8793.049223494347
16525.19201642459 61726.23946550069 -9540.824059092993
14393.10034704379 59152.92716596928 -8309.860359839029
14819.98109954246 58297.15920974018 -8556.320077206006
15771.43698856451 58301.19936322262 -9105.643390854937
15243.80180017667 57424.74245551486 -8801.013072805301
14392.1881152055 57435.90761766475 -8309.333682541626
14820.03416501476 56578.83362658355 -8556.350714570719
15678.62288902266 56581.0196918505 -9052.057145499859
15249.33036581073 55725.09150804525 -8804.204991662356
16092.16961103658 55782.5724173734 -9290.818456777082
15679.94699209258 54873.16139009435 -9052.821616763715
14820.52883683101 54870.08739260436 -8556.636313476996
15248.37774436487 54014.43877571057 -8803.654995414157
16093.73349069921 53986.49433167727 -9291.721363121284
15674.82052131931 53157.34804395671 -9049.861847482769
14819.15396063957 53158.59437191755 -8555.842528337762
15225.61283808515 52314.98003369811 -8790.511670645479
14386.32210238465 52304.94771241648 -8305.94693846044
14813.11353296871 51449.17555247855 -8552.355085795969
15766.81254672936 51432.80299747481 -9102.973468116563
15244.07586666637 50590.28201409715 -8801.171305166907
14385.89826244311 50590.49085437704 -8305.702234356097
14813.86969382965 49733.97295715062 -8552.791655472589
15671.09228174036 49733.77799154389 -9047.709347358263
15242.05920318228 48878.30272231773 -8800.006983961501
16079.19060293023 48907.68794579239 -9283.325022953066
15640.30973229993 48038.83631773198 -9029.937034152488
14808.6172062189 48025.94811007527 -8549.759130336603
15208.2392658391 47187.74511141627 -8780.48103403244
14377.88154325569 47171.44153886454 -8301.073779375221
14805.10018229444 46315.53972037743 -8547.728575627068
15760.68331771319 46369.70942797536 -9099.434756094153
15233.48187913873 45466.68722948136 -8795.054863616031
14380.09979058044 45458.26460028507 -8302.354485065298
14808.44334227388 44602.00328877862 -8549.658749941145
15764.50750151675 44550.75267514763 -9101.642649642572
15236.70132878445 43743.24869378264 -8796.913613735631
14378.6966044003 43743.41936622617 -8301.544355146472
14806.34963174052 42886.94404279663 -8548.449945601104
15638.85913870129 42876.88268684306 -9029.099533547827
15230.49758943121 42029.66194136249 -8793.331883150056
16061.13994239318 42018.28258254698 -9272.90346923295
15661.88670536968 41175.01321577709 -9042.394505362603
14805.32368109704 41175.9017423062 -8547.857612720916
15209.08231738728 40335.62844791927 -8780.967770070723
14372.43246397328 40323.11309015998 -8297.927751984689
14799.40867528829 39467.47870976449 -8544.442582524976
15759.45400077797 39489.9029193361 -9098.725009630685
15231.20435298844 38607.99274965544 -8793.739933280074
14373.71707334276 38609.16243484196 -8298.669421549961
14802.08399728275 37752.71283231437 -8545.987180398644
15757.0057499017 37680.55711873353 -9097.311511328226
15229.37924923074 36896.2333959209 -8792.686209134268
14371.26218839801 36896.00848506303 -8297.252093066279
14798.85136357615 36039.84902456828 -8544.12081845795
15611.58105943751 36046.03818024839 -9013.350527141911
15191.3330365262 35204.3682398888 -8770.720217987653
14361.57693903947 35186.33068170024 -8291.66031174196
14789.66233670377 34331.73563852678 -8538.815531319591
15745.1530036582 34421.44915729724 -9090.468325093903
15218.44474557771 33502.66083879086 -8786.373170506733
14368.44834714008 33474.85689152378 -8295.627521058559
14795.44781389205 32622.55907821679 -8542.155778131631
15787.25913119894 32656.94896449264 -9114.778309164085
15246.11353194738 31768.5644234971 -8802.347751765412
15990.28336703442 31733.77351582953 -9231.994406375718
15762.70621212516 30811.95901768838 -9100.602674727445
14817.40934444612 30891.49012158078 -8554.835273708843
15222.14389203665 30049.13222512154 -8788.508873710576
14368.85374501339 30047.57664287792 -8295.861577629841
14793.73109239199 29193.3666781538 -8541.164628511449
15633.45846903624 29167.57200523106 -9025.981455462905
15217.80266472864 28333.07363635923 -8786.002464955684
16065.33829151638 28288.51490774905 -9275.327387229385
15638.79711469355 27467.49250377393 -9029.063723970261
14791.51192209468 27482.02065708185 -8539.883389942923
15198.9412745076 26633.11583315682 -8775.112836234273
14358.18995691588 26627.6008709742 -8289.704836701161
14785.64469289292 25771.60681115401 -8536.49594358389
15749.25962766858 25749.18585742857 -9092.839285571761
15216.80042347822 24913.68374150779 -8785.42382069996
14359.05227821806 24914.55567160649 -8290.202698137105
14786.83755059565 24057.75709670567 -8537.184640299665
15741.41607222829 23947.77369821326 -9088.310806726902
15215.05446137115 23201.81519945446 -8784.415789007449
14783.78793958509 22342.80870157696 -8535.423946561796
15206.46793738729 21482.01529641683 -8779.458357073963
14773.05293313046 20626.44457536034 -8529.226087695462
15617.90872553648 20588.03079734191 -9017.003806867489
15196.25366752995 19767.38914076502 -8773.561145622254
16052.57439037659 21386.89316790733 -9267.958145470418
15623.39489576397 22290.71283041059 -9020.17124872515
13974.16828262995 65145.86983890709 -8067.989819677532
15761.20381442009 66979.56946176138 -9099.735265007992
7476.35024390807 38616.2751535889 -4316.472825876248
11810.3183253618 54009.48990741748 -6818.690464362802
6964.072787019662 6933.38705821365 -4020.709298241948
3106.430261794421 9521.608751499705 -1793.498347865808
2679.579465178529 10380.05294953275 -1547.055925535817
1816.689487809801 10381.50546113262 -1048.866164820952
2266.579219991279 11226.68387055274 -1308.610122801577
3112.081673335774 11232.95434262199 -1796.76119184051
2685.204137764846 12090.20991613899 -1550.30333176763
1894.521370070119 12036.43291101157 -1093.802422995482
2276.563007170221 12933.55671466489 -1314.374265016871
3117.302054307259 12944.32976363882 -1799.775180199669
2690.660810088366 13801.49870832929 -1553.453743002495
1878.100154303296 13810.29082165716 -1084.321629652086
2268.483934195296 14661.94943863845 -1309.709810059995
1401.554987937387 14756.43902842904 -809.1881495697128
1893.139275257595 15586.27335163459 -1093.004470183425
2701.418503668465 15528.020669307 -1559.664700286824
2269.893277998231 16380.07822324059 -1310.523495084001
3123.954763079896 16374.85490523549 -1803.616123400391
2695.438086540341 17230.63899289187 -1556.211904848035
1826.840603469595 17244.09793523437 -1054.726914179709
2278.813672551685 18079.9246185719 -1315.673687280715
3127.053851328654 18083.52736484305 -1805.405382835054
2699.832407920317 18940.20575210136 -1558.74896747967
1900.710713644227 18901.48626117592 -1097.3758421741
2286.652247290494 19787.38666428515 -1320.199290516229
3131.877797076932 19794.57165216047 -1808.190489211379
2704.85645800979 20651.4631803035 -1561.64960415125
1888.797550712721 20673.07856844575 -1090.497774348695
2278.032451313903 21557.13994353667 -1315.222648988785
1444.936496425643 21485.59981822249 -834.2344751732597
1748.016777964169 22405.98256169099 -1009.217957305595
1229.784167018236 23192.86368925372 -710.0162198731181
2173.98574492428 23405.55798815465 -1255.151255046442
2687.616381435479 22428.44753155883 -1551.696041300221
3132.83098683148 21529.20221193793 -1808.740813572756
3121.590626487673 14661.08159085757 -1802.25118850247
14851.78999512457 70277.00581399104 -8574.684951632958
13934.32139429465 29192.99620259228 -8044.984207970778
7479.683761305887 40328.10697888461 -4318.397433043226
9677.366833744558 65147.76063845554 -5587.230346509176
9674.737152804688 63432.30856216066 -5585.71209951066
9672.134025558827 61717.53018227221 -5584.209183294527
9669.878539013838 60003.55863604817 -5582.906977530624
9666.83859026535 58290.90885933874 -5581.151862302362
9663.41816961782 56579.10141068587 -5579.177081520768
9659.879526282455 54867.25962325926 -5577.13404483853
9656.831679989084 53155.48787587149 -5575.374369960603
9654.01760378148 51443.71429430246 -5573.749662304623
9651.211735099112 49731.94260197338 -5572.129693265547
9648.405814656475 48020.16924059598 -5570.509694342665
9645.600664560421 46308.39170350165 -5568.890140179592
9642.796151316967 44596.60651543085 -5567.270953703537
9639.992192339996 42884.81107015043 -5565.652087233387
9637.187599075833 41172.99843492422 -5564.032854557355
9634.382475842696 39461.16438004989 -5562.413315903593
9631.583816672372 37749.3183306315 -5560.797509278236
9628.788585010787 36037.44820849085 -5559.183681525973
9625.996604136379 34325.54774307916 -5557.571730616561
9621.916248739568 32613.91306844747 -5555.215936329823
9615.881035581464 30902.73897108263 -5551.731504388375
15747.51568301261 6887.95586610284 -9091.832418655184
11812.44839380744 55721.40872913326 -6819.920259953289
3657.043450536093 72038.04104961824 -2111.395020605171
9990.714159199928 7778.695221716956 -5768.141509210684
13939.63058557079 32618.23736680955 -8048.049470983236
7483.017152246953 42039.92154745989 -4320.321967200364
11814.52986032824 57433.45817762698 -6821.121995209382
14762.84404100052 12061.96279844008 -8523.331981076111
15178.3219342317 12909.35878345564 -8763.208254575473
15728.34388050428 11987.60101410549 -9080.76357331615
13931.232619194 27482.05900585407 -8043.200902834951
13928.43700927268 25770.06593445798 -8041.586856694328
6538.848435345992 9509.883390553001 -3775.205904337171
14769.915423431 15490.96354661557 -8527.414645625895
15197.13267968633 14634.14162518103 -8774.06864352736
15171.71206535858 16364.76492117768 -8759.392045002271
14767.18270596606 17206.45772566268 -8525.836910461892
15588.77357658518 17222.542884516 -9000.182620777578
15202.62059333175 18045.51880008246 -8777.237091947833
14344.10826047506 18057.89782573933 -8281.574765470412
15748.01745931455 15590.04684346629 -9092.122119338181
16020.76195243451 14601.34097765542 -9249.591225860977
15193.46762385387 9492.838740956151 -8771.952622555895
13940.39670632295 30902.50777616911 -8048.491791005728
11842.45715655407 72880.85491280019 -6837.245827203104
13927.26707064245 24056.86026983663 -8040.911392311229
7486.350271647773 43751.72132251681 -4322.246344583669
15557.05457005925 13783.32034737806 -8981.869643821403
13454.94826096392 7765.880038902929 -7768.218000400007
3215.412024203348 60883.32379408625 -1856.418997729362
2785.748187304429 60028.37803747618 -1608.352465834724
2376.671749296766 60873.36750868965 -1372.172074231866
1969.378806192954 60052.93059915544 -1137.021383891846
2362.708197751009 59177.13126706421 -1364.11021398808
1617.480784473752 60854.62114760697 -933.8529663249676
1472.643691094936 59213.66999925175 -850.231231474065
1956.633352803377 58323.16188258622 -1129.66279294643
2788.735109022804 58317.59345601845 -1610.076965892876
2357.639886580403 57460.66337892118 -1361.184023169394
5356.137633898197 60022.33696877821 -3092.367504747809
13935.52953746639 34328.63605095995 -8045.681729756199
5361.558902467429 58315.81554986161 -3095.497475615604
5267.06544838706 13802.08575687128 -3040.941654465646
5264.806783112019 15511.06577407464 -3039.637613461091
5270.87099040324 17224.68003638328 -3043.1387851731
5274.493245142878 18937.20454323064 -3045.230094922103
11817.68243627097 59146.56716710435 -6822.942135778556
5355.840811412392 56601.71524794892 -3092.196134205728
5278.327620375804 20650.22222913345 -3047.443872495007
13970.99334362052 61717.97438793701 -8066.156767785774
13938.96533209712 36039.72106849245 -8047.665386711134
3211.016040412579 57459.07168051333 -1853.880975304408
2779.305282346102 56603.7425181084 -1604.63265292267
1972.529762393071 56566.24492595044 -1138.840589302188
2353.603095451107 55745.85804774795 -1358.853380724233
3206.54274510291 55746.1676828728 -1851.298317053206
2776.742495684317 54891.13284517864 -1603.153027353613
1961.119257381532 54947.75449093584 -1132.252731162187
2246.014307724733 53958.91898426208 -1296.736965168625
5282.852918834601 22362.77009430699 -3050.056554778357
5352.389117250407 54889.78226886713 -3090.203297652145
13963.55579395471 56580.48926830379 -8061.862696484109
14754.06533807048 13777.26982530374 -8518.263594576316
13961.54980769047 54868.57944454439 -8060.704539774457
3199.05311535472 52322.85982205898 -1846.974177301958
2769.203248845071 51468.01112041201 -1598.800241161488
2373.376690379359 52312.59821072428 -1370.269671078906
1948.53485707983 51458.07259414632 -1124.987124260409
2345.282701237688 50611.16972512883 -1354.049598885352
1455.155783779122 50505.66733621375 -840.1345834777164
1956.35793643943 49697.7890018604 -1129.503781234566
2772.517046117069 53179.74076969617 -1600.713462908516
2774.43689485294 49745.73781253664 -1601.821888092974
2349.417581941553 48888.29037825562 -1356.436873372795
13914.56933637207 17204.90067390184 -8033.580352012124
13917.10121046378 18916.84717656404 -8035.042130200526
3191.77639626777 48899.01637096921 -1842.77296157829
2764.429711983 48042.19725552067 -1596.044238369184
1961.380343087327 48063.96217670709 -1132.403469064709
2341.942752954283 47192.13795690583 -1352.121278844849
1455.613982676447 47305.57966824244 -840.39912473443
1934.693298322674 46375.0297916715 -1116.995696585961
2765.560988091061 46339.7193932174 -1596.697380934701
2336.626100964079 45484.79636571958 -1349.051708387116
3187.458649993053 45477.97924429706 -1840.28010960429
2756.835279496886 44622.3337853608 -1591.659590728984
1938.382930188278 44550.65812410731 -1119.125906536778
2359.540953850241 43719.86361673949 -1362.281604869383
3191.726295352469 47188.72409876504 -1842.744035801354
3149.519962852476 28357.38879900428 -1818.376198370977
2723.306416911384 29214.4917826146 -1572.301692889622
2719.758110751452 27502.63350820781 -1570.253077373019
3145.958696319294 26645.50652844899 -1816.320100179388
2716.155474653154 25790.74189777208 -1568.173094451874
3144.568828840579 24935.04890882607 -1815.517659816414
2328.742475782653 24964.09428949558 -1344.50009526643
1906.232242933208 25777.53574679133 -1100.563698595432
1502.223460937855 24856.02301863243 -867.3091195554416
2729.583992158652 24105.53705575146 -1575.926052648491
2298.585499648464 26648.09637454887 -1327.088956977411
1917.718120261119 27542.61819058389 -1107.19507296258
2298.780807858311 28363.26969058314 -1327.201718224941
1879.304819273386 29224.74968470861 -1085.01714329685
2299.094884850687 30072.88553350128 -1327.383050661036
1498.171840482444 30057.96362166357 -864.9699153948561
1923.225442887117 30897.71686198314 -1110.374727163214
897.9461516650301 29183.16181226285 -518.4294523815936
2735.883157822935 30921.39358800319 -1579.562877640434
2310.860040867163 31777.40378345136 -1334.175666654206
1388.691757392456 31687.00416086385 -801.7615599519487
1866.787758003188 32622.97282146327 -1077.790414603038
1008.84450924394 32626.9422083052 -582.4566489824646
1414.25403686598 33430.86561375749 -816.5199488870883
2297.089149023063 33424.99414647054 -1326.225038541034
1877.920260921219 34352.17914119131 -1084.217768159518
1241.293090502278 35174.67110714091 -716.6608999447125
2027.470845561022 35428.72349406983 -1170.560838458774
2676.032003764335 34726.4666617458 -1545.007797733392
7489.72957218952 45463.54798310017 -4324.197384661119
13953.97501586377 49731.88930561515 -8056.331231674256
3160.151463543859 33492.95034295729 -1824.514298157036
3174.291008855444 40340.1646588661 -1832.677768448899
2744.572101342908 39485.43813418882 -1584.579441520664
2748.087736352674 41197.20535709385 -1586.609194339925
3170.763798779455 38628.3865269686 -1830.641332762038
2741.045457546584 37773.66384837971 -1582.543332775521
3170.089692588575 36918.49511201093 -1830.252137371271
2351.736299220911 36945.73807232763 -1357.775585418207
1930.586963504239 37754.53066555136 -1114.624903073154
1477.093363671006 36881.46819961481 -852.8002511336651
2746.141786844563 35940.84799807585 -1585.485699867588
2322.435918537473 38627.14277128266 -1340.859002743266
1928.978822909181 39494.58175159822 -1113.696442667703
1437.597477174118 38588.44637741698 -829.997290432804
3177.811841960245 42051.94007705546 -1834.710522389727
2210.916681498952 42079.99207831548 -1276.473341219254
1816.281858314525 41120.09447323765 -1048.630819822125
2763.979053935684 42918.64264478558 -1595.784050824254
2318.371144988375 40342.47482702572 -1338.512204640499
13945.82730047364 42884.76772138513 -8051.627146000488
3159.088839668545 31779.38445348014 -1823.900791976577
3154.882614596747 30068.65786440166 -1821.472326799102
16535.22697256119 56716.52589460839 -9546.617743719766
16582.69377599145 58809.88431312093 -9574.022715457793
16576.92768943406 46926.65051845871 -9570.693663831715
16581.66698505336 51907.97924012011 -9573.429897433285
880.0467334807776 41042.2127618969 -508.0952184745777
16458.77145145593 36056.65106434798 -9502.476128028606
16577.05172524161 43992.8213878145 -9570.765275938591
16580.90043702756 38056.87663644668 -9572.987330724243
693.1091375569506 63752.65069085108 -400.1667471462947
16590.41920339762 19301.61993309374 -9578.482993050349
15773.33944825325 18840.23806954163 -9106.741776468358
736.4010952680793 42992.69567411991 -425.1613705845608
1429.632634265566 42549.94328512415 -825.3987862354983
16580.75024396026 34047.68165349573 -9572.900616716406
16585.40662869915 66633.27624056254 -9575.588981698857
16456.06009068331 17247.71520936188 -9500.910723156663
16511.03142966161 29155.62905709587 -9532.648440513498
16573.17207833517 24294.66421284185 -9568.525360752799
725.6158605802732 56853.66926521904 -418.9345124342826
731.7700044952817 52868.31947592206 -422.4876090802445
1453.104260499881 53389.88504787227 -838.9501359601982
709.4823632178768 49943.98403312142 -409.6198333891329
702.3944026828153 61816.5802371677 -405.5275974662097
1482.200015189629 62373.51050281736 -855.7485777625993
709.8004596376987 47869.50004823085 -409.8034864427454
16579.30593484582 26189.14230978224 -9572.06674446039
714.2315068665408 54770.82727395928 -412.3617527531093
687.3475510422979 44969.58942423002 -396.8402936211007
673.2795712900725 19281.75157453526 -388.7181417241991
16577.45297936745 40019.56349161806 -9570.99694011616
888.0482384532387 17267.10489963414 -512.7148895243503
16579.30593485171 44966.26321110816 -9572.066744463795
16528.69837597956 49826.96825284822 -9542.848456725927
883.5658596106223 10379.62484397989 -510.1269868929558
686.1340705712199 27169.56008634923 -396.1396903444674
674.0261613061107 12376.49324556457 -389.149185670933
668.2278634363478 15288.78438912627 -385.8015368349838
1494.489087821328 43607.57242985933 -862.8436771546019
12166.75707973415 10337.39429262375 -7024.480475149295
3198.0613418742 50609.00301499784 -1846.401576616005
1506.940417530873 52332.21612949625 -870.0324557141765
13943.02454288422 37751.90264142514 -8050.008973151762
5348.90462167298 53177.91052269645 -3088.191523192528
5285.783870270357 24074.22539822935 -3051.748740378772
2729.463558702229 32622.36901021384 -1575.856520360005
14374.468316855 31760.67905245737 -8299.10315219398
14363.77253624709 28338.12050482102 -8292.927940380809
5288.831333638479 25785.96145823521 -3053.508194174703
11781.40502293773 24920.69286634625 -6801.997361425108
3189.409073511825 43757.92711419932 -1841.406187147887
12208.86250059964 22344.38827244529 -7048.79005122033
3213.80443302403 59171.77809803865 -1855.490854529236
5345.402248367282 51466.08352652655 -3086.16942702168
5292.385165009695 27497.97528253176 -3055.559999673529
2249.403077334007 6078.227969342727 -1298.693472214762
1390.95167938206 5978.141310656146 -803.066326520994
5341.89251380013 49754.27851218042 -3084.143080824551
5295.922470165687 29209.9405992351 -3057.602263757547
13943.99084412894 39464.92093016733 -8050.56686743552
5338.358400920825 48042.47143803145 -3082.102659802338
5299.299840224013 30921.87748409688 -3059.552189269874
11777.55337071623 19776.56075245112 -6799.773608978197
5362.754803720308 61737.5594516609 -3096.187929525878
5334.269000627112 46330.30229102535 -3079.741643441938
14408.14858913195 64288.60613266499 -8318.548466459455
9114.159608532113 6067.380613152142 -5262.062503423229
5302.173185691438 32633.7834188102 -3061.211116048967
5328.62895088273 44617.09000078791 -3076.485359203777
5260.963153844201 12087.41182005284 -3037.418493068652
5304.743126868217 34344.78562242534 -3062.694872279182
5324.152795815434 42904.65849413432 -3073.901049870738
5310.732426727277 36057.89461316001 -3066.152796165068
5320.613516215091 41192.85775494536 -3071.857645840744
5313.584760574879 37769.2663433147 -3067.799591879799
5317.097391599813 39481.0656940339 -3069.827610347609
3185.920839251445 54021.64872200271 -1839.39225415866
11352.66256854264 22345.61248181537 -6554.462789967077
14406.49585614711 69428.24329306286 -8317.594260625763
13948.82846520745 41176.79864039856 -8053.359869267431
11821.716213444 60860.72948348226 -6825.271038115257
7493.190990540615 47175.44705143617 -4326.195835477902
11831.22724376188 67720.81937233961 -6830.762234029553
11348.39014871142 18920.96450969625 -6551.996107227436
12624.96315109423 12924.65012075758 -7289.025873793358
669.9359503471817 8379.756185693923 -386.787701272753
16593.88576244967 12390.41935188486 -9580.484411852216
10487.70222196559 22344.84015778204 -6055.077701032471
14377.26658019331 42031.53892375181 -8300.718730285615
12627.90799016612 14637.78351239527 -7290.726077424237
12139.86838443745 3461.754586667016 -7008.956279681586
11769.9294771458 14639.84872375131 -6795.371951973039
13951.41213877121 44600.0524693084 -8054.851553894972
11824.22107739428 62574.54435320123 -6826.71722199123
11775.70791620966 18064.1864008774 -6798.708135322053
7496.534662641782 48887.27145959604 -4328.126305465593
11773.60780369073 16352.13805708334 -6797.495634793921
11826.50520884305 64289.0416885863 -6828.035965898043
13952.31186631095 46312.65301949832 -8055.371011832234
16472.79667820259 68628.01126839544 -9510.573596466236
12692.43737582791 67720.12491237198 -7327.98213560671
13045.02287252643 10349.18236578364 -7531.547467037958
13977.40959958726 63429.56662731124 -8069.86119489536
16447.8014539367 10364.8593196787 -9496.142597007867
11829.92482662153 66005.03205260434 -6830.010283142979
13955.3972449373 48023.88599120513 -8057.152356012712
5366.007876672046 63451.94868460749 -3098.066092070257
4382.942087732245 6941.303298064163 -2530.492794194751
14385.72979967049 48879.21181966917 -8305.604972328976
7499.843322569915 50599.06938299452 -4330.036561165757
14397.67806834521 60861.35242522564 -8312.503308464677
13957.54557160674 51446.90946187369 -8058.392692993621
3092.372047744888 6084.561407771831 -1785.381834199985
11346.71372825324 17208.8741678527 -6551.028225424629
7388.21834047551 4350.238162625637 -4265.589847705265
13962.27055843763 53159.04967502739 -8061.120665412351
13969.11477230302 60006.76735788022 -8065.072174129926
5810.075392771467 72895.18138394652 -3354.448592028626
13964.70141630486 58294.29651841013 -8062.524121856361
14390.40047548986 54013.72770752298 -8308.301588270588
7503.150908159968 52310.86575456305 -4331.946196596542
3963.597063894883 9518.083071031684 -2288.383831798921
7963.163037618464 73730.68959561849 -4597.534323369898
14391.36585598337 55724.53651289238 -8308.858950958387
5237.636831494407 5217.798010220718 -3023.951034580794
9686.729197232464 73727.18785302667 -5592.63570958917
5369.603469758512 65167.03698656566 -3100.142008706624
7506.463579791362 54022.66798974243 -4333.858768454664
9686.258297753331 70304.56273099821 -5592.363835648131
3219.691416048063 74592.4195220884 -1858.889705762876
16590.78118406603 73533.91671800931 -9578.691982686698
879.1270459295017 3474.52112601441 -507.5642366192782
8671.352391867726 1746.99140241736 -5006.407637682936
7509.792638549624 55734.49264868003 -4335.780801424895
11837.70469689754 71158.74764813221 -6834.501993341091
5371.612299383321 66882.02418922517 -3101.301807031264
7513.185703084405 57446.26298574458 -4337.739788147428
8250.675870438003 4347.07109985179 -4763.52993479373
12996.48799508296 1732.161259478623 -7503.525842480887
656.9983303203564 5453.069630844693 -379.3181628675924
13918.27646393712 20629.75336964057 -8035.720663109729
11409.72383469813 72021.12843039972 -6587.407127342251
6107.965747847957 8653.598061329394 -3526.435668721031
7515.73338192537 59158.75345308684 -4339.210691212068
5375.27185887591 68598.96253660801 -3103.414654689426
5380.774762565225 73754.04896238375 -3106.591757615776
10916.90176716491 16353.76506810571 -6302.87617398936
6236.783300611391 68599.96924256175 -3600.808517485349
10051.13375640982 16353.17227667664 -5803.024779924141
7515.559714825294 60873.8891677218 -4339.11042446509
11703.17536456803 2600.494948966431 -6756.831447106745
11758.83467014479 30061.08989105885 -6788.966362164399
8819.241285940447 68591.89290209758 -5091.791330485978
7517.345063302305 62588.75870724222 -4340.141195888889
2811.15928534707 61710.66799422366 -1623.023570130046
5654.879067773455 2612.685477750716 -3264.845952013784
9982.581409469809 6060.345567387701 -5763.446063964748
7520.907234336626 64303.71956395413 -4342.197816294454
5801.629134691694 74590.74674082323 -3349.572142652624
7524.756384781962 66019.81030587344 -4344.42012434022
6236.331346404311 70314.38057771801 -3600.54758160223
3524.763892498794 6944.188333708698 -2035.023382164051
12701.75430197624 72874.96361719831 -7333.361265426467
14344.63862495388 19771.10221622265 -8281.880971545026
14796.34363416794 18899.83220481919 -8542.672980209067
10849.49203527718 6052.988356126164 -6263.957147137981
12592.28976196547 7766.797316840174 -7270.16188378453
11279.72153238823 5190.716354572359 -6512.350263108363
11274.43092246065 3468.083676977313 -6509.295728042495
4768.839463436334 872.7130725660541 -2753.290747937078
11764.37567537978 28357.08013342126 -6792.165463028402
12272.71055004527 73738.59154822238 -7085.652739754994
8823.959971135351 70308.55904509049 -5094.515664653477
11304.43601161569 10341.24292161606 -6526.619174343215
7962.146182898735 70312.49653569437 -4596.947242023735
3216.089449687063 62587.94542367665 -1856.810109514741
7099.419213275084 70314.40104979501 -4098.85159387437
10034.48517088184 12925.40669528917 -5793.412714587939
10400.64033429667 1742.673465522707 -6004.812496750662
11838.13911809152 74579.78771425418 -6834.752806534378
16503.16388829195 22260.69895850545 -9528.106113385866
1480.639156889135 45474.85527558074 -854.8474158026424
15631.9623510212 1736.441648736117 -9025.117671324186
16547.23587472117 1626.097490066052 -9553.5510866145
1449.528068025984 64264.29296726308 -836.8854202727197
9560.573598714764 8639.011582188508 -5519.799740825198
9601.373826691939 29200.11136155522 -5543.355763430817
5211.340836756352 1733.69661404963 -3008.76903494017
9616.055490663979 27501.61358390634 -5551.832226077227
8279.969257927974 11216.70829398919 -4780.442479946541
723.8438291096564 58802.03650668827 -417.9114295877095
11764.35215361785 26653.84309774403 -6792.151882732819
10027.56012605595 30052.59445315596 -5789.414538093558
1470.966711948013 57393.27195149497 -849.2630271121635
10463.6487326638 30907.48240781488 -6041.190412509133
11325.87081187495 30909.62601503562 -6538.994562042924
1449.441033185232 26666.61882979329 -836.8351706839828
681.6518362228668 39045.03002787703 -393.5518711368748
707.6500140809362 65719.92315455509 -408.5619261216709
16616.25915201101 15226.38889528906 -9593.401694338138
1427.079942039668 19780.95553525316 -823.9249886917179
694.1032361801526 69725.46554769832 -400.7406902540014
699.8892454490327 50895.88033769722 -404.081244262923
1490.066844234957 40288.41134876768 -860.2904936295886
807.1043764682961 60818.77926156935 -465.9819290180957
691.9897510615457 46942.80225320163 -399.5204690518455
795.2916565055087 74603.71595796623 -459.1618519677187
681.7049795995002 75609.82316903627 -393.5825534796797
16491.22079516073 75502.3324212318 -9521.210765351601
718.5400292524264 1478.236497059541 -414.8492793124099
802.5171788401203 67722.19582461232 -463.3335092326424
16597.28023841896 8359.760256825768 -9582.444213466839
1618.090561456961 55754.15020262693 -934.2050212303692
1400.179005271831 12894.5314115675 -808.3937256073536
16604.98166349473 31174.22406242491 -9586.890633307481
1535.072890981605 23993.97920251545 -886.2747468339268
1612.744967773399 48884.0211945641 -931.1187412781862
1423.657536414498 7853.625229992082 -821.9490618827497
676.7759411689852 37076.69674177025 -390.7367718149758
669.2516323293214 25200.87278853865 -386.3926100809301
15600.64486228997 75463.90539916922 -9007.036510774864
654.9779155880308 14325.12524410912 -378.1516758780095
1500.677077514902 28387.36497236687 -866.4163146699293
14389.65273736188 74568.97339664512 -8307.869881461113
662.9044215276975 21247.79470406166 -382.7280462160093
13433.77614492565 76295.85150956086 -7755.994273505995
12579.1810709308 76293.25495268025 -7262.59357748694
704.3943507274266 30211.37039392743 -406.6822680081314
13920.68484091803 75421.31501038939 -8037.111140207969
11349.97599349847 75437.60380908436 -6552.911695142131
1478.601958172157 18067.91897141221 -853.6712385750023
3152.805883022845 23277.57948722717 -1820.273325265875
10865.74677421886 76256.59364463453 -6273.341825041567
647.8521553744372 6421.540409241839 -374.0376163005105
9248.020210665136 74522.98052567603 -5339.346958098616
8380.344341101425 74535.09076317768 -4838.394061236664
7374.04590874207 76311.59619879068 -4257.407390428892
6530.237493844992 76295.1414345371 -3770.234374943593
5307.352293868033 75452.51295114293 -3064.201275548886
4781.315150187034 76317.5217559797 -2760.49358904092
1510.878793799021 36034.05960627323 -872.3062783127614
3937.878407117335 76296.02975084474 -2273.535158385208
2732.069605308624 75458.12317788765 -1577.361122069728
2192.28182638912 76311.241037093 -1265.714502605283
7880.80335145332 75420.20640880868 -4549.983936392078
1498.733361801601 16437.48666794135 -865.2941098796272
1488.420772575517 11177.04547887107 -859.3401337139055
16627.39161177919 63677.94598393819 -9599.829022982041
1485.208420160474 9589.37613565744 -857.4854811823481
15953.98260471467 19765.39042247757 -9211.036151478622
15995.43881789503 13058.67087959284 -9234.970907317882
3309.89850963212 35263.88894834465 -1910.970795526445
1410.30627532366 54301.64584376423 -814.2407076979332
2023.61773474594 61663.85204319663 -1168.336243892469
15945.93792605759 26674.45559939926 -9206.391554090409
16643.2078286336 71777.34406889349 -9608.960520040493
15915.68958293388 5964.809041224645 -9188.927665045394
631.9309454713173 72786.2735885177 -364.8455014771197
15976.87626176403 38558.77855744546 -9224.253810538803
16638.03779378537 70570.35314508203 -9605.975599029151
16616.04646036591 7328.735559654851 -9593.278896759586
15983.45691361443 45461.58905518736 -9228.053151656075
1465.999917308737 4274.701166864205 -846.3954468901682
16639.61896248253 64834.27527554107 -9606.888487202088
15963.59959193307 52367.87113007098 -9216.588521637954
15965.85024448588 33553.66066018338 -9217.887936495174
1447.299354507343 2762.920239201905 -835.5986719227861
16731.96911667977 14329.90805629512 -9660.206873587567
16627.78029489216 32212.1529356134 -9600.053429281945
15974.48725760081 57347.88101191085 -9222.874518342074
15947.56249006937 24823.49802516562 -9207.329496559927
15961.16043337459 59235.39240243669 -9215.180272787624
15947.25133276133 40423.22662386006 -9207.149849804373
15922.26354173776 17944.47524873677 -9192.723141930461
15954.70632990242 50492.48863915682 -9211.453994410585
16748.62237703686 21247.79470416306 -9669.821637937619
15896.9401747171 11066.78622791257 -9178.102689164294
16751.40970582439 4430.717364744694 -9671.430902963419
613.7016871547223 31939.9969885594 -354.3208342809064
2046.774487481928 42989.72416870367 -1181.705801318149
15899.39851762223 9614.741721420731 -9179.522014102333
15937.10797978966 43638.67464122719 -9201.29358223569
15972.00728375682 66106.94537554384 -9221.442704775664
16757.81716179803 28184.83575871582 -9675.130249394619
15937.08688258416 47271.94644879051 -9201.281401758419
15895.07131137163 16472.85922587347 -9177.023700408708
15924.00304701813 36761.83895441482 -9193.727445772336
16769.11768913977 2470.673802810189 -9681.654611897358
15943.1059884844 69310.10196308927 -9204.756534170203
15930.35670854323 29897.07914993809 -9197.395733964193
15913.59469204914 35344.3590347272 -9187.71817922917
15919.7605872338 23030.5997131196 -9191.278060473827
16772.47540813558 42003.56843590358 -9683.593191863456
15960.25458452156 62428.63219977444 -9214.657280708478
16780.24785573747 53860.68890118146 -9688.080616578667
640.6528000227537 33308.12763912613 -369.8810665502243
16783.66886340939 48919.34129558465 -9690.055736278951
15982.98500177169 72991.02033731918 -9227.780693226634
16784.50740169011 55837.22794341701 -9690.539866581052
535.6820913654088 23224.33374630013 -309.2761996498805
632.7520183877004 71428.49746388447 -365.3195481464178
1412.121519312764 41765.72842996653 -815.2887393036876
16772.71512542073 60789.93169389722 -9683.731592702565
2103.929032746089 53056.47161732709 -1214.703993411823
1262.63498620381 63267.7870521961 -728.9826491730088
1243.38754244531 51360.87310117492 -717.8701323378272
1252.735831771861 58320.08468012546 -723.2673696969733
1241.59198178349 65249.19903330824 -716.8334649063789
1248.726336437946 46427.5313972336 -720.9524864866231
16684.83825433463 730.9206574734209 -9632.99585752546
620.5131815436281 76368.72327696389 -358.2534523999248
16684.83825433117 76354.10199000149 -9632.995857523469
635.6698213580383 730.9206574760449 -367.0041424767847
1247.269995269232 70242.25966003539 -720.1116675208343
15933.71999894939 67904.57767291348 -9199.33753058555
1248.47721697136 44472.12845039141 -720.8086572955292
15929.37365754321 74782.45398247924 -9196.828169204706
524.2650233334106 35094.32449945412 -302.68455234825
1227.975489717858 39508.64757107176 -708.9719795468676
1211.854387842799 25656.40208169211 -699.6644570396694
1219.868304401348 20691.30687308862 -704.2912939220108
1304.786232843612 56444.11845057071 -753.3186827671772
1230.211734968178 27671.54659133678 -710.263076344114
1294.633235419899 60179.31085576273 -747.4568469715148
1185.645229797897 13884.56939508737 -684.5325925872115
1171.692735254019 6857.71911439638 -676.4771161064369
1231.055553716425 11980.12319952989 -710.7502553255619
1235.560520723151 18871.24366960595 -713.3511992395853
1301.533337613449 49561.67286924546 -751.4406228303968
1254.028230345219 37641.83245985086 -724.0135363612022
1232.196732887013 8777.102295571352 -711.4091154268945
1304.937025796192 67033.33458230968 -753.4057431189409
1234.529246117575 15692.85024976216 -712.7557925684473
1212.564520675087 5037.06491610842 -700.0744524215509
2095.555928910305 36229.09571724023 -1209.869779658281
1302.385483785918 75315.14993457891 -751.932609652461
1310.640104178762 73921.59536549494 -756.6984169583271
2108.629417472205 24248.36357341992 -1217.417761798741
2733.121416067173 34012.9145063457 -1577.968385294313
1324.807572250752 68442.8905270456 -764.878008463426
1257.972382601914 30774.82621691156 -726.2906937283296
1326.559462712086 61505.4686384716 -765.8894628928682
16212.40375585682 13874.10764043295 -9360.235672654833
1307.464795092978 48206.95071889085 -754.8651514028899
1301.896214585115 55113.1804159036 -751.6501299476711
$EndNodes
$Elements
9 3898 1 3898
0 0 15 1
1 1 
0 1 15 1
2 2 
0 2 15 1
3 3 
0 3 15 1
4 4 
1 0 1 78
5 1 5 
6 5 6 
7 6 7 
8 7 8 
9 8 9 
10 9 10 
11 10 11 
12 11 12 
13 12 13 
14 13 14 
15 14 15 
16 15 16 
17 16 17 
18 17 18 
19 18 19 
20 19 20 
21 20 21 
22 21 22 
23 22 23 
24 23 24 
25 24 25 
26 25 26 
27 26 27 
28 27 28 
29 28 29 
30 29 30 
31 30 31 
32 31 32 
33 32 33 
34 33 34 
35 34 35 
36 35 36 
37 36 37 
38 37 38 
39 38 39 
40 39 40 
41 40 41 
42 41 42 
43 42 43 
44 43 44 
45 44 45 
46 45 46 
47 46 47 
48 47 48 
49 48 49 
50 49 50 
51 50 51 
52 51 52 
53 52 53 
54 53 54 
55 54 55 
56 55 56 
57 56 57 
58 57 58 
59 58 59 
60 59 60 
61 60 61 
62 61 62 
63 62 63 
64 63 64 
65 64 65 
66 65 66 
67 66 67 
68 67 68 
69 68 69 
70 69 70 
71 70 71 
72 71 72 
73 72 73 
74 73 74 
75 74 75 
76 75 76 
77 76 77 
78 77 78 
79 78 79 
80 79 80 
81 80 81 
82 81 2 
1 1 1 20
83 2 82 
84 82 83 
85 83 84 
86 84 85 
87 85 86 
88 86 87 
89 87 88 
90 88 89 
91 89 90 
92 90 91 
93 91 92 
94 92 93 
95 93 94 
96 94 95 
97 95 96 
98 96 97 
99 97 98 
100 98 99 
101 99 100 
102 100 3 
1 2 1 78
103 3 101 
104 101 102 
105 102 103 
106 103 104 
107 104 105 
108 105 106 
109 106 107 
110 107 108 
111 108 109 
112 109 110 
113 110 111 
114 111 112 
115 112 113 
116 113 114 
117 114 115 
118 115 116 
119 116 117 
120 117 118 
121 118 119 
122 119 120 
123 120 121 
124 121 122 
125 122 123 
126 123 124 
127 124 125 
128 125 126 
129 126 127 
130 127 128 
131 128 129 
132 129 130 
133 130 131 
134 131 132 
135 132 133 
136 133 134 
137 134 135 
138 135 136 
139 136 137 
140 137 138 
141 138 139 
142 139 140 
143 140 141 
144 141 142 
145 142 143 
146 143 144 
147 144 145 
148 145 146 
149 146 147 
150 147 148 
151 148 149 
152 149 150 
153 150 151 
154 151 152 
155 152 153 
156 153 154 
157 154 155 
158 155 156 
159 156 157 
160 157 158 
161 158 159 
162 159 160 
163 160 161 
164 161 162 
165 162 163 
166 163 164 
167 164 165 
168 165 166 
169 166 167 
170 167 168 
171 168 169 
172 169 170 
173 170 171 
174 171 172 
175 172 173 
176 173 174 
177 174 175 
178 175 176 
179 176 177 
180 177 4 
1 3 1 20
181 4 178 
182 178 179 
183 179 180 
184 180 181 
185 181 182 
186 182 183 
187 183 184 
188 184 185 
189 185 186 
190 186 187 
191 187 188 
192 188 189 
193 189 190 
194 190 191 
195 191 192 
196 192 193 
197 193 194 
198 194 195 
199 195 196 
200 196 1 
2 1 2 3698
201 273 977 1813 
202 1483 232 1803 
203 208 1395 1397 
204 232 1483 1889 
205 33 34 1569 
206 1577 256 1578 
207 230 1390 1622 
208 1390 230 1895 
209 1580 1579 1593 
210 895 222 1815 
211 977 273 1870 
212 208 1397 1879 
213 1609 1599 1807 
214 271 1472 1690 
215 1396 1615 1768 
216 1599 1609 1905 
217 1575 256 1577 
218 893 272 1734 
219 1431 1436 1437 
220 1366 252 1618 
221 222 895 1884 
222 1400 270 1619 
223 235 1373 1818 
224 1380 209 1381 
225 1433 266 1434 
226 1580 1593 1855 
227 1435 1561 1835 
228 237 172 942 
229 1635 1422 1849 
230 272 893 1920 
231 236 33 1569 
232 270 1400 1918 
233 1436 1435 1835 
234 217 1358 1612 
235 1432 266 1433 
236 1373 235 1893 
237 1184 1185 1628 
238 1320 250 1321 
239 252 1366 1894 
240 262 1386 1630 
241 237 1463 1864 
242 1422 1635 1834 
243 1472 271 1880 
244 1406 1638 1850 
245 1638 1406 1852 
246 198 1338 1607 
247 1611 1342 1636 
248 209 1380 1887 
249 258 1354 1634 
250 1184 1628 1908 
251 1436 594 1437 
252 1316 1314 1605 
253 199 1326 1608 
254 1859 106 1863 
255 1615 1481 1768 
256 1370 213 1872 
257 233 1296 1851 
258 249 1310 1606 
259 1549 1550 1642 
260 113 1851 1867 
261 1358 217 1890 
262 250 1320 1898 
263 1303 200 1304 
264 973 1735 1866 
265 1569 34 1831 
266 172 173 942 
267 926 77 1861 
268 1431 1433 1436 
269 146 1818 1872 
270 1141 1859 1863 
271 77 926 1904 
272 1332 1330 1637 
273 1348 204 1349 
274 1293 197 1867 
275 1615 1396 1853 
276 1521 1625 1856 
277 1463 896 1864 
278 223 1142 1863 
279 1140 238 1859 
280 1549 1642 1919 
281 237 942 1860 
282 202 1635 1849 
283 245 949 1159 
284 949 864 1159 
285 1851 1295 1867 
286 1296 233 1897 
287 1815 170 1864 
288 1607 1338 1888 
289 1316 1605 1902 
290 1342 1611 1885 
291 1386 262 1874 
292 1735 973 1870 
293 240 1846 1847 
294 1846 897 1847 
295 1463 237 1860 
296 919 241 920 
297 1346 257 1348 
298 977 277 1813 
299 1170 269 1805 
300 1372 1370 1872 
301 229 1842 1843 
302 176 177 1787 
303 1592 203 1822 
304 1842 880 1843 
305 1634 1354 1876 
306 920 241 921 
307 1332 251 1333 
308 1625 1521 1907 
309 1434 205 1819 
310 1480 1620 1889 
311 200 1303 1906 
312 1818 1372 1872 
313 205 1434 1903 
314 1824 1812 1920 
315 1638 201 1850 
316 1784 1398 1895 
317 226 1833 1836 
318 278 279 1786 
319 1833 949 1836 
320 238 1140 1901 
321 1326 199 1878 
322 1142 223 1892 
323 213 1370 1869 
324 1577 1578 1579 
325 896 895 1815 
326 197 1293 1886 
327 37 1574 1882 
328 264 1638 1852 
329 1574 37 1899 
330 276 1812 1824 
331 1484 1483 1803 
332 1578 203 1844 
333 203 1592 1844 
334 1735 239 1866 
335 886 1707 1884 
336 896 1815 1864 
337 279 922 1786 
338 1433 1434 1435 
339 1332 1637 1900 
340 269 1170 1943 
341 839 842 970 
342 755 758 1795 
343 1629 1543 1809 
344 842 969 970 
345 279 281 922 
346 841 972 973 
347 747 750 1755 
348 233 115 1307 
349 1630 1386 1858 
350 1397 1398 1784 
351 204 1348 1896 
352 1617 1598 1905 
353 1606 1310 1875 
354 750 981 1755 
355 1635 263 1834 
356 281 812 922 
357 751 754 1774 
358 1532 1626 1806 
359 1380 1378 1621 
360 1373 1372 1818 
361 841 970 972 
362 1316 216 1317 
363 969 842 971 
364 303 306 1781 
365 1623 253 1797 
366 1354 258 1862 
367 1310 249 1873 
368 841 839 970 
369 754 947 1774 
370 299 301 935 
371 900 440 902 
372 316 317 931 
373 293 295 937 
374 306 308 933 
375 453 913 1149 
376 1743 1660 1937 
377 1620 232 1889 
378 1660 976 1937 
379 1395 208 1853 
380 906 312 950 
381 316 931 1752 
382 312 313 950 
383 320 927 928 
384 320 321 927 
385 914 464 1149 
386 812 918 920 
387 1295 1293 1867 
388 1707 886 1880 
389 837 657 974 
390 464 914 916 
391 871 1136 1653 
392 913 914 1149 
393 328 908 939 
394 306 933 1781 
395 1608 1326 1868 
396 332 909 940 
397 115 116 1307 
398 219 1178 1802 
399 911 336 943 
400 336 911 941 
401 817 819 1491 
402 336 337 943 
403 812 920 922 
404 283 285 956 
405 244 1155 1861 
406 230 1784 1895 
407 1643 820 1705 
408 1276 746 1799 
409 566 1580 1855 
410 317 320 931 
411 1621 1378 1893 
412 320 928 931 
413 231 1498 1794 
414 321 324 927 
415 950 316 1752 
416 324 898 927 
417 218 1609 1807 
418 898 324 939 
419 912 944 945 
420 908 328 940 
421 1626 1532 1932 
422 308 312 933 
423 909 332 941 
424 312 906 933 
425 301 440 935 
426 313 316 950 
427 1317 216 1320 
428 825 923 1153 
429 440 900 935 
430 337 340 943 
431 236 1569 1826 
432 990 310 1124 
433 923 246 1153 
434 994 314 1125 
435 275 278 1786 
436 300 304 1135 
437 998 318 1126 
438 304 962 1135 
439 1787 177 1913 
440 1843 880 1845 
441 1155 244 1940 
442 1002 322 1127 
443 1006 326 1128 
444 295 446 937 
445 987 990 1124 
446 1152 824 1153 
447 446 910 937 
448 880 932 1845 
449 1010 330 1129 
450 991 994 1125 
451 1014 334 1130 
452 340 341 1792 
453 1296 1295 1851 
454 995 998 1126 
455 1018 338 1133 
456 824 1152 1759 
457 999 1002 1127 
458 1022 342 1137 
459 1003 1006 1128 
460 758 1136 1795 
461 1026 346 1143 
462 1181 1183 1184 
463 1007 1010 1129 
464 746 747 1755 
465 1030 350 1145 
466 1786 921 1787 
467 866 1643 1777 
468 1011 1014 1130 
469 908 868 939 
470 1034 354 1148 
471 495 498 1182 
472 1015 1018 1133 
473 294 438 1466 
474 1759 1152 1791 
475 1038 358 1150 
476 1019 1022 1137 
477 824 825 1153 
478 1529 1530 1645 
479 438 936 1466 
480 940 909 1691 
481 1023 1026 1143 
482 1042 362 1156 
483 1598 1599 1905 
484 1027 1030 1145 
485 1046 366 1166 
486 1031 1034 1148 
487 1362 1610 1894 
488 918 812 956 
489 1035 1038 1150 
490 911 870 941 
491 1050 370 1401 
492 912 943 944 
493 1039 1042 1156 
494 464 916 956 
495 884 1703 1918 
496 1054 374 1441 
497 1043 1046 1166 
498 1047 1050 1401 
499 1058 378 1468 
500 1051 1054 1441 
501 963 983 1793 
502 1055 1058 1468 
503 1062 382 1489 
504 1059 1062 1489 
505 910 446 1643 
506 1063 1066 1581 
507 1066 386 1581 
508 1067 1070 1685 
509 842 837 974 
510 494 495 1182 
511 1070 390 1685 
512 1071 1074 1699 
513 1142 1141 1863 
514 1075 1078 1713 
515 1074 394 1699 
516 293 937 1770 
517 1079 1082 1724 
518 913 453 1491 
519 1078 398 1713 
520 1083 1086 1731 
521 750 751 1774 
522 1087 1090 1737 
523 1082 402 1724 
524 981 750 1774 
525 1091 1094 1740 
526 1086 406 1731 
527 1840 881 1841 
528 1180 494 1182 
529 872 1146 1789 
530 1136 758 1653 
531 1095 1098 1747 
532 1090 410 1737 
533 871 912 1136 
534 248 1189 1782 
535 1181 1182 1183 
536 221 934 1189 
537 881 938 1841 
538 285 464 956 
539 1094 414 1740 
540 812 283 956 
541 844 840 975 
542 920 921 922 
543 868 898 939 
544 934 221 1736 
545 494 1180 1186 
546 419 418 1753 
547 908 940 1691 
548 867 817 1491 
549 246 923 1154 
550 1560 205 1823 
551 819 913 1491 
552 1098 418 1747 
553 870 909 941 
554 935 866 1777 
555 1275 352 1461 
556 352 1275 1462 
557 910 1643 1705 
558 866 820 1643 
559 418 1098 1753 
560 440 303 1781 
561 1840 215 1848 
562 1271 356 1460 
563 974 1759 1791 
564 356 1271 1461 
565 1577 1579 1580 
566 974 657 1759 
567 423 422 1757 
568 1176 489 1186 
569 309 983 985 
570 310 990 1125 
571 203 1578 1921 
572 309 985 1124 
573 1267 360 1459 
574 314 994 1126 
575 360 1267 1460 
576 318 998 1127 
577 221 1154 1736 
578 322 1002 1128 
579 1263 364 1458 
580 302 300 1135 
581 364 1263 1459 
582 326 1006 1129 
583 962 304 1146 
584 330 1010 1130 
585 422 1102 1757 
586 1259 368 1457 
587 299 935 1777 
588 334 1014 1133 
589 1141 1140 1859 
590 368 1259 1458 
591 427 426 1761 
592 746 1755 1799 
593 754 755 1795 
594 338 1018 1137 
595 1690 1472 1854 
596 985 987 1124 
597 1255 372 1456 
598 742 743 1276 
599 342 1022 1143 
600 1273 742 1276 
601 990 991 1125 
602 1189 934 1782 
603 372 1255 1457 
604 1158 1159 1838 
605 1269 738 1277 
606 994 995 1126 
607 902 440 1781 
608 1182 498 1183 
609 346 1026 1145 
610 1348 257 1896 
611 1265 734 1278 
612 1251 376 1455 
613 998 999 1127 
614 953 1760 1769 
615 867 1491 1770 
616 1261 730 1279 
617 350 1030 1148 
618 1002 1003 1128 
619 1433 1435 1436 
620 376 1251 1456 
621 841 973 975 
622 1257 726 1280 
623 1163 876 1754 
624 1006 1007 1129 
625 937 867 1770 
626 354 1034 1150 
627 1253 722 1281 
628 1158 1838 1839 
629 1247 380 1454 
630 1010 1011 1130 
631 489 1176 1187 
632 1249 718 1282 
633 844 975 976 
634 1014 1015 1133 
635 358 1038 1156 
636 380 1247 1455 
637 1829 879 1830 
638 426 1106 1761 
639 1245 714 1283 
640 536 533 1664 
641 532 529 1661 
642 540 537 1668 
643 1829 242 1832 
644 1623 1797 1925 
645 528 525 1657 
646 1064 1061 1672 
647 1076 528 1657 
648 1072 532 1661 
649 524 521 1647 
650 1060 1057 1675 
651 1068 536 1664 
652 1080 524 1647 
653 1064 540 1668 
654 1018 1019 1137 
655 1056 1053 1677 
656 540 1064 1672 
657 544 1060 1675 
658 1084 520 1523 
659 1052 1049 1679 
660 1241 710 1284 
661 431 430 1763 
662 548 1056 1677 
663 1048 1045 1678 
664 552 1052 1679 
665 520 517 1523 
666 296 294 1466 
667 362 1042 1166 
668 1044 1041 1676 
669 556 1048 1678 
670 1088 516 1510 
671 1022 1023 1143 
672 1580 566 1942 
673 1243 384 1453 
674 944 340 1792 
675 560 1044 1676 
676 1040 1037 1674 
677 1237 706 1285 
678 564 1040 1674 
679 1036 1033 1671 
680 516 513 1510 
681 1092 512 1504 
682 568 1036 1671 
683 840 841 975 
684 1026 1027 1145 
685 738 739 1277 
686 1032 1029 1665 
687 1233 702 1286 
688 572 1032 1665 
689 384 1243 1454 
690 366 1046 1401 
691 734 735 1278 
692 1028 1025 1662 
693 576 1028 1662 
694 1030 1031 1148 
695 730 731 1279 
696 1229 698 1287 
697 512 509 1504 
698 1024 1021 1658 
699 580 1024 1658 
700 726 727 1280 
701 1034 1035 1150 
702 584 1020 1652 
703 1225 694 1288 
704 325 328 939 
705 1020 1017 1652 
706 370 1050 1441 
707 1239 388 1452 
708 324 325 939 
709 722 723 1281 
710 1100 1097 1502 
711 1038 1039 1156 
712 718 719 1282 
713 943 340 944 
714 588 1016 1648 
715 1221 690 1402 
716 714 715 1283 
717 329 332 940 
718 1016 1013 1648 
719 328 329 940 
720 388 1239 1453 
721 504 1100 1502 
722 333 336 941 
723 1042 1043 1166 
724 332 333 941 
725 710 711 1284 
726 374 1054 1468 
727 1620 1480 1877 
728 879 951 1830 
729 592 1012 1522 
730 706 707 1285 
731 1217 686 1464 
732 1046 1047 1401 
733 702 703 1286 
734 1012 1009 1522 
735 698 699 1287 
736 1050 1051 1441 
737 1235 392 1451 
738 694 695 1288 
739 596 1008 1511 
740 378 1058 1489 
741 874 952 1772 
742 1177 1176 1186 
743 690 691 1402 
744 1104 1101 1667 
745 1213 682 1469 
746 686 687 1464 
747 1054 1055 1468 
748 682 683 1469 
749 1008 1005 1511 
750 392 1235 1452 
751 678 679 1509 
752 1058 1059 1489 
753 602 1004 1508 
754 193 243 978 
755 382 1062 1581 
756 500 1104 1667 
757 187 188 1154 
758 430 1110 1763 
759 1062 1063 1581 
760 1703 270 1918 
761 1108 1105 1710 
762 1209 678 1509 
763 1004 1001 1508 
764 1231 396 1450 
765 386 1066 1685 
766 606 1000 1507 
767 1066 1067 1685 
768 1112 1109 1730 
769 971 842 974 
770 1543 1629 1947 
771 678 1209 1684 
772 396 1231 1451 
773 1172 484 1187 
774 1070 1071 1699 
775 1120 1113 1739 
776 390 1070 1699 
777 1209 1206 1684 
778 1000 997 1507 
779 496 1108 1710 
780 1074 1075 1713 
781 610 996 1506 
782 394 1074 1713 
783 1227 400 1449 
784 434 1114 1116 
785 1078 1079 1724 
786 400 1227 1450 
787 398 1078 1724 
788 983 309 1793 
789 1082 1083 1731 
790 996 993 1506 
791 491 1112 1730 
792 936 438 1760 
793 402 1082 1731 
794 1154 923 1736 
795 674 1205 1697 
796 1086 1087 1737 
797 1223 404 1448 
798 1205 1202 1697 
799 618 615 1505 
800 404 1223 1449 
801 1397 1393 1398 
802 988 618 1505 
803 1180 1177 1186 
804 406 1086 1737 
805 486 1120 1739 
806 1090 1091 1740 
807 434 1116 1121 
808 952 455 1772 
809 266 1432 1828 
810 798 1389 1391 
811 410 1090 1740 
812 1388 760 1474 
813 1760 438 1769 
814 1179 1181 1788 
815 764 761 1488 
816 743 746 1276 
817 1219 408 1447 
818 1272 1275 1461 
819 408 1219 1448 
820 1384 756 1473 
821 969 971 978 
822 1094 1095 1747 
823 742 1273 1277 
824 756 753 1473 
825 760 757 1474 
826 738 1269 1278 
827 752 1440 1651 
828 349 352 1462 
829 348 349 1462 
830 1268 1271 1460 
831 752 749 1440 
832 191 192 1773 
833 1271 1272 1461 
834 622 619 1673 
835 670 1201 1701 
836 734 1265 1279 
837 1201 1198 1701 
838 1376 748 1486 
839 414 1094 1747 
840 748 745 1486 
841 439 436 1756 
842 1264 1267 1459 
843 730 1261 1280 
844 1267 1268 1460 
845 353 356 1461 
846 352 353 1461 
847 744 1467 1650 
848 984 659 986 
849 744 741 1467 
850 1164 831 1742 
851 228 1164 1742 
852 726 1257 1281 
853 794 766 1392 
854 412 1215 1447 
855 1260 1263 1458 
856 1215 412 1446 
857 722 1253 1282 
858 1263 1264 1459 
859 1613 268 1788 
860 736 1364 1503 
861 1146 304 1789 
862 357 360 1460 
863 356 357 1460 
864 1364 1365 1503 
865 718 1249 1283 
866 1256 1259 1457 
867 1360 1361 1513 
868 732 1360 1513 
869 945 944 946 
870 1360 732 1646 
871 1259 1260 1458 
872 732 729 1646 
873 422 419 1753 
874 1173 1172 1187 
875 714 1245 1284 
876 361 364 1459 
877 360 361 1459 
878 1252 1255 1456 
879 728 725 1663 
880 1356 728 1663 
881 291 293 1770 
882 484 1172 1188 
883 710 1241 1285 
884 1255 1256 1457 
885 724 721 1683 
886 1352 724 1683 
887 365 368 1458 
888 364 365 1458 
889 706 1237 1286 
890 1248 1251 1455 
891 666 1197 1708 
892 1344 1345 1602 
893 1251 1252 1456 
894 1197 1194 1708 
895 739 742 1277 
896 702 1233 1287 
897 1211 416 1445 
898 716 1344 1602 
899 416 1211 1446 
900 716 713 1696 
901 369 372 1457 
902 735 738 1278 
903 368 369 1457 
904 626 624 1134 
905 1244 1247 1454 
906 490 494 1186 
907 798 1391 1392 
908 1344 716 1696 
909 731 734 1279 
910 1393 1392 1398 
911 712 709 1702 
912 489 490 1186 
913 698 1229 1288 
914 1707 222 1884 
915 1247 1248 1455 
916 727 730 1280 
917 708 705 1709 
918 723 726 1281 
919 1340 712 1702 
920 373 376 1456 
921 372 373 1456 
922 1240 1243 1453 
923 694 1225 1402 
924 964 961 1475 
925 719 722 1282 
926 715 718 1283 
927 1243 1244 1454 
928 1336 708 1709 
929 426 423 1757 
930 1176 1173 1187 
931 521 520 1647 
932 243 969 978 
933 525 524 1657 
934 529 528 1661 
935 711 714 1284 
936 533 532 1664 
937 537 536 1668 
938 524 1080 1657 
939 528 1076 1661 
940 1061 1060 1672 
941 520 1084 1647 
942 532 1072 1664 
943 516 1088 1523 
944 536 1068 1668 
945 1057 1056 1675 
946 690 1221 1464 
947 517 516 1523 
948 1053 1052 1677 
949 512 1092 1510 
950 1328 1329 1582 
951 1060 544 1672 
952 700 697 1715 
953 377 380 1455 
954 376 377 1455 
955 1049 1048 1679 
956 1236 1239 1452 
957 1056 548 1675 
958 707 710 1285 
959 1184 1183 1185 
960 1045 1044 1678 
961 1052 552 1677 
962 700 1328 1582 
963 513 512 1510 
964 1041 1040 1676 
965 1048 556 1679 
966 1044 560 1678 
967 1037 1036 1674 
968 703 706 1286 
969 1520 1521 1856 
970 1040 564 1676 
971 1096 508 1502 
972 1033 1032 1671 
973 508 1096 1504 
974 1239 1240 1453 
975 188 246 1154 
976 1036 568 1674 
977 1029 1028 1665 
978 912 945 1136 
979 509 508 1504 
980 696 693 1719 
981 1032 572 1671 
982 699 702 1287 
983 1025 1024 1662 
984 1028 576 1665 
985 686 1217 1469 
986 221 187 1154 
987 1097 1096 1502 
988 1021 1020 1658 
989 695 698 1288 
990 1024 580 1662 
991 381 384 1454 
992 380 381 1454 
993 1328 700 1715 
994 1232 1235 1451 
995 1164 1163 1754 
996 1017 1016 1652 
997 1020 584 1658 
998 801 954 1160 
999 691 694 1402 
1000 1100 504 1667 
1001 1016 588 1652 
1002 1102 422 1753 
1003 1235 1236 1452 
1004 1013 1012 1648 
1005 687 690 1464 
1006 1012 592 1648 
1007 954 801 1670 
1008 1526 688 1727 
1009 1324 696 1719 
1010 1009 1008 1522 
1011 1008 596 1522 
1012 683 686 1469 
1013 385 388 1453 
1014 384 385 1453 
1015 766 798 1392 
1016 682 1213 1509 
1017 1228 1231 1450 
1018 436 1121 1756 
1019 1004 602 1511 
1020 1005 1004 1511 
1021 1101 1100 1667 
1022 679 682 1509 
1023 1231 1232 1451 
1024 1839 861 1848 
1025 1000 606 1508 
1026 192 193 978 
1027 1207 420 1444 
1028 1001 1000 1508 
1029 389 392 1452 
1030 388 389 1452 
1031 1318 1526 1727 
1032 996 610 1507 
1033 1312 1313 1524 
1034 1104 500 1710 
1035 430 427 1761 
1036 436 433 1121 
1037 1224 1227 1449 
1038 684 1312 1524 
1039 614 992 1505 
1040 684 681 1722 
1041 1227 1228 1450 
1042 493 955 1167 
1043 498 499 1779 
1044 997 996 1507 
1045 794 1392 1393 
1046 420 1207 1445 
1047 992 614 1506 
1048 393 396 1451 
1049 392 393 1451 
1050 1105 1104 1710 
1051 433 434 1121 
1052 1163 248 1782 
1053 1206 1205 1684 
1054 615 614 1505 
1055 993 992 1506 
1056 1223 1224 1449 
1057 1312 684 1722 
1058 1220 1223 1448 
1059 485 489 1187 
1060 397 400 1450 
1061 396 397 1450 
1062 1636 1342 1865 
1063 680 677 1720 
1064 659 984 1134 
1065 484 485 1187 
1066 925 858 1168 
1067 1108 496 1730 
1068 1109 1108 1730 
1069 1389 798 1488 
1070 618 988 1673 
1071 760 1388 1488 
1072 1205 674 1684 
1073 756 1384 1474 
1074 1219 1220 1448 
1075 401 404 1449 
1076 400 401 1449 
1077 955 493 1168 
1078 1106 426 1757 
1079 753 752 1473 
1080 960 643 1746 
1081 1308 680 1720 
1082 1473 752 1651 
1083 749 748 1440 
1084 761 760 1488 
1085 798 764 1488 
1086 629 631 1711 
1087 1202 1201 1697 
1088 1113 1112 1739 
1089 1216 1219 1447 
1090 748 1376 1440 
1091 757 756 1474 
1092 624 659 1134 
1093 745 744 1486 
1094 404 405 1448 
1095 434 431 1763 
1096 405 408 1448 
1097 1486 744 1650 
1098 455 952 1771 
1099 635 1131 1132 
1100 619 618 1673 
1101 1112 491 1739 
1102 608 609 1420 
1103 608 1420 1421 
1104 600 1428 1429 
1105 741 740 1467 
1106 600 601 1428 
1107 1215 1216 1447 
1108 659 622 1673 
1109 740 1368 1467 
1110 1368 740 1503 
1111 408 409 1447 
1112 192 978 1773 
1113 409 412 1447 
1114 826 1193 1686 
1115 1364 736 1513 
1116 1365 1368 1503 
1117 986 659 1673 
1118 1418 612 1438 
1119 412 413 1446 
1120 182 228 957 
1121 341 344 1792 
1122 1201 670 1697 
1123 1361 1364 1513 
1124 1160 850 1741 
1125 1748 488 1751 
1126 957 228 1742 
1127 1198 1197 1701 
1128 608 1421 1424 
1129 600 1429 1437 
1130 1203 424 1443 
1131 413 416 1446 
1132 729 728 1646 
1133 1299 1300 1512 
1134 604 1424 1425 
1135 916 918 956 
1136 892 873 1659 
1137 1183 498 1779 
1138 728 1356 1646 
1139 1212 1215 1446 
1140 725 724 1663 
1141 972 968 977 
1142 858 955 1168 
1143 616 1412 1413 
1144 1538 1767 1768 
1145 1211 1212 1446 
1146 672 1299 1512 
1147 616 617 1412 
1148 416 417 1445 
1149 724 1352 1663 
1150 1416 1641 1936 
1151 1120 486 1748 
1152 721 720 1683 
1153 1764 474 1780 
1154 1169 1168 1188 
1155 1683 720 1692 
1156 720 1602 1692 
1157 1134 964 1475 
1158 424 1203 1444 
1159 1185 1183 1779 
1160 493 482 1188 
1161 609 612 1420 
1162 1116 1118 1121 
1163 1110 430 1761 
1164 251 1332 1900 
1165 1602 1345 1692 
1166 1659 873 1716 
1167 626 1134 1475 
1168 601 604 1428 
1169 713 712 1696 
1170 1142 885 1439 
1171 617 620 1412 
1172 612 1418 1420 
1173 801 1160 1741 
1174 1120 1748 1751 
1175 620 1408 1409 
1176 616 1413 1438 
1177 604 1425 1428 
1178 709 708 1702 
1179 278 247 279 
1180 961 960 1475 
1181 1197 666 1701 
1182 712 1340 1696 
1183 967 277 977 
1184 417 420 1445 
1185 620 1409 1412 
1186 1194 1193 1708 
1187 925 1168 1169 
1188 705 704 1709 
1189 288 455 1771 
1190 620 621 1408 
1191 1172 1169 1188 
1192 1709 704 1712 
1193 704 1582 1712 
1194 708 1336 1702 
1195 1167 955 1465 
1196 958 643 960 
1197 488 1122 1751 
1198 1132 1716 1765 
1199 1168 493 1188 
1200 1299 672 1706 
1201 621 644 1408 
1202 953 954 1760 
1203 594 595 1437 
1204 181 182 957 
1205 420 421 1444 
1206 604 605 1424 
1207 697 696 1715 
1208 968 967 977 
1209 1582 1329 1712 
1210 99 276 965 
1211 195 277 967 
1212 1208 1211 1445 
1213 693 692 1719 
1214 876 874 1772 
1215 1131 635 1728 
1216 672 669 1706 
1217 836 1131 1728 
1218 692 1526 1723 
1219 1207 1208 1445 
1220 1719 692 1723 
1221 696 1324 1715 
1222 644 1405 1408 
1223 644 1404 1405 
1224 180 247 278 
1225 832 1776 1778 
1226 688 1524 1727 
1227 482 484 1188 
1228 1475 960 1746 
1229 638 629 1711 
1230 1579 1578 1844 
1231 635 1132 1711 
1232 1643 446 1777 
1233 444 439 1756 
1234 595 600 1437 
1235 612 613 1438 
1236 605 608 1424 
1237 1526 1318 1723 
1238 1114 434 1763 
1239 421 424 1444 
1240 681 680 1722 
1241 1524 1313 1727 
1242 844 976 1659 
1243 1193 826 1708 
1244 1165 1439 1682 
1245 677 676 1720 
1246 1122 488 1764 
1247 631 635 1711 
1248 428 1199 1443 
1249 952 953 1771 
1250 833 1404 1725 
1251 424 425 1443 
1252 945 946 947 
1253 1199 428 1442 
1254 318 315 1126 
1255 322 319 1127 
1256 1193 1192 1686 
1257 1204 1207 1444 
1258 319 318 1127 
1259 680 1308 1722 
1260 315 314 1126 
1261 326 323 1128 
1262 613 616 1438 
1263 314 311 1125 
1264 594 1436 1835 
1265 676 1512 1714 
1266 323 322 1128 
1267 1439 885 1682 
1268 311 310 1125 
1269 1716 873 1765 
1270 1203 1204 1444 
1271 831 1164 1754 
1272 330 327 1129 
1273 327 326 1129 
1274 654 648 1138 
1275 654 1138 1139 
1276 310 307 1124 
1277 947 754 1795 
1278 634 632 1403 
1279 1827 859 1832 
1280 1404 644 1725 
1281 307 309 1124 
1282 334 331 1130 
1283 1392 1391 1398 
1284 331 330 1130 
1285 243 967 968 
1286 676 1714 1720 
1287 643 958 1403 
1288 970 968 972 
1289 338 335 1133 
1290 335 334 1133 
1291 1138 883 1140 
1292 242 965 966 
1293 1270 1269 1277 
1294 1273 1270 1277 
1295 857 926 1155 
1296 342 339 1137 
1297 339 338 1137 
1298 289 453 1149 
1299 1131 843 1132 
1300 1266 1265 1278 
1301 1269 1266 1278 
1302 227 191 1773 
1303 275 179 278 
1304 1413 1415 1438 
1305 1415 1418 1438 
1306 1421 1423 1424 
1307 1429 1431 1437 
1308 1262 1261 1279 
1309 1265 1262 1279 
1310 178 179 275 
1311 474 471 1147 
1312 346 343 1143 
1313 343 342 1143 
1314 1162 1163 1164 
1315 425 428 1443 
1316 1512 1300 1714 
1317 82 83 274 
1318 1258 1257 1280 
1319 1261 1258 1280 
1320 99 100 276 
1321 195 196 277 
1322 1758 1185 1779 
1323 838 843 1131 
1324 481 1167 1465 
1325 228 1162 1164 
1326 246 1151 1153 
1327 1135 963 1793 
1328 452 461 1191 
1329 453 291 1770 
1330 1254 1253 1281 
1331 1257 1254 1281 
1332 1686 1191 1704 
1333 1123 444 1756 
1334 350 347 1145 
1335 242 98 965 
1336 243 194 967 
1337 347 346 1145 
1338 830 959 1146 
1339 794 1393 1394 
1340 954 875 1160 
1341 1424 1423 1425 
1342 1151 1152 1153 
1343 1250 1249 1282 
1344 1253 1250 1282 
1345 876 1163 1782 
1346 826 1686 1704 
1347 215 1157 1158 
1348 959 962 1146 
1349 808 857 1155 
1350 1200 1203 1443 
1351 460 1165 1682 
1352 279 247 280 
1353 354 351 1148 
1354 351 350 1148 
1355 654 1139 1439 
1356 1249 1246 1283 
1357 1246 1245 1283 
1358 479 493 1167 
1359 969 968 970 
1360 925 1169 1170 
1361 1199 1200 1443 
1362 1139 1142 1439 
1363 632 643 1403 
1364 281 283 812 
1365 875 852 1160 
1366 246 189 1151 
1367 1245 1242 1284 
1368 1242 1241 1284 
1369 827 653 1465 
1370 955 827 1465 
1371 460 454 1165 
1372 358 355 1150 
1373 355 354 1150 
1374 639 634 1403 
1375 655 813 883 
1376 215 91 1157 
1377 838 839 840 
1378 668 1399 1669 
1379 669 668 1706 
1380 843 844 1716 
1381 919 917 942 
1382 477 479 1167 
1383 1241 1238 1285 
1384 279 280 281 
1385 1238 1237 1285 
1386 645 1487 1745 
1387 449 452 1191 
1388 228 183 1162 
1389 287 289 1149 
1390 648 655 1138 
1391 836 838 1131 
1392 1487 877 1745 
1393 806 653 808 
1394 1144 784 1695 
1395 838 840 843 
1396 843 840 844 
1397 441 1192 1193 
1398 441 437 1192 
1399 362 359 1156 
1400 359 358 1156 
1401 1237 1234 1286 
1402 1234 1233 1286 
1403 247 181 957 
1404 1195 1196 1442 
1405 464 287 1149 
1406 808 653 827 
1407 471 469 1147 
1408 1693 1289 1695 
1409 655 883 1138 
1410 883 813 893 
1411 1196 1199 1442 
1412 1139 1140 1141 
1413 441 1194 1195 
1414 1190 449 1191 
1415 180 181 247 
1416 1162 248 1163 
1417 97 98 242 
1418 193 194 243 
1419 1157 245 1159 
1420 642 836 1728 
1421 1151 227 1152 
1422 802 1290 1291 
1423 1195 1194 1196 
1424 186 221 1189 
1425 1139 1138 1140 
1426 836 837 838 
1427 808 827 857 
1428 459 457 1161 
1429 1233 1230 1287 
1430 1230 1229 1287 
1431 98 99 965 
1432 194 195 967 
1433 872 830 1146 
1434 366 363 1166 
1435 363 362 1166 
1436 952 875 953 
1437 802 661 1290 
1438 784 1693 1695 
1439 874 852 875 
1440 285 287 464 
1441 668 665 1399 
1442 857 858 924 
1443 1229 1226 1288 
1444 887 808 1155 
1445 1767 1396 1768 
1446 1226 1225 1288 
1447 840 839 841 
1448 84 85 240 
1449 784 1144 1700 
1450 473 471 474 
1451 473 474 475 
1452 477 475 478 
1453 852 850 1160 
1454 1404 891 1405 
1455 445 449 1190 
1456 1158 1157 1159 
1457 454 462 1165 
1458 857 924 926 
1459 874 875 952 
1460 829 828 830 
1461 652 599 653 
1462 830 958 959 
1463 1466 872 1789 
1464 835 891 1404 
1465 289 291 453 
1466 243 968 969 
1467 370 367 1401 
1468 367 366 1401 
1469 857 827 858 
1470 800 639 828 
1471 892 1659 1660 
1472 179 180 278 
1473 462 648 654 
1474 477 478 479 
1475 190 227 1151 
1476 628 833 1725 
1477 283 284 285 
1478 285 286 287 
1479 599 481 1465 
1480 287 288 289 
1481 1225 1222 1402 
1482 1222 1221 1402 
1483 844 1659 1716 
1484 1289 788 1688 
1485 435 441 1195 
1486 472 471 473 
1487 92 245 1157 
1488 773 772 1538 
1489 289 290 291 
1490 481 477 1167 
1491 87 88 229 
1492 1470 1471 1472 
1493 437 442 1192 
1494 1139 1141 1142 
1495 467 459 1161 
1496 461 460 646 
1497 850 848 1741 
1498 94 95 226 
1499 441 1193 1194 
1500 802 1292 1399 
1501 462 654 1165 
1502 190 191 227 
1503 479 480 482 
1504 469 832 1147 
1505 449 450 452 
1506 1122 1117 1751 
1507 1517 1519 1520 
1508 442 1190 1192 
1509 184 248 1162 
1510 800 828 829 
1511 953 875 954 
1512 452 454 460 
1513 918 917 919 
1514 476 475 477 
1515 281 282 283 
1516 947 946 948 
1517 482 483 484 
1518 1290 882 1400 
1519 1196 1194 1197 
1520 469 467 832 
1521 806 808 887 
1522 959 960 961 
1523 1191 461 1704 
1524 291 292 293 
1525 653 599 1465 
1526 1610 1362 1890 
1527 479 478 480 
1528 959 958 960 
1529 287 286 288 
1530 829 830 872 
1531 647 646 660 
1532 445 448 449 
1533 289 288 290 
1534 830 828 958 
1535 92 93 245 
1536 291 290 292 
1537 374 371 1441 
1538 371 370 1441 
1539 1471 790 1525 
1540 833 835 1404 
1541 1192 1190 1686 
1542 838 837 839 
1543 660 811 882 
1544 1170 1169 1171 
1545 1122 1764 1780 
1546 833 834 835 
1547 248 185 1189 
1548 1405 891 1406 
1549 835 865 890 
1550 1482 776 1538 
1551 924 858 925 
1552 428 429 1442 
1553 182 183 228 
1554 482 480 483 
1555 1165 654 1439 
1556 1291 1290 1400 
1557 822 895 896 
1558 285 284 286 
1559 188 189 246 
1560 895 818 1485 
1561 1221 1218 1464 
1562 1218 1217 1464 
1563 452 460 461 
1564 90 91 215 
1565 642 657 836 
1566 452 450 454 
1567 470 469 471 
1568 461 646 647 
1569 776 773 1538 
1570 442 445 1190 
1571 835 890 891 
1572 668 1669 1706 
1573 293 294 295 
1574 1470 790 1471 
1575 963 964 983 
1576 822 818 895 
1577 962 961 963 
1578 789 792 1688 
1579 800 829 1670 
1580 628 638 833 
1581 429 432 1442 
1582 184 185 248 
1583 449 448 450 
1584 829 936 1670 
1585 435 437 441 
1586 293 292 294 
1587 802 1291 1292 
1588 1425 1423 1426 
1589 1517 1518 1519 
1590 1196 1197 1198 
1591 983 964 984 
1592 479 482 493 
1593 915 823 1463 
1594 1501 1515 1516 
1595 295 296 297 
1596 1292 1291 1293 
1597 611 610 1506 
1598 882 811 884 
1599 953 1769 1771 
1600 660 646 811 
1601 959 961 962 
1602 661 660 1290 
1603 1659 976 1660 
1604 652 653 806 
1605 485 487 489 
1606 295 294 296 
1607 1394 1393 1395 
1608 484 483 485 
1609 507 510 1656 
1610 514 515 1518 
1611 1479 797 1537 
1612 832 467 1161 
1613 663 661 802 
1614 1500 510 1514 
1615 665 663 1399 
1616 432 1195 1442 
1617 791 790 1470 
1618 614 611 1506 
1619 1405 1406 1407 
1620 297 298 299 
1621 186 187 221 
1622 490 492 494 
1623 835 834 865 
1624 432 435 1195 
1625 378 375 1468 
1626 963 961 964 
1627 916 915 917 
1628 1161 457 1732 
1629 375 374 1468 
1630 983 984 985 
1631 1501 1514 1515 
1632 1490 1471 1525 
1633 297 296 298 
1634 1200 1198 1201 
1635 776 1482 1537 
1636 476 477 481 
1637 878 1470 1472 
1638 283 282 284 
1639 1200 1201 1202 
1640 295 297 446 
1641 853 852 874 
1642 660 882 1290 
1643 1501 1500 1514 
1644 663 802 1399 
1645 489 487 490 
1646 647 660 661 
1647 1171 1173 1174 
1648 667 665 668 
1649 1175 1177 1178 
1650 495 497 498 
1651 299 298 300 
1652 189 190 1151 
1653 671 669 672 
1654 1204 1205 1206 
1655 851 850 852 
1656 91 92 1157 
1657 515 518 1518 
1658 183 184 1162 
1659 510 1500 1656 
1660 809 795 878 
1661 795 791 1470 
1662 299 300 301 
1663 1204 1202 1205 
1664 962 963 1135 
1665 985 984 986 
1666 607 606 1507 
1667 1384 1385 1474 
1668 878 795 1470 
1669 1217 1214 1469 
1670 1214 1213 1469 
1671 1385 1388 1474 
1672 833 638 834 
1673 494 492 495 
1674 1174 1173 1175 
1675 468 467 469 
1676 498 497 499 
1677 1534 1521 1680 
1678 301 302 303 
1679 1199 1198 1200 
1680 1492 506 1493 
1681 1207 1206 1208 
1682 1203 1202 1204 
1683 610 607 1507 
1684 301 300 302 
1685 788 789 1688 
1686 1388 1389 1488 
1687 303 305 306 
1688 503 506 1492 
1689 1178 1177 1179 
1690 303 302 305 
1691 988 986 1673 
1692 1476 1478 1483 
1693 667 668 669 
1694 809 886 1485 
1695 1208 1206 1209 
1696 640 639 800 
1697 1476 797 1478 
1698 301 303 440 
1699 1399 1292 1669 
1700 1482 1479 1537 
1701 1294 1293 1295 
1702 185 186 1189 
1703 849 848 850 
1704 671 672 673 
1705 281 280 282 
1706 1409 1407 1410 
1707 985 986 987 
1708 821 900 901 
1709 987 986 988 
1710 1208 1209 1210 
1711 809 878 886 
1712 499 501 502 
1713 490 491 492 
1714 782 797 1476 
1715 306 305 307 
1716 666 665 667 
1717 1521 1519 1680 
1718 1292 1293 1294 
1719 788 1289 1693 
1720 485 486 487 
1721 1093 1092 1504 
1722 502 501 503 
1723 502 503 1492 
1724 603 602 1508 
1725 670 669 671 
1726 499 500 501 
1727 675 673 676 
1728 306 307 308 
1729 901 902 903 
1730 382 379 1489 
1731 379 378 1489 
1732 495 496 497 
1733 1515 514 1518 
1734 901 903 1289 
1735 606 603 1508 
1736 675 676 677 
1737 1096 1093 1504 
1738 1576 1583 1649 
1739 1583 570 1649 
1740 1211 1210 1212 
1741 987 988 989 
1742 903 904 905 
1743 1477 1476 1483 
1744 664 663 665 
1745 308 307 310 
1746 506 507 1656 
1747 1520 1519 1521 
1748 503 505 506 
1749 786 782 1476 
1750 1208 1210 1211 
1751 1294 1297 1669 
1752 797 780 1537 
1753 1409 1410 1411 
1754 1294 1295 1296 
1755 1477 1483 1484 
1756 1204 1206 1207 
1757 828 639 1403 
1758 1408 1407 1409 
1759 674 673 675 
1760 901 900 902 
1761 1546 1548 1549 
1762 1292 1294 1669 
1763 1518 518 1519 
1764 503 504 505 
1765 948 946 979 
1766 936 872 1466 
1767 991 989 992 
1768 786 1476 1477 
1769 790 787 1525 
1770 308 310 311 
1771 1300 1298 1301 
1772 782 780 797 
1773 506 505 507 
1774 1494 1493 1495 
1775 1200 1202 1203 
1776 905 906 907 
1777 673 672 1512 
1778 1395 1393 1397 
1779 1089 1088 1510 
1780 1478 797 1479 
1781 1175 1176 1177 
1782 539 542 1547 
1783 1413 1411 1414 
1784 597 596 1511 
1785 1302 1301 1303 
1786 678 677 679 
1787 1425 1426 1427 
1788 473 475 476 
1789 903 902 904 
1790 676 673 1512 
1791 792 821 1688 
1792 1516 1515 1517 
1793 905 907 1144 
1794 1492 1493 1494 
1795 1179 1180 1181 
1796 1478 1479 1480 
1797 991 992 993 
1798 312 311 313 
1799 1196 1198 1199 
1800 836 657 837 
1801 1570 1571 1603 
1802 662 661 663 
1803 905 904 906 
1804 865 873 892 
1805 1303 1301 1307 
1806 995 993 996 
1807 1092 1089 1510 
1808 538 539 1547 
1809 1546 1547 1548 
1810 1495 1496 1498 
1811 602 597 1511 
1812 901 1289 1688 
1813 466 459 467 
1814 300 298 304 
1815 308 311 312 
1816 470 471 472 
1817 1212 1213 1214 
1818 740 737 1503 
1819 989 988 1505 
1820 737 736 1503 
1821 1171 1172 1173 
1822 574 1570 1603 
1823 480 478 488 
1824 503 501 504 
1825 679 677 680 
1826 1212 1214 1215 
1827 313 314 315 
1828 675 677 678 
1829 679 680 681 
1830 848 658 1718 
1831 1212 1210 1213 
1832 507 508 509 
1833 1495 1493 1496 
1834 655 807 813 
1835 1394 1395 1396 
1836 637 634 639 
1837 995 996 997 
1838 316 315 317 
1839 1494 1495 1497 
1840 992 989 1505 
1841 307 305 309 
1842 1514 514 1515 
1843 504 501 1667 
1844 1302 1303 1304 
1845 984 964 1134 
1846 313 311 314 
1847 1215 1214 1216 
1848 990 989 991 
1849 999 997 1000 
1850 313 315 316 
1851 1545 538 1547 
1852 1121 1118 1756 
1853 507 509 510 
1854 317 318 319 
1855 1300 1301 1302 
1856 1415 1414 1416 
1857 1405 1407 1408 
1858 510 509 511 
1859 682 681 683 
1860 317 315 318 
1861 1297 1296 1298 
1862 1309 1306 1310 
1863 825 658 848 
1864 507 505 508 
1865 518 519 1680 
1866 1547 542 1548 
1867 1413 1414 1415 
1868 632 630 643 
1869 683 681 684 
1870 320 319 321 
1871 679 681 682 
1872 587 590 1557 
1873 907 906 950 
1874 999 1000 1001 
1875 1003 1001 1004 
1876 321 322 323 
1877 683 684 685 
1878 1570 574 1604 
1879 538 1545 1551 
1880 511 514 1514 
1881 1480 1479 1481 
1882 819 818 822 
1883 994 993 995 
1884 321 319 322 
1885 570 1603 1649 
1886 1498 1496 1499 
1887 593 592 1522 
1888 499 497 500 
1889 317 319 320 
1890 511 512 513 
1891 1421 1419 1422 
1892 821 866 900 
1893 510 511 1514 
1894 324 323 325 
1895 1536 1540 1541 
1896 1003 1004 1005 
1897 1007 1005 1008 
1898 1289 903 1695 
1899 1309 1310 1311 
1900 1216 1218 1219 
1901 858 827 955 
1902 1557 590 1561 
1903 1085 1084 1523 
1904 325 323 326 
1905 325 326 327 
1906 511 509 512 
1907 781 780 782 
1908 1669 1297 1706 
1909 596 593 1522 
1910 514 513 515 
1911 511 513 514 
1912 328 327 329 
1913 329 330 331 
1914 686 685 687 
1915 1555 586 1556 
1916 998 997 999 
1917 948 979 980 
1918 1536 1539 1540 
1919 1011 1009 1012 
1920 1535 530 1539 
1921 1297 1299 1706 
1922 321 323 324 
1923 1007 1008 1009 
1924 527 530 1644 
1925 1556 1559 1562 
1926 1519 518 1680 
1927 1429 1427 1430 
1928 1216 1217 1218 
1929 1415 1416 1417 
1930 667 669 670 
1931 1299 1298 1300 
1932 1412 1411 1413 
1933 1219 1218 1220 
1934 736 733 1513 
1935 733 732 1513 
1936 671 673 674 
1937 332 331 333 
1938 583 586 1555 
1939 1600 1550 1654 
1940 1431 1430 1432 
1941 766 764 798 
1942 325 327 328 
1943 329 327 330 
1944 1088 1085 1523 
1945 1536 1535 1539 
1946 683 685 686 
1947 1015 1013 1016 
1948 1011 1012 1013 
1949 329 331 332 
1950 1550 1548 1654 
1951 687 688 689 
1952 687 685 688 
1953 1549 1548 1550 
1954 515 516 517 
1955 574 575 1604 
1956 1313 1311 1314 
1957 1553 1564 1565 
1958 333 334 335 
1959 1553 1552 1564 
1960 1002 1001 1003 
1961 1315 1314 1316 
1962 1603 1571 1649 
1963 336 335 337 
1964 515 513 516 
1965 1421 1422 1423 
1966 685 684 1524 
1967 1019 1017 1020 
1968 333 331 334 
1969 518 517 519 
1970 337 338 339 
1971 1015 1016 1017 
1972 1556 1558 1559 
1973 530 1535 1644 
1974 1210 1209 1509 
1975 1559 1558 1560 
1976 987 989 990 
1977 948 980 981 
1978 1555 1556 1562 
1979 1220 1222 1223 
1980 690 689 691 
1981 490 487 491 
1982 340 339 341 
1983 609 611 612 
1984 333 335 336 
1985 1527 526 1528 
1986 341 339 342 
1987 515 517 518 
1988 337 335 338 
1989 1542 1540 1551 
1990 1019 1020 1021 
1991 534 535 1551 
1992 767 766 794 
1993 341 342 343 
1994 783 782 786 
1995 1006 1005 1007 
1996 688 685 1524 
1997 691 692 693 
1998 1754 876 1772 
1999 687 689 690 
2000 664 665 666 
2001 1216 1214 1217 
2002 1023 1021 1024 
2003 1313 1314 1315 
2004 523 526 1527 
2005 1545 1542 1551 
2006 613 615 616 
2007 519 520 521 
2008 1429 1430 1431 
2009 1554 1562 1563 
2010 542 543 1654 
2011 519 517 520 
2012 765 764 766 
2013 1319 1317 1320 
2014 1308 1306 1309 
2015 337 339 340 
2016 344 343 345 
2017 1010 1009 1011 
2018 691 689 692 
2019 981 980 982 
2020 1223 1222 1224 
2021 1540 534 1551 
2022 1023 1024 1025 
2023 1527 1529 1534 
2024 1027 1025 1028 
2025 345 346 347 
2026 1548 542 1654 
2027 905 1144 1695 
2028 1190 1191 1686 
2029 694 693 695 
2030 535 538 1551 
2031 1315 1316 1317 
2032 691 693 694 
2033 522 523 1527 
2034 341 343 344 
2035 1220 1221 1222 
2036 1014 1013 1015 
2037 1567 1565 1569 
2038 689 688 1526 
2039 522 521 523 
2040 345 343 346 
2041 578 1552 1553 
2042 1018 1017 1019 
2043 586 587 1557 
2044 348 347 349 
2045 1517 1515 1518 
2046 1556 1557 1558 
2047 1031 1029 1032 
2048 1431 1432 1433 
2049 559 562 1589 
2050 1552 1554 1564 
2051 519 521 522 
2052 617 619 620 
2053 1027 1028 1029 
2054 454 456 462 
2055 1319 1320 1321 
2056 1566 1565 1567 
2057 1552 582 1554 
2058 526 527 1644 
2059 1224 1226 1227 
2060 349 350 351 
2061 605 607 608 
2062 1305 1304 1306 
2063 1541 1540 1542 
2064 1312 1311 1313 
2065 1389 1387 1390 
2066 352 351 353 
2067 1499 1500 1501 
2068 1553 1566 1604 
2069 692 689 1526 
2070 1529 1528 1530 
2071 871 911 912 
2072 345 347 348 
2073 349 351 352 
2074 695 696 697 
2075 523 524 525 
2076 495 492 496 
2077 579 582 1552 
2078 1031 1032 1033 
2079 349 347 350 
2080 695 693 696 
2081 575 578 1604 
2082 1022 1021 1023 
2083 1035 1033 1036 
2084 523 525 526 
2085 353 354 355 
2086 1379 1378 1380 
2087 1554 1555 1562 
2088 1527 1528 1529 
2089 523 521 524 
2090 1325 1323 1326 
2091 1553 1565 1566 
2092 1594 1591 1596 
2093 1589 562 1593 
2094 1599 1586 1601 
2095 522 1527 1534 
2096 353 351 354 
2097 771 769 772 
2098 1566 1570 1604 
2099 589 588 1648 
2100 1385 1383 1386 
2101 356 355 357 
2102 1588 1591 1594 
2103 526 525 527 
2104 1035 1036 1037 
2105 698 697 699 
2106 1039 1037 1040 
2107 699 697 700 
2108 1587 558 1588 
2109 1554 1563 1564 
2110 991 993 994 
2111 357 358 359 
2112 1539 534 1540 
2113 353 355 356 
2114 601 603 604 
2115 1571 1568 1572 
2116 546 1597 1600 
2117 1227 1226 1228 
2118 578 579 1552 
2119 846 870 871 
2120 360 359 361 
2121 1566 1567 1568 
2122 695 697 698 
2123 995 997 998 
2124 1026 1025 1027 
2125 699 700 701 
2126 357 355 358 
2127 1597 1598 1600 
2128 1586 1584 1601 
2129 555 558 1587 
2130 595 597 600 
2131 546 547 1597 
2132 1039 1040 1041 
2133 361 362 363 
2134 1043 1041 1044 
2135 1228 1230 1231 
2136 1325 1326 1327 
2137 1530 1528 1531 
2138 1030 1029 1031 
2139 361 359 362 
2140 357 359 360 
2141 1573 1572 1574 
2142 1530 1531 1532 
2143 1591 1590 1592 
2144 1588 1590 1591 
2145 531 534 1539 
2146 567 570 1583 
2147 591 593 594 
2148 1541 1542 1543 
2149 364 363 365 
2150 1587 1588 1594 
2151 1224 1225 1226 
2152 530 531 1539 
2153 530 529 531 
2154 759 757 760 
2155 365 366 367 
2156 1043 1044 1045 
2157 1047 1045 1048 
2158 583 585 586 
2159 1034 1033 1035 
2160 571 574 1603 
2161 527 529 530 
2162 361 363 364 
2163 527 528 529 
2164 1331 1330 1332 
2165 570 571 1603 
2166 368 367 369 
2167 1371 1370 1372 
2168 703 704 705 
2169 365 363 366 
2170 1585 1594 1595 
2171 1220 1218 1221 
2172 701 700 1582 
2173 1377 1375 1378 
2174 1595 1594 1596 
2175 1329 1327 1330 
2176 755 753 756 
2177 703 701 704 
2178 702 701 703 
2179 704 701 1582 
2180 1047 1048 1049 
2181 365 367 368 
2182 369 370 371 
2183 1038 1037 1039 
2184 846 871 1653 
2185 1051 1049 1052 
2186 587 589 590 
2187 1571 1572 1573 
2188 1379 1380 1381 
2189 1231 1230 1232 
2190 566 567 1583 
2191 527 525 528 
2192 1598 1586 1599 
2193 550 1584 1586 
2194 369 367 370 
2195 372 371 373 
2196 1573 1574 1575 
2197 579 581 582 
2198 505 504 1502 
2199 1369 1367 1370 
2200 373 374 375 
2201 1588 1589 1590 
2202 376 375 377 
2203 1331 1332 1333 
2204 1428 1427 1429 
2205 1365 1363 1366 
2206 1232 1234 1235 
2207 531 532 533 
2208 1051 1052 1053 
2209 373 375 376 
2210 1584 554 1585 
2211 1055 1053 1056 
2212 699 701 702 
2213 1042 1041 1043 
2214 369 371 372 
2215 1597 1586 1598 
2216 386 383 1581 
2217 547 550 1597 
2218 534 533 535 
2219 558 559 1589 
2220 531 533 534 
2221 551 554 1584 
2222 1532 1531 1533 
2223 1329 1330 1331 
2224 1337 1335 1338 
2225 531 529 532 
2226 1361 1359 1362 
2227 1318 1317 1319 
2228 377 378 379 
2229 373 371 374 
2230 1584 1585 1601 
2231 751 749 752 
2232 763 761 764 
2233 707 705 708 
2234 1083 1085 1086 
2235 383 382 1581 
2236 720 717 1602 
2237 1556 586 1557 
2238 377 375 378 
2239 575 577 578 
2240 1347 1346 1348 
2241 1046 1045 1047 
2242 1389 1390 1391 
2243 1055 1056 1057 
2244 1324 1323 1325 
2245 1543 1542 1544 
2246 535 537 538 
2247 380 379 381 
2248 706 705 707 
2249 999 1001 1002 
2250 582 583 1555 
2251 1228 1229 1230 
2252 1079 1081 1082 
2253 765 766 767 
2254 1585 1587 1594 
2255 717 716 1602 
2256 707 708 709 
2257 550 551 1584 
2258 381 382 383 
2259 743 741 744 
2260 567 569 570 
2261 703 705 706 
2262 1019 1021 1022 
2263 1357 1355 1358 
2264 381 379 382 
2265 711 709 712 
2266 1059 1057 1060 
2267 1345 1343 1346 
2268 1353 1351 1354 
2269 377 379 380 
2270 1050 1049 1051 
2271 1585 1595 1601 
2272 384 383 385 
2273 538 537 539 
2274 1322 1321 1323 
2275 385 386 387 
2276 1054 1053 1055 
2277 1371 1372 1373 
2278 571 573 574 
2279 550 1586 1597 
2280 485 483 486 
2281 1235 1234 1236 
2282 385 387 388 
2283 381 383 384 
2284 1341 1339 1342 
2285 388 387 389 
2286 385 383 386 
2287 539 541 542 
2288 1075 1077 1078 
2289 1059 1060 1061 
2290 1337 1338 1339 
2291 715 713 716 
2292 389 390 391 
2293 1058 1057 1059 
2294 535 536 537 
2295 711 712 713 
2296 1377 1378 1379 
2297 392 391 393 
2298 389 387 390 
2299 535 533 536 
2300 551 553 554 
2301 543 545 546 
2302 727 725 728 
2303 393 394 395 
2304 1236 1238 1239 
2305 1328 1327 1329 
2306 547 549 550 
2307 719 717 720 
2308 723 721 724 
2309 739 737 740 
2310 563 565 566 
2311 1232 1233 1234 
2312 393 391 394 
2313 396 395 397 
2314 592 589 1648 
2315 1063 1061 1064 
2316 397 398 399 
2317 389 391 392 
2318 747 745 748 
2319 1015 1017 1018 
2320 1369 1370 1371 
2321 393 395 396 
2322 1071 1073 1074 
2323 542 541 543 
2324 1062 1061 1063 
2325 735 733 736 
2326 400 399 401 
2327 1588 558 1589 
2328 397 395 398 
2329 1347 1348 1349 
2330 1341 1342 1343 
2331 1003 1005 1006 
2332 555 557 558 
2333 1274 1273 1276 
2334 397 399 400 
2335 731 729 732 
2336 559 561 562 
2337 1011 1013 1014 
2338 1345 1346 1347 
2339 404 403 405 
2340 401 402 403 
2341 578 1553 1604 
2342 554 555 1587 
2343 401 403 404 
2344 401 399 402 
2345 1063 1064 1065 
2346 1031 1033 1034 
2347 710 709 711 
2348 1067 1069 1070 
2349 1066 1065 1067 
2350 1087 1089 1090 
2351 715 716 717 
2352 1365 1366 1367 
2353 1353 1354 1355 
2354 405 403 406 
2355 1357 1358 1359 
2356 1023 1025 1026 
2357 1035 1037 1038 
2358 1570 1568 1571 
2359 546 545 547 
2360 707 709 710 
2361 1055 1057 1058 
2362 1590 1589 1593 
2363 1063 1065 1066 
2364 1059 1061 1062 
2365 1039 1041 1042 
2366 1236 1237 1238 
2367 1070 1069 1071 
2368 1043 1045 1046 
2369 1533 1535 1536 
2370 1047 1049 1050 
2371 719 720 721 
2372 1051 1053 1054 
2373 1007 1009 1010 
2374 1239 1238 1240 
2375 550 549 551 
2376 1361 1362 1363 
2377 1558 1557 1561 
2378 1027 1029 1030 
2379 1067 1065 1068 
2380 1334 1333 1335 
2381 1585 554 1587 
2382 200 118 1606 
2383 131 198 1607 
2384 126 199 1608 
2385 124 125 250 
2386 119 120 249 
2387 218 45 1609 
2388 129 130 251 
2389 130 131 1607 
2390 118 119 1606 
2391 139 140 1612 
2392 258 139 1612 
2393 125 126 1608 
2394 114 115 233 
2395 142 252 1610 
2396 251 130 1607 
2397 250 125 1608 
2398 119 249 1606 
2399 44 45 218 
2400 140 141 217 
2401 46 47 260 
2402 140 217 1612 
2403 142 143 252 
2404 48 211 1616 
2405 159 255 1614 
2406 164 165 214 
2407 144 213 1618 
2408 161 232 1620 
2409 61 62 1623 
2410 136 137 204 
2411 40 41 203 
2412 56 57 234 
2413 159 160 255 
2414 157 158 208 
2415 217 141 1610 
2416 58 261 1624 
2417 152 153 262 
2418 134 135 257 
2419 62 253 1623 
2420 147 148 235 
2421 46 260 1609 
2422 45 46 1609 
2423 60 207 1631 
2424 49 50 1632 
2425 209 151 1630 
2426 154 155 230 
2427 58 59 261 
2428 50 254 1632 
2429 141 142 1610 
2430 21 22 1635 
2431 38 39 256 
2432 53 54 212 
2433 202 21 1635 
2434 263 23 1633 
2435 260 47 1616 
2436 252 143 1618 
2437 59 60 1631 
2438 158 159 1614 
2439 47 48 1616 
2440 57 58 1624 
2441 143 144 1618 
2442 208 158 1614 
2443 160 161 1620 
2444 138 258 1634 
2445 161 162 232 
2446 255 160 1620 
2447 154 230 1622 
2448 262 153 1622 
2449 22 263 1635 
2450 48 49 211 
2451 150 151 209 
2452 151 152 1630 
2453 144 145 213 
2454 22 23 263 
2455 64 65 231 
2456 24 220 1633 
2457 234 57 1624 
2458 211 49 1632 
2459 137 138 1634 
2460 207 61 1623 
2461 261 59 1631 
2462 23 24 1633 
2463 24 25 220 
2464 60 61 207 
2465 67 68 210 
2466 152 262 1630 
2467 122 123 216 
2468 26 27 266 
2469 42 43 259 
2470 138 139 258 
2471 204 137 1634 
2472 35 36 206 
2473 31 32 1639 
2474 32 33 236 
2475 30 31 265 
2476 28 29 205 
2477 15 16 201 
2478 16 17 1640 
2479 17 18 267 
2480 32 236 1639 
2481 265 31 1639 
2482 20 21 202 
2483 62 63 253 
2484 117 118 200 
2485 126 127 199 
2486 50 51 254 
2487 131 132 198 
2488 111 112 197 
2489 201 16 1640 
2490 17 267 1640 
2491 153 154 1622 
2492 1554 582 1555 
2493 539 540 541 
2494 723 724 725 
2495 1074 1073 1075 
2496 1336 1335 1337 
2497 539 537 540 
2498 1256 1254 1257 
2499 1544 1545 1546 
2500 1240 1242 1243 
2501 1248 1246 1249 
2502 554 553 555 
2503 1067 1068 1069 
2504 1260 1258 1261 
2505 1268 1266 1269 
2506 1240 1241 1242 
2507 1224 1222 1225 
2508 1244 1242 1245 
2509 912 911 943 
2510 132 133 1636 
2511 198 132 1636 
2512 1264 1262 1265 
2513 1252 1250 1253 
2514 714 713 715 
2515 1236 1234 1237 
2516 1240 1238 1241 
2517 558 557 559 
2518 1340 1339 1341 
2519 562 561 563 
2520 1078 1077 1079 
2521 1385 1386 1387 
2522 727 728 729 
2523 1576 1575 1577 
2524 1244 1245 1246 
2525 711 713 714 
2526 53 212 1629 
2527 52 53 1629 
2528 570 569 571 
2529 1420 1419 1421 
2530 134 257 1611 
2531 133 134 1611 
2532 1344 1343 1345 
2533 1243 1242 1244 
2534 1232 1230 1233 
2535 1272 1270 1273 
2536 543 544 545 
2537 731 732 733 
2538 735 736 737 
2539 1228 1226 1229 
2540 1325 1327 1328 
2541 543 541 544 
2542 1331 1333 1334 
2543 1418 1417 1419 
2544 1248 1249 1250 
2545 574 573 575 
2546 133 1611 1636 
2547 1244 1246 1247 
2548 1544 1542 1545 
2549 1350 1349 1351 
2550 718 717 719 
2551 743 744 745 
2552 54 55 1626 
2553 212 54 1626 
2554 715 717 718 
2555 1071 1069 1072 
2556 566 565 567 
2557 1252 1253 1254 
2558 1247 1246 1248 
2559 1341 1343 1344 
2560 1082 1081 1083 
2561 127 128 1637 
2562 199 127 1637 
2563 1071 1072 1073 
2564 1352 1351 1353 
2565 547 548 549 
2566 1337 1339 1340 
2567 578 577 579 
2568 1616 211 1642 
2569 260 1616 1617 
2570 547 545 548 
2571 1256 1257 1258 
2572 739 740 741 
2573 1528 526 1644 
2574 148 149 1621 
2575 235 148 1621 
2576 722 721 723 
2577 1533 1531 1535 
2578 1546 1545 1547 
2579 1425 1427 1428 
2580 1248 1250 1251 
2581 751 752 753 
2582 719 721 722 
2583 1356 1355 1357 
2584 1309 1311 1312 
2585 1334 1335 1336 
2586 747 748 749 
2587 551 552 553 
2588 1347 1349 1350 
2589 1260 1261 1262 
2590 1251 1250 1252 
2591 1573 1575 1576 
2592 551 549 552 
2593 1360 1359 1361 
2594 726 725 727 
2595 586 585 587 
2596 1264 1265 1266 
2597 723 725 726 
2598 1319 1321 1322 
2599 871 870 911 
2600 1353 1355 1356 
2601 1350 1351 1352 
2602 582 581 583 
2603 759 760 761 
2604 1252 1254 1255 
2605 1255 1254 1256 
2606 590 589 591 
2607 555 556 557 
2608 1075 1073 1076 
2609 409 407 410 
2610 594 593 595 
2611 1075 1076 1077 
2612 1364 1363 1365 
2613 1617 1616 1642 
2614 1566 1568 1570 
2615 555 553 556 
2616 1368 1367 1369 
2617 1268 1269 1270 
2618 730 729 731 
2619 1357 1359 1360 
2620 1256 1258 1259 
2621 755 756 757 
2622 1259 1258 1260 
2623 559 560 561 
2624 727 729 730 
2625 559 557 560 
2626 600 597 601 
2627 543 546 1654 
2628 1322 1323 1324 
2629 1315 1317 1318 
2630 734 733 735 
2631 763 764 765 
2632 604 603 605 
2633 731 733 734 
2634 563 561 564 
2635 563 564 565 
2636 1260 1262 1263 
2637 1263 1262 1264 
2638 1361 1363 1364 
2639 1272 1273 1274 
2640 1374 1373 1375 
2641 735 737 738 
2642 234 1624 1645 
2643 738 737 739 
2644 1365 1367 1368 
2645 775 773 776 
2646 1079 1077 1080 
2647 1086 1085 1087 
2648 1264 1266 1267 
2649 1267 1266 1268 
2650 1079 1080 1081 
2651 1382 1381 1383 
2652 567 568 569 
2653 1356 1357 1646 
2654 1376 1375 1377 
2655 1493 506 1656 
2656 567 565 568 
2657 1371 1373 1374 
2658 405 407 408 
2659 742 741 743 
2660 1531 1528 1644 
2661 413 411 414 
2662 445 447 448 
2663 405 406 407 
2664 120 121 1605 
2665 249 120 1605 
2666 1368 1369 1467 
2667 571 572 573 
2668 612 611 613 
2669 739 741 742 
2670 1268 1270 1271 
2671 1624 261 1625 
2672 408 407 409 
2673 796 795 809 
2674 1271 1270 1272 
2675 1535 1531 1644 
2676 571 569 572 
2677 608 607 609 
2678 1571 1573 1649 
2679 1357 1360 1646 
2680 746 745 747 
2681 1384 1383 1385 
2682 575 573 576 
2683 743 745 746 
2684 575 576 577 
2685 1272 1274 1275 
2686 1374 1376 1486 
2687 771 772 773 
2688 1369 1371 1650 
2689 1481 1479 1482 
2690 1379 1381 1382 
2691 1213 1210 1509 
2692 747 749 750 
2693 750 749 751 
2694 1083 1081 1084 
2695 1573 1576 1649 
2696 1374 1375 1376 
2697 1477 1484 1490 
2698 1179 1177 1180 
2699 1376 1377 1440 
2700 579 580 581 
2701 1499 1496 1500 
2702 1302 1304 1305 
2703 579 577 580 
2704 674 675 1684 
2705 1083 1084 1085 
2706 1467 1369 1650 
2707 1388 1387 1389 
2708 754 753 755 
2709 1081 1080 1647 
2710 1377 1379 1651 
2711 1624 1625 1645 
2712 409 411 412 
2713 1090 1089 1091 
2714 751 753 754 
2715 546 1600 1654 
2716 1382 1383 1384 
2717 1371 1374 1650 
2718 1382 1384 1473 
2719 1409 1411 1412 
2720 19 20 1641 
2721 20 202 1641 
2722 508 505 1502 
2723 583 584 585 
2724 779 777 780 
2725 928 899 929 
2726 646 460 1682 
2727 412 411 413 
2728 846 847 870 
2729 810 809 1485 
2730 583 581 584 
2731 409 410 411 
2732 758 757 759 
2733 1440 1377 1651 
2734 1385 1387 1388 
2735 1091 1093 1094 
2736 1374 1486 1650 
2737 762 845 846 
2738 1080 1077 1657 
2739 587 588 589 
2740 818 810 1485 
2741 1084 1081 1647 
2742 755 757 758 
2743 793 791 795 
2744 1379 1382 1651 
2745 66 67 1627 
2746 67 210 1627 
2747 1294 1296 1297 
2748 587 585 588 
2749 768 767 769 
2750 762 761 763 
2751 1087 1085 1088 
2752 1076 1073 1661 
2753 591 592 593 
2754 780 777 1537 
2755 759 761 762 
2756 1077 1076 1657 
2757 662 663 664 
2758 591 589 592 
2759 1087 1088 1089 
2760 1352 1353 1663 
2761 1072 1069 1664 
2762 1415 1417 1418 
2763 1175 1173 1176 
2764 789 787 790 
2765 815 868 908 
2766 1068 1065 1668 
2767 1382 1473 1651 
2768 1171 1169 1172 
2769 1181 1180 1182 
2770 595 596 597 
2771 906 904 933 
2772 918 919 920 
2773 785 799 815 
2774 595 593 596 
2775 585 584 1652 
2776 544 541 1672 
2777 846 845 847 
2778 870 847 909 
2779 758 759 1653 
2780 598 481 599 
2781 1305 1306 1308 
2782 1614 255 1615 
2783 765 767 768 
2784 777 776 1537 
2785 548 545 1675 
2786 519 522 1680 
2787 768 770 785 
2788 616 615 617 
2789 762 763 845 
2790 581 580 1658 
2791 552 549 1677 
2792 763 765 1655 
2793 762 846 1653 
2794 770 769 771 
2795 1297 1298 1299 
2796 556 553 1679 
2797 1418 1419 1420 
2798 601 597 602 
2799 584 581 1658 
2800 829 872 936 
2801 1091 1089 1092 
2802 580 577 1662 
2803 560 557 1678 
2804 601 602 603 
2805 588 585 1652 
2806 576 573 1665 
2807 1073 1072 1661 
2808 564 561 1676 
2809 759 762 1653 
2810 568 565 1674 
2811 572 569 1671 
2812 792 820 821 
2813 670 671 1697 
2814 768 769 770 
2815 868 799 869 
2816 605 606 607 
2817 605 603 606 
2818 577 576 1662 
2819 785 770 799 
2820 815 799 868 
2821 1666 774 1687 
2822 500 497 1710 
2823 387 386 1685 
2824 822 896 1463 
2825 1069 1068 1664 
2826 771 773 774 
2827 1353 1356 1663 
2828 647 661 662 
2829 765 768 1655 
2830 898 869 899 
2831 779 780 781 
2832 501 500 1667 
2833 845 763 1655 
2834 775 776 777 
2835 868 869 898 
2836 573 572 1665 
2837 928 929 930 
2838 1065 1064 1668 
2839 817 810 818 
2840 624 622 659 
2841 869 1666 1687 
2842 786 1477 1525 
2843 768 785 1655 
2844 609 610 611 
2845 1115 1113 1120 
2846 569 568 1671 
2847 541 540 1672 
2848 1496 1493 1656 
2849 675 678 1684 
2850 645 804 1487 
2851 898 899 927 
2852 609 607 610 
2853 565 564 1674 
2854 545 544 1675 
2855 927 899 928 
2856 1091 1092 1093 
2857 958 828 1403 
2858 561 560 1676 
2859 549 548 1677 
2860 928 930 931 
2861 553 552 1679 
2862 557 556 1678 
2863 432 433 435 
2864 613 614 615 
2865 1500 1496 1656 
2866 620 619 621 
2867 929 899 1687 
2868 1345 1347 1692 
2869 1111 1109 1112 
2870 68 69 1613 
2871 210 68 1613 
2872 522 1534 1680 
2873 774 773 775 
2874 781 782 783 
2875 785 815 1681 
2876 613 611 614 
2877 779 781 784 
2878 816 867 910 
2879 845 1655 1681 
2880 770 771 1666 
2881 869 799 1666 
2882 775 777 778 
2883 110 111 1619 
2884 111 197 1619 
2885 468 469 470 
2886 900 866 935 
2887 14 15 1638 
2888 15 201 1638 
2889 914 823 915 
2890 435 436 437 
2891 771 774 1666 
2892 1477 1490 1525 
2893 783 786 787 
2894 1340 1341 1696 
2895 462 463 648 
2896 165 166 1690 
2897 214 165 1690 
2898 884 811 885 
2899 666 667 1701 
2900 437 439 442 
2901 799 770 1666 
2902 787 786 1525 
2903 815 908 1691 
2904 1350 1352 1683 
2905 442 443 445 
2906 1107 1105 1108 
2907 853 874 876 
2908 778 777 779 
2909 648 649 655 
2910 390 387 1685 
2911 1655 785 1681 
2912 847 845 1681 
2913 821 901 1688 
2914 391 390 1699 
2915 621 623 644 
2916 865 834 873 
2917 1095 1093 1096 
2918 789 790 791 
2919 1094 1093 1095 
2920 466 467 468 
2921 1627 210 1628 
2922 821 820 866 
2923 916 917 918 
2924 617 615 618 
2925 617 618 619 
2926 640 800 801 
2927 1336 1337 1702 
2928 1103 1101 1104 
2929 1350 1683 1692 
2930 413 414 415 
2931 413 415 416 
2932 1095 1097 1098 
2933 1681 815 1691 
2934 1099 1097 1100 
2935 1119 1117 1122 
2936 847 1681 1691 
2937 899 869 1687 
2938 473 476 1721 
2939 671 674 1697 
2940 851 852 853 
2941 1347 1350 1692 
2942 628 629 638 
2943 69 70 268 
2944 1095 1096 1097 
2945 909 847 1691 
2946 395 394 1713 
2947 294 292 438 
2948 1329 1331 1712 
2949 621 619 622 
2950 783 787 788 
2951 903 905 1695 
2952 637 639 640 
2953 954 1670 1760 
2954 433 431 434 
2955 109 110 270 
2956 429 431 432 
2957 13 14 264 
2958 631 633 635 
2959 425 427 428 
2960 1324 1325 1715 
2961 667 670 1701 
2962 288 286 455 
2963 784 781 1693 
2964 849 850 851 
2965 1341 1344 1696 
2966 421 423 424 
2967 796 809 810 
2968 166 167 271 
2969 788 787 789 
2970 793 795 796 
2971 429 427 430 
2972 779 784 1700 
2973 650 472 854 
2974 801 800 1670 
2975 1698 778 1717 
2976 1144 907 1750 
2977 417 415 418 
2978 1099 1100 1101 
2979 425 423 426 
2980 816 910 1705 
2981 421 419 422 
2982 1107 1108 1109 
2983 394 391 1699 
2984 1132 843 1716 
2985 1111 1112 1113 
2986 1103 1104 1105 
2987 1098 1097 1099 
2988 1300 1302 1714 
2989 1308 1309 1722 
2990 399 398 1724 
2991 1318 1319 1723 
2992 775 778 1698 
2993 496 492 1730 
2994 69 268 1613 
2995 781 783 1693 
2996 1099 1101 1102 
2997 417 419 420 
2998 1337 1340 1702 
2999 1313 1315 1727 
3000 825 848 849 
3001 823 822 1463 
3002 778 779 1700 
3003 664 666 1708 
3004 205 1560 1819 
3005 792 791 793 
3006 929 1698 1717 
3007 789 791 792 
3008 929 1687 1698 
3009 662 664 826 
3010 819 822 823 
3011 817 818 819 
3012 625 627 628 
3013 458 465 645 
3014 910 867 937 
3015 454 450 456 
3016 783 788 1693 
3017 270 110 1619 
3018 108 109 1703 
3019 12 13 1689 
3020 264 14 1638 
3021 621 622 623 
3022 461 647 1704 
3023 792 793 820 
3024 774 775 1698 
3025 1687 774 1698 
3026 1334 1336 1709 
3027 1103 1105 1106 
3028 1102 1101 1103 
3029 166 271 1690 
3030 167 168 1707 
3031 796 810 816 
3032 497 496 1710 
3033 403 402 1731 
3034 645 803 804 
3035 907 950 1752 
3036 623 622 624 
3037 794 1394 1744 
3038 71 72 219 
3039 971 974 1791 
3040 1334 1709 1712 
3041 416 415 417 
3042 1106 1105 1107 
3043 1750 907 1752 
3044 424 423 425 
3045 1107 1109 1110 
3046 914 915 916 
3047 428 427 429 
3048 432 431 433 
3049 651 599 652 
3050 811 646 1682 
3051 1110 1109 1111 
3052 816 810 817 
3053 398 395 1713 
3054 1331 1334 1712 
3055 429 430 431 
3056 425 426 427 
3057 421 422 423 
3058 420 419 421 
3059 930 929 1717 
3060 1111 1113 1114 
3061 1114 1113 1115 
3062 284 282 831 
3063 73 74 269 
3064 417 418 419 
3065 290 288 1771 
3066 107 108 223 
3067 1302 1305 1714 
3068 11 12 224 
3069 1325 1328 1715 
3070 407 406 1737 
3071 888 887 889 
3072 816 817 867 
3073 168 169 222 
3074 435 433 436 
3075 476 598 1721 
3076 826 664 1708 
3077 75 76 225 
3078 1114 1115 1116 
3079 647 662 1704 
3080 1322 1324 1719 
3081 626 1475 1746 
3082 636 641 642 
3083 642 656 657 
3084 491 487 1739 
3085 1305 1308 1720 
3086 437 436 439 
3087 1116 1115 1117 
3088 442 439 443 
3089 1738 451 1745 
3090 445 443 447 
3091 643 630 1746 
3092 820 793 1705 
3093 1309 1312 1722 
3094 1322 1719 1723 
3095 1319 1322 1723 
3096 793 796 1705 
3097 448 447 451 
3098 109 270 1703 
3099 402 399 1724 
3100 1116 1117 1118 
3101 472 473 1721 
3102 885 811 1682 
3103 13 264 1689 
3104 1315 1318 1727 
3105 476 481 598 
3106 644 623 1725 
3107 1714 1305 1720 
3108 819 823 913 
3109 625 624 626 
3110 271 167 1707 
3111 411 410 1740 
3112 778 1700 1717 
3113 1118 1119 1123 
3114 645 465 803 
3115 628 627 629 
3116 1118 1117 1119 
3117 796 816 1705 
3118 854 472 1721 
3119 629 627 630 
3120 635 633 1728 
3121 631 630 632 
3122 465 459 466 
3123 772 769 1744 
3124 470 472 650 
3125 662 826 1704 
3126 767 794 1744 
3127 881 855 938 
3128 443 439 444 
3129 623 624 625 
3130 286 284 1694 
3131 633 632 634 
3132 598 599 651 
3133 458 457 459 
3134 466 468 805 
3135 280 247 957 
3136 913 823 914 
3137 636 634 637 
3138 492 491 1730 
3139 104 105 238 
3140 625 628 1725 
3141 8 9 239 
3142 406 403 1731 
3143 863 803 864 
3144 462 456 463 
3145 171 172 237 
3146 824 658 825 
3147 629 630 631 
3148 458 459 465 
3149 656 641 658 
3150 223 108 1703 
3151 804 803 863 
3152 650 854 855 
3153 284 831 1694 
3154 224 12 1689 
3155 893 813 894 
3156 451 457 458 
3157 451 447 457 
3158 642 641 656 
3159 625 626 627 
3160 650 855 861 
3161 168 222 1707 
3162 637 640 1718 
3163 825 849 923 
3164 1118 1123 1756 
3165 450 448 1738 
3166 863 864 949 
3167 631 632 633 
3168 174 175 241 
3169 480 488 1748 
3170 633 634 636 
3171 851 853 934 
3172 636 642 1728 
3173 448 451 1738 
3174 648 463 649 
3175 486 483 1748 
3176 455 286 1694 
3177 839 837 842 
3178 410 407 1737 
3179 806 887 888 
3180 656 658 824 
3181 636 637 641 
3182 655 649 807 
3183 880 814 932 
3184 468 470 1726 
3185 932 814 1733 
3186 103 104 1734 
3187 7 8 1735 
3188 832 1161 1776 
3189 1776 1123 1778 
3190 861 855 881 
3191 456 450 1738 
3192 415 414 1747 
3193 879 860 951 
3194 458 645 1745 
3195 877 1738 1745 
3196 623 625 1725 
3197 980 979 1790 
3198 627 626 1746 
3199 859 856 860 
3200 651 814 862 
3201 463 456 877 
3202 9 10 1743 
3203 466 805 1729 
3204 465 466 1729 
3205 470 650 1726 
3206 414 411 1740 
3207 487 486 1739 
3208 805 468 1726 
3209 651 652 814 
3210 658 641 1718 
3211 641 637 1718 
3212 640 801 1741 
3213 650 861 1726 
3214 848 1718 1741 
3215 807 649 856 
3216 282 280 1742 
3217 475 474 1764 
3218 78 79 244 
3219 807 856 859 
3220 443 444 1732 
3221 849 851 1736 
3222 102 103 272 
3223 6 7 273 
3224 864 803 1729 
3225 859 860 879 
3226 803 465 1729 
3227 1538 772 1767 
3228 633 636 1728 
3229 502 1492 1758 
3230 447 443 1732 
3231 457 447 1732 
3232 769 767 1744 
3233 877 456 1738 
3234 831 282 1742 
3235 862 814 880 
3236 1718 640 1741 
3237 1099 1102 1753 
3238 652 806 1733 
3239 888 889 897 
3240 923 849 1736 
3241 239 9 1743 
3242 1117 1115 1751 
3243 851 934 1736 
3244 488 478 1764 
3245 1482 1538 1768 
3246 1596 259 1801 
3247 444 1123 1776 
3248 1417 1416 1936 
3249 1721 598 1749 
3250 499 502 1779 
3251 630 627 1746 
3252 1632 254 1785 
3253 1700 1144 1750 
3254 1103 1106 1757 
3255 104 238 1734 
3256 8 239 1735 
3257 483 480 1748 
3258 1717 1700 1750 
3259 598 651 1749 
3260 418 415 1747 
3261 1711 1132 1765 
3262 451 458 1745 
3263 834 638 1765 
3264 1107 1110 1761 
3265 292 290 1769 
3266 280 957 1742 
3267 806 888 1733 
3268 1670 936 1760 
3269 814 652 1733 
3270 1111 1114 1763 
3271 657 656 1759 
3272 854 1749 1762 
3273 930 1750 1752 
3274 638 1711 1765 
3275 854 1721 1749 
3276 1115 1120 1751 
3277 930 1717 1750 
3278 931 930 1752 
3279 272 103 1734 
3280 273 7 1735 
3281 651 862 1749 
3282 1749 862 1762 
3283 1098 1099 1753 
3284 981 982 1755 
3285 1694 831 1754 
3286 938 855 1762 
3287 1773 971 1791 
3288 877 1487 1766 
3289 297 299 1777 
3290 1102 1103 1757 
3291 1492 1494 1758 
3292 856 1766 1775 
3293 948 981 1774 
3294 772 1744 1767 
3295 978 971 1773 
3296 856 649 1766 
3297 463 877 1766 
3298 1106 1107 1761 
3299 478 475 1764 
3300 1110 1111 1763 
3301 656 824 1759 
3302 982 1796 1798 
3303 1338 198 1865 
3304 873 834 1765 
3305 474 1147 1780 
3306 904 902 1781 
3307 1394 1396 1767 
3308 855 854 1762 
3309 235 1621 1893 
3310 1481 1482 1768 
3311 1744 1394 1767 
3312 438 292 1769 
3313 982 980 1796 
3314 1491 453 1770 
3315 1766 1487 1775 
3316 1769 290 1771 
3317 1694 1754 1772 
3318 649 463 1766 
3319 853 876 1782 
3320 273 1735 1870 
3321 455 1694 1772 
3322 1544 1546 1785 
3323 155 156 1784 
3324 1732 444 1776 
3325 947 948 1774 
3326 1487 804 1775 
3327 1161 1732 1776 
3328 1147 832 1778 
3329 979 344 1790 
3330 1275 1274 1798 
3331 1775 804 1783 
3332 446 297 1777 
3333 922 921 1786 
3334 860 856 1775 
3335 1123 1119 1778 
3336 502 1758 1779 
3337 1119 1122 1780 
3338 1147 1778 1780 
3339 804 863 1783 
3340 860 1775 1783 
3341 1778 1119 1780 
3342 302 1135 1793 
3343 933 904 1781 
3344 298 296 1789 
3345 296 1466 1789 
3346 934 853 1782 
3347 980 1790 1796 
3348 1381 209 1858 
3349 344 345 1790 
3350 951 860 1783 
3351 1798 1274 1799 
3352 1854 1490 1946 
3353 305 302 1793 
3354 1274 1276 1799 
3355 1578 256 1921 
3356 1181 1184 1788 
3357 64 231 1794 
3358 253 63 1794 
3359 344 979 1792 
3360 1178 219 1935 
3361 230 155 1784 
3362 1546 1549 1785 
3363 979 946 1792 
3364 1610 252 1894 
3365 1499 1501 1797 
3366 241 919 1881 
3367 1622 1390 1874 
3368 897 274 1847 
3369 946 944 1792 
3370 304 298 1789 
3371 1152 227 1791 
3372 345 348 1790 
3373 1562 1559 1800 
3374 227 1773 1791 
3375 275 1786 1787 
3376 309 305 1793 
3377 44 218 1801 
3378 259 43 1801 
3379 1434 266 1903 
3380 162 163 1803 
3381 268 70 1802 
3382 71 219 1802 
3383 348 1462 1796 
3384 881 1840 1848 
3385 879 1829 1832 
3386 1136 945 1795 
3387 63 64 1794 
3388 945 947 1795 
3389 972 977 1870 
3390 1430 1427 1804 
3391 1645 1530 1909 
3392 56 234 1806 
3393 1626 55 1806 
3394 1796 1462 1798 
3395 269 74 1805 
3396 1628 1185 1857 
3397 75 225 1805 
3398 1498 231 1927 
3399 271 1707 1880 
3400 1790 348 1796 
3401 932 240 1845 
3402 1601 1595 1807 
3403 1613 1788 1908 
3404 265 1639 1800 
3405 231 65 1808 
3406 66 1627 1808 
3407 1501 1516 1797 
3408 1462 1275 1798 
3409 254 51 1809 
3410 52 1629 1809 
3411 1641 1416 1825 
3412 80 81 1811 
3413 101 102 1812 
3414 5 6 1813 
3415 1612 1358 1862 
3416 1640 1817 1930 
3417 894 966 1824 
3418 244 79 1810 
3419 1598 1617 1883 
3420 240 932 1846 
3421 1640 267 1817 
3422 1516 1517 1816 
3423 169 170 1815 
3424 219 72 1814 
3425 73 269 1814 
3426 1567 1569 1831 
3427 982 1798 1799 
3428 951 226 1830 
3429 938 229 1841 
3430 1366 1618 1869 
3431 1414 1411 1817 
3432 257 1346 1885 
3433 146 147 1818 
3434 966 894 1827 
3435 1532 1533 1932 
3436 893 894 1920 
3437 966 965 1824 
3438 949 245 1836 
3439 865 892 1821 
3440 1755 982 1799 
3441 1533 1536 1820 
3442 1563 1562 1800 
3443 214 1854 1946 
3444 203 41 1822 
3445 42 259 1822 
3446 205 29 1823 
3447 30 265 1823 
3448 1333 251 1888 
3449 229 938 1842 
3450 43 44 1801 
3451 966 1827 1832 
3452 976 975 1866 
3453 267 18 1825 
3454 19 1641 1825 
3455 1633 220 1804 
3456 1564 1563 1826 
3457 1569 1565 1826 
3458 70 71 1802 
3459 924 225 1904 
3460 1159 864 1838 
3461 97 242 1829 
3462 232 162 1803 
3463 1158 1839 1848 
3464 220 25 1828 
3465 26 266 1828 
3466 233 1307 1897 
3467 894 813 1827 
3468 1349 204 1876 
3469 226 95 1830 
3470 807 859 1827 
3471 35 206 1831 
3472 224 1689 1821 
3473 1812 272 1920 
3474 1803 163 1871 
3475 94 226 1836 
3476 245 93 1836 
3477 1426 1423 1834 
3478 1561 590 1835 
3479 863 949 1833 
3480 591 594 1835 
3481 206 1572 1944 
3482 1427 1426 1804 
3483 226 951 1833 
3484 74 75 1805 
3485 274 83 1847 
3486 216 1316 1902 
3487 1808 1627 1945 
3488 11 224 1837 
3489 90 215 1840 
3490 229 88 1841 
3491 1743 10 1837 
3492 87 229 1843 
3493 55 56 1806 
3494 240 85 1845 
3495 84 240 1847 
3496 1660 1743 1837 
3497 864 1729 1838 
3498 1788 1184 1908 
3499 1726 861 1839 
3500 1419 1417 1849 
3501 217 1610 1890 
3502 1410 1407 1850 
3503 234 1645 1909 
3504 891 890 1852 
3505 113 114 1851 
3506 1599 1601 1807 
3507 1821 1689 1934 
3508 932 1733 1846 
3509 888 897 1846 
3510 938 1762 1842 
3511 862 880 1842 
3512 1471 1490 1854 
3513 1430 1804 1924 
3514 1614 1615 1853 
3515 65 66 1808 
3516 1593 562 1855 
3517 563 566 1855 
3518 261 1631 1856 
3519 225 924 1917 
3520 79 80 1810 
3521 1494 1497 1857 
3522 921 241 1891 
3523 51 52 1809 
3524 1817 1410 1930 
3525 102 272 1812 
3526 6 273 1813 
3527 1637 1330 1878 
3528 915 1463 1860 
3529 942 917 1860 
3530 1435 1434 1819 
3531 1321 250 1868 
3532 951 1783 1833 
3533 105 106 1859 
3534 1593 1579 1938 
3535 77 78 1861 
3536 1797 1516 1925 
3537 1800 1559 1923 
3538 106 107 1863 
3539 170 171 1864 
3540 72 73 1814 
3541 112 113 1867 
3542 926 924 1904 
3543 1380 1621 1887 
3544 1484 1803 1871 
3545 222 169 1815 
3546 1370 1367 1869 
3547 1517 1520 1816 
3548 1784 156 1879 
3549 1326 1323 1868 
3550 164 214 1871 
3551 259 1596 1933 
3552 1311 1310 1873 
3553 145 146 1872 
3554 1632 1785 1919 
3555 1179 1788 1911 
3556 1386 1383 1858 
3557 1497 1808 1945 
3558 1387 1386 1874 
3559 1355 1354 1862 
3560 1310 1306 1875 
3561 1320 216 1898 
3562 1354 1351 1876 
3563 255 1620 1877 
3564 885 1142 1892 
3565 1327 1326 1878 
3566 4 178 1913 
3567 157 208 1879 
3568 2 82 1914 
3569 878 1472 1880 
3570 100 3 1915 
3571 196 1 1916 
3572 1397 1784 1879 
3573 177 4 1913 
3574 1185 1758 1857 
3575 81 2 1914 
3576 3 101 1915 
3577 1 5 1916 
3578 1605 1314 1873 
3579 895 1485 1884 
3580 1411 1410 1817 
3581 36 37 1882 
3582 1140 883 1901 
3583 1343 1342 1885 
3584 147 235 1818 
3585 1293 1291 1886 
3586 1338 1335 1888 
3587 150 209 1887 
3588 1621 149 1887 
3589 1483 1478 1889 
3590 1544 1785 1912 
3591 1821 892 1929 
3592 1359 1358 1890 
3593 1804 220 1924 
3594 174 241 1881 
3595 1785 1549 1919 
3596 1375 1373 1893 
3597 1391 1390 1895 
3598 1366 1363 1894 
3599 1298 1296 1897 
3600 1307 1301 1897 
3601 890 1821 1934 
3602 257 135 1896 
3603 136 204 1896 
3604 1536 1541 1820 
3605 124 250 1898 
3606 216 123 1898 
3607 890 865 1821 
3608 37 38 1899 
3609 241 175 1891 
3610 1304 200 1875 
3611 129 251 1900 
3612 1637 128 1900 
3613 122 216 1902 
3614 1605 121 1902 
3615 266 27 1903 
3616 28 205 1903 
3617 265 1800 1923 
3618 1609 260 1905 
3619 117 200 1906 
3620 76 77 1904 
3621 1577 1580 1942 
3622 1572 206 1882 
3623 1814 269 1943 
3624 1521 1534 1907 
3625 1400 882 1918 
3626 1628 210 1908 
3627 1155 926 1861 
3628 1785 254 1912 
3629 965 276 1824 
3630 1642 211 1919 
3631 924 925 1917 
3632 40 203 1921 
3633 256 39 1921 
3634 41 42 1822 
3635 1170 1171 1943 
3636 29 30 1823 
3637 887 1155 1940 
3638 566 1583 1942 
3639 1572 1568 1944 
3640 1495 1498 1927 
3641 1576 1577 1942 
3642 1560 1558 1941 
3643 1175 1178 1935 
3644 1596 1591 1933 
3645 1592 1590 1938 
3646 1800 1639 1926 
3647 18 19 1825 
3648 1400 1619 1886 
3649 1703 884 1892 
3650 1565 1564 1826 
3651 251 1607 1888 
3652 813 807 1827 
3653 1810 80 1811 
3654 1600 1598 1883 
3655 25 26 1828 
3656 1611 257 1885 
3657 859 879 1832 
3658 96 97 1829 
3659 96 1829 1830 
3660 1414 1817 1928 
3661 1563 1800 1926 
3662 34 35 1831 
3663 1541 1543 1947 
3664 95 96 1830 
3665 242 966 1832 
3666 1307 116 1906 
3667 1396 1395 1853 
3668 262 1622 1874 
3669 1633 1804 1931 
3670 1631 207 1948 
3671 1529 1645 1907 
3672 1788 268 1911 
3673 256 1575 1899 
3674 1787 921 1891 
3675 1423 1422 1834 
3676 1645 1625 1907 
3677 590 591 1835 
3678 93 94 1836 
3679 1804 1426 1931 
3680 10 11 1837 
3681 1303 1307 1906 
3682 1783 863 1833 
3683 1342 1339 1865 
3684 1729 805 1838 
3685 1838 805 1839 
3686 893 1734 1901 
3687 1174 1814 1943 
3688 805 1726 1839 
3689 89 90 1840 
3690 89 1840 1841 
3691 204 1634 1876 
3692 1819 1560 1941 
3693 88 89 1841 
3694 861 881 1848 
3695 224 1821 1929 
3696 86 1843 1845 
3697 86 87 1843 
3698 1339 1338 1865 
3699 85 86 1845 
3700 1762 862 1842 
3701 83 84 1847 
3702 1733 888 1846 
3703 244 1810 1940 
3704 215 1158 1848 
3705 223 1703 1892 
3706 1422 1419 1849 
3707 1407 1406 1850 
3708 114 233 1851 
3709 1734 238 1901 
3710 1406 891 1852 
3711 1575 1574 1899 
3712 199 1637 1878 
3713 1619 197 1886 
3714 214 1690 1854 
3715 1574 1572 1882 
3716 1561 1435 1941 
3717 1472 1471 1854 
3718 208 1614 1853 
3719 1618 213 1869 
3720 207 1816 1948 
3721 562 563 1855 
3722 1625 261 1856 
3723 1481 1615 1877 
3724 1817 267 1928 
3725 1383 1381 1858 
3726 1844 1592 1938 
3727 274 897 1939 
3728 275 1787 1913 
3729 1758 1494 1857 
3730 973 972 1870 
3731 209 1630 1858 
3732 1358 1355 1862 
3733 1810 1811 1939 
3734 200 1606 1875 
3735 238 105 1859 
3736 889 1810 1939 
3737 917 915 1860 
3738 78 244 1861 
3739 219 1814 1935 
3740 1629 212 1947 
3741 258 1612 1862 
3742 975 973 1866 
3743 249 1605 1873 
3744 1499 1797 1910 
3745 107 223 1863 
3746 1642 1550 1883 
3747 1810 889 1940 
3748 198 1636 1865 
3749 171 237 1864 
3750 1323 1321 1868 
3751 197 112 1867 
3752 250 1608 1868 
3753 1807 1595 1922 
3754 1367 1366 1869 
3755 1595 1596 1922 
3756 1831 206 1944 
3757 1498 1499 1910 
3758 231 1808 1927 
3759 163 164 1871 
3760 213 145 1872 
3761 1314 1311 1873 
3762 942 173 1881 
3763 1797 253 1910 
3764 1390 1387 1874 
3765 1480 1481 1877 
3766 1306 1304 1875 
3767 1550 1600 1883 
3768 1351 1349 1876 
3769 1794 1498 1910 
3770 1615 255 1877 
3771 1330 1327 1878 
3772 976 1866 1937 
3773 212 1626 1932 
3774 156 157 1879 
3775 886 878 1880 
3776 176 1787 1891 
3777 1822 259 1933 
3778 173 174 1881 
3779 919 942 1881 
3780 206 36 1882 
3781 1617 1642 1883 
3782 1596 1801 1922 
3783 1485 886 1884 
3784 1346 1343 1885 
3785 1814 1174 1935 
3786 1291 1400 1886 
3787 149 150 1887 
3788 1335 1333 1888 
3789 207 1623 1925 
3790 1805 225 1917 
3791 1178 1179 1911 
3792 218 1807 1922 
3793 1478 1480 1889 
3794 1362 1359 1890 
3795 212 1820 1947 
3796 175 176 1891 
3797 884 885 1892 
3798 1378 1375 1893 
3799 1363 1362 1894 
3800 1398 1391 1895 
3801 1301 1298 1897 
3802 135 136 1896 
3803 123 124 1898 
3804 38 256 1899 
3805 1808 1497 1927 
3806 883 893 1901 
3807 128 129 1900 
3808 121 122 1902 
3809 27 28 1903 
3810 1530 1532 1909 
3811 260 1617 1905 
3812 225 76 1904 
3813 1856 1631 1948 
3814 116 117 1906 
3815 254 1809 1912 
3816 1811 81 1914 
3817 101 1812 1915 
3818 5 1813 1916 
3819 1857 1497 1945 
3820 1416 1414 1928 
3821 1426 1834 1931 
3822 1806 234 1909 
3823 1826 1563 1926 
3824 1534 1529 1907 
3825 210 1613 1908 
3826 253 1794 1910 
3827 178 275 1913 
3828 82 274 1914 
3829 276 100 1915 
3830 277 196 1916 
3831 268 1802 1911 
3832 1823 265 1923 
3833 1543 1544 1912 
3834 925 1170 1917 
3835 882 884 1918 
3836 220 1828 1924 
3837 1871 214 1946 
3838 892 1660 1929 
3839 1852 890 1934 
3840 211 1632 1919 
3841 1410 1850 1930 
3842 1801 218 1922 
3843 39 40 1921 
3844 1802 1178 1911 
3845 1567 1831 1944 
3846 1516 1816 1925 
3847 1559 1560 1923 
3848 1641 202 1936 
3849 1432 1430 1924 
3850 1837 224 1929 
3851 267 1825 1928 
3852 1811 274 1939 
3853 1849 1417 1936 
3854 1170 1805 1917 
3855 1639 236 1926 
3856 1497 1495 1927 
3857 1435 1819 1941 
3858 1820 212 1932 
3859 1533 1820 1932 
3860 201 1640 1930 
3861 263 1633 1931 
3862 1591 1592 1933 
3863 1174 1175 1935 
3864 1689 264 1934 
3865 889 887 1940 
3866 1590 1593 1938 
3867 239 1743 1937 
3868 897 889 1939 
3869 1490 1484 1946 
3870 1816 207 1925 
3871 1583 1576 1942 
3872 1558 1561 1941 
3873 1171 1174 1943 
3874 1568 1567 1944 
3875 1627 1628 1945 
3876 1592 1822 1933 
3877 1532 1806 1909 
3878 1809 1543 1912 
3879 274 1811 1914 
3880 1812 276 1915 
3881 1813 277 1916 
3882 1579 1844 1938 
3883 1825 1416 1928 
3884 236 1826 1926 
3885 1560 1823 1923 
3886 894 1824 1920 
3887 1834 263 1931 
3888 1828 1432 1924 
3889 1660 1837 1929 
3890 1816 1520 1948 
3891 1520 1856 1948 
3892 202 1849 1936 
3893 1820 1541 1947 
3894 1628 1857 1945 
3895 264 1852 1934 
3896 1850 201 1930 
3897 1866 239 1937 
3898 1484 1871 1946 
$EndElements
